adm_cd2,pop,pop_65p,pop_75p,pop_80p,pop_uncov,pop_65p_uncov,pop_75p_uncov,pop_car_ess,pop_65p_car_ess,pop_75p_car_ess,pop_80p_car_ess,pw_cov_transit,pw_cov_bus,pw_cov_rail,pw_d_bus_m,pw_d_rail_m,pw_d_primary_care_m,pw_d_pharmacy_m,pw_d_hospital_m,pw_d_daily_shop_m,pw_ess_walkable,pw_ess_bikeable,pw_density,share_uncov,share_car_ess,share65_car_ess,n_hex,adm_nm,unit,unit_nm,urban,share_65p,log_density,log_d_primary_care,log_d_daily_shop,flag_stop_data,cluster,type_name,priority_score
2871025000,21361.0,7000.0,3135.0,1863.0,6667.895617141512,2185.069487383109,978.5989775637208,6667.895617141512,2185.069487383109,978.5989775637208,581.5406364278188,0.6878472160881274,0.6878472160881274,0.0,354.2031658340676,18752.815723966894,2108.6123359646936,1769.271287365552,1818.6478335556535,975.3017086492976,0.0,0.9862566935265517,4258.30471002549,0.3121527839118727,0.3121527839118727,0.3121527839118727,44,인천광역시 강화군 강화읍,28710,인천광역시 강화군,False,0.32770001404428634,3.6292367348730536,3.323996742932104,2.989138985065078,False,1,도시 외곽 도농복합형,682.075523527526
4711325000,60402.0,11081.0,3924.0,2233.0,12818.661372837152,2351.6371423530427,832.7609553824872,10963.63478827242,2011.3247423735415,712.249642547945,405.3143353235375,0.7877775343061959,0.7876820198321602,0.0175785909271568,495.92331122494386,6572.668922637215,1793.6338549454267,2409.439642498025,5412.247100102333,1448.5974408269503,0.3276172195593623,0.4853550838119178,1651.1999331761356,0.212222465693804,0.1815111219541144,0.1815111219541144,205,경상북도 포항시북구 흥해읍,47110,경상북도 포항시,False,0.1834541902586007,3.217799662371272,3.2537337926623735,3.160947713616516,False,1,도시 외곽 도농복합형,365.0778106022916
4421025000,11805.0,3230.0,1302.0,774.0,7142.149289142256,1954.184007109656,787.7237081290316,7133.142744036573,1951.7197004013665,786.7303560131824,467.68763099401167,0.3949894714830786,0.3949894714830786,0.0,1069.2316601446005,55283.76590729343,2496.4482426990157,2929.67563853345,30810.101888189376,2351.7302862497004,0.0298894072076783,0.5558947881625284,387.6442382152718,0.6050105285169213,0.6042475852635809,0.6042475852635809,247,충청남도 서산시 대산읍,44210,충청남도 서산시,False,0.27361287590004235,2.588433333178711,3.3973225665284312,3.3713875121701915,False,0,농촌 생활권 외곽형,1179.3219160788854
4713025900,21466.0,6527.0,2512.0,1405.0,6532.136885536875,1986.176160062386,764.4054717445555,6337.555631549342,1927.011348510321,741.6351321369584,414.80786650176213,0.6956984587004158,0.6956984587004158,0.0,649.4760539583352,8968.511705028173,2412.9029609581307,2837.8008831826846,9597.250898594171,1013.91544985901,0.0996760430889182,0.5839707599194667,467.4879889479064,0.3043015412995842,0.2952369156596172,0.2952369156596172,185,경상북도 경주시 외동읍,47130,경상북도 경주시,False,0.30406223795770054,2.669770457132266,3.3825398563605726,3.00600174080535,False,0,농촌 생활권 외곽형,568.9248869752669
4150025000,13933.0,4425.0,1771.0,1041.0,5325.965981912904,1691.4806193902675,676.9745032633139,5277.813002920766,1676.1876507517684,670.8538597698038,394.330247329399,0.6177444927931599,0.6177444927931599,0.0277296057968842,804.3145559737843,4609.250400082784,1904.5851148354616,3194.0151763631584,3940.3826282572727,1547.0916106064303,0.2044362810333549,0.5070801464505575,511.9067821338069,0.3822555072068401,0.3787994690964448,0.3787994690964448,134,경기도 이천시 장호원읍,41500,경기도 이천시,False,0.3175913299361229,2.7091908834548675,3.279800385806304,3.18951603108972,False,0,농촌 생활권 외곽형,634.9389922107869
1219055000,9423.0,1989.0,415.0,163.0,7929.162415126952,1673.6818469370169,349.20963623874405,7928.616071620537,1673.5665251462642,349.1855746283055,137.14999678171998,0.1585309970150745,0.1585309970150745,0.0,1899.0366819520525,13992.220469219896,2603.2014265671332,2867.2189383688788,5270.548360551601,2492.4668781568835,0.0155237295473185,0.617921504053901,481.210732479808,0.8414690029849254,0.8414110232007361,0.8414110232007361,66,전남광주통합특별시 광양시 금호동,46230,전라남도 광양시,True,0.2110792741165234,2.682335304878903,3.4155077735883523,3.396629395778368,False,0,농촌 생활권 외곽형,1408.1573223178186
4122025000,27006.0,7823.0,3361.0,2057.0,6288.998446863971,1821.774229794003,782.6899126086724,5739.092536070217,1662.4794826955974,714.2520185785381,437.1366861696081,0.7671258814017636,0.7671258814017636,0.0,586.0187422795158,6477.537113422697,1535.2995248024115,2104.791032224261,7223.907741576934,962.7676542424628,0.4325971289583175,0.4278848787287945,862.6494568786535,0.2328741185982363,0.2125117579823082,0.2125117579823082,129,경기도 평택시 팽성읍,41220,경기도 평택시,False,0.28967636821447085,2.935834353223072,3.186193115499898,2.9835214910130623,False,1,도시 외곽 도농복합형,353.2964374771597
3117051000,36313.0,7373.0,2266.0,1062.0,10372.59800788968,2106.054721784777,647.2697680136043,8178.670987805129,1660.599267289599,510.36456526220417,239.1911598889942,0.7143557952278886,0.7143557952278886,0.0,338.40675255487116,9902.974849383185,917.9339501376312,1036.8033319985125,4971.021435252814,569.6229053559301,0.6365544055301575,0.3634455944698424,4677.014129374902,0.2856442047721113,0.2252270808747591,0.2252270808747591,27,울산광역시 동구 방어동,31170,울산광역시 동구,True,0.20304023352518383,3.6699686819248143,2.962811432701516,2.755587444585399,False,1,도시 외곽 도농복합형,374.01192547440024
2818584000,49964.0,4235.0,1208.0,634.0,21652.917550880866,1835.32354951526,523.5114162489809,19582.894949275287,1659.8663059438966,473.4636357922614,248.49002077176632,0.5666296223104462,0.5666006423216284,0.1504707519612686,665.4365283628017,3312.5710008665096,2379.680388821478,2377.50043351691,4496.28133625826,2190.68195783463,0.4690717541658343,0.045184280150177,4202.505293320592,0.4333703776895537,0.391940095854521,0.391940095854521,56,인천광역시 연수구 송도3동,28185,인천광역시 연수구,True,0.08476102794011689,3.623508269133157,3.3765186315556144,3.3405793314706402,False,1,도시 외곽 도농복합형,650.5681590573405
2671025600,77316.0,11482.0,4581.0,2352.0,15244.601032656004,2263.936430453674,903.2479348465667,10575.083433107751,1570.4784000587615,626.5773864021239,321.7005048718174,0.8028273444997671,0.8028273444997671,0.0,312.3278540670719,8120.704817080861,783.4835969328084,784.3126032913495,1670.6267798843496,462.2999580937192,0.6935057301985723,0.2966485988776762,6768.893837787793,0.1971726555002328,0.1367774255407386,0.1367774255407386,72,부산광역시 기장군 정관읍,26710,부산광역시 기장군,False,0.14850742407781053,3.8305177027477972,2.8940299084802454,2.664923854070426,False,1,도시 외곽 도농복합형,214.80599242737554
4311132000,4381.0,2375.0,1007.0,640.0,2705.857405784897,1466.8822959915842,621.9580935004317,2696.2202404976338,1461.6578569235062,619.7429313355666,393.8783277604395,0.382365349056175,0.382365349056175,0.0,1572.6673429164073,19128.769627864713,2421.180929137652,4073.1481202674754,17444.410871041466,3896.451001659726,0.0972993057059741,0.1558479426779909,66.41873454129643,0.6176346509438249,0.6154348871256867,0.6154348871256868,215,충청북도 청주시상당구 미원면,43110,충청북도 청주시,False,0.5421136726774709,1.8222905968425,3.384027244456233,3.5906692193041634,False,2,초고령 산간 오지형,899.5552381920912
4159325000,112645.0,14780.0,5191.0,2912.0,15553.217679310676,2040.7169186400797,716.7362330622906,10888.587765491447,1428.6770577829784,501.7769016881895,281.48224575534726,0.8619271367631881,0.861918814167883,0.0046248325549953,298.86359996550425,4896.5367449149435,1476.620846980413,785.6377208570688,2954.2408990771337,451.9315888868135,0.4854474961146042,0.3475362029511919,5522.948028909109,0.1380728632368119,0.0966628591192813,0.0966628591192813,108,경기도 화성시효행구 봉담읍,41590,경기도 화성시,False,0.13120866438812198,3.74217095652004,3.169268995513134,2.6550726984893425,False,1,도시 외곽 도농복합형,138.10000916342534
5013025300,17600.0,5594.0,2631.0,1710.0,4389.566887039952,1395.1839298921302,656.1903681705746,4378.684784399368,1391.7251524960263,654.5636174860646,425.4290330297113,0.7505927905090937,0.7505927905090937,0.0,594.6048243290015,30959.975825030622,5476.697824336295,5476.672024520635,15361.363162815916,5043.5753917779875,0.0346836017081383,0.185065370040626,210.7672142513063,0.2494072094909064,0.2487889082045095,0.2487889082045095,268,제주특별자치도 서귀포시 남원읍,50130,제주특별자치도 서귀포시,False,0.3178409090909091,2.3238030554156106,3.7385187794820753,3.702738517082267,False,0,농촌 생활권 외곽형,346.24578121024086
4115063000,30744.0,3222.0,1022.0,543.0,14589.967498015654,1529.0422612089003,485.0034732946915,13062.360040599002,1368.9475686576238,434.2223510763785,230.70717870300737,0.5254369145844505,0.497331447579759,0.1008252628393488,485.197886984151,1766.630204342846,1416.4339973789456,1336.2936638765518,2195.6903990092824,916.0525659925094,0.2389114825882583,0.7610885174117417,4156.103188609308,0.4745630854155495,0.424875098900566,0.4248750989005661,24,경기도 의정부시 고산동,41150,경기도 의정부시,True,0.10480093676814989,3.6186863217742844,3.151196342187231,2.9619203955733817,False,1,도시 외곽 도농복합형,581.6317336230973
4427039000,10876.0,2638.0,1135.0,720.0,5601.38709664393,1358.6299338862343,584.5507865659122,5600.848955598985,1358.4994064794157,584.4946271243884,370.7807326251626,0.4849772805586677,0.4849772805586677,0.0,887.833863545576,27124.147841136604,3157.227840485957,3764.785341272818,10635.358579773858,1428.0421201544384,0.0703761292453401,0.2989482952129337,647.1817418970667,0.5150227194413323,0.5149732397571705,0.5149732397571705,144,충청남도 당진시 송산면,44270,충청남도 당진시,False,0.24255240897388747,2.811026256587523,3.49930592376595,3.154741017160658,False,0,농촌 생활권 외곽형,699.5908405628979
4163054000,46821.0,8269.0,2996.0,1681.0,10814.774251318928,1909.984158479234,692.0198982711072,7655.599718168955,1352.0461773464704,489.8694337078274,274.8566482185774,0.7690187255436892,0.7616371721033904,0.1359670252749661,300.30405801165955,1408.4324692088624,890.4214683510971,766.6175677736863,1214.2807191690142,345.37254228127034,0.5673800928535456,0.4326199071464544,5742.997384609009,0.2309812744563108,0.1635078216648289,0.1635078216648289,31,경기도 양주시 회천2동,41630,경기도 양주시,True,0.17660878665556054,3.759138618501237,2.9495956224340403,2.538287807436026,False,1,도시 외곽 도농복합형,221.07012524818032
4888025000,39612.0,9664.0,4043.0,2355.0,7024.024536113282,1713.6265050236989,716.9072806095627,5348.5613060552105,1304.8696471200028,545.901074431516,317.9809622276083,0.8226793765497001,0.8226793765497001,0.0,411.9532238725083,66190.49382344373,1214.5720624436597,1331.0523935692593,1630.7116810070147,852.2148464367623,0.546858402186392,0.3679739947008117,2346.104600738221,0.1773206234502999,0.1350237631539738,0.1350237631539738,102,경상남도 거창군 거창읍,48880,경상남도 거창군,False,0.24396647480561445,3.3703473711685588,3.0844232872705737,2.9305490957754863,False,1,도시 외곽 도농복합형,176.18841017954063
5011025600,14842.0,4612.0,2216.0,1426.0,4390.657996221479,1364.3521546000177,655.5516857314916,4197.429417508676,1304.3083461494418,626.7014950275722,403.2835432803781,0.7041734270164749,0.704110554089554,0.0007651246630451,709.4695024002434,11440.53279586153,3014.928072196064,4028.2599388297103,21299.677444004512,2345.6142183818224,0.2645168872858039,0.2100637488071781,349.02714396427587,0.295826572983525,0.2828075338572076,0.2828075338572077,344,제주특별자치도 제주시 구좌읍,50110,제주특별자치도 제주시,False,0.31073979248079775,2.542859203507871,3.4792769555405263,3.3702565855267106,False,0,농촌 생활권 외곽형,368.8682267638967
4161059000,31940.0,5680.0,2100.0,1167.0,7319.078574665183,1301.5769036975028,481.2168129867528,7301.888731070346,1298.519974717582,480.08661037093697,266.7909877632778,0.7708491366729749,0.7694210538913044,0.014197270586912,314.5476201683227,4102.5192175035,2434.9291738878037,1141.3905580058088,5777.625167784715,775.3255273635383,0.0065928485922586,0.7786299991031257,2861.9821541218475,0.2291508633270251,0.228612671605208,0.2286126716052081,38,경기도 광주시 오포2동,41610,경기도 광주시,True,0.17783343769567939,3.456666921390714,3.386486333174039,2.8894840832221993,False,1,도시 외곽 도농복합형,296.8581205529136
4161055000,42184.0,8392.0,2600.0,1344.0,10666.059863966784,2121.8844675329333,657.3998588638735,6285.633004223889,1250.4511703832466,387.4133749995759,200.26291384593463,0.7471539004369717,0.7471539004369717,0.0,316.2067678252425,3779.170824988915,1225.785229801077,788.2343377255355,3120.0194953311784,359.7223254043492,0.6387646115960748,0.2632802898760099,4706.859801139769,0.2528460995630283,0.1490051442306061,0.1490051442306061,39,경기도 광주시 탄벌동,41610,경기도 광주시,True,0.19893798596624312,3.672731262572977,3.0884143839809015,2.555967392222276,False,1,도시 외곽 도농복합형,186.32365699628585
4163057000,42627.0,5218.0,1765.0,947.0,11976.09931626776,1466.002445217472,495.87855803159033,9847.931116050077,1205.491931488242,407.7603026210707,218.781306845413,0.7190489756194957,0.7190489756194957,0.0,336.7783112677203,4296.200173847561,1219.6189478056608,1192.71476204546,3607.0317707122263,475.5741741941839,0.4921150798935108,0.496181028668188,3997.8665154165074,0.2809510243805044,0.2310256672074055,0.2310256672074055,36,경기도 양주시 옥정1동,41630,경기도 양주시,True,0.1224106786778333,3.6018282893854434,3.086224162875633,2.6772182624531915,False,1,도시 외곽 도농복합형,278.4995777852151
1219025000,49628.0,10105.0,3915.0,2173.0,6827.250126199721,1390.1298163385222,538.5807254790019,5849.371061408025,1191.0190734167825,461.43885922085144,256.11919312564754,0.862431487744827,0.8546915873511629,0.1018927697096829,372.7522346115509,2672.2376280692574,1298.4857488740772,1421.0327207927023,2854.261369127607,1030.576797769368,0.621758852932921,0.2122327468521496,2631.5739339757815,0.1375685122551729,0.1178643318571779,0.1178643318571778,126,전남광주통합특별시 광양시 광양읍,46230,전라남도 광양시,False,0.20361489481744177,3.4202155760126733,3.1134371875276527,3.013080360603067,False,1,도시 외곽 도농복합형,140.37866731742417
3117059000,26299.0,4260.0,1077.0,453.0,10429.756120111972,1689.4467877743266,427.1207019795656,7034.556954309298,1139.4810686854105,288.0800729986355,121.17016997992744,0.6034162470013318,0.6034162470013318,0.0,513.0832968993109,9591.725288398338,767.05561236639,753.3853627151341,1270.857750799283,572.7205946826992,0.6881835585485421,0.3118164414514579,5993.383170895763,0.3965837529986681,0.2674838189402372,0.2674838189402372,16,울산광역시 동구 남목2동,31170,울산광역시 동구,True,0.16198334537434883,3.777672044038231,2.8848268519128655,2.757942800358375,False,1,도시 외곽 도농복합형,304.79274786207634
4136025600,111710.0,23168.0,9143.0,5220.0,8782.558804905313,1821.4512791338848,718.8159981492191,5462.459077542268,1132.8820330185235,447.07961101037466,255.2505271217495,0.9213807286285444,0.9178129165295948,0.1007021728935393,302.2024432593282,2359.002616475275,1158.9745232230334,949.2253119479236,2506.4552893428295,454.39810261828165,0.5681088458528677,0.332723521553055,3921.9436897458113,0.0786192713714556,0.0488985684141282,0.0488985684141282,140,경기도 남양주시 화도읍,41360,경기도 남양주시,False,0.2073941455554561,3.593501353888566,3.0640738893326533,2.657436509269576,False,1,도시 외곽 도농복합형,55.396309596692916
2829052000,48993.0,5521.0,2208.0,1287.0,13856.902715855018,1561.528379446769,624.4982180435547,9990.14515331352,1125.7851405597523,450.23249236658813,262.43171090389444,0.7171656621179553,0.7017838706015813,0.0421617111137382,325.8486574036677,1946.162069084894,846.9302027350254,753.7396565296608,1246.4323561129186,225.07784510070505,0.5743175069757007,0.4256824930242993,6683.795910455163,0.2828343378820447,0.2039096432819692,0.2039096432819692,34,인천광역시 검단구 불로대곡동,28260,인천광역시 서구,True,0.11268956789745474,3.8250231802524195,2.9278476207013604,2.3523327485587595,False,1,도시 외곽 도농복합형,229.55844642368066
3117060000,10557.0,2625.0,797.0,383.0,5557.329255656909,1381.8309459220786,419.5501957713892,4525.063216573783,1125.1578046325833,341.61934106368335,164.16588159020168,0.4735882110773033,0.4735882110773033,0.0,851.9260027824017,10096.254683750172,1371.706058925805,1425.79104030335,3287.574050926358,1131.9872752384333,0.4522788096564084,0.5250715861622508,2053.62833813001,0.5264117889226967,0.4286315446219365,0.4286315446219365,32,울산광역시 동구 남목3동,31170,울산광역시 동구,True,0.24865018471156577,3.3125218485580974,3.137261056951437,3.0538415449398917,False,1,도시 외곽 도농복합형,482.2781277430912
5011025300,38395.0,8312.0,3551.0,2255.0,5189.39386814087,1123.433828154367,479.9462853436184,5178.586793994597,1121.0942422628752,478.9467822756821,304.1467175532704,0.8648419359775786,0.8648419359775786,0.0,490.95564547149576,55541.753279206445,5279.22725865952,5260.739926955242,13608.013941721303,4792.451148289207,0.0535899957344,0.2204463470380085,531.6305625693317,0.1351580640224214,0.134876593150009,0.134876593150009,304,제주특별자치도 제주시 애월읍,50110,제주특별자치도 제주시,False,0.21648652168251076,2.72560993986603,3.7225703577875504,3.6805576946045475,False,0,농촌 생활권 외곽형,151.20937199650743
2827557500,28463.0,5920.0,1713.0,860.0,6086.4889023694095,1265.9246847495665,366.3055717864877,5387.428386510698,1120.5275637895982,324.2337359411456,162.77934203700244,0.78616137081933,0.78616137081933,0.1300612612570281,300.2276440898195,2783.174326820461,1719.7560050770094,565.7978592785513,2637.101791677006,374.8571907763006,0.4361579211355037,0.2914588452446802,2252.161698038464,0.2138386291806699,0.1892783046941888,0.1892783046941888,33,인천광역시 서해구 신현원창동,28260,인천광역시 서구,True,0.2079893194673787,3.3525995682596057,3.23546683460209,2.5738658462065804,False,1,도시 외곽 도농복합형,212.09155763720463
5013025000,21571.0,5249.0,2442.0,1570.0,4612.945085294127,1122.495422220058,522.2201983351843,4418.1163965883725,1075.0865961565237,500.164120368495,321.563337010048,0.786150614932357,0.786150614932357,0.0,610.8222743585332,77350.67626373604,4652.990377478687,4652.990377478687,38542.64843303821,4652.990377478687,0.1337366555913667,0.2237022410888912,622.3555399672002,0.213849385067643,0.2048174121083108,0.2048174121083108,183,제주특별자치도 서귀포시 대정읍,50130,제주특별자치도 서귀포시,False,0.2433359603170924,2.794038559822593,3.6677321544004005,3.6677321544004005,False,0,농촌 생활권 외곽형,220.19645441711182
4719025300,40153.0,6966.0,2226.0,1364.0,8571.552324823875,1487.0478792300228,475.1892878504207,6186.846680802951,1073.3338474951647,342.98609596960046,210.1675808187489,0.7865277233376367,0.7865277233376367,0.0,489.1143512798014,7769.955218285091,1381.080272311271,1748.2855531910116,7349.690814231371,1322.9678371206642,0.4008349759959024,0.4166593739646528,1553.6407254143946,0.2134722766623633,0.1540818041193173,0.1540818041193173,129,경상북도 구미시 고아읍,47190,경상북도 구미시,False,0.17348641446467264,3.1913505968268874,3.1402189217420498,3.121549286114328,False,1,도시 외곽 도농복합형,165.38121564438316
4812953000,14913.0,3728.0,1687.0,960.0,4695.263129973437,1173.7370715845886,531.1412123828329,4247.654990991904,1061.842540496065,480.50653589508096,273.4358473380425,0.685156364918297,0.685156364918297,0.0,537.4508599756081,14511.227682140718,1400.370061307527,1160.0548797758677,1491.5231365502648,896.7263192233092,0.5083513895778645,0.3679413232611086,2107.5945707443475,0.314843635081703,0.2848290076437942,0.2848290076437942,48,경상남도 창원시진해구 충무동,48120,경상남도 창원시,True,0.24998323610272916,3.3237870711406408,3.1462428173544037,2.952659916637172,False,1,도시 외곽 도농복합형,302.4435570834596
2771026200,22134.0,5745.0,2045.0,1034.0,4742.8771980213805,1231.0395546504396,438.20293981899897,4064.966254359992,1055.0840847247744,375.56953059393624,189.89676999223963,0.7857198338293404,0.7857198338293404,0.0,449.51061593150536,5637.219708700004,1056.0275414530686,2228.7210982307515,5165.186745425845,1902.8110752671855,0.4693558858712345,0.2603220487073004,1842.586684160552,0.2142801661706596,0.1836525821975238,0.1836525821975238,73,대구광역시 달성군 옥포읍,27710,대구광역시 달성군,False,0.2595554350772567,3.2654279283178176,3.023675244850365,3.279395670556055,False,1,도시 외곽 도농복합형,193.7689165952158
4183040000,18748.0,6364.0,2683.0,1678.0,3038.927726069955,1031.562622610902,434.8966870623901,3038.927726069955,1031.562622610902,434.8966870623901,271.99278452877024,0.8379065646431644,0.8329647966742019,0.1658855378461674,510.9471434636736,3724.607546297668,2327.548600324433,3552.969879160132,9872.281557068216,2645.9350295658387,0.2635750851115013,0.2903236846364855,676.1893331883896,0.1620934353568356,0.1620934353568356,0.1620934353568356,157,경기도 양평군 용문면,41830,경기도 양평군,False,0.3394495412844037,2.8300683155365816,3.3668987580238885,3.422579175963552,False,0,농촌 생활권 외곽형,167.20952928470805
5117060000,12947.0,3042.0,1187.0,733.0,4702.663956079046,1104.928072479529,431.147147282446,4358.205654483382,1023.9948714712637,399.5667036280045,246.74169651164897,0.636775781564915,0.634117231965215,0.0326426920957952,599.5997293953432,2386.799771643803,1254.4684277670722,1698.288738546605,6691.026341143638,1222.9435022272214,0.2506622520916789,0.7320309358454254,1035.1730461168274,0.363224218435085,0.3366189584060695,0.3366189584060695,44,강원특별자치도 동해시 북평동,51170,강원특별자치도 동해시,True,0.23495790530624855,3.015012955292239,3.0984597355437447,3.0874063938819734,False,1,도시 외곽 도농복합형,344.69608704781376
4831057000,19018.0,2391.0,537.0,246.0,10361.21225927007,1302.6426812448594,292.5634127262608,8061.018095174788,1013.455372045584,227.6141927178915,104.270188842833,0.4551891755563113,0.4551891755563113,0.0,722.8746846275748,4779.580748977046,1407.4532575508313,1408.4097688717757,2620.5681894366935,710.1081421314464,0.5063439993857051,0.4084037173309663,2784.504344188519,0.5448108244436887,0.4238625562716788,0.4238625562716788,22,경상남도 거제시 장평동,48310,경상남도 거제시,True,0.1257229992638553,3.4447478997821186,3.148433980557253,2.8513244923170813,False,1,도시 외곽 도농복합형,429.56578466250653
4418032000,3320.0,1565.0,689.0,377.0,2117.5756626462294,998.1945518196836,439.46073239857,2117.5756626462294,998.1945518196836,439.46073239857,240.4596460294062,0.3621760052270393,0.3621760052270393,0.0,2188.6429919273455,11442.366129214635,4110.000133652028,10131.32224594232,16381.594553425231,6164.763841370695,0.0327477881407915,0.0552984101999472,396.6594935737169,0.6378239947729607,0.6378239947729607,0.6378239947729607,154,충청남도 보령시 오천면,44180,충청남도 보령시,False,0.4713855421686747,2.5984178530690354,3.613841835998779,3.7899164443779783,False,2,초고령 산간 오지형,636.6724366022357
4427032000,7802.0,2943.0,1267.0,802.0,2640.823630978408,996.1476475223602,428.8545937515564,2639.200454905834,995.5353676990346,428.5909992778379,271.2943815476133,0.6615196576546516,0.6615196576546516,0.0,719.2877086466144,39758.3114758771,3952.34695950725,4268.58625880467,21058.70409556438,1706.6160923579594,0.1495221740077205,0.2129411216264433,454.44611740243215,0.3384803423453483,0.3382722961940315,0.3382722961940315,199,충청남도 당진시 석문면,44270,충청남도 당진시,False,0.3772109715457575,2.657482397344488,3.5968550624301048,3.2321358364503245,False,0,농촌 생활권 외곽형,336.76203477392187
2829055000,25567.0,4677.0,1633.0,933.0,5654.591925470446,1034.4008462246363,361.16668417464854,5390.816398946341,986.148093161968,344.3189728743839,196.7235772760565,0.7788324040571657,0.7143587892630123,0.3097491425438219,405.13508217864927,1372.3659110654746,1874.5572090389255,1511.542549837113,3064.638875924288,607.9137988609731,0.3157353012832153,0.5145628886217068,1419.3856332688092,0.2211675959428343,0.2108505651404678,0.2108505651404678,73,인천광역시 검단구 오류왕길동,28260,인천광역시 서구,True,0.18293112214964602,3.152100405075159,3.2728986990604714,2.7838420014222147,False,3,역세권 라스트마일형,207.92988275539562
4161058000,30329.0,4599.0,1614.0,860.0,6508.768658730419,986.97045934588,346.37319447363564,6484.256099993467,983.2534473233524,345.0687245009547,183.8656152855149,0.7853945511315764,0.7853945511315764,0.0,307.4738271080667,6895.1303620624485,3326.6785051506745,1939.5094886547697,8098.330169631127,1222.6084080674025,0.005165295012675,0.2771500596689071,1947.339822833804,0.2146054488684236,0.2137972270761801,0.2137972270761801,40,경기도 광주시 오포1동,41610,경기도 광주시,True,0.15163704705067757,3.289441745204525,3.5220108320724575,3.087287378174455,False,1,도시 외곽 도농복합형,210.21686055082765
3114064000,12732.0,3007.0,884.0,428.0,4147.6126137740675,979.5688917388172,287.97435992587776,4147.6126137740675,979.5688917388172,287.97435992587776,139.4265000546105,0.6742371494051156,0.6735232034901468,0.0236415184156901,616.0069812516864,4696.382762875105,2171.3067701539403,3552.0898768903658,6459.533086221193,1451.3807504498843,0.0317950633672552,0.7049402255991327,472.1581981110487,0.3257628505948843,0.3257628505948843,0.3257628505948843,65,울산광역시 남구 선암동,31140,울산광역시 남구,True,0.2361765629908891,2.6740875347687236,3.336721186500535,3.161781358769753,False,0,농촌 생활권 외곽형,319.1071545269087
4874025300,11102.0,3839.0,1609.0,969.0,4982.505552671907,1722.9182864985994,722.1087582641954,2814.9525763769248,973.3924464700968,407.9678161944219,245.69348284176183,0.5512064895809847,0.5512064895809847,0.0,718.3108396565051,19115.47249622697,1173.155231388323,2361.96013306544,13674.309319561353,1751.784524924122,0.4909216992143133,0.2976204214285758,1478.6286925912489,0.4487935104190152,0.2535536458635313,0.2535536458635313,106,경상남도 창녕군 남지읍,48740,경상남도 창녕군,False,0.3457935507115835,3.1698591293693763,3.0693554815741253,3.2434806855127114,False,1,도시 외곽 도농복합형,246.80720365851528
2829051000,33221.0,5603.0,1931.0,1069.0,6861.83965845504,1157.3067519437582,398.8504975911828,5759.074669800636,971.3161968301064,334.75130752791995,185.31804647713437,0.7934487324747888,0.7357453204755239,0.3364928507805739,303.8802198481923,1335.3964070617958,1142.580641328684,1137.9463120098712,1356.498224229813,797.8749383421351,0.432197815111305,0.5678021848886949,4807.121401930581,0.2065512675252111,0.1733564513350181,0.1733564513350181,27,인천광역시 검단구 검단동,28260,인천광역시 서구,True,0.16865837873634146,3.6818850902007862,3.057886861563011,2.9019348238766254,False,3,역세권 라스트마일형,168.3839290066932
5178025900,13764.0,4177.0,1845.0,1162.0,3535.0544273148344,1072.7929630117744,473.8575572795604,3150.4147028066,956.0652581824448,422.2983963003616,265.9678788623416,0.7431666356208344,0.7431666356208344,0.0,740.7906492598814,10847.2244375306,2231.7597087239797,2943.881790118334,11963.754353025986,2494.178762401395,0.3511593992478908,0.2654155384365942,607.788263710138,0.2568333643791655,0.2288880196749927,0.2288880196749927,237,강원특별자치도 철원군 동송읍,51780,강원특별자치도 철원군,False,0.30347282766637607,2.7837523096709793,3.3486474327417786,3.396927576946169,False,0,농촌 생활권 외곽형,218.8318836254404
4150038000,2398.0,1274.0,561.0,364.0,1789.5019252109953,950.7195382480434,418.644945806242,1789.5019252109953,950.7195382480434,418.644945806242,271.63415378515526,0.2537523247660571,0.2537523247660571,0.0,1423.0150056629675,12711.826171530523,2612.277635766344,6384.690654386706,9454.694868083016,4662.892797495813,0.0,0.07858083769356,75.78432409525378,0.746247675233943,0.746247675233943,0.746247675233943,83,경기도 이천시 율면,41500,경기도 이천시,False,0.5312760633861552,1.87957938158204,3.4170193323555695,3.6686554308970822,False,2,초고령 산간 오지형,709.4722452170901
5011025000,19963.0,5530.0,2502.0,1573.0,3479.216975520603,963.7864987541418,436.0567486225792,3431.5633335204593,950.5858455326425,430.084228846776,270.392682644276,0.8257167271692331,0.8257167271692331,0.0,507.06579916012686,69066.26576889913,3873.985690542133,3874.831246492077,28790.660748026512,3869.0168620120567,0.1283359135309748,0.302094499736382,509.85060796104574,0.174283272830767,0.1718961745990311,0.1718961745990311,204,제주특별자치도 제주시 한림읍,50110,제주특별자치도 제주시,False,0.2770124730751891,2.707442941504721,3.588158012219419,3.587600622474626,False,0,농촌 생활권 외곽형,163.4020704750467
4792025000,8757.0,3253.0,1538.0,952.0,2608.161335904115,968.8647739746584,458.0737849286889,2548.425302115376,946.674375674468,447.5822901282914,277.0470352419593,0.7021626886029331,0.7021028467317433,0.0917955521206948,668.3863164404053,2674.445731039923,2998.350857697613,2951.6602440698384,3815.948050262707,3533.2668737344557,0.2702073536643257,0.206630604321315,417.4996589026685,0.2978373113970669,0.2910157933213858,0.2910157933213858,165,경상북도 봉화군 봉화읍,47920,경상북도 봉화군,False,0.3714742491720909,2.6206561250010596,3.476882451276237,3.548176441684208,False,0,농촌 생활권 외곽형,275.4971944539329
4827036000,7447.0,3147.0,1367.0,778.0,2232.477851699663,943.4145023900684,409.80223221074783,2231.7816516790795,943.1202978157733,409.67443505375337,233.15779844317493,0.7002178257419548,0.7001617333541006,0.0012825714229111,655.0022327232908,4616.764863924449,1769.7077608924994,2358.3700302294365,5894.083846611666,3577.260288460906,0.0425978280167062,0.4722154221743875,347.4888846622659,0.2997821742580452,0.2996886869449549,0.2996886869449549,112,경상남도 밀양시 상남면,48270,경상남도 밀양시,False,0.4225862763528938,2.540940917107287,3.2479015554519544,3.553550541415283,False,0,농촌 생활권 외곽형,282.6424836835439
4713055000,12165.0,4468.0,1984.0,1048.0,3560.798775916964,1307.8215315081789,580.733643355467,2546.0626718103836,935.1260187134232,415.23948548062486,219.34021208855583,0.7072915104055105,0.6998221319225302,0.0253133015697632,345.68730792648245,1623.2033046229008,926.1052738550272,545.0215356879884,791.396860753569,239.403621493184,0.5394939907267552,0.4605060092732448,3027.077063892797,0.2927084895944895,0.2092940955043472,0.2092940955043472,17,경상북도 경주시 성건동,47130,경상북도 경주시,True,0.3672831894780107,3.48102347744728,2.966660357368387,2.3791307157554797,False,1,도시 외곽 도농복합형,195.71635426920713
4183033000,14028.0,5040.0,1981.0,1102.0,2744.852889275031,986.1746907574964,387.6214409505159,2584.318527664525,928.497674610009,364.9511693258785,203.0167534563948,0.8043304185004968,0.8019641972085293,0.2146910094348847,525.390586424699,1844.1443391703783,1957.0757564806393,1914.101116170352,12981.273794514986,1626.4463698840311,0.3351169253995051,0.3829938138382471,633.3279207561951,0.1956695814995032,0.1842257290892875,0.1842257290892875,114,경기도 양평군 양서면,41830,경기도 양평군,False,0.3592814371257485,2.801628634660911,3.2916076370962877,3.211239747514936,False,0,농촌 생활권 외곽형,171.05316106273693
5178025600,11361.0,3326.0,1390.0,869.0,3380.6788559101574,989.713746567836,413.62059763358144,3113.8020294954035,911.5839758913576,380.9686489744398,238.17392515020737,0.7024312247240422,0.7024312247240422,0.0,652.4641299616367,20492.460455476208,2307.0512557620264,3435.3230839222033,5677.240848231468,3046.618818890478,0.23576576137467,0.3090222953124232,447.3307738180593,0.2975687752759579,0.2740781647298128,0.2740781647298128,266,강원특별자치도 철원군 갈말읍,51780,강원특별자치도 철원군,False,0.2927559193732946,2.6506287761955614,3.3630572433495876,3.483818120383421,False,0,농촌 생활권 외곽형,249.8452631094092
4713037000,5692.0,2596.0,1169.0,706.0,2005.223673830207,914.5398203203122,411.82474959724385,1994.6166833233497,909.702197805238,409.64632867269773,247.39975025057709,0.647711933620835,0.6474196901658856,0.0017098114387088,710.540087405977,6692.663441115335,2050.1242947917904,4073.526263670032,9949.52478862571,3168.006247716285,0.0571189890480564,0.3332559912052881,139.97111168276274,0.352288066379165,0.3504245754257466,0.3504245754257465,154,경상북도 경주시 강동면,47130,경상북도 경주시,False,0.4560787069571328,2.1460384118828633,3.3117801922293184,3.5007860294029456,False,0,농촌 생활권 외곽형,318.7820064297691
5176036000,8348.0,3238.0,1342.0,810.0,2464.405843706956,955.8871732059324,396.1706567147503,2322.990623893785,901.0354144906656,373.4371606690776,225.39798818327333,0.7047908668295453,0.7040979287688433,0.0271277659208571,742.6283224742434,4853.4081915300185,2061.174391646574,4052.037896755021,36752.561873226594,3521.0014752418365,0.2928152871129171,0.2106794278841674,336.79215683857905,0.2952091331704547,0.2782691212139177,0.2782691212139177,277,강원특별자치도 평창군 진부면,51760,강원특별자치도 평창군,False,0.38787733588883566,2.527361969165535,3.314114738079901,3.5466662070324833,False,0,농촌 생활권 외곽형,250.73033297293563
4713032000,6197.0,2409.0,940.0,582.0,2303.2943235714115,895.3745401780748,349.37819334470333,2303.2943235714115,895.3745401780748,349.37819334470333,216.31713673044396,0.6283210709098901,0.6283210709098901,0.0,850.1465039050506,14435.109594126106,2928.355199209911,4133.453518311977,13342.712180006096,3285.753904673885,0.0,0.1531167434431862,238.2934528261534,0.3716789290901099,0.3716789290901099,0.3716789290901099,156,경상북도 경주시 양남면,47130,경상북도 경주시,False,0.38873648539615946,2.377112110157892,3.4666237539781575,3.5166350326704046,False,2,초고령 산간 오지형,332.79185022793644
4148053000,24024.0,5177.0,2091.0,1260.0,4760.119705554241,1025.7717164358269,414.311118228185,4145.661924470984,893.3604638272678,360.8299652043301,217.42982121351312,0.8018598191161239,0.7951138099081728,0.2285622798265621,328.1551893644061,2476.8709113512105,1717.0954428262476,1451.067230676204,2042.6774449665072,549.3201747821097,0.4316423486966816,0.3740424548545064,2487.453405711747,0.1981401808838761,0.1725633501694548,0.1725633501694548,44,경기도 파주시 금촌3동,41480,경기도 파주시,True,0.21549284049284048,3.3957549544100045,3.234794435603998,2.7398255495686836,False,1,도시 외곽 도농복합형,154.16127454697136
5176034000,5546.0,2009.0,732.0,403.0,2572.77409733014,931.9695567140736,339.5727802462428,2457.055669628068,890.0513595893958,324.29945008433936,178.54191036064037,0.5361027592264442,0.5361027592264442,0.0,978.5825837199368,10845.325959568543,2872.570557725354,4700.231541464046,44592.34931909114,2317.526203592937,0.2174603130510485,0.2944575516119582,160.8585379657492,0.4638972407735557,0.4430320356343433,0.4430320356343433,224,강원특별자치도 평창군 봉평면,51760,강원특별자치도 평창군,False,0.36224305805986295,2.206444117106216,3.4582707048814507,3.365024653285351,False,0,농촌 생활권 외곽형,394.3212656580049
5176038000,5892.0,1873.0,710.0,427.0,3087.0544956896506,981.339624987562,371.99740189064016,2782.192893010604,884.4275778358557,335.2608543851882,201.62871101757096,0.4760599973371265,0.4760599973371265,0.0,1357.343689349935,14762.37455795581,2427.326296200475,3524.9583934259385,24858.1697441456,1965.63959936703,0.2952025011658434,0.3764055476912339,209.95805637188587,0.5239400026628734,0.4721983864580115,0.4721983864580116,243,강원특별자치도 평창군 대관령면,51760,강원특별자치도 평창군,False,0.3178886625933469,2.3221325437547433,3.3851281608042174,3.2935038927665685,False,0,농촌 생활권 외곽형,417.6252751930584
4713025300,21344.0,8036.0,3603.0,2082.0,2355.547839082558,886.8619956365926,397.63113119445535,2332.8806517235143,878.3278165878074,393.8047689355239,227.56079070878732,0.8896388756052024,0.8877189750958563,0.0754164084251389,431.5947397014607,4088.89039294418,1836.8839389136424,2207.5749569288614,15023.83335887927,2143.52389448824,0.3575292953654411,0.3241517384520578,854.041145035862,0.1103611243947975,0.1092991309840477,0.1092991309840477,207,경상북도 경주시 안강읍,47130,경상북도 경주시,False,0.3764992503748126,2.931478794145197,3.264081716849242,3.3311283290813383,False,0,농촌 생활권 외곽형,96.00046707216339
5173033000,5897.0,2543.0,951.0,599.0,2075.1005318090415,894.8585132084777,334.6482288876375,2031.8569702867885,876.2103231201125,327.67440711255483,206.3900839752054,0.6481091178889196,0.6479287480533515,0.0409288171861009,760.4607568842457,4848.326809886564,3024.8487291931233,4681.8416716870315,27928.172541139527,3869.064169889825,0.1083094571300736,0.2285623641776965,97.9290193415212,0.3518908821110805,0.3445577361856518,0.3445577361856518,224,강원특별자치도 횡성군 둔내면,51730,강원특별자치도 횡성군,False,0.4312362218076988,1.9909114055149846,3.4807036607341466,3.587605932718905,False,2,초고령 산간 오지형,301.90504535676445
5011063000,41187.0,4963.0,1835.0,1079.0,7225.207249826865,870.6315968847144,321.90388480424156,7225.207249826865,870.6315968847144,321.90388480424156,189.2829927541017,0.8245755396162171,0.8245755396162171,0.0,330.7920088575256,34844.19811534043,2742.043961573268,3349.2404841962334,3282.0005233861284,3315.7460838094453,0.0171981194699632,0.4130681818083467,2258.438831415807,0.1754244603837828,0.1754244603837828,0.1754244603837828,93,제주특별자치도 제주시 아라동,50110,제주특별자치도 제주시,True,0.12049918663656008,3.3538083324274863,3.4380744132965417,3.5205812653575297,False,1,도시 외곽 도농복합형,152.73007807657214
4113568000,38856.0,4836.0,1472.0,795.0,10948.797006407149,1362.6822710259669,414.7783918424779,6962.2574881757555,866.5193847235422,263.7544529183321,142.44890629760462,0.7182212011939688,0.7182212011939688,0.0,366.8051755083411,4842.682326941104,994.1745618679593,1021.8869577301888,4174.533237718897,484.9143617328999,0.5838245855380755,0.3885022638445896,6617.209466430319,0.2817787988060312,0.1791810142108234,0.1791810142108234,44,경기도 성남시분당구 운중동,41130,경기도 성남시,True,0.12445954292773317,3.8206748823653722,2.997462646570318,2.685665046827391,False,1,도시 외곽 도농복합형,155.26382218810298
4311425000,18414.0,4727.0,1887.0,1203.0,3406.511265682435,874.4747883610769,349.08693159241636,3372.933455699233,865.8551344135047,345.6459992888266,220.35619350527736,0.8150042757856829,0.8143421867300081,0.0956153150455823,493.6109841864084,3090.3294890155257,1718.2772344922207,2218.9185534273274,7237.335314417375,1390.5144355885177,0.3225464072471145,0.5120317033465032,639.8493274245899,0.1849957242143171,0.1831722306777035,0.1831722306777035,110,충청북도 청주시청원구 내수읍,43110,충청북도 청주시,False,0.25670685348104705,2.8060777177776686,3.235093236152146,3.1431755018401595,False,1,도시 외곽 도농복합형,158.60061641426446
2824573000,22791.0,4224.0,1405.0,740.0,7878.517636600385,1460.1754419288327,485.6880908877864,4656.341977990216,862.989272740585,287.0501723959569,151.18656766762143,0.6543145260585149,0.6506668751786908,0.170180411126747,398.821309092603,1638.0583983531403,1045.4561817154188,1044.8911013926852,3860.732194781595,505.3573825220933,0.6917880658211345,0.3082119341788655,3360.6752478814315,0.345685473941485,0.2043061725238127,0.2043061725238127,31,인천광역시 계양구 계양3동,28245,인천광역시 계양구,True,0.1853363169672239,3.5264265473200203,3.0193058349174415,2.7035986144816193,False,1,도시 외곽 도농복합형,176.3140352427376
2714076000,19671.0,6350.0,2761.0,1612.0,3036.2303145946375,980.1262008884116,426.16195915793776,2673.1351695091817,862.9153742251692,375.19832255680194,219.05820208676735,0.8456494171829272,0.8456494171829272,0.0,436.1049141540072,10132.1145152418,4726.522316554963,5173.863801447794,6976.317927043552,2385.047693029707,0.2699693778189623,0.0366238989352902,1196.7602832072753,0.1543505828170727,0.1358921849173494,0.1358921849173494,129,대구광역시 동구 공산동,27140,대구광역시 동구,True,0.32281022825479133,3.0780071678615184,3.6745417127816316,3.377497067909689,False,0,농촌 생활권 외곽형,117.26345560223045
4159125600,60486.0,9762.0,3325.0,1909.0,6018.534202650128,971.347599217514,330.8472410774671,5233.502523432805,844.6492020261059,287.6929519296048,165.17469029582423,0.9004970703526414,0.9004783510516498,0.0176949527225317,365.82350412003854,3419.581791552727,1855.1538078143612,2072.5586940732105,2927.5683959472813,888.1395262627378,0.2695047179824809,0.541514336512212,1605.205335142153,0.0995029296473585,0.086524196069054,0.086524196069054,158,경기도 화성시만세구 남양읍,41590,경기도 화성시,False,0.16139271897629204,3.2055305945074446,3.2683799220998093,2.9484811985781265,False,1,도시 외곽 도농복합형,73.08259316567678
2815551000,31155.0,5051.0,1607.0,909.0,5202.579655913042,843.4674961327804,268.3532501059945,5192.817362306396,841.8847856526917,267.8497031367799,151.5092595839035,0.8330098008052306,0.8330098008052306,0.0283000850476327,316.39256111616834,2953.5468198683216,2884.9804755357804,3214.531651076985,4372.371367555278,2562.7905132738656,0.0121554877290011,0.5973910274137381,2213.910359181779,0.1669901991947694,0.1666768532276166,0.1666768532276166,82,인천광역시 영종구 영종동,28110,인천광역시 중구·동구,True,0.16212485957310224,3.3451600323959827,3.460142878359769,3.408713107687375,False,1,도시 외곽 도농복합형,140.32270685279715
4822034000,31972.0,4802.0,1556.0,800.0,6414.681549469827,963.4461654120514,312.1870540152336,5600.21198174669,841.1177885758666,272.5487878017593,140.12791146620015,0.7993656465197727,0.7993656465197727,0.0,433.1969050526777,24993.41851500313,1268.7838934485692,3057.68603007812,6538.013403342724,795.2239843073447,0.5095981007717367,0.4171954274860082,2910.870609957534,0.2006343534802273,0.1751598893327502,0.1751598893327502,91,경상남도 통영시 광도면,48220,경상남도 통영시,False,0.15019391967971976,3.4640229012030317,3.1033876568660195,2.900489470100589,False,1,도시 외곽 도농복합형,147.33009876275636
3117055000,15094.0,3170.0,1023.0,450.0,6177.485255888334,1297.3783133142983,418.68076167839973,4004.155054056723,840.9415344746133,271.38270970584523,119.3765585216328,0.5907323932762466,0.5907323932762466,0.0,514.6942690980401,9922.070930008726,805.2371223788205,579.8993237968696,1128.2052772637087,564.2802564209685,0.7347187588408159,0.265281241159184,4107.257205540368,0.4092676067237534,0.265281241159184,0.265281241159184,9,울산광역시 동구 전하1동,31170,울산광역시 동구,True,0.21001722538757123,3.6135519001872978,2.9059237881647646,2.75149485502384,False,1,도시 외곽 도농복합형,223.08601400773412
4482535000,4150.0,2125.0,1042.0,668.0,1636.0735317519018,837.7484951741666,410.79243857481487,1630.0525086621897,834.6654411824464,409.28065398216904,262.37953633405846,0.6057654140356863,0.6057654140356863,0.0,864.5246723637639,63308.5509038402,3763.855363632875,7706.136915274251,17228.130251531795,1836.1708531495904,0.0677622266685021,0.2001472180996213,254.87642826275817,0.3942345859643136,0.3927837370270337,0.3927837370270336,184,충청남도 태안군 원북면,44825,충청남도 태안군,False,0.5120481927710844,2.406329672468969,3.5756329261306115,3.2639130892442245,False,2,초고령 산간 오지형,327.8430111549591
5013025900,14506.0,4759.0,2041.0,1242.0,2576.1683320960933,845.1664892075904,362.4679143670292,2527.574904527381,829.2243878840344,355.6307996787801,216.41031514014935,0.8224067053566736,0.8224039582069822,1.4546816583139964e-05,507.9025390123407,10604.93013172087,4802.624455676523,4803.697848308319,34880.53657647458,4803.697848308319,0.0783066143245707,0.2652799236318469,341.5789014934779,0.1775932946433264,0.174243409935708,0.174243409935708,231,제주특별자치도 서귀포시 성산읍,50130,제주특별자치도 서귀포시,False,0.3280711429753206,2.533491037520655,3.681478628028935,3.681575682548676,False,0,농촌 생활권 외곽형,144.48688494676435
5115035000,3157.0,1524.0,672.0,427.0,1737.8471018661076,838.9227061273195,369.91867356795194,1716.4166906777846,828.5774585343502,365.3569895899497,232.15392046861385,0.4495257833810239,0.4495257833810239,0.0,1014.289289928194,7971.282303314419,2446.7427122848044,3056.1529399626575,14530.787229881464,2831.432220820836,0.0908604671503794,0.5183469088482591,451.85868281882335,0.5504742166189761,0.5436859964136156,0.5436859964136156,147,강원특별자치도 강릉시 옥계면,51150,강원특별자치도 강릉시,False,0.4827367754197022,2.6550026320058113,3.388588303430369,3.4520061698912716,False,0,농촌 생활권 외곽형,450.4859611491094
4161056000,30989.0,6763.0,2199.0,1156.0,6118.562320297641,1335.3072694237617,434.1772416771923,3796.4029819573593,828.5221648642299,269.3952743658793,141.61934386855685,0.8025569614928638,0.7950444901131781,0.083880233439954,323.82700236895715,2315.946713997305,1207.0296457996706,1172.5908761332637,4666.609733048425,503.48153456326895,0.5500492249708723,0.3892075326485492,1708.789438975137,0.1974430385071361,0.1225080829312775,0.1225080829312775,62,경기도 광주시 광남1동,41610,경기도 광주시,True,0.21823872987189002,3.2326885512373935,3.0817179369151586,2.7019835472146916,False,1,도시 외곽 도농복합형,101.50066208358865
4161034000,15400.0,5170.0,2062.0,1097.0,3044.2123908631493,1021.9855883612,407.6081785688191,2443.078192344785,820.1762502871777,327.118651468503,174.02966084430057,0.8023238707231721,0.8023238707231721,0.0,477.74204167161736,10021.921945552827,1743.6518273702168,1862.5837835709535,7660.809072657748,1492.9986901961415,0.4167310441583473,0.2716709097066417,1306.4157310228145,0.1976761292768278,0.1586414410613496,0.1586414410613496,100,경기도 광주시 퇴촌면,41610,경기도 광주시,False,0.3357142857142857,3.1160814012565283,3.241459769273371,3.1740594267197757,False,1,도시 외곽 도농복합형,130.113942269852
1213068500,6891.0,2207.0,873.0,432.0,2573.8027382948635,824.3190601388426,326.06730380661963,2550.238432121232,816.7720533582295,323.08201295049133,159.87563527446991,0.6264979337839408,0.6264979337839408,0.0,575.3962889007014,5646.1382722774315,1260.6448287964386,1466.115885296338,3221.1007931330832,780.6033215663448,0.1908643794315649,0.8031844625539533,1223.1445656235942,0.3735020662160591,0.370082489061273,0.370082489061273,28,전남광주통합특별시 여수시 월호동,46130,전라남도 여수시,True,0.3202728196197939,3.087477790104294,3.100592746667718,2.8924303949273793,False,1,도시 외곽 도농복합형,302.2730345025005
4427025300,29506.0,5784.0,2223.0,1331.0,4149.312671230106,813.3811594385866,312.611742294602,4125.181403649944,808.6507570904654,310.7936779066571,186.0847437218896,0.8593739350901476,0.8593739350901476,0.0,451.3123047626084,20236.087679220505,1778.2138469056397,3187.528415620214,9942.932952498464,974.1545375897546,0.2495416839943451,0.5558183944438996,956.6268232893044,0.1406260649098524,0.1398082221802326,0.1398082221802326,192,충청남도 당진시 송악읍,44270,충청남도 당진시,False,0.19602792652341897,2.9807425540847756,3.2499839877626937,2.9886278578013328,False,1,도시 외곽 도농복합형,113.05602471351708
4159125000,16490.0,4852.0,1944.0,1150.0,2727.789830401442,802.6219682903454,321.57813403883586,2727.789830401442,802.6219682903454,321.57813403883586,190.23397846947591,0.8345791491569775,0.8345791491569775,0.0,500.9094583575974,14943.23633783655,2920.21633471461,3161.661584158156,14647.937076904596,1600.9849574792347,0.1430561764675694,0.3426702765187524,356.2893381168944,0.1654208508430225,0.1654208508430225,0.1654208508430225,157,경기도 화성시만세구 우정읍,41590,경기도 화성시,False,0.29423893268647666,2.551802826374926,3.46541502593219,3.204387251398092,False,0,농촌 생활권 외곽형,132.77040889989036
4889033000,3713.0,1905.0,917.0,571.0,1593.770381021567,817.7033600447307,393.6136384047339,1562.6414645688242,801.7322892549448,385.92572663873193,240.3092583541068,0.5707593910526347,0.5707593910526347,0.0,1037.1238626084155,42206.45885671528,2596.5038187299974,5403.913652313724,19386.896551767248,5380.858549584487,0.0824373180729594,0.166326578433809,93.1623072849688,0.4292406089473651,0.4208568447532518,0.4208568447532518,119,경상남도 합천군 가야면,48890,경상남도 합천군,False,0.5130622138432535,1.969240235860084,3.4143889656571087,3.7308515755918656,False,2,초고령 산간 오지형,337.41452159263747
4827025300,6396.0,3010.0,1353.0,802.0,1782.2507056184202,838.7389968592001,377.01457234235806,1689.130561941878,794.9160399382508,357.31608041078186,211.80154951178645,0.721349170478671,0.721349170478671,0.0,603.1822817017498,9637.430115772611,1574.878489485448,3007.4593751032635,3215.332198176156,2835.321280579835,0.2735671966723955,0.2494145077219659,445.1454380363024,0.2786508295213289,0.2640917076206813,0.2640917076206813,79,경상남도 밀양시 하남읍,48270,경상남도 밀양시,False,0.4706066291432145,2.648501926974629,3.197247051216597,3.452602277506639,False,0,농촌 생활권 외곽형,209.93073440236236
2714065500,13783.0,4470.0,1828.0,1047.0,4346.738382233111,1409.7018478257278,576.4955207663155,2448.5879649947483,794.1078287402253,324.7492418203874,186.00243773848229,0.6846304590993898,0.6217202716775817,0.5069902326617224,476.0693574936791,1042.592053300213,784.6162431201197,906.4479151521376,1200.3568190404558,513.3808394316206,0.7875387119257784,0.2124612880742216,2700.99729093858,0.3153695409006102,0.1776527581074329,0.1776527581074329,15,대구광역시 동구 동촌동,27140,대구광역시 동구,True,0.32431255894943045,3.431524148596553,2.8946572946479874,2.7104396557565367,False,3,역세권 라스트마일형,141.07544601040598
4785036000,8312.0,3081.0,1293.0,767.0,2344.23872523577,868.9364187261076,364.66562460657485,2134.3818403158225,791.1489954298663,332.0206592310344,196.9527035036376,0.717969354519277,0.716223899440127,0.1385809595470477,638.133624150109,1869.2081589942377,1823.0971916926824,1814.1518341048552,6713.517562669782,1157.901942171293,0.2389996744300191,0.6454659043728243,619.0988615755579,0.282030645480723,0.2567831857935301,0.2567831857935301,60,경상북도 칠곡군 약목면,47850,경상북도 칠곡군,False,0.3706689124157844,2.791760005415089,3.260809822078272,3.0636717823818516,False,0,농촌 생활권 외곽형,203.15375948383206
4167025000,13897.0,4272.0,1646.0,969.0,2631.9552367238553,809.074819837685,311.73622505918297,2570.1204393249873,790.0665263579439,304.4123367006497,179.20750562753923,0.8106098268170212,0.8106098268170212,0.0215438137578723,527.3280147926635,5100.42890200052,2127.954606554079,3588.4183809178,11989.77755268081,2144.386074353475,0.1549673455123627,0.433006086790674,313.05417506251433,0.1893901731829787,0.1849406662822902,0.1849406662822902,172,경기도 여주시 가남읍,41670,경기도 여주시,False,0.3074044757861409,2.495619500149631,3.3279623593686183,3.331302978253381,False,0,농촌 생활권 외곽형,146.11542979197273
3020055000,25352.0,2871.0,927.0,532.0,8135.541341910049,921.3134739911544,297.47739128868,6957.942114125283,787.9556567392588,254.41828415092053,146.0091986712942,0.6790966652765049,0.6790965679034586,3.1646240010715945e-07,480.6134670173863,4580.5079297602515,1233.389502908702,1054.6127728216177,2161.809906326288,848.5067492485501,0.3721981041125599,0.6251433987223055,1185.6551124724604,0.3209033347234951,0.2744533809610793,0.2744533809610793,69,대전광역시 유성구 신성동,30200,대전광역시 유성구,True,0.11324550331334805,3.073958378292458,3.091100247926652,2.9286553011613488,False,1,도시 외곽 도농복합형,216.25709403949722
4157025300,52019.0,7861.0,2673.0,1412.0,5984.789203350876,904.4085416394248,307.5288171736653,5186.830192783447,783.8226829710428,266.52563688863984,140.7909462352261,0.8849499374584118,0.8767117231870906,0.2533955737626677,314.3474555074535,1467.0415563050967,1001.5114881787298,1008.420520931538,4004.1700534020647,583.6947671209547,0.5463205178910386,0.4536794821089612,4448.822440926043,0.1150500625415881,0.0997103018663074,0.0997103018663074,63,경기도 김포시 고촌읍,41570,경기도 김포시,False,0.15111786078163747,3.6482450727597646,3.0006559353809816,2.766185799836319,False,3,역세권 라스트마일형,78.15519632870165
1281036000,4359.0,2262.0,1148.0,718.0,1508.9596809239192,783.0389534870167,397.4043848820049,1508.9596809239192,783.0389534870167,397.4043848820049,248.55082608473825,0.6538289330296124,0.6538289330296124,0.0,718.3917039485736,31078.50327747876,1865.9471215280985,3452.660655146509,27426.976900625912,12296.475884575832,0.0,0.0,129.85744299355355,0.3461710669703875,0.3461710669703875,0.3461710669703876,149,전남광주통합특별시 무안군 해제면,46840,전라남도 무안군,False,0.5189263592567103,2.113466846983348,3.2708993322540225,4.089780662400441,False,2,초고령 산간 오지형,271.0654300079762
4715057500,22851.0,4622.0,1831.0,1065.0,4734.128850619818,957.5573737501554,379.3352555899036,3867.733530805082,782.3143135696945,309.91291824883393,180.26065425177944,0.7928261848225541,0.7917139612503696,0.0060330800551561,326.95720133002226,3231.2552645091364,1852.851365851346,1875.9255377067773,2102.4272055486,752.4456804215055,0.3092111335158814,0.5081664000471847,1689.3953780952606,0.2071738151774459,0.169258830283361,0.169258830283361,55,경상북도 김천시 대신동,47150,경상북도 김천시,True,0.20226685921841495,3.2277313016907896,3.2678405819850465,2.876475153375923,False,1,도시 외곽 도농복합형,132.41360562873697
4711125600,55838.0,9659.0,3155.0,1698.0,7699.887974808578,1331.9463080460628,435.06476880477567,4509.803540080116,780.1173464958244,254.8162571895979,137.14041353658865,0.8621030843724957,0.8621030843724957,0.0,344.6970275551509,12112.440894360989,793.0330531160196,1130.540001091802,2571.835950651568,688.2852025011999,0.6457448936156814,0.3272135139001575,3658.4549495795904,0.1378969156275041,0.0807658501393337,0.0807658501393337,99,경상북도 포항시남구 오천읍,47110,경상북도 포항시,False,0.17298255668182957,3.5632977114756157,2.899291288814128,2.837768432722183,False,1,도시 외곽 도농복합형,63.00684069817642
4182031000,10024.0,3658.0,1356.0,845.0,2176.6534353658963,794.3134743184805,294.44753175939303,2136.137513848084,779.5282348021041,288.96672673363946,180.07144844389774,0.7828558025373208,0.7828558025373208,0.0,561.5307582959331,12632.416199609566,2009.9742300874236,4062.416934150367,6629.665800814227,4115.091230099949,0.1503584456079875,0.2817498479782616,185.84258421525595,0.2171441974626791,0.2131023058507665,0.2131023058507665,224,경기도 가평군 설악면,41820,경기도 가평군,False,0.36492418196328813,2.269145235872154,3.303190489359506,3.614379467808264,False,0,농촌 생활권 외곽형,166.1192643121061
5172039000,2851.0,1362.0,485.0,290.0,1609.8516760516384,769.0697940309826,273.8611234251296,1609.8516760516384,769.0697940309826,273.8611234251296,163.75201194492288,0.4353378898450935,0.4353378898450935,0.0,1392.490508896984,30815.695970110337,4464.213576138239,8004.930717939064,41628.16617095923,17093.49279201079,0.0,0.0024607039637625,42.479773428930024,0.5646621101549065,0.5646621101549065,0.5646621101549065,312,강원특별자치도 홍천군 내면,51720,강원특별자치도 홍천군,False,0.4777271132935812,1.6281821917168247,3.649744963868475,4.232830813177645,False,2,초고령 산간 오지형,434.264572753934
2723069500,32466.0,6440.0,2464.0,1256.0,11949.543601675115,2370.3277519493545,906.908009441492,3836.4147128501822,760.9964501557068,291.16385919000953,148.41794121049188,0.6319366844799139,0.6319366844799139,0.0,409.64381768649105,5037.31222444806,700.9236259864693,620.0100063490545,1091.3944592777946,475.41523500676067,0.8021402823188345,0.1943547836126938,5767.1503267819435,0.3680633155200861,0.118167150645296,0.118167150645296,41,대구광역시 북구 무태조야동,27230,대구광역시 북구,True,0.19836136265631737,3.7609612718965915,2.845670698965744,2.677073094879229,False,1,도시 외곽 도농복합형,89.9247821660849
4159555000,29329.0,5178.0,1817.0,1012.0,8786.559031535751,1551.256526485462,544.347838668228,4281.834627816075,755.9528010785106,265.2696484278976,147.745120643386,0.7004139578050479,0.7004139578050479,0.0037141706763926,337.1937644528616,3515.194431974023,1503.8943535250166,1247.869382973526,2809.6356446708214,583.8299004885249,0.461808017841516,0.4792760330224276,2234.722787765161,0.2995860421949521,0.1459932022167845,0.1459932022167845,33,경기도 화성시병점구 화산동,41590,경기도 화성시,True,0.17654880834668757,3.3492236575749987,3.1772173287472176,2.7662863333457977,False,1,도시 외곽 도농복합형,110.36397015419966
3171025000,18330.0,3690.0,1256.0,660.0,3768.567033443675,758.6477006768773,258.22805204611325,3751.137853879701,755.1390442343752,257.03377765809626,135.06552010696143,0.7944044171607378,0.7944044171607378,0.0,555.0300647526752,6589.4458807808405,3615.4148311401177,3667.587519143278,5676.789487267402,2024.132872909881,0.1265397398319363,0.1747234678000159,582.1440198576198,0.2055955828392621,0.20464472743479,0.20464472743479,97,울산광역시 울주군 온산읍,31710,울산광역시 울주군,False,0.20130932896890344,2.7650304404778634,3.5581581352512974,3.306239018087464,False,0,농촌 생활권 외곽형,154.53522388271156
4827034000,3574.0,1899.0,799.0,484.0,1419.5359433758586,754.2525899470496,317.3500891878318,1419.5359433758586,754.2525899470496,317.3500891878318,192.2371003340558,0.6028159084007111,0.6028159084007111,0.0,809.5380303816131,17248.967686919037,2193.197844099508,4739.380024930115,16390.787955877244,11486.190926792146,0.0,0.0,107.57866271430512,0.3971840915992889,0.3971840915992889,0.3971840915992889,110,경상남도 밀양시 산내면,48270,경상남도 밀양시,False,0.5313374370453273,2.0317261413642336,3.3410778103027496,4.060176030973802,False,2,초고령 산간 오지형,299.57712977452985
4793031000,7613.0,1750.0,742.0,500.0,3356.271268662517,771.5059398606863,327.11851850093103,3270.236688107625,751.7291743318461,318.7331699167027,214.77976409481315,0.5591394629367507,0.5581326712391586,0.0590938793710353,848.5084828396028,3031.3801742956643,2376.248356563296,3082.226087963332,15323.827590753355,2597.8381708800725,0.1732549427603964,0.4235140316118465,490.9695721628559,0.4408605370632493,0.4295595281896263,0.4295595281896263,154,경상북도 울진군 북면,47930,경상북도 울진군,False,0.22986995928017864,2.691054577558308,3.375891829511274,3.41461209374132,False,0,농촌 생활권 외곽형,322.91242945236513
4122025600,21091.0,4012.0,1489.0,904.0,3979.029693697172,756.9042307672967,280.91485533711483,3939.416012640419,749.3687849183709,278.1181756588869,168.8507930125143,0.8113399225405542,0.8113399225405542,0.0,507.0740709770854,11047.854002503904,2339.457782361096,1829.007778859175,9787.113250023636,1135.4681438627613,0.2516331192205176,0.4393658598166829,666.4067796171745,0.1886600774594458,0.18678185067756,0.18678185067756,143,경기도 평택시 포승읍,41220,경기도 평택시,False,0.19022331800293965,2.823739406669066,3.3691152123608346,3.0551749543737294,False,1,도시 외곽 도농복합형,139.96848848704775
4889034000,2156.0,1161.0,562.0,378.0,1388.8864249117626,747.9114746394046,362.0381126161459,1388.2615203704752,747.5749652829878,361.8752200594653,243.3965003246937,0.3558040700780322,0.3558040700780322,0.0,1175.5738255149065,38058.11513744504,2387.2706172668045,2480.3761477350567,12603.59394922389,2607.2475635602627,0.0007890208854636,0.5459986911830285,80.78638236523663,0.6441959299219678,0.6439060855150627,0.6439060855150627,87,경상남도 합천군 야로면,48890,경상남도 합천군,False,0.5384972170686456,1.9073381607491664,3.377901652741173,3.4161822702874587,False,0,농촌 생활권 외곽형,481.36806952442754
4374025000,19215.0,5518.0,2376.0,1443.0,2601.3973062565083,747.0471161032222,321.6716107033809,2577.005549891787,740.0424993131866,318.65548719973384,193.5268804836767,0.86461632546154,0.8546656892785991,0.2356077856040562,444.32557499120713,2128.9859877071126,1385.161840329487,1814.3648620262315,2712.435609842946,1458.4307505260942,0.4925794342146389,0.307280713549609,1208.4174300250777,0.1353836745384599,0.1341142622894502,0.1341142622894502,159,충청북도 영동군 영동읍,43740,충청북도 영동군,False,0.2871714806141036,3.0822169808424857,3.1415005187115193,3.163885812697802,False,3,역세권 라스트마일형,99.25025385822897
4413132000,3942.0,1873.0,770.0,479.0,1553.4415851859585,738.101493925241,303.43734667508573,1552.3754118389154,737.5949128296014,303.229088563157,188.6321213269509,0.6059255237985899,0.6059255237985899,0.0,861.5343693571721,10287.490749871517,2084.9790863938015,5442.3315986282105,13528.515398090502,3637.418287377676,0.0444731667941334,0.50445042216786,104.7076027012664,0.39407447620141,0.3938040111209831,0.3938040111209831,145,충청남도 천안시동남구 광덕면,44130,충청남도 천안시,False,0.47513952308472857,2.019978216457584,3.3191017030942747,3.560793245914355,False,0,농촌 생활권 외곽형,290.4678352547289
2827553900,37059.0,2989.0,744.0,384.0,10367.451584878012,836.1885854232542,208.1379416376384,9139.542102323572,737.1513355418429,183.48631436705625,94.70261386686774,0.7202447020999484,0.7202447020999484,0.0150450046694221,332.3511293100044,3943.830786282496,1645.3745253453098,1460.8551202056756,2961.641858491355,1242.3642083276422,0.3622556971380461,0.5816923450425868,4806.8239243577855,0.2797552979000516,0.2466213902783014,0.2466213902783013,38,인천광역시 서해구 청라3동,28260,인천광역시 서구,True,0.0806551714833104,3.6818582140611764,3.216264769020008,3.0942489311705113,False,1,도시 외곽 도농복합형,181.79728721683594
5176025000,8272.0,3011.0,1178.0,722.0,2643.719998502917,962.3115226658948,376.4872048158168,2022.2767179157331,736.1067695411355,287.98863318480824,176.50916227455988,0.6804013541461658,0.6804013541461658,0.0,664.3081987106331,24523.528466143325,1730.236490534944,3103.3169126079724,27176.75139866471,2918.7053261641377,0.3667257272549211,0.1840096953233951,625.9832870587553,0.3195986458538342,0.2444725239259832,0.2444725239259832,213,강원특별자치도 평창군 평창읍,51760,강원특별자치도 평창군,False,0.36399903288201163,2.796562738266257,3.238105467010304,3.465190250630057,False,0,농촌 생활권 외곽형,179.95787982872343
1280025300,20854.0,3402.0,1310.0,727.0,5085.949314009491,829.6921245928977,319.4875612042022,4466.792638502522,728.686513675342,280.59357228533156,155.71872294002753,0.7561163654929755,0.7561033816598021,1.5568148311530287e-05,564.2537526555395,7086.672247304306,2783.517610225679,2244.6446087478093,5325.195481054132,1261.6545178158617,0.2116698711932852,0.4921935004830736,746.4255615195436,0.2438836345070246,0.2141935666300241,0.2141935666300241,172,전남광주통합특별시 영암군 삼호읍,46830,전라남도 영암군,False,0.16313417090246476,2.8729865035101514,3.4445939732627324,3.1009404471843798,False,1,도시 외곽 도농복합형,156.07996331931932
1285025000,16662.0,4774.0,2038.0,1149.0,2677.670573766292,767.2067770471899,327.5172625936684,2542.8751740990624,728.585168716176,311.0298646509356,175.35491387827528,0.839294768109093,0.839294768109093,0.0,502.69712611545816,44357.1383139706,2018.733424878656,2323.676388734921,38951.90344779259,1490.5034615437935,0.4937248530370045,0.2318042312841569,1074.0855295346732,0.1607052318909069,0.1526152427139036,0.1526152427139036,104,전남광주통합특별시 완도군 완도읍,46890,전라남도 완도군,False,0.2865202256631857,3.0310388656521576,3.305078973848162,3.1733329889749045,False,1,도시 외곽 도농복합형,111.19320236136959
4128160000,32805.0,9843.0,3871.0,2272.0,6370.161065673363,1911.3395936419115,751.6809475757228,2419.6450994509746,726.0041674712984,285.5188593194551,167.579139337071,0.8058173733981598,0.8058173733981598,0.0,287.97473698998374,7088.663717825326,973.4876475595004,1361.334423580802,5073.0838983274125,456.3276783167667,0.4788218574616919,0.5173975415105245,2348.9464720333617,0.19418262660184,0.0737584240039925,0.0737584240039925,43,경기도 고양시덕양구 관산동,41280,경기도 고양시,True,0.30004572473708274,3.3708731201554634,2.9883304451926893,2.659276811476327,False,1,도시 외곽 도농복합형,53.54892321301361
5172034000,3564.0,1682.0,636.0,403.0,1571.2372280073632,741.5322720281664,280.38913496427693,1534.6019990885395,724.2425820614264,273.8515351908842,173.52542245585903,0.5591365802448476,0.5591365802448476,0.0,930.4656398285662,29417.07678810753,2470.257638032954,5036.454004934174,26691.433811167695,5031.784863218342,0.1085125140892672,0.1506880722187205,65.03513727870458,0.4408634197551524,0.4305841748284342,0.4305841748284342,227,강원특별자치도 홍천군 서석면,51720,강원특별자치도 홍천군,False,0.4719416386083053,1.8131480613071678,3.3927422508066116,3.7017220643302005,False,2,초고령 산간 오지형,311.84739457253386
4719034000,3519.0,1805.0,880.0,560.0,1411.0080734445755,723.7481024630459,352.8522604805986,1411.0080734445755,723.7481024630459,352.8522604805986,224.54234757856273,0.599031522181138,0.599031522181138,0.0,777.1151124236089,14030.64467902538,2949.376310522978,3312.512455265194,13431.876525814912,5415.442181686015,0.0,0.0370917419506783,91.851778891091,0.400968477818862,0.400968477818862,0.400968477818862,125,경상북도 구미시 해평면,47190,경상북도 구미시,False,0.5129298096050015,1.963087571693581,3.469730187661052,3.7336339234222655,False,2,초고령 산간 오지형,290.20017496889733
4423051000,33037.0,6519.0,2530.0,1403.0,6090.390803931426,1201.7815676613786,466.40702043001806,3659.826197636128,722.1723214090238,280.27243030600243,155.42380226060135,0.8156493990395185,0.8106352544544093,0.1278011907317946,282.6707964361473,2200.7291834219914,626.3492862345923,748.0344006290253,1363.7669149248552,488.17380059991024,0.7409818484194355,0.2590181515805645,3025.415186862437,0.1843506009604814,0.1107796167217401,0.1107796167217401,34,충청남도 논산시 취암동,44230,충청남도 논산시,True,0.19732421224687471,3.480784982621637,2.796816586853066,2.6885744679115513,False,1,도시 외곽 도농복합형,80.00197297274096
5011066000,54226.0,7241.0,2570.0,1439.0,6860.195840891826,916.0675337273212,325.13376076221726,5393.0144255982905,720.1493279193969,255.5978142180431,143.11488508162026,0.8734888090419387,0.8734888090419387,0.0,255.29399823083645,43926.23283488927,1008.688536496268,963.5566882837516,1777.1206281301056,331.33392490494066,0.4452155091663399,0.4598927341145575,5794.032167542618,0.1265111909580611,0.099454402419472,0.099454402419472,72,제주특별자치도 제주시 노형동,50110,제주특별자치도 제주시,True,0.1335337292073913,3.7629809020081426,3.003757085203478,2.5202659050782206,False,1,도시 외곽 도농복합형,71.622021061008
5177035000,3351.0,1711.0,736.0,478.0,1579.879973890582,806.6770024848661,346.99840667963844,1407.5964795031605,718.7101093494203,309.1587612397273,200.7851737399316,0.5285347735330999,0.5285347735330999,0.0,1124.0053037494918,14832.248416574064,2550.736031366672,5555.172861571055,24122.37891098921,5467.736148062117,0.1845329464119387,0.1276568663453983,105.4472141240436,0.4714652264669,0.4200526647278903,0.4200526647278903,232,강원특별자치도 정선군 임계면,51770,강원특별자치도 정선군,False,0.5105938525813191,2.023035110329299,3.4066655169976614,3.737807549018418,False,2,초고령 산간 오지형,301.89609659909746
3020054700,22891.0,3647.0,1482.0,900.0,6495.45855357855,1034.8581252414035,420.52638925356734,4510.74064678798,718.6523585180098,292.0325734367125,177.34771666197116,0.7162440018531934,0.6660365275759725,0.4417983185115072,450.98891824217475,1247.9911650020883,731.590981700074,893.8328760411562,2168.0065985592255,728.0294490453683,0.7086120964954253,0.2565442240603021,3085.5064115006667,0.2837559981468066,0.1970530185133013,0.1970530185133013,33,대전광역시 유성구 노은2동,30200,대전광역시 유성구,True,0.15932025686951204,3.4893264531897077,2.8642683433024194,2.8621489470317547,False,3,역세권 라스트마일형,141.61261650767702
4311232000,2887.0,1528.0,744.0,508.0,1354.1526566193595,716.7112086298515,348.9745675527549,1352.7846094145527,715.9871434656862,348.622012263397,238.03761052393236,0.5309481618914584,0.5309481618914584,4.088958143507229e-05,856.1018278414905,6285.888029081139,2597.1024558526215,5431.661821397424,7630.575865880151,1467.303604985773,0.0504783045945565,0.5651320184658003,135.22810286512723,0.4690518381085415,0.4685779734723078,0.4685779734723077,103,충청북도 청주시서원구 현도면,43110,충청북도 청주시,False,0.5292691375129892,2.131066955296151,3.4144890829114494,3.1665199845507623,False,0,농촌 생활권 외곽형,335.4958047173778
4792034000,4036.0,1959.0,919.0,598.0,1470.6324372056215,713.8178752442549,334.8640262120828,1470.6324372056215,713.8178752442549,334.8640262120828,217.89846319349897,0.6356212990075268,0.6229341535035281,0.1655129813893918,777.7888111306773,6613.050179695705,2769.298355745058,6367.789057013881,21217.407955746887,9391.295604280056,0.0274795490980002,0.1333405275461366,218.23979128294363,0.3643787009924731,0.3643787009924731,0.3643787009924731,181,경상북도 봉화군 춘양면,47920,경상북도 봉화군,False,0.48538156590683845,2.338933937632226,3.4423697478270134,3.972725510793811,False,2,초고령 산간 오지형,260.1000301267088
5115064500,25087.0,5434.0,2169.0,1316.0,3912.691293181814,847.51323343365,338.28785486153606,3294.620925398468,713.6353533150746,284.8500333714385,172.8274061396095,0.8440351061034873,0.8440351061034873,1.712199215994369e-06,305.5522342376265,2951.6758738696567,1055.930853788737,907.6258579521054,2494.484893570889,552.1328157235962,0.6587397759028324,0.271189150900963,3302.643024729018,0.1559648938965127,0.1313278162155087,0.1313278162155087,32,강원특별자치도 강릉시 성덕동,51150,강원특별자치도 강릉시,True,0.21660621038785027,3.518861634312482,3.023635479939076,2.7420435599714157,False,1,도시 외곽 도농복합형,93.72017252505174
2827551500,43429.0,6052.0,1997.0,1088.0,7160.730114241192,997.8755820163414,329.2725606884722,5090.547656728508,709.3876077856024,234.0791561050641,127.53035645583864,0.8351163942471347,0.8114487411484885,0.4076611495901909,320.24014938905026,1341.703954833766,1508.7355859926658,1205.8395948519626,2837.360743665476,381.5661174112392,0.4849970330410501,0.3488068235436545,4971.431217425378,0.1648836057528654,0.1172154011542634,0.1172154011542634,46,인천광역시 서해구 검암경서동,28260,인천광역시 서구,True,0.13935388795505307,3.696481435081478,3.1786131340059858,2.5815698029433527,False,3,역세권 라스트마일형,83.15115302045265
5115025000,15080.0,6187.0,2715.0,1628.0,2657.710917715243,1090.4016875268042,478.4937096549658,1727.2259293701704,708.6436886613557,310.96938980371436,186.46709635375575,0.8237592229631802,0.8237592229631802,0.0,438.8744002947208,20198.187047778854,1319.8069665203946,1334.9916644925213,3529.0071043067146,782.6889839064629,0.4962899263005957,0.4083545878854251,1684.319683678001,0.1762407770368198,0.1145375284728229,0.1145375284728229,94,강원특별자치도 강릉시 주문진읍,51150,강원특별자치도 강릉시,False,0.4102785145888594,3.2264245240287535,3.120510416429029,2.893589221308955,False,1,도시 외곽 도농복합형,81.16629666713628
5011067000,22329.0,2800.0,1120.0,665.0,5629.527171909411,705.9284375183103,282.3713750073241,5629.527171909411,705.9284375183103,282.3713750073241,167.6580039105987,0.7478827008863178,0.7478827008863178,0.0,334.9235745199755,48366.73470140634,3339.8396236054673,2833.4352217245937,5577.873830218718,1387.3689648353422,0.0,0.4706411526910127,3006.258943096594,0.2521172991136822,0.2521172991136822,0.2521172991136822,26,제주특별자치도 제주시 외도동,50110,제주특별자치도 제주시,True,0.125397465179811,3.478026385670248,3.523725612842873,3.1421919751919773,False,1,도시 외곽 도농복합형,177.97677103465813
4827038000,4447.0,2400.0,1073.0,667.0,1362.7714377096986,735.4736789978135,328.8180239852724,1307.2827239631604,705.526992919178,315.4293597509492,196.0777101154549,0.693552633750911,0.693552633750911,0.0,689.0817953118368,14443.1884054549,2305.2403325068167,4024.974318400676,11575.37501815591,3791.8447075066138,0.1201768625481835,0.2505045719131617,105.55945671635338,0.3064473662490889,0.2939695803829908,0.2939695803829908,166,경상남도 밀양시 무안면,48270,경상남도 밀양시,False,0.5396896784348999,2.0234971463671005,3.3627162093961824,3.578850542786816,False,2,초고령 산간 오지형,207.4034740573241
4413358000,57009.0,5273.0,1807.0,988.0,9214.332699524615,852.2720329174919,292.064396639846,7603.983091111936,703.3240863623856,241.0215482755226,131.7815659635951,0.8383705607969861,0.8370056808018057,0.3093233063250758,261.6434400828794,1382.3145107616886,1057.90994312783,873.748023251379,1929.782646014174,319.9287476019712,0.5445907487147844,0.455265969913402,6636.359526568316,0.1616294392030138,0.1333821517850152,0.1333821517850152,37,충청남도 천안시서북구 부성1동,44130,충청남도 천안시,True,0.0924941675875739,3.8219299060104253,3.0244486990155126,2.505053265917064,False,3,역세권 라스트마일형,93.81088004124486
3120056000,28887.0,4437.0,1182.0,621.0,5495.88302563126,844.1594137406412,224.88087154416,4572.2234863805315,702.2866898283108,187.08651507258585,98.29164624371896,0.8097454555463959,0.8097450510928107,1.2639174540764008e-06,303.3739393026128,3818.49137168724,1112.3430448263205,924.5887827678764,1650.250419868274,464.24731270571806,0.5087568441372651,0.4910024854130339,1955.054544411195,0.190254544453604,0.1582796235808679,0.1582796235808679,40,울산광역시 북구 효문동,31200,울산광역시 북구,True,0.15359850451760307,3.291158878359177,3.0462387436307288,2.66674939850669,False,1,도시 외곽 도농복합형,111.15767291187876
4824037000,3100.0,1617.0,809.0,505.0,1355.3230408907252,706.9539861678396,353.69559357438607,1336.4629201343362,697.1163038249102,348.77371044796064,217.71412086059345,0.562799019067508,0.562799019067508,0.0,932.1616912020372,17891.69446437853,1999.700910207684,2953.348495353583,15461.750217642832,2936.4771178950155,0.1752811093949583,0.2875705511828851,82.3456849407704,0.437200980932492,0.4311170710110761,0.4311170710110762,113,경상남도 사천시 서포면,48240,경상남도 사천시,False,0.5216129032258064,1.9156408463046528,3.300965044284088,3.467826621010528,False,2,초고령 산간 오지형,300.5387390590627
4792037000,2008.0,1073.0,494.0,285.0,1304.411420726639,697.0286127687668,320.9059969317529,1304.411420726639,697.0286127687668,320.9059969317529,185.13807515293436,0.3503927187616338,0.345339657980283,0.0050530607813508,1380.578536889922,8172.224152618774,3950.769742067643,8850.368505246606,18263.23749871615,17343.947326851903,0.0,0.0,38.5166146226117,0.6496072812383662,0.6496072812383662,0.6496072812383661,183,경상북도 봉화군 명호면,47920,경상북도 봉화군,False,0.5343625498007968,1.5856481082725884,3.5966817189592333,4.23914794591847,False,2,초고령 산간 오지형,452.7948620860686
4139051000,42187.0,8056.0,2663.0,1550.0,5504.963249554712,1051.2239300830297,347.4937097580818,3635.731847707282,694.2768095652658,229.5008867766016,133.58106440245308,0.8695104356897928,0.8679614949734165,0.4326651560289482,220.1581789438985,1192.7487147060492,514.6528312106693,532.3976741494139,1032.0594048492685,399.5905757182684,0.7527624739336286,0.2472375260663713,6169.260416346375,0.1304895643102072,0.0861813318725503,0.0861813318725503,30,경기도 시흥시 대야동,41390,경기도 시흥시,True,0.19095930025837343,3.790233103036193,2.7115143662613517,2.6016152369067553,False,3,역세권 라스트마일형,59.83370013655957
5011061000,26586.0,3664.0,1460.0,829.0,7483.237051498319,1031.3165032983466,410.9503533885333,5025.447899455658,692.5916310691919,275.9781062666539,156.70263705140832,0.7185271552133333,0.7185271552133333,0.0,381.2650528726846,31019.81746482459,815.0120368741136,817.5780302460042,5593.879361267577,498.2601710367401,0.5676445133201841,0.4300918532610227,3143.0946881072505,0.2814728447866666,0.1890261001826396,0.1890261001826397,29,제주특별자치도 제주시 삼양동,50110,제주특별자치도 제주시,True,0.13781689611073497,3.4973574646647485,2.9111640228619446,2.6974561727614796,False,1,도시 외곽 도농복합형,130.91789504014284
4784031000,5707.0,2599.0,1063.0,584.0,1510.5706937586158,687.9224168702721,281.3626506860712,1510.5706937586158,687.9224168702721,281.3626506860712,154.57741110128467,0.7353126522238277,0.7353126522238277,0.0,625.8954248171498,9998.712171586005,2267.4121894126024,3293.1470686247535,9200.039176194585,2225.9568373722227,0.0,0.5893801858893081,275.25129626717,0.2646873477761723,0.2646873477761723,0.2646873477761724,131,경상북도 성주군 선남면,47840,경상북도 성주군,False,0.4554056421937971,2.4397293729130114,3.355530477036656,3.3475167388518754,False,0,농촌 생활권 외곽형,182.08435999716667
4183035000,9812.0,3359.0,1227.0,669.0,2013.599364397363,689.3273812689301,251.802529567424,2005.2453997916732,686.4675191500438,250.75785829029587,136.72127725852317,0.794781964492727,0.794781964492727,0.0,575.5736384348809,8477.73011004909,2234.869118420613,4622.963673969963,11239.460900435362,2429.871614662752,0.1155754542080018,0.2672608820729542,212.4095555526682,0.205218035507273,0.2043666326734277,0.2043666326734277,150,경기도 양평군 서종면,41830,경기도 양평군,False,0.34233591520587037,2.3271740502175704,3.3492520944424142,3.3855833277067506,False,0,농촌 생활권 외곽형,140.2910553283762
4415025000,6767.0,3345.0,1478.0,917.0,1524.4830641011329,753.5681763585472,332.9667457871249,1385.7216644562232,684.9769421613811,302.65946801629934,187.77992704394217,0.7747180339735285,0.7747180339735285,0.0,568.1598724368499,22951.367237436123,1709.1625156205623,3462.0750182345637,21055.05124147756,2274.271949928559,0.4001544085944304,0.3340890176176656,392.3118058916431,0.2252819660264715,0.2047763653696206,0.2047763653696206,185,충청남도 공주시 유구읍,44150,충청남도 공주시,False,0.49431062509235996,2.593631377608115,3.2327833595502256,3.3568423949566686,False,0,농촌 생활권 외곽형,140.26708857780446
4165036000,4393.0,1977.0,840.0,524.0,1541.518172005694,693.7358128967122,294.7587672398777,1518.7620715313228,683.4947906709368,290.4074983123859,181.15896323296457,0.6490967056668122,0.6490967056668122,0.0,718.0073520383344,19609.627469157047,2264.958765540631,2752.5213367138304,14183.445654489607,1388.6108594142238,0.1708132867648211,0.483146897265909,152.31104486619336,0.3509032943331878,0.3457232122766498,0.3457232122766498,108,경기도 포천시 영중면,41650,경기도 포천시,False,0.4500341452310494,2.182731397430062,3.355060299920075,3.142580557265942,False,0,농촌 생활권 외곽형,236.3000146051126
4150037000,4097.0,1907.0,843.0,533.0,1465.7213299597468,682.2383637376707,301.5872787786347,1465.7213299597468,682.2383637376707,301.5872787786347,190.68329725861483,0.6422452209031617,0.6422452209031617,0.0,784.3365074341372,8534.729309302498,2010.5436142147807,3320.189045758367,9832.766750091923,2702.5991542846514,0.0130789214452132,0.4268047218354862,80.44041646986017,0.3577547790968383,0.3577547790968383,0.3577547790968383,124,경기도 이천시 설성면,41500,경기도 이천시,False,0.4654625335611423,1.905474310434077,3.303313498581613,3.43178163652682,False,0,농촌 생활권 외곽형,244.0740351103588
5180025000,12999.0,2953.0,1123.0,727.0,3495.872504487237,794.161974440404,302.0128334902044,2990.9799593026473,679.4648680529823,258.3945299097525,167.27766985252902,0.7310660431966123,0.7310660431966123,0.0,590.977681899802,44371.38452018484,1927.2113815583737,2416.404798044825,2252.437716507112,2391.184969557959,0.4630804081065904,0.2450649738222587,1213.564720427226,0.2689339568033877,0.2300930809525846,0.2300930809525846,213,강원특별자치도 양구군 양구읍,51800,강원특별자치도 양구군,False,0.22717132087083622,3.0840629425755703,3.284929351816668,3.37861317216398,False,1,도시 외곽 도농복합형,156.34016488935208
4833031000,57866.0,8711.0,2621.0,1289.0,11454.000553362705,1724.256019430106,518.8009444296072,4490.581894423946,676.0007410625756,203.39776630983937,100.03041616687636,0.8020599220032022,0.7639935929171027,0.1313144494006135,324.30816001890645,1982.9450876463916,1132.916216490131,986.005111799975,1825.2863449362824,541.3082506048025,0.6110067241292789,0.2743367281753919,6920.566019600907,0.1979400779967978,0.0776031157229451,0.0776031157229451,92,경상남도 양산시 동면,48330,경상남도 양산시,False,0.15053744858811738,3.840141616008277,3.0541977933043096,2.733444646645524,False,1,도시 외곽 도농복합형,52.459763737475704
4423036000,5497.0,2741.0,1233.0,782.0,1355.0798410553775,675.6910759200999,303.9500534875897,1355.0798410553775,675.6910759200999,303.9500534875897,192.7728644179198,0.7534873856548341,0.7534873856548341,0.0724850768783447,582.4129947251921,3627.5556572672062,1508.1427985581065,3077.6535204805873,12806.979760569731,3260.005442097674,0.1069693031704645,0.2667023596437367,143.04730541166802,0.246512614345166,0.246512614345166,0.2465126143451659,118,충청남도 논산시 연산면,44230,충청남도 논산시,False,0.4986356194287793,2.1554796813942314,3.1784424646701566,3.5132183250590487,False,0,농촌 생활권 외곽형,166.5663736147619
5274025000,7281.0,2367.0,1110.0,655.0,2589.145184156196,841.7122168517672,394.7192905388515,2078.049765491857,675.5588236395037,316.8019832023021,186.9417108085657,0.6443970355505841,0.6443970355505841,0.0,728.1725421298747,25647.579429738344,2051.145305129561,3037.724800890637,24253.57161690179,3144.2307158467333,0.3486584374293719,0.2093458095836203,379.8836712639141,0.3556029644494157,0.285407192074146,0.285407192074146,159,전북특별자치도 장수군 장수읍,52740,전북특별자치도 장수군,False,0.32509270704573545,2.579650626451839,3.311996427301906,3.4975144059878764,False,0,농촌 생활권 외곽형,192.80934693586394
1276025000,38812.0,9159.0,4175.0,2502.0,5314.724601920423,1254.18846307815,571.7039887925839,2858.0624232468385,674.4561922734667,307.44127118044804,184.2438468247859,0.8630649128640517,0.856563123532478,0.0572994052115391,388.58604444585086,2901.6264152386493,1096.156067637021,989.7902983978728,1899.455765408647,732.8903275627665,0.6318607679339263,0.2749150195195283,3800.292200533539,0.1369350871359482,0.0736386278276522,0.0736386278276522,120,전남광주통합특별시 화순군 화순읍,46790,전라남도 화순군,False,0.23598371637637844,3.579816990353798,3.0398723921850457,2.8650389900600843,False,1,도시 외곽 도농복합형,49.66602852888125
5177025900,3251.0,1414.0,564.0,365.0,1546.3871703402503,672.5904210584786,268.27510429772417,1546.3871703402503,672.5904210584786,268.27510429772417,173.6177536678534,0.5243349214579359,0.5171455542986243,0.0952450210184685,1554.685441255863,4090.1097036243073,2511.0087479338326,4752.737380284579,18040.80939111236,4857.541635837481,0.0,0.3365536698985778,90.87250739271944,0.4756650785420641,0.4756650785420641,0.475665078542064,155,강원특별자치도 정선군 신동읍,51770,강원특별자치도 정선군,False,0.4349430944324823,1.9584325114551653,3.3998482257247797,3.6864165317910116,False,2,초고령 산간 오지형,319.9277754594212
4377025600,21655.0,3600.0,1170.0,708.0,4283.415068561689,712.089321026187,231.4290293335108,4027.508887790187,669.5466172267224,217.6026505986848,131.67750138792206,0.8021974108260592,0.8021974108260592,0.0,534.1716123181234,25596.06261971058,1431.8332719737325,1430.7716768368282,10517.318063947136,1059.2990861540009,0.3227140865599043,0.6471297222416033,675.3075558693871,0.1978025891739408,0.1859851714518673,0.1859851714518673,94,충청북도 음성군 대소읍,43770,충청북도 음성군,False,0.1662433618102055,2.829501608973881,3.1558924500406818,3.0250185976217137,False,1,도시 외곽 도농복합형,124.52574239992974
4481038000,3901.0,2047.0,1093.0,675.0,1284.8380034800537,674.2023566069391,359.9917810314531,1271.0199624982365,666.9515158251447,356.1201791875345,219.92783252661096,0.6706388096693019,0.6706388096693019,0.0,634.2514886841484,9039.476691424132,1984.9219488028536,3721.104349546928,9728.354339074194,3485.3476820204346,0.1368329236329912,0.1956537904034593,124.1075535516316,0.3293611903306982,0.3258190111505348,0.3258190111505348,110,충청남도 예산군 고덕면,44810,충청남도 예산군,False,0.5247372468597795,2.0937982147457963,3.297743434086201,3.5422461077859175,False,2,초고령 산간 오지형,217.30548337149892
1165066000,16600.0,3971.0,1599.0,815.0,3728.657099951184,891.9576713196477,359.16401824228575,2773.3984878371957,663.4436985061147,267.1484447019082,136.16384142092258,0.7753821024125794,0.7527551749442154,0.1477634415685629,386.3045675610945,1897.097394028084,1033.771832759789,967.9076751842032,1718.3726007264995,866.3775821777116,0.5255999829801127,0.4679626763926603,1433.0848695028149,0.2246178975874207,0.1670721980624816,0.1670721980624817,34,서울특별시 서초구 내곡동,11650,서울특별시 서초구,True,0.23921686746987952,3.156271910749981,3.01442469474631,2.937707206241369,False,1,도시 외곽 도농복합형,110.84299700011894
4812154000,27948.0,6888.0,2137.0,1063.0,5818.848455604048,1434.100048740543,444.92912371639653,2682.967075182975,661.2379137634296,205.1488707480327,102.04644342777668,0.7917973216114195,0.7822729004281168,0.0421269035198176,290.7517453698042,3270.495034255004,707.9347645774351,434.6049945328574,1224.98011040637,283.32663031182113,0.7314609566279551,0.268539043372045,3401.2419899599968,0.2082026783885805,0.0959985356799404,0.0959985356799404,28,경상남도 창원시의창구 봉림동,48120,경상남도 창원시,True,0.24645770717045942,3.5316375320108144,2.8499932397669476,2.452287396454547,False,1,도시 외곽 도농복합형,63.47787145734795
4311431000,3922.0,2003.0,908.0,603.0,1432.7900566113826,731.7385220276898,331.7117214184435,1290.974795152213,659.3122169020608,298.87942733253675,198.48490603691593,0.6346787209047979,0.6344859925338592,0.0062560030140616,736.1369554405081,3634.316204801663,1637.3058409268306,3537.3217625896364,5989.102539158064,2235.353740252973,0.0652841693508837,0.6339409848095022,93.5465086330562,0.3653212790952021,0.3291623649036749,0.3291623649036748,111,충청북도 청주시청원구 북이면,43110,충청북도 청주시,False,0.5107088220295768,1.971027583287732,3.2141298111288314,3.3493462591384855,False,0,농촌 생활권 외곽형,217.02076852536698
4377037000,9457.0,3278.0,1276.0,764.0,1901.5323268700815,659.1120828465821,256.56711949732727,1889.0015616906112,654.7686495952019,254.87638709074972,152.60623803866207,0.798928589735637,0.798560835506372,0.0194386620193628,534.9214032033352,4507.027389637447,2525.27607062237,3230.5547772270875,5910.986892535099,1655.2912075514876,0.1721421940307143,0.4294948066872989,318.5516387155442,0.201071410264363,0.1997463848673587,0.1997463848673587,132,충청북도 음성군 감곡면,43770,충청북도 음성군,False,0.34662155017447394,2.5031798435517527,3.402308863402792,3.21887440820686,False,0,농촌 생활권 외곽형,130.78767068112393
4827035000,4161.0,2237.0,885.0,502.0,1210.4607663554766,650.7572060411443,257.45200149593774,1210.4607663554766,650.7572060411443,257.45200149593774,146.0349206225545,0.7090937836204094,0.7090937836204094,0.0,707.7910350350334,13494.779049603683,2736.0648726239338,10721.004653332577,13723.139436538722,6046.894272595849,0.0091701032858557,0.2167153403425213,97.28080556840376,0.2909062163795906,0.2909062163795906,0.2909062163795906,179,경상남도 밀양시 단장면,48270,경상남도 밀양시,False,0.5376111511655852,1.98802715827389,3.4371263903757816,3.781532375215893,False,2,초고령 산간 오지형,189.30931659118292
4812965000,42286.0,5405.0,1858.0,935.0,8260.061157709471,1055.8016969545404,362.93793763950714,5077.745192506956,649.0378083881213,223.11049916468627,112.27573558610425,0.8046620357160886,0.8029966099822073,0.0076111536953916,277.88046320618184,3075.90923566353,1184.1141998821602,1068.1215877068823,1668.567424680548,591.1756967793103,0.640127386512655,0.2232019279455191,4880.384137542613,0.1953379642839112,0.1200810006268494,0.1200810006268494,41,경상남도 창원시진해구 웅동2동,48120,경상남도 창원시,True,0.12782008229674124,3.6884540068898595,3.073393589200212,2.77171657191656,False,1,도시 외곽 도농복합형,77.93710947590296
4146125300,34746.0,6744.0,2411.0,1368.0,3638.5916335785314,706.229838739815,252.47926174402343,3337.5925562057687,647.8076382620072,231.59315181638488,131.40581986097655,0.8952802730219729,0.8952802730219729,0.0,373.8658674240444,6692.930159729076,1877.1110502790589,1154.7154848413516,7603.348683319412,591.498590009754,0.2106845334652676,0.6021017840081243,1102.3863707098358,0.1047197269780271,0.0960568858632869,0.0960568858632869,113,경기도 용인시처인구 모현읍,41460,경기도 용인시,False,0.19409428423415645,3.0423338352220224,3.2734899663330013,2.771953713711687,False,1,도시 외곽 도농복합형,62.22638436989907
1281033000,6326.0,2388.0,1104.0,664.0,1712.652326319724,646.5086555882865,298.8884236890571,1712.652326319724,646.5086555882865,298.8884236890571,179.76622584196912,0.7292677321657092,0.7291920035896409,0.000284628480386,612.9722247886966,6899.863138789456,2422.088372101975,3436.933262529426,9509.186953247692,3306.4807262251957,0.1216211633549057,0.2622140102599768,205.25881252421823,0.2707322678342908,0.2707322678342908,0.2707322678342908,138,전남광주통합특별시 무안군 청계면,46840,전라남도 무안군,False,0.37748972494467276,2.3123018120690904,3.3841899847261407,3.519365995505617,False,0,농촌 생활권 외곽형,175.03075450191523
4128166000,27631.0,3808.0,1357.0,767.0,8085.671930599659,1114.336749003782,397.0995190121145,4685.143847726813,645.6888195195144,230.09446640965888,130.05339405763328,0.70736955120699,0.6867950061661139,0.1738739458196307,344.232469005746,1541.9969346063062,909.880020430713,909.880020430713,1873.4124133280416,605.048260291099,0.6330295653261475,0.3669704346738524,3071.165562928556,0.29263044879301,0.1695611395797044,0.1695611395797044,22,경기도 고양시덕양구 화전동,41280,경기도 고양시,True,0.13781622091129528,3.4873032293796173,2.9589841286945107,2.7817900165404303,False,1,도시 외곽 도농복합형,109.48373205160294
2638057200,16523.0,3915.0,1202.0,584.0,3945.844514881625,934.9380424718004,287.04866591343654,2724.0781648402153,645.4497376595922,198.16873171566536,96.281646690473,0.7611907937492208,0.680082913223029,0.4387244520556396,341.2030468505724,944.635491454314,639.0134357739108,655.0027776137089,1912.3432794690077,496.3312137135127,0.7877309913094712,0.2122690086905288,4120.857382404242,0.2388092062507792,0.1648658333740976,0.1648658333740976,11,부산광역시 사하구 신평2동,26380,부산광역시 사하구,True,0.236942443866126,3.614987584408926,2.8055099896468594,2.6957715883491877,False,3,역세권 라스트마일형,106.41260890034134
4825061000,71589.0,8281.0,2994.0,1619.0,14007.851694418956,1620.3469790258753,585.8373210002983,5552.030231363782,642.2266318278434,232.19738385370889,125.56030877059273,0.8043295521041088,0.8043295521041088,0.0,263.09768889400516,8304.19564444301,807.029410119032,577.0741045176128,1242.9211634789262,445.3296941834851,0.7443187317281466,0.2534180828507122,7828.381424148679,0.1956704478958912,0.0775542364240844,0.0775542364240844,36,경상남도 김해시 장유1동,48250,경상남도 김해시,True,0.11567419575633128,3.893671977738066,2.9068893617600775,2.64868165446218,False,1,도시 외곽 도농복합형,49.807396042619985
2671025900,31931.0,5762.0,2122.0,1086.0,4783.12872169381,863.1232249036902,317.8666232637332,3558.700265080959,642.1731523408752,236.4962563810026,121.03437060780811,0.8502042303186931,0.8326688087382514,0.1915699346163322,495.3801196819704,1804.7436059496351,1409.3440880441058,1198.524611641746,2344.650019709758,844.3637528265606,0.4720418642110155,0.4102398237237563,1992.5655298434751,0.1497957696813068,0.1114496966922726,0.1114496966922726,78,부산광역시 기장군 일광읍,26710,부산광역시 기장군,False,0.1804515987598259,3.2994126130199413,3.1490170380314226,2.926529581474448,False,1,도시 외곽 도농복합형,71.57000305231111
4725035000,3652.0,1993.0,979.0,599.0,1193.8261940453197,651.5048205729249,320.03172069287183,1162.0778874773744,634.1788690422802,311.52087947435643,190.60368417276763,0.6731034517948195,0.6701993643257741,0.0874796485223096,685.9076732858023,3320.326376344145,1969.8363812672592,3232.6531178211244,19387.79341813722,3257.5271853664485,0.1270790388811702,0.3484555788953763,86.38017617758763,0.3268965482051806,0.3182031455304968,0.3182031455304968,134,경상북도 상주시 공성면,47250,경상북도 상주시,False,0.5457283680175247,1.936414085482215,3.294430154251021,3.5128880487607916,False,0,농촌 생활권 외곽형,201.79771095822656
4136026200,50232.0,10140.0,4329.0,2519.0,7199.23654025782,1453.262034524094,620.4310993545171,3138.374205893298,633.5227434256658,270.46547892403424,157.38104444667178,0.8566802727293794,0.8447348361373501,0.1173983415554035,280.6723044008834,2332.7258913256996,627.8076649396625,590.8960513383503,1534.5832746977196,306.31294273652037,0.8190129751868309,0.1731504519672875,5106.785702988786,0.1433197272706207,0.06247758810904,0.06247758810904,43,경기도 남양주시 오남읍,41360,경기도 남양주시,False,0.20186335403726707,3.708147633856686,2.797826613722543,2.4861653475747665,False,1,도시 외곽 도농복합형,39.58097302145777
4146125600,18541.0,4786.0,1843.0,1101.0,2478.6541671276636,639.8165602649802,246.3815128642621,2453.3727922858284,633.2906630645582,243.86851066192665,145.68596323319653,0.8663149686032218,0.8663149686032218,0.0,455.2718569382373,9487.783812000254,1946.2318824500005,1984.940886899941,7159.872847518503,831.4814704096929,0.3056113018729359,0.4691344790662624,689.952738282026,0.1336850313967781,0.1323214924915499,0.1323214924915499,156,경기도 용인시처인구 이동읍,41460,경기도 용인시,False,0.2581306294158891,2.838819342612178,3.2891945827303894,2.9198525753974036,False,1,도시 외곽 도농복합형,83.79796571766559
4827025000,6210.0,3057.0,1335.0,784.0,1289.2534954615048,634.6615033213881,277.15836013544424,1285.793147685235,632.9580760827316,276.4144689468259,162.32879674480264,0.7923907414715773,0.7913622427635945,0.0907566090254616,571.1544167626134,3760.1816295647873,1995.0371603754995,3435.6962714241977,12338.582438522131,3719.371867370769,0.0919877960957274,0.2190682766144122,203.1720299172497,0.2076092585284226,0.207052036664289,0.207052036664289,140,경상남도 밀양시 삼랑진읍,48270,경상남도 밀양시,False,0.49227053140096616,2.307863919710817,3.2999509894441816,3.5704696018258653,False,0,농촌 생활권 외곽형,131.05525877603958
5271038000,1862.0,975.0,449.0,281.0,1250.5622047487886,654.8325185983184,301.5587701032256,1206.548804123995,631.7857594097181,290.94544202560354,182.08389578885212,0.3283769040017247,0.3283769040017247,0.0,2099.3507968448457,21514.164282693095,2137.4250141827047,9223.362069604951,20276.015725583315,4307.082980161712,0.10214319107587,0.3434633875161136,71.12648811584783,0.6716230959982753,0.6479853942663776,0.6479853942663776,115,전북특별자치도 완주군 운주면,52710,전북특별자치도 완주군,False,0.5236305048335124,1.8520313658529037,3.3298908876117146,3.6341832389507087,False,2,초고령 산간 오지형,409.387944402989
4119656000,18276.0,4152.0,1281.0,678.0,3320.9353014967655,754.4606791318981,232.77074421193677,2778.2547761844216,631.172785659757,194.7332221652574,103.06723234039384,0.8182898171647645,0.8182898171647645,0.0318962158243068,289.2057841678871,2446.485674075904,945.1337214502684,930.0656876933094,1904.715999131748,589.4980410690795,0.7287709822424552,0.2712290177575449,3021.4993092969253,0.1817101828352355,0.1520165668737372,0.1520165668737372,24,경기도 부천시오정구 오정동,41190,경기도 부천시,True,0.22718319107025609,3.480222499306445,2.9754932586462575,2.770482366251629,False,1,도시 외곽 도농복합형,95.94871998012945
4792031000,2802.0,1536.0,693.0,444.0,1150.313313534493,630.5786044214782,284.4993312917216,1150.313313534493,630.5786044214782,284.4993312917216,182.27662784058353,0.5894670544131002,0.5894670544131002,0.0,829.1546451715036,10357.0875509633,3524.9171227521697,10388.588108041084,10386.899054400355,9574.126590853395,0.0,0.0026395776674739,52.91382041524504,0.4105329455868998,0.4105329455868998,0.4105329455868998,167,경상북도 봉화군 물야면,47920,경상북도 봉화군,False,0.5481798715203426,1.7235691190327351,3.5471489103899603,3.9810991655049883,False,2,초고령 산간 오지형,258.8732918972259
3171025300,29007.0,6520.0,2265.0,1248.0,3118.344983224372,700.9207877623644,243.49472151560664,2803.071731131731,630.0557688481707,218.8767356504765,120.5996318286069,0.8924968116928889,0.8924968116928889,0.004405123283464,344.2661163825616,3983.025623509195,1830.729378677496,1876.11717516433,2855.1345883742533,693.4869422394111,0.4054807531698197,0.3778024242801777,2006.716115330308,0.1075031883071111,0.0966343203754863,0.0966343203754863,99,울산광역시 울주군 언양읍,31710,울산광역시 울주군,False,0.22477333057537835,3.302485938373957,3.262624150946531,2.841038288096025,False,1,도시 외곽 도농복합형,60.88501102129747
4157025000,34530.0,8730.0,3311.0,1969.0,2498.6841724812384,631.7264067698004,239.59291326630117,2491.2158671918783,629.8382427044626,238.87679514255163,142.05630010138452,0.9276372959026576,0.9276372959026576,0.0,381.7629835024505,7767.34444469417,1807.6978231159912,1981.700472578892,2447.194237712339,707.6682604232234,0.2093825931684401,0.7098968176502044,1149.3482789522675,0.0723627040973425,0.0721464195537757,0.0721464195537757,77,경기도 김포시 통진읍,41570,경기도 김포시,False,0.2528236316246742,3.0604516498439436,3.2571258350324492,2.849829717532392,False,1,도시 외곽 도농복합형,45.44057410916896
4413159000,39158.0,6592.0,2289.0,1211.0,8383.16421217684,1411.2523235780614,490.0419551987534,3737.076265683403,629.1129971751621,218.45261688925152,115.57279119828904,0.785914392661095,0.7855719175666492,0.0054931142494779,290.0328424719925,2389.969538159577,1256.4070960531776,550.5492148260726,1606.6154298345175,252.13513148237135,0.6387043138140159,0.1690846198395454,4834.328477098786,0.2140856073389049,0.0954358308821544,0.0954358308821544,31,충청남도 천안시동남구 신안동,44130,충청남도 천안시,True,0.16834363348485623,3.684336155989882,3.099130380582274,2.4016333627170368,False,1,도시 외곽 도농복합형,60.039921604174054
4476025000,17204.0,6142.0,2671.0,1543.0,1867.5184346829856,666.7227520241163,289.9408125458181,1760.0657691395318,628.3610761482797,273.2582928023535,157.85756113591592,0.8914485913343998,0.8914485913343998,0.0,415.1262030354781,19650.732806370565,1795.2997536043415,2803.473312422909,4036.945843222607,1874.4327847324744,0.3360014467236137,0.3333702737766252,898.4907620773592,0.1085514086656001,0.1023056131794659,0.1023056131794659,122,충청남도 부여군 부여읍,44760,충청남도 부여군,False,0.35700999767495933,2.953513616225792,3.254136971280788,3.27286987167506,False,0,농촌 생활권 외곽형,64.28486519345883
5172033000,2359.0,1312.0,490.0,321.0,1127.185647678349,626.9044382170385,234.13351732191225,1127.185647678349,626.9044382170385,234.13351732191225,153.38134502108946,0.5221764952614036,0.5221764952614036,0.0,1048.801675132288,41587.14037853287,3137.2457931685053,13699.601414334991,12672.3944256359,12151.666186673794,0.0,0.0,38.55947839501633,0.4778235047385964,0.4778235047385964,0.4778235047385964,213,강원특별자치도 홍천군 내촌면,51720,강원특별자치도 홍천군,False,0.556167867740568,1.5861311504460862,3.496548545613599,4.084635830696995,False,2,초고령 산간 오지형,299.54967580504626
5176033000,4886.0,2137.0,850.0,543.0,1446.9310836702282,632.8472627513871,251.7174418992415,1427.5164018931273,624.3558229319716,248.3399389294225,158.64539628079578,0.7038618330597158,0.7038162582896704,0.0014595592927267,737.8865284087748,10659.338492960156,2090.746844401893,4719.0302451981925,29602.672836200476,5937.490681596844,0.0241485215129926,0.1356270367832642,150.81437326261795,0.2961381669402841,0.2921646340346147,0.2921646340346147,206,강원특별자치도 평창군 대화면,51760,강원특별자치도 평창군,False,0.4373720835038887,2.178442733650312,3.32030144996962,3.7736029410439973,False,2,초고령 산간 오지형,182.41469051430016
5175036000,3774.0,1905.0,739.0,480.0,1233.10170380831,622.4321000940197,241.45791179500293,1233.10170380831,622.4321000940197,241.45791179500293,156.8332850630601,0.6732639894519581,0.6732639894519581,0.0,708.3113131061596,10184.985779828348,2922.652629049855,3941.208556250245,15007.344015451532,3534.6466697427877,0.2060512376411406,0.1875874286768721,169.38488183119472,0.3267360105480418,0.3267360105480418,0.3267360105480418,164,강원특별자치도 영월군 주천면,51750,강원특별자치도 영월군,False,0.5047694753577107,2.22887464548532,3.4657772004919725,3.548346007369045,False,2,초고령 산간 오지형,203.37098122175942
4773044000,3534.0,1993.0,1003.0,672.0,1100.5669603808503,620.6649553025,312.3567236168627,1100.5669603808503,620.6649553025,312.3567236168627,209.27589059873551,0.6885775437518817,0.6885775437518817,0.0,644.4707425652757,22408.054347972015,2606.842287752094,3724.9806853648656,12130.610186582411,10700.714064021242,0.0,0.0,71.3064680710474,0.3114224562481184,0.3114224562481184,0.3114224562481184,166,경상북도 의성군 다인면,47730,경상북도 의성군,False,0.5639501980758348,1.8531289256465215,3.4161147574319037,4.029412759340993,False,2,초고령 산간 오지형,193.28900488743312
1285025600,4355.0,1713.0,936.0,594.0,1577.454569237198,620.4775377963996,339.035011895756,1577.454569237198,620.4775377963996,339.035011895756,215.15683447230668,0.6377831069489787,0.6377831069489787,0.0,1215.1682213581423,63795.76543874762,2303.643026726143,3870.8457375455223,52408.95087269628,6252.219361705231,0.0,0.093366241553264,159.46462752134272,0.3622168930510213,0.3622168930510213,0.3622168930510213,104,전남광주통합특별시 완도군 노화읍,46890,전라남도 완도군,False,0.3933409873708381,2.202664362778935,3.3624151815505363,3.7960342070161914,False,2,초고령 산간 오지형,224.7474459485595
4139057000,40567.0,6724.0,2203.0,1206.0,6477.639932370661,1073.6719724224204,351.7696840045497,3730.03305321159,618.2547945323719,202.56027845847936,110.88864994140997,0.8403224312280756,0.8403224312280756,0.0,277.53045067832255,4852.332820048798,756.9692630026731,746.45781382209,5234.944717476833,426.1066320333856,0.7092501904327968,0.2907498095672032,4233.760423445904,0.1596775687719245,0.091947470929859,0.091947470929859,47,경기도 시흥시 목감동,41390,경기도 시흥시,True,0.1657504868489166,3.6267262788796053,2.879078245181256,2.629518293724247,False,1,도시 외곽 도농복합형,56.84696474751121
2635051000,23492.0,5550.0,2200.0,1130.0,3586.9820368528367,847.4267965491761,335.9169283618356,2611.33585183176,616.9297623729894,244.5487346343382,125.60912278945553,0.8473104871082565,0.8142644732591866,0.7061768740765006,262.2710428687297,681.3230913185349,382.11038152011946,340.65916000350876,697.966767806448,259.9217644719926,0.8565426401032709,0.1434573598967291,6519.306129856883,0.1526895128917434,0.1111585157428809,0.1111585157428809,16,부산광역시 해운대구 우1동,26350,부산광역시 해운대구,True,0.23625063851523923,3.8142013748714545,2.582188837153611,2.4148426465434856,False,3,역세권 라스트마일형,68.57699670298972
4376036000,5274.0,2668.0,1071.0,645.0,1219.1949065249937,616.7637486933415,247.58394859466597,1219.1949065249937,616.7637486933415,247.58394859466597,149.10517912563915,0.7688291796501718,0.7688291796501718,0.0,602.004254895597,24703.54073935661,2184.3423654310945,7828.071970057968,19406.19464435023,6660.943874054027,0.0,0.0796496837171002,116.3624276893089,0.2311708203498281,0.2311708203498281,0.2311708203498281,278,충청북도 괴산군 청천면,43760,충청북도 괴산군,False,0.5058778915434206,2.0658127734298875,3.339320709016474,3.823535774252667,False,2,초고령 산간 오지형,142.577781747475
4167035000,6378.0,2999.0,1271.0,818.0,1311.64077520989,616.7467364149358,261.38216138158833,1311.64077520989,616.7467364149358,261.38216138158833,168.22235091277673,0.7943492042631091,0.7943492042631091,0.0,561.030632841074,10216.269881506469,2303.4811514011385,3318.490611138097,10761.48648197768,3175.574123623889,0.0706963568179036,0.3414442186980956,103.27199505601972,0.2056507957368908,0.2056507957368908,0.2056507957368908,159,경기도 여주시 대신면,41670,경기도 여주시,False,0.47021009720915646,2.013982567003014,3.3623846629199474,3.5018222544094115,False,0,농촌 생활권 외곽형,126.83445711186198
4128153000,29316.0,4390.0,1571.0,857.0,5533.904609607023,828.6888128044355,296.55355920632536,4108.826190235677,615.2867708805643,220.18576698254364,120.11406893955436,0.8112326166732493,0.810869667096036,0.02079546544331,271.2584370338737,2313.8697405081075,785.9794592153108,785.5486701470394,2131.017123258648,420.7554357843733,0.6124740835867989,0.3875259164132011,4043.659457686368,0.1887673833267507,0.1401564398361194,0.1401564398361194,30,경기도 고양시덕양구 흥도동,41280,경기도 고양시,True,0.14974757811434028,3.6067745737549903,2.895411196337104,2.624029735380859,False,1,도시 외곽 도농복합형,86.23640328488199
4183039500,6528.0,3144.0,1303.0,784.0,1276.6038625200806,614.8349484931271,254.812321210733,1276.6038625200806,614.8349484931271,254.812321210733,153.3176207438332,0.8044418102757229,0.8020099213855003,0.085725768354477,546.9607789168637,3761.702678509175,1984.8676975416156,4628.158109901546,14701.094970462384,6269.984584665867,0.0,0.020065053945168,165.41994541955418,0.195558189724277,0.195558189724277,0.195558189724277,137,경기도 양평군 지평면,41830,경기도 양평군,False,0.48161764705882354,2.2185878731936226,3.297731563924055,3.797266473079077,False,2,초고령 산간 오지형,120.23600950653501
5172037000,3794.0,1852.0,674.0,427.0,1257.7611507986496,613.9624805690826,223.43990923518444,1251.566205029115,610.9384849008754,222.3393838138175,140.8589271342731,0.6684867815501715,0.6684867815501715,0.0,717.283146923402,18435.953386506088,2975.051188312681,5701.160090240111,13082.787027159624,3487.396980546875,0.0467572750603453,0.1303610633205535,72.3974215586062,0.3315132184498285,0.3298803914151594,0.3298803914151595,199,강원특별자치도 홍천군 서면,51720,강원특별자치도 홍천군,False,0.4881391671059568,1.8597230990312636,3.473494442538681,3.542501387194673,False,2,초고령 산간 오지형,201.53662652968524
4418041000,4700.0,2028.0,902.0,539.0,1477.6453525809843,637.5882500072844,283.58215064426554,1410.5228626335524,608.6256096640094,270.7003451266945,161.75996233180527,0.6856073717912798,0.6856073717912798,0.0,749.9921924032747,5855.007892687203,3327.848387473988,4148.4673323839825,7445.684066009457,3066.2489785419225,0.0939512640622443,0.4457838824309972,168.680466734717,0.3143926282087201,0.3001112473688409,0.3001112473688409,86,충청남도 보령시 주교면,44180,충청남도 보령시,False,0.43148936170212765,2.227064794026675,3.5221635321669713,3.48660741653815,False,0,농촌 생활권 외곽형,182.65539089688716
4165039000,7191.0,2640.0,1189.0,770.0,1735.7164492141983,637.2258970832268,286.9930271333169,1656.3056869040888,608.0721754174377,273.8628093073233,177.35438449675266,0.7586265541351414,0.7586265541351414,0.0,619.1404407042476,22830.206066878494,1752.274093483817,2764.989066217189,10643.112386452038,1406.108993021355,0.3614818500699832,0.40765308060562,438.1805793723518,0.2413734458648586,0.2303303694763021,0.2303303694763021,148,경기도 포천시 영북면,41650,경기도 포천시,False,0.3671255736337088,2.6416531252595385,3.2436020401751335,3.1480189858567282,False,0,농촌 생활권 외곽형,140.05748883215722
1279040000,4134.0,2113.0,978.0,583.0,1219.416816644229,623.277148904029,288.48322367635603,1186.6264200233384,606.5170840612758,280.7258439242441,167.34475154175286,0.7050273786540328,0.7050273786540328,0.0,679.4023058507084,25528.251509157457,4438.696912625354,4565.832336772236,17522.80943775338,4611.343243238128,0.0771799250697228,0.2301967834378166,78.13488330298433,0.2949726213459673,0.2870407402088385,0.2870407402088385,199,전남광주통합특별시 해남군 황산면,46820,전라남도 해남군,False,0.5111272375423319,1.8928449678557835,3.64725549112398,3.6638274499349146,False,2,초고령 산간 오지형,174.09511275825494
4165034000,10862.0,3643.0,1250.0,749.0,1855.5115742101368,622.3189711699068,213.53244961910065,1808.0601715857365,606.4042722414691,208.0717376617723,124.67658520693396,0.8291740403047195,0.8291740403047195,0.0,506.37088048187775,16527.52421377322,2828.1817504219284,5558.163177346542,6478.088267548679,1081.0593733683247,0.1431695077311269,0.4143252845738595,365.49845987610104,0.1708259596952805,0.1664573901294178,0.1664573901294178,166,경기도 포천시 신북면,41650,경기도 포천시,False,0.33538943104400665,2.5628855512837014,3.4515073155452964,3.0338495466990394,False,0,농촌 생활권 외곽형,100.94047252064391
4377025000,15292.0,5298.0,2123.0,1272.0,1832.4331270133448,634.8568340908122,254.39808583895703,1745.5419524649096,604.7528945958077,242.33491793637216,145.1954854522211,0.8801704729915416,0.8797246591313049,0.0279319773796261,486.3980573764364,3543.0666331406333,1435.2356074832169,1873.3698520492,12078.694026594894,1180.145608473516,0.5845186629808197,0.2295752199231627,1285.002954274789,0.1198295270084583,0.1141473942234442,0.1141473942234442,159,충청북도 음성군 음성읍,43770,충청북도 음성군,False,0.3464556630918127,3.1089041261293864,3.1569232004642624,3.0719355946410927,False,1,도시 외곽 도농복합형,69.03096706719666
4155025000,71166.0,10649.0,4051.0,2246.0,11322.769922385414,1694.2947039805847,644.528861472941,4033.7901907243654,603.6004797378491,229.6164469356772,127.3064773679415,0.840896356091597,0.840896356091597,0.0,354.51790342712536,10121.68917181958,1045.6618941115964,902.8383213973974,3677.1809745940895,666.1039555700162,0.5641355584796073,0.4271559478425356,3243.8018657280186,0.1591036439084031,0.056681423583233,0.056681423583233,86,경기도 안성시 공도읍,41550,경기도 안성시,False,0.14963606216451678,3.5110543192601704,3.0193912817985527,2.823542012664711,False,1,도시 외곽 도농복합형,34.212934467063675
5011031000,9554.0,3051.0,1423.0,938.0,1980.6748152446496,632.5140110227576,295.0073542069433,1889.448325945231,603.3814991060184,281.4198207892049,185.50371883364315,0.7926863287372148,0.7926863287372148,0.0,542.1261932264146,77116.61770975837,5269.672458827675,5269.672458827675,39162.07821965868,5269.672458827675,0.0575179590745927,0.1624472026732805,161.82209880327048,0.2073136712627852,0.1977651586712613,0.1977651586712613,161,제주특별자치도 제주시 한경면,50110,제주특별자치도 제주시,False,0.31934268369269414,2.2090378295937216,3.7217836220921554,3.7217836220921554,False,0,농촌 생활권 외곽형,119.32783791000523
4136025300,94337.0,19337.0,7650.0,4420.0,6863.144150225774,1406.792864230533,556.5478311715145,2930.4354705438163,600.6745041066154,237.6356185765945,137.3005796220324,0.9272486495200636,0.9256400852200216,0.0859195105841111,312.90000725039647,2669.9331829385324,932.1952566642632,1036.9969009083056,2309.3787449795254,549.1078065742239,0.6165526068277306,0.3431831562034296,3216.2869103891403,0.0727513504799365,0.031063479552496,0.031063479552496,118,경기도 남양주시 진접읍,41360,경기도 남양주시,False,0.20497789838557512,3.5073547832483594,2.969506888759861,2.7396576180455776,False,1,도시 외곽 도농복합형,18.65904017602152
4127361000,9159.0,3686.0,1340.0,780.0,1518.0771084968994,610.9435770192785,222.10102908459933,1490.5802474933655,599.8775840441691,218.07812333672996,126.94099716615624,0.834252963369702,0.834252963369702,0.0,631.5826896493562,21140.12660988209,2765.557957822923,3707.5418112397615,21588.690848479288,1737.1046471145137,0.1343939619186664,0.387623309433056,194.62458311560485,0.165747036630298,0.1627448681617387,0.1627448681617387,149,경기도 안산시단원구 대부동,41270,경기도 안산시,True,0.40244568184299595,2.289197695321655,3.441782764413908,3.23982598211746,False,0,농촌 생활권 외곽형,97.62699832845063
4182032500,13080.0,4943.0,2048.0,1193.0,1664.0263131037402,628.8441946232253,260.544792755081,1587.0320366875874,599.7476572895064,248.4894198116345,144.74994034925777,0.8727808629125582,0.8727808064630012,0.2173656583540474,455.9328446796136,2139.7334359656165,1669.356977925481,2323.7123794970776,12340.364935719732,1148.3364401345193,0.3684212592405492,0.3941549435411653,798.7927112334868,0.1272191370874419,0.1213327245173996,0.1213327245173996,163,경기도 가평군 청평면,41820,경기도 가평군,False,0.37790519877675843,2.902434093397565,3.222549216826465,3.060069146500574,False,1,도시 외곽 도농복합형,72.76901728186347
5214065600,15555.0,3751.0,1783.0,1070.0,3991.9719245138417,962.6413814755012,457.5818670143478,2485.78415232918,599.4327454443429,284.9343068854341,170.99254535469126,0.743364067855105,0.743364067855105,0.0,356.99679229429506,3862.936121766393,1254.979259798518,793.8900719187061,953.0314614793248,431.51390298720406,0.4930899993106754,0.4363946410882237,2283.044497431001,0.256635932144895,0.159806117153917,0.159806117153917,35,전북특별자치도 익산시 신동,52140,전북특별자치도 익산시,True,0.24114432658309226,3.358514376142191,3.0986365485824066,2.634994792851586,False,1,도시 외곽 도농복합형,95.79301954437277
4831054000,24584.0,1810.0,438.0,221.0,11913.737743012069,877.1503951696975,212.26070336150693,8114.5528079586065,597.434940709611,144.5726541606683,72.94647618609062,0.515386522005692,0.515386522005692,0.0,545.464409586574,9719.910885326197,1078.2891655237563,1034.2019312213272,3540.167002429909,654.9238946347479,0.575452671259305,0.424547328740695,3004.9230993848823,0.484613477994308,0.3300745528782381,0.3300745528782381,23,경상남도 거제시 아주동,48310,경상남도 거제시,True,0.073625122030589,3.4778333622155824,3.0327352415102573,2.8161908357772667,False,1,도시 외곽 도농복합형,197.19807092856158
1274035000,4423.0,2447.0,1340.0,865.0,1076.6439078203978,595.6472173720356,326.1819661947396,1076.6439078203978,595.6472173720356,326.1819661947396,210.5577617600371,0.7565806222427317,0.7565806222427317,0.0,606.8089146309578,35584.24529690514,3562.040210427997,4281.427380620904,25721.002457481125,7131.675255473579,0.0,0.001424179345383,179.21556757676862,0.2434193777572683,0.2434193777572683,0.2434193777572683,183,전남광주통합특별시 고흥군 포두면,46770,전라남도 고흥군,False,0.5532444042505087,2.253375731994829,3.5516988177292537,3.8531915591293897,False,2,초고령 산간 오지형,144.99207501554923
5013032000,12849.0,3448.0,1488.0,895.0,2231.597417030696,598.8441041265343,258.4338825232839,2218.15668678023,595.237314656256,256.8773562089643,154.5062055154725,0.8263213155085458,0.8263213155085458,0.0,517.3181900842287,19920.98772559777,5805.33876026306,5856.579555653011,29034.60226665329,5825.156633685328,0.0702316268511387,0.1253041156645171,339.6712809767562,0.1736786844914542,0.172632631860863,0.1726326318608631,234,제주특별자치도 서귀포시 표선면,50130,제주특별자치도 서귀포시,False,0.2683477313409604,2.531058829058495,3.763827567299457,3.7653076076775656,False,0,농촌 생활권 외곽형,102.75738421090212
4421039000,7054.0,2910.0,1385.0,812.0,1440.0748167285287,594.0767956733795,282.74789072427166,1440.0748167285287,594.0767956733795,282.74789072427166,165.76988250404952,0.7958498983940276,0.7958498983940276,0.0,653.699484006852,22842.847323248017,2803.73921526302,3696.657006752467,10830.435123924864,2200.63792103036,0.2131520003953716,0.1739448414089471,256.36498605761415,0.2041501016059723,0.2041501016059723,0.2041501016059723,136,충청남도 서산시 해미면,44210,충청남도 서산시,False,0.41253189679614405,2.4088587096129594,3.4477376160566444,3.3425485923787974,False,0,농촌 생활권 외곽형,121.28083819847086
4159132000,10145.0,3760.0,1622.0,1001.0,1628.584104122201,603.5954885657444,260.38081980149934,1597.6559672730248,592.1327192653104,255.43597623625885,157.63958829377012,0.8394692849559191,0.8394692849559191,0.0,512.6821523127392,9064.940953363295,2490.5146816968163,3220.665147682701,11631.049641914378,1454.2791574457874,0.15724265019513,0.4585347714902088,246.79087103818568,0.1605307150440809,0.1574821061875825,0.1574821061875825,144,경기도 화성시만세구 송산면,41590,경기도 화성시,False,0.3706259241005421,2.3923290908106845,3.3962891062615834,3.162647779907826,False,0,농촌 생활권 외곽형,93.25030777248158
4713025600,14901.0,4476.0,1906.0,1105.0,1977.6274854460476,594.0447369207777,252.96006893900855,1965.0317547090096,590.2611995220137,251.34893795553137,145.71908522605568,0.8672822303572882,0.8672822303572882,0.1465098632694611,458.8211434863495,2454.8633790353747,2482.664091919868,2888.4210875401463,11024.39208103577,1631.969544751776,0.2196432545902072,0.3743795202454098,623.7696408773362,0.1327177696427117,0.1318724753176974,0.1318724753176974,135,경상북도 경주시 건천읍,47130,경상북도 경주시,False,0.3003825246627743,2.79502423364604,3.3949179628512716,3.2127120498408432,False,0,농촌 생활권 외곽형,77.83920546496122
2812558000,6011.0,1875.0,752.0,431.0,1890.8507387652023,589.8095383771011,236.55294552510935,1890.8507387652023,589.8095383771011,236.55294552510935,135.57755255494965,0.685434912865546,0.6636657027185711,0.0790682443743255,358.94251926671154,1527.6539684038069,1439.9593828040288,758.3031170233023,2199.548771368638,699.8531066890235,0.304199062353385,0.695800937646615,2039.821951314276,0.3145650871344539,0.3145650871344539,0.3145650871344539,6,인천광역시 제물포구 만석동,28110,인천광역시 중구·동구,True,0.31192813175844286,3.3095922610845476,3.15835024204465,2.8450068948014984,False,1,도시 외곽 도농복합형,185.53348883232485
4812356000,26408.0,3436.0,701.0,327.0,5127.7219246573095,667.1786024357208,136.11530858773,4522.92438776245,588.4871325489163,120.06096621559672,56.00561476818848,0.8058269492329102,0.8058269492329102,0.0,271.95284009559833,7249.493439005113,1136.8173305818752,941.8718708398962,1706.694302408364,487.968688642013,0.3854219385519843,0.6117632140308004,2936.3961151112408,0.1941730507670898,0.1712709931748883,0.1712709931748883,32,경상남도 창원시성산구 성주동,48120,경상남도 창원시,True,0.130112087246289,3.4678146408227666,3.0556906857134893,2.688391955637411,False,1,도시 외곽 도농복합형,100.79077566229503
5113031000,7753.0,2982.0,1093.0,703.0,1931.547510052267,742.9220527506592,272.30509847634823,1530.0220887150886,588.4852145683469,215.6989736831667,138.73410658670286,0.7508645027663785,0.7508645027663785,0.0,583.0390226308722,7602.688255298201,1876.7035206527175,2603.8040834860526,4005.889001446717,2114.400530530193,0.2140642632191835,0.4376811558818806,193.6213231447,0.2491354972336214,0.1973458130678561,0.1973458130678561,151,강원특별자치도 원주시 소초면,51130,강원특별자치도 원주시,False,0.3846253063330324,2.2869531836239214,3.2733956687243775,3.3251872590937195,False,0,농촌 생활권 외곽형,116.13509314740217
5175038000,2109.0,1094.0,393.0,224.0,1129.772678495735,586.0461404809548,210.5266299899591,1129.772678495735,586.0461404809548,210.5266299899591,119.99482218257212,0.4643088295420888,0.4643088295420888,0.0,1654.7745088426682,18723.232832976304,3750.423421992131,8226.689206447736,21919.23782333706,7002.6597235970885,7.745203035116897e-06,0.1598011404023901,59.54763316708248,0.5356911704579111,0.5356911704579111,0.5356911704579111,161,강원특별자치도 영월군 무릉도원면,51750,강원특별자치도 영월군,False,0.5187292555713608,1.7748645043090843,3.574080302248718,3.8452630234271648,False,2,초고령 산간 오지형,313.9397429365841
5172036000,5456.0,2291.0,902.0,590.0,1403.6745893399416,589.4095462202724,232.05910549571615,1393.518381631999,585.1449069499469,230.38005502787084,150.69205373219933,0.7427282644171661,0.7427282644171661,0.0,629.7859437895596,24446.891190027825,2006.195850542175,5839.367191438609,17200.227067003594,5640.716961548014,0.1619421128501789,0.1886839741973575,185.6970031271785,0.2572717355828339,0.2554102605630497,0.2554102605630497,144,강원특별자치도 홍천군 남면,51720,강원특별자치도 홍천군,False,0.41990469208211145,2.2688048949307786,3.3023733278159373,3.7513343083547523,False,2,초고령 산간 오지형,149.45201315122742
4165037000,8629.0,3315.0,1408.0,873.0,1751.065459828662,672.7062231234227,285.7225828530254,1520.8213942166087,584.2534386172276,248.15349670378785,153.8622177715957,0.7970720292237036,0.7970720292237036,0.0,588.1866636409792,28223.727947824453,2085.467658657074,3362.5689483024603,7657.531485693882,1532.0511285290695,0.2439483549620723,0.3602183564250243,470.89130227441495,0.2029279707762964,0.1762453811816675,0.1762453811816674,131,경기도 포천시 일동면,41650,경기도 포천시,False,0.38416966044732875,2.6729206687627225,3.319203459213891,3.185273259074341,False,0,농촌 생활권 외곽형,102.97196999579326
4161060000,35852.0,6403.0,2169.0,1167.0,8803.470042610586,1572.2586935968866,532.598642263259,3270.334171088885,584.0664313701363,197.85102134028205,106.45096445555976,0.7544496808375939,0.7544496808375939,0.0,290.98257572140585,4870.276993025133,981.9954416432338,774.0650904379899,3456.454480829361,242.2957344573825,0.5935341295799511,0.3524707112836466,6041.903496876363,0.2455503191624062,0.0912176216414393,0.0912176216414393,23,경기도 광주시 신현동,41610,경기도 광주시,True,0.1785953363829075,3.7811737843088626,2.992109471825865,2.384345768582709,False,1,도시 외곽 도농복합형,53.27715075018677
3171026200,22072.0,4171.0,1367.0,744.0,3237.217692195885,611.7449707389015,200.49277751140696,3087.959411629853,583.5392672122199,191.24866417624185,104.08851949314112,0.8533337399331331,0.8519473226217166,0.1453207402480976,382.89066958001234,2758.952383596174,1795.7511577339894,1867.072401865006,6578.576557123775,1261.1954608444432,0.3473442471558487,0.4083355273771755,1764.7179537190837,0.1466662600668668,0.1399039240499208,0.1399039240499208,120,울산광역시 울주군 청량읍,31710,울산광역시 울주군,False,0.18897245378760422,3.2466753040969274,3.254246155098276,3.100782399013896,False,1,도시 외곽 도농복합형,81.63943332020486
4128758000,19844.0,3663.0,1375.0,849.0,5972.553363765126,1102.4724335553144,413.84100358682974,3148.9082708628266,581.2563493333266,218.18932032031785,134.72198760141805,0.6990247246641239,0.6990247246641239,0.0870982791208208,427.6932951702471,2007.0552352745576,885.8364924660114,819.4398050668312,2492.080428468607,531.7598350060472,0.692675601696008,0.3073243983039919,2597.6663780842296,0.3009752753358761,0.1586831420511402,0.1586831420511402,37,경기도 고양시일산서구 송포동,41280,경기도 고양시,True,0.184589800443459,3.4145833732724653,2.947353567290095,2.7257155310136127,False,1,도시 외곽 도농복합형,92.23558384938744
4161025900,20865.0,5480.0,1975.0,1140.0,2334.867209424751,613.2313591012526,221.0094770483529,2202.264311255357,578.4044296994658,208.45780084971625,120.32500909806409,0.8880964673172896,0.8880964673172896,0.0371853419002135,442.9828231872356,4141.1528803022165,1629.528862929434,1790.7030164808998,11619.796437615429,996.742535269327,0.2828945576914305,0.5334670962534412,551.6582724435932,0.1119035326827103,0.105548253594793,0.105548253594793,148,경기도 광주시 곤지암읍,41610,경기도 광주시,False,0.26264078600527196,2.7416701350673076,3.212062057283502,2.998582991860412,False,1,도시 외곽 도농복합형,61.04957742627084
4885042000,2593.0,1067.0,511.0,317.0,1402.7462010827396,577.2195127478917,276.43783600203625,1402.7462010827396,577.2195127478917,276.43783600203625,171.48883368423776,0.4590257612484614,0.4590257612484614,0.0,870.3517540708763,13808.439003149664,3090.956164245172,6022.974659280756,13918.667011696616,3780.201205750542,0.0245296202124682,0.246427407922812,549.6767917806477,0.5409742387515386,0.5409742387515386,0.5409742387515386,53,경상남도 하동군 금성면,48850,경상남도 하동군,False,0.41149247975318165,2.7401074007562047,3.4900928459686993,3.577514916297973,False,2,초고령 산간 오지형,312.26088650132476
1217038000,4049.0,2117.0,1025.0,670.0,1101.5971313503871,575.964714020442,278.8681303122121,1101.5971313503871,575.964714020442,278.8681303122121,182.28453396017767,0.7279335314027199,0.7279335314027199,0.0,619.5919055111332,7609.193156952327,1407.4602727645345,3373.2393526065966,6132.119567825392,4582.144058731871,0.0,0.2164744750979287,155.14554245493358,0.2720664685972801,0.2720664685972801,0.2720664685972801,93,전남광주통합특별시 나주시 노안면,46170,전라남도 나주시,False,0.5228451469498642,2.190739302220956,3.148436145219555,3.661068738919034,False,2,초고령 산간 오지형,156.70068578018402
4155039000,6959.0,2988.0,1254.0,731.0,1371.5105632900666,588.8882832462593,247.1438779085707,1340.0538730286255,575.3816600962112,241.47543566286777,140.76438873170363,0.8029155678560042,0.8029155678560042,0.0,538.8430354013066,16479.03981763415,2004.9588041080067,3471.401479573795,8597.424171285971,1618.4305856595677,0.1289861551379676,0.5647962385471058,160.6251153737184,0.1970844321439957,0.1925641432718243,0.1925641432718244,120,경기도 안성시 일죽면,41550,경기도 안성시,False,0.42937203621209946,2.2058134526202804,3.302105453598409,3.209094077287254,False,0,농촌 생활권 외곽형,110.79787643074694
4833052000,19374.0,4310.0,1416.0,770.0,3121.9458763963194,694.5177416779259,228.1756664074114,2585.5308147919263,575.185186938846,188.97035375995495,102.75930253895856,0.8388589926501332,0.8388589926501332,0.0,266.7619389101108,4920.013715898096,1221.9139640167764,1026.5846535495027,2211.288271468927,569.5394867139131,0.4306159926443549,0.5643652628501106,2452.098058319789,0.1611410073498668,0.1334536396609851,0.1334536396609851,32,경상남도 양산시 삼성동,48330,경상남도 양산시,True,0.22246309486941263,3.389537833438415,3.0870406279456706,2.7555238395081374,False,1,도시 외곽 도농복합형,76.76055667607311
4183038000,4421.0,2186.0,905.0,551.0,1159.1163058726447,573.1346402708892,237.27669233538649,1159.1163058726447,573.1346402708892,237.27669233538649,144.4634889246386,0.7378158095741586,0.6749433596220797,0.1330040280075113,810.0894053597258,3380.89480524414,1884.201828514492,4416.721435971242,18588.36243490104,4303.465552663678,0.0,0.4382302063764295,89.28719116658185,0.2621841904258414,0.2621841904258414,0.2621841904258413,181,경기도 양평군 양동면,41830,경기도 양평군,False,0.4944582673603257,1.9507891609639716,3.2751274209172827,3.633818330980556,False,0,농촌 생활권 외곽형,150.26684166442894
4148026200,27203.0,7775.0,3175.0,1935.0,2013.250364015596,575.4152696475116,234.97665352165268,2003.478736161609,572.6224009725585,233.8361573103374,142.51116988834735,0.9259916051900308,0.9259916051900308,0.0,348.4517262700618,5373.762080942154,1692.241516290307,1626.0385038919433,3881.638538508339,609.4344499318448,0.3273992488630061,0.5224205590944005,1372.499463082826,0.0740083948099693,0.0736491834048306,0.0736491834048306,68,경기도 파주시 조리읍,41480,경기도 파주시,False,0.2858140646252252,3.137512183227622,3.2284623455274337,2.784927000251648,False,1,도시 외곽 도농복합형,42.17317223094241
4782037000,3697.0,2084.0,967.0,584.0,1013.8727813636676,571.5203885209313,265.1920420824091,1013.2378464267408,571.162475508068,265.0259663226017,160.05704687942023,0.725757970959246,0.725757970959246,0.0,647.4983165034286,11714.431587469517,2594.527573052604,7847.022423479643,12974.85824713889,5160.110371673608,0.031915317395002,0.2124541408317573,68.38805022663601,0.274242029040754,0.2740702857524319,0.2740702857524318,177,경상북도 청도군 매전면,47820,경상북도 청도군,False,0.5637002975385448,1.834980221983011,3.4140582904716723,3.712658991025693,False,2,초고령 산간 오지형,156.5386628735626
1278025000,12344.0,3770.0,1758.0,1061.0,2791.4134500963296,852.5298693181434,397.54575868999893,1868.4573788189127,570.6484379574937,266.10078353561636,160.59893704851478,0.7738647561490335,0.7408412457107295,0.0561389772803209,605.1667937448019,2472.9139543153738,1592.8490887918408,1415.5440029043195,2078.5235385178503,1432.4917448347765,0.6301146466205518,0.1688777140177938,1209.748659579064,0.2261352438509664,0.1513656334104757,0.1513656334104758,88,전남광주통합특별시 강진군 강진읍,46810,전라남도 강진군,False,0.30541153596889176,3.0826951495756703,3.202174631413445,3.156092127893854,False,1,도시 외곽 도농복합형,86.37656226613458
4418033000,3068.0,1627.0,783.0,490.0,1107.9806159708903,587.5764218333242,282.7734101385943,1075.2546080966838,570.2213974489258,274.42123798556173,171.73232006759292,0.6388589908830214,0.6388589908830214,0.0,702.5919393329443,8762.832020494245,2461.325147966233,3255.430158938824,18495.31508058339,2902.011156166309,0.1134278705118324,0.3480311840491333,58.67267070912274,0.3611410091169786,0.3504741225869243,0.3504741225869243,143,충청남도 보령시 천북면,44180,충청남도 보령시,False,0.5303129074315515,1.7684358572266663,3.391168989013656,3.4626990776579385,False,0,농촌 생활권 외곽형,199.8478439512021
1138069000,53508.0,10595.0,4269.0,2439.0,6164.749978526992,1220.6684238336973,491.838933586225,2879.531915525432,570.1697063054487,229.73614688229927,131.25473465587442,0.88478825636303,0.8740806242264128,0.2951028977014703,226.59179625444904,1220.757351746523,484.41847154283255,157.5529350254833,1104.6136303650455,238.81929807876995,0.8503402560903807,0.1493968681449252,8873.51611917646,0.11521174363697,0.0538149793587021,0.053814979358702,31,서울특별시 은평구 진관동,11380,서울특별시 은평구,True,0.19800777453838678,3.948095742557096,2.685220695032897,2.378069417559893,False,3,역세권 라스트마일형,30.68367097578496
4882033000,2406.0,1095.0,490.0,300.0,1247.4094760795235,567.7112952232246,254.0443238898448,1247.4094760795235,567.7112952232246,254.0443238898448,155.53734115704782,0.4815421961431739,0.4815421961431739,0.0,892.5980217468393,33250.97582665764,2446.5934715210274,5566.637674742,5833.588509370975,4117.4912335826575,0.0,0.1105847982703322,439.7710510396134,0.518457803856826,0.518457803856826,0.5184578038568262,77,경상남도 고성군 하이면,48820,경상남도 고성군,False,0.4551122194513716,2.6432266375132967,3.3885618125301864,3.6146326832004485,False,2,초고령 산간 오지형,294.3343513461473
4792033000,1819.0,1005.0,484.0,347.0,1025.4820070705696,566.5802183100179,272.8605230468146,1025.4820070705696,566.5802183100179,272.8605230468146,195.6252097050509,0.4362385887462509,0.4327391444345763,0.0517141247642467,1154.5095167662312,2504.3471392161996,2830.362706977952,5204.519755818512,20052.80241864762,16433.30612744413,0.0,0.0,35.18213846122115,0.5637614112537491,0.5637614112537491,0.5637614112537492,138,경상북도 봉화군 법전면,47920,경상북도 봉화군,False,0.5525013743815284,1.5463222334637527,3.4518420933142386,4.215724945569089,False,2,초고령 산간 오지형,319.416063462913
4423025300,12127.0,4441.0,2091.0,1277.0,1612.154826942269,590.383407804949,277.97606523759254,1546.6562350079507,566.3973233009243,266.68245958618166,162.86633232498997,0.8670607052904866,0.8642103817052587,0.077461435206916,465.1129293831022,2789.8362212072425,1775.5514036928655,2183.3823274747706,3028.7761714802637,1670.2078213656207,0.3010153534575964,0.4170329752615673,352.9364422551809,0.1329392947095134,0.1275382398786139,0.1275382398786139,126,충청남도 논산시 연무읍,44230,충청남도 논산시,False,0.3662076358538798,2.5476965035093544,3.249333250006828,3.2227705130978177,False,0,농촌 생활권 외곽형,72.23731768575811
5011025900,25976.0,6089.0,2608.0,1638.0,2855.2726415352777,669.3007050472861,286.6704284387128,2415.4796733402445,566.2094137268535,242.5150518968031,152.31581863763935,0.8900803571937451,0.8900803571937451,0.0,438.6917669035443,23593.632475513223,2053.9708347197593,2871.8163140120428,4830.173388312106,1677.916317269014,0.3761450927253204,0.367187555821764,585.9100598295564,0.1099196428062549,0.0929889002671791,0.0929889002671791,238,제주특별자치도 제주시 조천읍,50110,제주특별자치도 제주시,False,0.23440868493994457,2.767830954725316,3.3125942725571704,3.2247702974613652,False,1,도시 외곽 도농복합형,52.65119070338433
4713031500,3936.0,1701.0,805.0,527.0,1302.6410006859664,562.9553714854749,266.41920872769384,1302.6410006859664,562.9553714854749,266.41920872769384,174.41356894347163,0.6690444612078337,0.6690444612078337,0.0,751.5330936552202,16618.950925423578,3749.845815069418,4598.4759368951145,17673.00005634927,7396.802138371578,0.0,0.0,119.41437226300842,0.3309555387921662,0.3309555387921662,0.3309555387921662,167,경상북도 경주시 문무대왕면,47130,경상북도 경주시,False,0.4321646341463415,2.0770565999833215,3.574013410916738,3.869044001645981,False,2,초고령 산간 오지형,186.3131982859194
5013031000,12237.0,3135.0,1404.0,895.0,2183.2827852385262,559.3357466472812,250.49677457505032,2183.2827852385262,559.3357466472812,250.49677457505032,159.6827729662892,0.8215834938924144,0.8215834938924144,0.0,504.81281992017904,67234.77691675982,4516.709443853594,4534.079713582756,28654.834911374288,4468.434690176975,0.146819312234182,0.1765872550078873,326.5834444833939,0.1784165061075857,0.1784165061075857,0.1784165061075857,187,제주특별자치도 서귀포시 안덕면,50130,제주특별자치도 서귀포시,False,0.2561902427065457,2.513994165239153,3.6548221536586425,3.6501554147485065,False,0,농촌 생활권 외곽형,99.79472965788565
4125056500,25110.0,6687.000000000001,2826.0,1686.0,3218.9684477940905,857.2378339465984,362.2781693933134,2096.3490682018814,558.2750385928309,235.9331926220039,140.7584440059089,0.871805318686018,0.871805318686018,0.349503527473301,273.1619682630947,1665.088556615178,1364.4945134157622,1361.497188490465,2313.237172499246,660.6508473635041,0.6967731086778838,0.140740509822325,3820.1394846337776,0.1281946813139821,0.0834866215930657,0.0834866215930657,63,경기도 동두천시 불현동,41250,경기도 동두천시,True,0.2663082437275986,3.5820792205820795,3.1349717937266557,2.8199719963604855,False,3,역세권 라스트마일형,46.608496891853825
4413325000,21364.0,6859.0,2987.0,1748.0,1857.2102508899152,596.2649836572706,259.6651853308452,1737.1119977893854,557.7069459294793,242.8736911344736,142.13030200972878,0.9130682339032992,0.9129773441132868,0.1386486048726561,389.2181461666053,2936.009684593704,1449.9918678319714,1999.7988185994216,9214.340648360228,839.6932437712666,0.3447573506348718,0.5493801653645448,907.8089294435214,0.0869317660967007,0.0813102414243299,0.0813102414243299,134,충청남도 천안시서북구 성환읍,44130,충청남도 천안시,False,0.32105410971728143,2.9579944502607356,3.161365566534558,2.9241206588370554,False,1,도시 외곽 도농복합형,45.34728641755166
5181025000,10164.0,2513.0,947.0,610.0,2530.4133849539317,625.6325104672599,235.76362411957624,2253.0100369548445,557.0458700184498,209.917405056694,135.21606872712076,0.7510415795991803,0.7510415795991803,0.0,689.0709350536004,59798.62691744566,2372.6188584531883,4178.173302599081,6189.876811606146,3787.5174818308074,0.3990031133143351,0.2241065687755025,1060.5777262426134,0.2489584204008197,0.2216656864379028,0.2216656864379028,255,강원특별자치도 인제군 인제읍,51810,강원특별자치도 인제군,False,0.24724517906336088,3.025542502028724,3.375227978012865,3.5783546460635316,False,0,농촌 생활권 외곽형,123.47795515503846
2824572000,30120.0,7136.0,2648.0,1569.0,5118.138051672306,1212.5841014851785,449.9611407977512,2350.841343445586,556.958958394014,206.67423231885496,122.45916559980492,0.8300750978860456,0.7821277608579382,0.6543619673687311,269.73149703382137,744.570230145128,489.6759016385629,391.2431812955756,1425.247891253278,314.4475552223986,0.8899655944581565,0.1100344055418435,7111.817203756834,0.1699249021139543,0.0780491813892956,0.0780491813892956,16,인천광역시 계양구 계양2동,28245,인천광역시 계양구,True,0.23691899070385125,3.851980585360925,2.6899087316618435,2.4975482225101087,False,3,역세권 라스트마일형,43.47019077008754
4415038000,4751.0,2319.0,1080.0,691.0,1140.580430379073,556.7261667120755,259.27738682580485,1140.580430379073,556.7261667120755,259.27738682580485,165.88951323762146,0.7599283455316622,0.7599283455316622,0.0,590.8489113141364,21294.338075735937,2413.154481084684,5663.384194715993,6596.254335097158,5585.828913779625,0.0001888909702625,0.1120882337099129,88.37184446130249,0.2400716544683378,0.2400716544683378,0.2400716544683378,165,충청남도 공주시 우성면,44150,충청남도 공주시,False,0.4881077667859398,1.946313919506389,3.382585124699982,3.7470876297288767,False,2,초고령 산간 오지형,133.65417192838362
4136025000,59418.0,13307.0,5591.0,3226.0,3975.75434564291,890.3928620530849,374.1028399893888,2467.5154593709954,552.6141609924574,232.18349546169904,133.96958618484013,0.9330883849062084,0.9108844111526394,0.2884715034388756,293.01529415679323,1744.3632436771209,1304.1506579608224,1312.9038548304145,4490.378481149109,597.924839478225,0.5617986397366826,0.3245278418127441,5111.179460586664,0.0669116150937916,0.0415280800324984,0.0415280800324984,90,경기도 남양주시 와부읍,41360,경기도 남양주시,False,0.22395570365882392,3.7085211299034317,3.1153277648173736,2.7766465956082227,False,3,역세권 라스트마일형,22.94900510478673
5177025000,10308.0,3197.0,1347.0,837.0,1813.3391909009897,562.4025410662073,236.9584681939885,1778.9301709209417,551.7306709773235,232.4620624981091,144.4474731335689,0.8240842849339358,0.8216179885953193,0.1355368940599478,574.4500909406228,3747.121325082561,1664.462448312605,2998.544252489198,3407.099649474417,2477.659789101301,0.4491167139760883,0.2072285728079265,990.2994568917454,0.1759157150660641,0.1725776262049807,0.1725776262049807,215,강원특별자치도 정선군 정선읍,51770,강원특별자치도 정선군,False,0.3101474582848273,2.995766540870652,3.221274001550609,3.3940416725567837,False,1,도시 외곽 도농복합형,95.21636950174774
4167051000,20576.0,5408.0,1955.0,1136.0,2687.9599783342605,706.4778170116485,255.39277593523903,2094.7844659562697,550.5732111144783,199.0330302752968,115.6529526305561,0.8693643089845324,0.8693643089845324,0.0149634404880824,350.87574649480706,3904.531281882466,2750.548445788597,1691.4603190542537,4047.127273062723,744.1699941592526,0.3697120904154282,0.0682369994187094,1592.831075771863,0.1306356910154675,0.101807176611405,0.101807176611405,91,경기도 여주시 여흥동,41670,경기도 여주시,True,0.26283048211508553,3.202169720088532,3.4394192986416727,2.8716721547559554,False,1,도시 외곽 도농복합형,56.05230414144006
5280042000,1089.0,550.0,270.0,159.0,1089.0,550.0,270.0,1089.0,550.0,270.0,159.0,0.0,0.0,0.0,22133.05026989543,65901.04258734547,2385.9256369385616,23138.437183899234,52561.96271521822,22499.13240628441,0.0,0.0,91.5626111324243,1.0,1.0,1.0,49,전북특별자치도 부안군 위도면,52800,전북특별자치도 부안군,False,0.5050505050505051,1.9617181691514114,3.3776569037222033,4.352165771514568,False,2,초고령 산간 오지형,550.0
4150025300,35520.0,5525.0,1905.0,1099.0,4382.144864042219,681.6258551191795,235.02212742118317,3524.902688490585,548.285116945678,189.04672358036495,109.06160063770136,0.8766288045033159,0.8763902402994214,0.0641580165878133,382.76025391219633,2811.214432132552,1021.7790679344696,1022.681241173014,5791.007645234794,602.4391899257846,0.5343473640161316,0.4425787321018974,1541.9768908015842,0.123371195496684,0.0992371252390367,0.0992371252390367,103,경기도 이천시 부발읍,41500,경기도 이천시,False,0.15554617117117117,3.1880778651075725,3.009357001523315,2.779913215873438,False,1,도시 외곽 도농복합형,54.410238817038135
4831036000,11564.0,2979.0,1171.0,640.0,2129.201049445543,548.5031067362739,215.60830412493348,2126.0840037846187,547.7001251534399,215.29266416739785,117.66635787116532,0.8158767684671789,0.8158767684671789,0.0,534.4884535237679,11561.005214260187,2746.619222568466,5681.894244773003,9105.72657018777,1652.780221527634,0.153179165363384,0.2618383687268769,448.3114301586412,0.1841232315328211,0.1838536841736958,0.1838536841736958,85,경상남도 거제시 사등면,48310,경상남도 거제시,False,0.25760982359045315,2.651579811789153,3.4387984551978397,3.2182151070961624,False,0,농촌 생활권 외곽형,100.6966858318542
4182025000,21115.0,6235.0,2508.0,1580.0,1857.867070366259,548.6053129876213,220.6739574936575,1852.1492559301423,546.9169126556684,219.9948062454557,138.59321924554226,0.9120119786707904,0.9120119786707904,0.0516506646568681,366.78544685757737,3432.515993067704,1502.997868068427,2210.305930857529,17542.449462255692,1520.1893102823765,0.4649494123455351,0.2918906568898373,1350.169973661453,0.0879880213292095,0.0877172273705963,0.0877172273705963,192,경기도 가평군 가평읍,41820,경기도 가평군,False,0.29528771015865496,3.1303884455146425,3.17695836456111,3.1818976743207963,False,1,도시 외곽 도농복합형,47.97403518024182
5177032000,3182.0,1248.0,436.0,240.0,1525.2857703752245,598.2264743646386,208.99578751841543,1392.021051782019,545.9592308686234,190.7357569380768,104.99215978242758,0.5206518634898729,0.5191483678260462,0.2899562822700657,974.8240170250044,2056.0032675798448,2216.6909476009687,5160.960272649618,9459.288841492462,3619.419458338184,0.2766052843379799,0.2740089076308887,194.24291081187545,0.479348136510127,0.4374673324267816,0.4374673324267816,134,강원특별자치도 정선군 남면,51770,강원특별자치도 정선군,False,0.39220615964802014,2.2883451775297567,3.345705147734433,3.5586389168704007,False,0,농촌 생활권 외곽형,238.83932834187408
5176032000,2515.0,1231.0,451.0,280.0,1128.1457340721076,552.1858443907612,202.30366841611155,1112.9553469103332,544.7507085672446,199.57966658312537,123.90755353276076,0.5514331077248081,0.5514331077248081,0.0,1006.036437111852,14973.746628213616,3120.1254041950833,11492.67901207422,34462.69717940591,3363.0770953648193,0.107556040217286,0.2756518380813851,58.66732627663074,0.4485668922751919,0.442526976902717,0.442526976902717,154,강원특별자치도 평창군 방림면,51760,강원특별자치도 평창군,False,0.48946322067594433,1.7683962959926216,3.4941720495490327,3.526736823219407,False,2,초고령 산간 오지형,241.06688422787576
4888040000,3374.0,1841.0,923.0,613.0,1057.839199068736,577.2027165043103,289.38517508608277,998.3264281615884,544.7299805114061,273.10471048996624,181.37940144133185,0.686473266428946,0.686473266428946,0.0,672.3129726876801,54191.3664881974,1920.9124380251085,2714.9232485512684,12496.303553083022,2725.2712302002988,0.1545590457307128,0.4439709472834068,119.94325901957838,0.3135267335710539,0.2958880937052722,0.2958880937052722,91,경상남도 거창군 가조면,48880,경상남도 거창군,False,0.5456431535269709,2.0789758450269424,3.283507568636173,3.4354097315364998,False,0,농촌 생활권 외곽형,161.17911551763
4719025000,12977.0,4673.0,1930.0,1201.0,1563.6259779254456,563.0595819407881,232.54975243863063,1511.8736164983836,544.4236271786197,224.85289973351937,139.92141584453717,0.879507900290865,0.879507900290865,0.0,411.5552162147968,17031.070604226385,1404.9489246057876,2241.0146913898525,16715.980644995867,1872.9532656484016,0.4934162672007211,0.2378975222849682,1341.55249844143,0.120492099709135,0.1165040931261758,0.1165040931261758,131,경상북도 구미시 선산읍,47190,경상북도 구미시,False,0.3600986360483933,3.1276076724140767,3.147660536223263,3.2725269408967357,False,1,도시 외곽 도농복합형,63.427580960908315
1279041000,3347.0,1594.0,840.0,531.0,1142.800569619646,544.2557836790307,286.8098232687489,1142.800569619646,544.2557836790307,286.8098232687489,181.30478113774487,0.6585597342038704,0.6585597342038704,0.0,720.1223497735094,17492.002654241172,4838.8989563081805,4670.253588719864,13374.862869872191,8247.721976296598,0.0,0.012814573590397,60.20857952243624,0.3414402657961297,0.3414402657961297,0.3414402657961297,183,전남광주통합특별시 해남군 산이면,46820,전라남도 해남군,False,0.4762473857185539,1.7796583811874709,3.6847465534630452,3.9163340128240423,False,2,초고령 산간 오지형,185.83083944044913
4482525300,7568.0,3555.0,1639.0,950.0,1191.742290232232,559.8102327927571,258.0953506462247,1158.466887195888,544.1794112026139,250.88890434910948,145.42065840857475,0.8425287671469037,0.8425287671469037,0.0,507.93163146730694,30562.09665261959,2359.505126958748,5817.141777909453,30339.697321676995,2630.1864651486,0.1306584300058944,0.3679740376273304,130.0636857817735,0.1574712328530962,0.1530743772721839,0.1530743772721839,239,충청남도 태안군 안면읍,44825,충청남도 태안군,False,0.4697410147991543,2.1141560570069924,3.3728209253566432,3.4199865385713166,False,0,농촌 생활권 외곽형,83.29992449418381
4817041000,19240.0,4053.0,1457.0,813.0,2870.463645264097,604.6771909696147,217.37346835497863,2582.9914105509047,544.1197602371526,195.6038713707208,109.14615471818531,0.8508075028449014,0.8508075028449014,0.0,451.16312817844744,8476.202020194578,1165.757891290336,1305.3125404924692,2393.9291628156197,1162.140701936068,0.4017336025815664,0.5515996758659969,1576.6761944091356,0.1491924971550986,0.1342511128144961,0.1342511128144961,66,경상남도 진주시 금산면,48170,경상남도 진주시,False,0.21065488565488566,3.1977425104368447,3.0666083639783404,3.0652587118539514,False,1,도시 외곽 도농복합형,73.04868331619454
1227073000,9007.0,2477.0,1137.0,686.0,2045.8508688167085,562.6260244319958,258.2582921999109,1978.377858123896,544.0703846533685,249.74082654456197,150.679161837792,0.7728599013193396,0.7728599013193396,0.0011084597280552,537.8761777922302,6895.510068857053,2453.508731450894,4616.87175552321,6296.7031297957465,2691.115063686114,0.0583959904495468,0.5308441945473137,370.3712924622435,0.2271400986806604,0.2196489239617959,0.2196489239617959,83,전남광주통합특별시 남구 대촌동,29155,광주광역시 남구,True,0.2750083268568891,2.56863731708008,3.389787607869897,3.4299322672381574,False,0,농촌 생활권 외곽형,119.50447454859277
3171031000,8333.0,2778.0,1044.0,576.0,1715.572666602444,571.9261811858382,214.93554109359795,1631.5996464684326,543.9318154193335,204.4149803087776,112.7806787910497,0.7941230449295039,0.79408892747985,0.0314307413247977,528.9477124282465,4559.86388700283,1583.3051930920296,1892.291677807388,3605.064352404866,1591.7345163039674,0.2864569933315258,0.5499298582523935,567.2086313528505,0.2058769550704961,0.1957997895677946,0.1957997895677946,92,울산광역시 울주군 서생면,31710,울산광역시 울주군,False,0.3333733349333973,2.7537428309909355,3.1995646362146015,3.201870633929972,False,0,농촌 생활권 외곽형,106.50173499833399
4715025000,7805.0,2832.0,1177.0,702.0,1499.6852822257874,544.1523022759039,226.15369342469592,1497.2628447980255,543.2733345891106,225.78838799836976,134.66733081975835,0.8078558254675481,0.8078558254675481,0.0,546.5453601790837,9294.761450590604,1843.6556609104064,3026.1252713617755,10124.096919447344,2895.15828769418,0.1053007939486165,0.3721545994922089,284.42644448493087,0.1921441745324519,0.1918338045865503,0.1918338045865503,105,경상북도 김천시 아포읍,47150,경상북도 김천시,False,0.36284433055733506,2.4539699723670547,3.2656798112236602,3.461672313000549,False,0,농촌 생활권 외곽형,104.21819070465101
4831053000,8002.0,2299.0,692.0,348.0,4346.485710583939,1248.759141293736,375.87704470433465,1880.358398175278,540.2329364415101,162.6103488549478,81.7751465339911,0.4568250799070308,0.4568250799070308,0.0,544.0647088143783,13945.07633140261,806.1839922577498,798.2009194485977,5254.569368177503,402.31447118593337,0.6923242653345062,0.3069578510209659,2125.4368359482996,0.5431749200929692,0.2349860532585951,0.2349860532585951,12,경상남도 거제시 능포동,48310,경상남도 거제시,True,0.2873031742064484,3.327448203066155,2.906434170469045,2.6045656543539244,False,1,도시 외곽 도농복합형,126.9472055746919
4885032000,3202.0,1603.0,770.0,501.0,1097.5563482876769,549.4637183963604,263.93453722095916,1076.8675997275395,539.1064217249362,258.95941654909603,168.49177622220404,0.6572278737390141,0.6572278737390141,0.0,729.6833645357339,14401.804194900797,1970.4744222915335,10755.537024428046,29851.328468926316,2424.089772272697,0.1326371154267674,0.4769923681669205,136.65420690800914,0.3427721262609859,0.3363109305832416,0.3363109305832416,71,경상남도 하동군 악양면,48850,경상남도 하동군,False,0.5006246096189881,2.135623006016321,3.294570801886351,3.384548699190919,False,0,농촌 생활권 외곽형,181.3073823737148
5176035000,2928.0,1236.0,469.0,304.0,1283.2763816290633,541.7109315893176,205.55212533607605,1272.81283985846,537.2939446943499,203.8761003735033,132.1499669798401,0.5617225472578337,0.5615682329236177,0.0543457399869995,946.1201396788028,6015.565738952281,3218.9304488921166,4842.836789270496,40548.559778775234,2753.0434400333556,0.0463022292924329,0.1272133903978284,62.90971540482597,0.4382774527421664,0.434703838749474,0.434703838749474,160,강원특별자치도 평창군 용평면,51760,강원특별자치도 평창군,False,0.42213114754098363,1.7987177204990545,3.5077115930296063,3.4398130641423093,False,2,초고령 산간 오지형,233.56374029548147
4827037000,3140.0,1740.0,801.0,483.0,967.6206846710538,536.1974494673993,246.8357224272338,966.1618494317012,535.3890503220256,246.4635800620359,148.6166156928381,0.6918405462831039,0.6918405462831039,0.0,693.6824060390197,13985.133001073618,2244.8352775128833,5771.157447382612,6956.983421109228,3531.2888765217463,0.0007114144777893,0.1368416301218401,156.42608548640573,0.3081594537168961,0.3076948565069112,0.3076948565069112,92,경상남도 밀양시 초동면,48270,경상남도 밀양시,False,0.554140127388535,2.1943091773565784,3.351184478661475,3.5479332464069633,False,2,초고령 산간 오지형,164.73645701420713
3020057000,25269.0,3433.0,988.0,601.0,8747.78740406431,1188.4583544324182,342.03229076004345,3939.8455760342154,535.2601948049175,154.04517112358243,93.70561522800917,0.6538134708906443,0.6538134708906443,0.0,366.96067146898145,5942.494563896953,928.6800832231788,760.2535638289779,3988.8013122692096,651.273791669207,0.602954377684383,0.397045622315617,3307.931179159324,0.3461865291093557,0.1559161651048405,0.1559161651048405,26,대전광역시 유성구 전민동,30200,대전광역시 유성구,True,0.13585816613241522,3.519556465565438,2.9678661316263977,2.813763601799972,False,1,도시 외곽 도농복합형,83.45571690725261
4884039000,5530.0,2885.0,1420.0,877.0,1024.7493866011014,534.6115696824914,263.1363705196318,1024.7493866011014,534.6115696824914,263.1363705196318,162.51450489135007,0.8146926968171607,0.8146926968171607,0.0,564.0593200096552,34435.25051449091,1795.7611233093764,4185.600138168687,11007.1517965384,2776.018007547,0.0967745792907994,0.4096412162830708,129.73174502185626,0.1853073031828393,0.1853073031828393,0.1853073031828393,128,경상남도 남해군 창선면,48840,경상남도 남해군,False,0.5216998191681737,2.1130462598227004,3.254248565221957,3.443422278984881,False,0,농촌 생활권 외곽형,99.06742822820706
4715059500,20224.0,5183.0,2029.0,1143.0,4162.917410416583,1066.8710906936883,417.65028806048497,2076.4624505310303,532.1551068583035,208.3238880600999,117.35544802991336,0.7941595426020281,0.7941595426020281,0.0260726280166863,305.73183048106773,3011.3095776904565,883.2012780755666,860.7593703393816,3847.3941721274336,478.4709216984087,0.7593100355046131,0.1805456370853048,3567.1094600377264,0.2058404573979718,0.1026731828783144,0.1026731828783144,28,경상북도 김천시 대곡동,47150,경상북도 김천시,True,0.256279667721519,3.552316436268826,2.946059688850663,2.6798555493654095,False,1,도시 외곽 도농복합형,54.63805860609153
4157035000,5097.0,2203.0,900.0,517.0,1240.9101242325228,536.3400046467035,219.11302958784984,1228.9714483528774,531.1799295117498,217.00496439426908,124.65729621315236,0.7565410782357225,0.7565410782357225,0.0,585.5785152716862,12182.272688094194,2113.7441464592225,2532.1763173734757,5556.821334748632,1477.4816798742131,0.0968749725744652,0.6977094534804814,194.08496805763207,0.2434589217642775,0.2411166271047434,0.2411166271047434,103,경기도 김포시 월곶면,41570,경기도 김포시,False,0.4322150284481067,2.28799190044542,3.32505241792621,3.169522104525297,False,0,농촌 생활권 외곽형,128.07631298960848
5213039000,2642.0,1060.0,419.0,222.0,1323.1578941029331,530.8657712903517,209.8422246892994,1323.1578941029331,530.8657712903517,209.8422246892994,111.1813219117529,0.4991832346317437,0.4991832346317437,0.0,6354.545970708243,39957.33237493245,2154.2857811233553,21695.977884495827,33437.57193331923,8748.790667517414,0.0724373487455338,0.1689027845937901,162.62517705732802,0.5008167653682563,0.5008167653682563,0.5008167653682564,96,전북특별자치도 군산시 옥도면,52130,전북특별자치도 군산시,False,0.4012112036336109,2.2111877824057915,3.3333033149936715,3.9419480252827066,False,2,초고령 산간 오지형,265.86647842235845
4157034000,8845.0,3241.0,1331.0,812.0,1574.490488007276,576.9274925530335,236.93011187537417,1447.613623248393,530.4370551665395,217.8376181507757,132.89567688837707,0.8219909001687646,0.8219909001687646,0.0008098263163915,494.2796023683055,5392.107733999626,1660.6903444424518,2649.146071867072,5039.5285434483,1209.9956376312318,0.131083414316303,0.7632140551267538,238.05267215400977,0.1780090998312352,0.1636646267098239,0.1636646267098239,111,경기도 김포시 대곶면,41570,경기도 김포시,False,0.3664217071791973,2.3766730608167377,3.2202886606049077,3.0827838045676077,False,0,농촌 생활권 외곽형,86.81378262688996
2671025000,50783.0,14654.0,6238.0,3465.0,3984.252776297379,1149.7004939421024,489.41119702544256,1837.742799446307,530.3011437505894,225.74167699714596,125.39193824865514,0.9215435721344272,0.9215435721344272,0.3435032800522932,265.2419322982358,1229.8555530927592,882.2427710804334,631.7118315535563,1864.1596666319365,357.42715927831466,0.6989924576564654,0.2792136790890263,5570.37566501661,0.0784564278655727,0.0361881495667114,0.0361881495667114,86,부산광역시 기장군 기장읍,26710,부산광역시 기장군,False,0.28856113266250516,3.7458844848940624,2.9455881085250755,2.5531875495030447,False,3,역세권 라스트마일형,19.190617105444453
1274025300,9783.0,4139.0,2101.0,1213.0,1425.5856637471911,603.1380008432612,306.1592026508074,1252.764438543049,530.0206492006214,269.04406474281365,155.33100929701712,0.8542792943118479,0.8542792943118479,0.0,777.4650581497175,33357.36673899818,1905.4820904854469,1972.530367596621,3206.514558740881,1906.472581797669,0.4853625328220405,0.2929105884052055,1340.8875836033935,0.145720705688152,0.1280552426191402,0.1280552426191402,89,전남광주통합특별시 고흥군 도양읍,46770,전라남도 고흥군,False,0.423080854543596,3.1273923693003614,3.2800048712189724,3.2802305637877116,False,0,농촌 생활권 외곽형,67.87192282653977
4874033000,3394.0,1647.0,808.0,510.0,1100.1221364529993,533.8542011603093,261.90297178963567,1091.0815945804738,529.4671144001297,259.7507155041316,163.951565479093,0.6758626586761936,0.6758626586761936,0.0,647.8444421875457,28739.905343892613,2303.8385629011245,3524.7602421441284,9334.9956831173,3463.3594308943807,0.0504979623213205,0.1913068383946461,146.27521354141157,0.3241373413238065,0.3214736578021431,0.3214736578021431,98,경상남도 창녕군 대합면,48740,경상남도 창녕군,False,0.48526812021213905,2.1651707407925938,3.362452043458807,3.5394975654026886,False,2,초고령 산간 오지형,170.20972995215547
4711332000,4167.0,2143.0,1036.0,659.0,1034.8277862188247,532.1900518039216,257.27899844557294,1027.6511252203488,528.4992467835872,255.49473619589187,162.52030034082313,0.7516611984116092,0.7516508929882799,0.0482591676548542,624.9717063153103,4639.254818674203,3075.9783861217065,3627.302987328623,14721.68565949184,1678.2329889729365,0.187237887864671,0.2546247751543784,173.7570928711386,0.2483388015883908,0.2466165407296253,0.2466165407296253,119,경상북도 포항시북구 청하면,47110,경상북도 포항시,False,0.5142788576913847,2.239942541791209,3.4879832794970613,3.224852253752011,False,0,농촌 생활권 외곽형,130.3366560199808
2714068500,12875.0,4539.0,1940.0,1059.0,2430.784075334424,856.9575858596465,366.2696004775753,1498.4771858468744,528.2786754608902,225.7899604305193,123.25338561645356,0.8112012368672292,0.7802887370528577,0.3969773145921932,357.04865727731425,1447.7287752697405,1331.7820058918826,1331.9051843037507,1797.4623114571302,1023.3187667991537,0.4774450589989077,0.4543930725038173,1554.0567551478953,0.1887987631327708,0.1163865775415048,0.1163865775415047,30,대구광역시 동구 해안동,27140,대구광역시 동구,True,0.3525436893203884,3.19146687546712,3.1244331427125136,3.010010938792925,False,3,역세권 라스트마일형,61.48454702505235
5213040000,2484.0,1175.0,600.0,354.0,1115.3968166759953,527.6132285001185,269.4195209362307,1115.3968166759953,527.6132285001185,269.4195209362307,158.95751735237613,0.5509674651062821,0.5509674651062821,0.0,850.6182269098578,19619.529342327885,2581.2900356612663,2682.219303834774,11111.091578837748,1723.644497436652,0.1098242222446479,0.6238637833193645,220.0731806901709,0.4490325348937179,0.4490325348937179,0.4490325348937178,53,전북특별자치도 군산시 옥서면,52130,전북특별자치도 군산시,False,0.47302737520128824,2.34256712030005,3.411836804935364,3.236447697264641,False,0,농촌 생활권 외곽형,236.9155054368666
4885037000,5382.0,2229.0,1013.0,636.0,1448.4183904532254,599.8745061910515,272.6212986861979,1272.9795821209714,527.215066619778,239.60020748579413,150.43014013915604,0.7308772964598244,0.7308772964598244,0.0,657.7710606539794,12462.087778242658,1813.583886952527,2384.924141692153,22978.76617224156,2412.1247589022546,0.3246114045339388,0.290380000674132,364.1461684163568,0.2691227035401756,0.2365253775772893,0.2365253775772893,92,경상남도 하동군 진교면,48850,경상남도 하동군,False,0.4141583054626533,2.561275744622878,3.2585376485836735,3.3823997664455603,False,0,농촌 생활권 외곽형,124.69974269667873
2815554000,17525.0,2339.0,1038.0,610.0,4349.460035458357,580.5071054457687,257.617090830572,3942.914426544744,526.2468955028905,233.5375278033349,137.2426704817286,0.7518139780052292,0.699023365232357,0.3374932393427614,550.0613860530449,1384.09618118421,1723.2590390573778,5633.74548290864,11439.865818050735,2743.733518154606,0.2981732156035785,0.2065299745348507,1177.0351679518833,0.2481860219947707,0.2249879843962764,0.2249879843962764,137,인천광역시 영종구 운서1동,28110,인천광역시 중구·동구,True,0.13346647646219686,3.0707894390705124,3.236350565188824,3.4383419287493835,False,3,역세권 라스트마일형,118.39922831399323
4159135000,9207.0,3327.0,1328.0,803.0,1472.6028591805275,532.1331283255801,212.40540860125347,1452.2231426154117,524.7688058522292,209.4658774186235,126.65745449333936,0.8400561682219476,0.8400561682219476,0.0,486.99616027935434,9392.678616726258,2641.954866138357,1792.5903661682285,8901.148876696534,1069.2714908298292,0.1381403934619427,0.4469248749212199,199.9766922456829,0.1599438317780523,0.1577303293814936,0.1577303293814936,161,경기도 화성시만세구 장안면,41590,경기도 화성시,False,0.36135549038774845,2.3009793805691863,3.4219253940678773,3.0290879877153927,False,0,농촌 생활권 외곽형,82.77195659620517
4812152000,28901.0,3991.0,1061.0,509.0,4719.806214903997,651.7679873942719,173.27131912436045,3797.642884039139,524.4245095394693,139.4172900579747,66.88350672903782,0.836690556904467,0.8364335046092609,0.0747575712069835,280.25741350596667,3705.520475479589,808.4783123562883,786.2622035443111,1185.298308084586,492.3942267026336,0.645944741372719,0.354055258627281,1963.369473830548,0.1633094430955329,0.1314017813930016,0.1314017813930016,39,경상남도 창원시의창구 팔룡동,48120,경상남도 창원시,True,0.1380921075395315,3.2930020343666184,2.907668374334789,2.692312952208329,False,1,도시 외곽 도농복합형,68.91031475963743
4421052500,16735.0,3684.0,1533.0,898.0,3441.4216310758748,757.5857358161651,315.2494389267593,2381.1832447211323,524.187575354207,218.1269144999998,127.77427868297444,0.7943578350118987,0.7943578350118987,0.0,315.15599383890793,35214.587363120576,1147.3598409803217,1065.8435454293383,2033.6654676378816,321.4043266976904,0.5247545798335883,0.4333105539918562,2964.642004774493,0.2056421649881012,0.1422876154598824,0.1422876154598824,23,충청남도 서산시 동문1동,44210,충청남도 서산시,True,0.22013743651030773,3.4719722576538,3.0596996449660954,2.5070517188750046,False,1,도시 외곽 도농복합형,74.58540015084752
5013060000,13834.0,2688.0,1073.0,619.0,2691.305396168694,522.9311048793877,208.7444477438925,2691.305396168694,522.9311048793877,208.7444477438925,120.42200666679352,0.8054571782442753,0.8054571782442753,0.0,423.5848206667641,53316.05168148165,6094.450401063337,3092.014998841105,10694.701309379803,3137.944860981711,0.0,0.0,713.8888445480524,0.1945428217557246,0.1945428217557246,0.1945428217557246,69,제주특별자치도 서귀포시 대천동,50130,제주특별자치도 서귀포시,True,0.1943038889692063,2.8536305955892476,3.784934546944132,3.496645308026644,False,0,농촌 생활권 외곽형,101.73249272707484
4721063000,9900.0,2292.0,953.0,583.0,2287.5721926570586,529.6076227848463,220.20770703052293,2257.822599869751,522.7201413031787,217.343933098573,132.96066421455197,0.7689321017518123,0.7689321017518123,0.0,417.65547071637934,4157.765741008705,2007.1832307324637,1695.0983311558714,1473.2516890172867,1296.767184979677,0.0688801665599899,0.7094633504310648,1110.051156734056,0.2310678982481877,0.2280628888757324,0.2280628888757324,44,경상북도 영주시 가흥2동,47210,경상북도 영주시,True,0.2315151515151515,3.0453429937194207,3.3025870199532363,3.112862012048227,False,1,도시 외곽 도농복합형,119.21306549913398
4165038000,5511.0,1894.0,826.0,506.0,1563.8368848145865,537.4536490362597,234.39108453218083,1520.63921431647,522.607634170821,227.91652894672552,139.61956857995534,0.7162335538351322,0.7162335538351322,0.0,728.4493257014627,32174.78530532196,2145.775804585867,3893.3469440226527,15166.284729295478,1381.303942645029,0.2284151987091018,0.5602685852061718,222.39895485550957,0.2837664461648678,0.2759280011461568,0.2759280011461568,122,경기도 포천시 이동면,41650,경기도 포천시,False,0.34367628379604426,2.3471327419857775,3.331584343949783,3.1402892514169753,False,0,농촌 생활권 외곽형,144.2020798804766
2629061000,7469.0,2132.0,859.0,467.0,2215.0018539178905,632.2645538295545,254.74448955890583,1830.2581135234989,522.4407950237112,210.49561112822136,114.4370784596966,0.7034406407928918,0.7034406407928918,0.0,400.37468281044073,3054.3603326512334,1155.927132997782,799.2983482865393,1297.718355622859,497.4315010460661,0.4815186578754073,0.5184813421245926,1335.0097078171093,0.2965593592071081,0.2450472772156244,0.2450472772156244,12,부산광역시 남구 용당동,26290,부산광역시 남구,True,0.28544651225063594,3.1254844237800494,3.0629304580166967,2.6967332845472844,False,1,도시 외곽 도농복합형,128.02269432692654
4784032000,3428.0,1699.0,670.0,388.0,1050.1500428962804,520.479849148419,205.25102938754603,1050.1500428962804,520.479849148419,205.25102938754603,118.86179015278786,0.693655180018588,0.693655180018588,0.0,671.9959382933071,12332.855270430884,2782.638875498548,8317.001066400002,12106.989438975732,4020.8003707595176,0.0,0.1175933624091235,97.52635202839878,0.306344819981412,0.306344819981412,0.306344819981412,145,경상북도 성주군 용암면,47840,경상북도 성주군,False,0.4956242707117853,1.9891219797416126,3.444456848247581,3.6043125112949603,False,2,초고령 산간 오지형,159.4463056913249
1279042000,3485.0,1709.0,846.0,522.0,1297.1730801630874,636.1173010039358,314.8948137210823,1060.3244105712793,519.9697037779961,257.3986947900437,158.8204712534312,0.6277839081311083,0.6277839081311083,0.0,838.0634597828567,28437.26494467537,3149.308561790984,3142.614311179696,17875.76906193935,3044.1738417497663,0.2340446046232554,0.259735672707554,153.9776652391072,0.3722160918688916,0.3042537763475694,0.3042537763475694,123,전남광주통합특별시 해남군 문내면,46820,전라남도 해남군,False,0.49038737446197994,2.1874577301425124,3.4982152138655396,3.4834694497926493,False,0,농촌 생활권 외곽형,158.20274596078232
5113062000,23996.0,5791.0,2084.0,1271.0,4875.897926196978,1176.70965538451,423.4610467658986,2146.198978423149,517.9462528774986,186.3926767392,113.6780672435332,0.7968037203618528,0.7960270829309122,0.0007766374309407,301.07386316212626,4252.344928372233,998.6084773605824,889.4713939368279,1645.4492812436133,521.097090768629,0.6722229913879559,0.327777008612044,3074.5292618870853,0.2031962796381471,0.0894398640783109,0.0894398640783109,27,강원특별자치도 원주시 태장2동,51130,강원특별자치도 원주시,True,0.241331888648108,3.4877786308058143,2.9993952485359294,2.7169186485521806,False,1,도시 외곽 도농복합형,46.32504245723392
4415037000,4426.0,2263.0,1030.0,664.0,1016.7769051515836,519.8748613551817,236.62002085542952,1012.187792831303,517.5284625343965,235.552062046146,151.85103805693294,0.7702718244122043,0.7702718244122043,0.0,580.9933670092427,16181.945074842704,2152.4200398515163,4397.211826966873,17755.728289366678,2995.046447366055,0.0969064909947423,0.4767742635916074,164.17498613008283,0.2297281755877956,0.228691322374899,0.228691322374899,190,충청남도 공주시 정안면,44150,충청남도 공주시,False,0.5112968820605512,2.2153069882693393,3.332927026840548,3.4764035618433144,False,0,농촌 생활권 외곽형,118.3542684636395
4481025300,19016.0,4011.0,1707.0,1066.0,2502.285399826353,527.8011536970711,224.6214333983795,2452.001004336423,517.1947848334767,220.1075785865731,137.45441052916632,0.8684115797314708,0.8684115797314708,0.1715037131576217,449.76216130535386,3640.285675051523,1677.7052205984942,1888.4136009203944,10414.181746194165,2778.012555894303,0.1396174661101197,0.4224475339606863,628.4784426272432,0.1315884202685293,0.1289440999335519,0.1289440999335519,118,충청남도 예산군 삽교읍,44810,충청남도 예산군,False,0.21092763988220445,2.7982903855882495,3.2247156559481662,3.4437342043041483,False,1,도시 외곽 도농복합형,66.6892160206797
4161061000,22483.0,4623.0,1612.0,837.0,6732.610861705242,1384.3730824918086,482.71888578342976,2508.2575990988557,515.7530080787266,179.83860026452678,93.37773475273504,0.7005465969085423,0.7005465969085423,0.0,350.49896552256627,6966.562594385247,892.7442125884487,775.1210748206776,5334.2183484740435,44.6773472839287,0.6227374864810072,0.3772625135189927,3393.2916124281446,0.2994534030914576,0.1115624071119893,0.1115624071119893,23,경기도 광주시 능평동,41610,경기도 광주시,True,0.20562202553040074,3.5306211836139973,2.9507270434640374,1.6989700043360187,False,1,도시 외곽 도농복합형,57.538647056512
4146134000,8068.0,2711.0,1064.0,630.0,1533.0090924186272,515.1199367311476,202.1717494215939,1531.6366848507446,514.658781932371,201.99075764516513,119.59979071095304,0.8099889573105321,0.8099889573105321,0.0,513.9456566105393,15817.628222511205,2850.8823750942297,3553.262329755125,10426.134839063,894.7064182809113,0.0833307900992546,0.3721091505539168,263.52795969470344,0.1900110426894679,0.1898409376364334,0.1898409376364334,119,경기도 용인시처인구 원삼면,41460,경기도 용인시,False,0.33601883986118,2.420826699612871,3.454979299069778,2.951680552816627,False,0,농촌 생활권 외곽형,97.70330572486601
2629062000,7359.0,2265.0,844.0,419.0,1877.609434810987,577.9026185414983,215.34207949184307,1671.4769118292986,514.4578346641339,191.70084435166845,95.16902107031882,0.7448553560523186,0.7448553560523186,0.0,383.09111571999665,3260.172625026018,1149.1268996416215,1413.7090864332429,2768.7090460600916,638.1091656422627,0.4921086609186318,0.5078913390813681,1586.421619770326,0.2551446439476813,0.2271337018384697,0.2271337018384697,10,부산광역시 남구 감만1동,26290,부산광역시 남구,True,0.30778638401956787,3.20041861980729,3.0603679910651027,2.804894982765738,False,1,도시 외곽 도농복합형,116.85071242706813
4725054000,8581.0,2200.0,969.0,588.0,4071.83903111621,1043.9396187455616,459.8079502565678,2006.610153649904,514.4554641684872,226.59424762693823,137.4999149686684,0.5254819914792902,0.5254819914792902,0.0,558.6336705510726,2693.6195184338626,927.2562931902308,1512.009818868399,1765.724575553441,1131.6784662027735,0.5258786423145033,0.336411240870043,2475.3490017189106,0.4745180085207098,0.2338433928038578,0.2338433928038578,34,경상북도 상주시 계림동,47250,경상북도 상주시,True,0.2563803752476401,3.393636439162611,2.967199789521291,3.0537230521266414,False,1,도시 외곽 도농복합형,120.30201118764253
4122053500,26025.0,2854.0,898.0,518.0,6205.68231690371,680.5386102763953,214.1288269194825,4685.363185633242,513.8146602035456,161.66978446488577,93.25718079377596,0.7615491905128258,0.7615491905128258,0.0011044101966453,364.1260055223642,3670.830994006555,1601.1245247843444,1377.570936053146,3589.4066932525393,627.7261194719481,0.325097233157237,0.6248833712576801,1309.3747323125142,0.2384508094871742,0.180033167555552,0.180033167555552,53,경기도 평택시 송탄동,41220,경기도 평택시,True,0.10966378482228627,3.117063955859594,3.2044251097604235,2.797770199873482,False,1,도시 외곽 도농복합형,92.50368081292393
4427025000,7414.0,3386.0,1665.0,1023.0,1124.8834078972866,513.738227561399,252.62083546654736,1124.8834078972866,513.738227561399,252.62083546654736,155.21388269205883,0.8482757744945661,0.8482757744945661,0.0090355831006935,465.13213226156,5415.919034336786,2255.1614663326827,3164.9680511813863,3580.508772124653,2064.0205267240317,0.2620761921737645,0.2003602318879259,272.8851728617785,0.1517242255054338,0.1517242255054338,0.1517242255054338,126,충청남도 당진시 합덕읍,44270,충청남도 당진시,False,0.45670353385486917,2.4359799390438472,3.35317764219041,3.314714012043667,False,0,농촌 생활권 외곽형,77.94653468928756
2729060200,13411.0,5267.0,2334.0,1275.0,2281.8149127340657,896.1538397860206,397.11848529724176,1306.685639477187,513.1841967881844,227.41065413017327,124.228185096817,0.8298549763079512,0.8298132656005286,0.002322897231587,265.01006302760857,2230.4825993339855,1015.6889641317028,1339.6693535310476,2059.4366147156347,545.8312729518083,0.5372020472009209,0.4627979527990791,1451.5672995248226,0.1701450236920487,0.0974338706641702,0.0974338706641702,24,대구광역시 달서구 월성2동,27290,대구광역시 달서구,True,0.39273730519722616,3.1618371759821637,3.0067607336937545,2.737058414590236,False,1,도시 외곽 도농복합형,50.00152265675602
4713034000,3112.0,1871.0,824.0,493.0,852.6265500213258,512.6170549774745,225.75972918302455,852.6265500213258,512.6170549774745,225.75972918302455,135.0722651544067,0.7260197461371061,0.7260197461371061,0.0,708.7716685599925,14417.243652517198,2758.951981088653,5728.381923485997,17549.772067306545,11112.75744613974,0.0,0.0,68.5874601973462,0.2739802538628939,0.2739802538628939,0.2739802538628939,213,경상북도 경주시 산내면,47130,경상북도 경주시,False,0.6012210796915167,1.8362447211745687,3.440744141751492,4.045821835273457,False,2,초고령 산간 오지형,140.44695085717748
5172035200,4023.0,2076.0,796.0,480.0,993.2025869593836,512.5251231736715,196.51734009934611,993.2025869593836,512.5251231736715,196.51734009934611,118.50291865287204,0.7531189194731833,0.7531189194731833,0.0,610.3662091570652,26877.996194685315,2944.6870237077965,6331.556678318946,10089.790334179494,6068.40642710332,0.0679180973912297,0.209662410554833,67.7432541475878,0.2468810805268167,0.2468810805268167,0.2468810805268167,199,강원특별자치도 홍천군 영귀미면,51720,강원특별자치도 홍천군,False,0.5160328113348247,1.8308660547886257,3.469039142552745,3.7830746596455684,False,2,초고령 산간 오지형,126.53275620625585
5111070500,24946.0,5005.0,2006.0,1269.0,3713.8501763855106,745.1222694143141,298.64441007894385,2544.455409597992,510.5026587444059,204.60905763062505,129.43613865067954,0.8511244216954418,0.8511244216954418,0.0,273.655424915486,4262.657006890546,898.6132468165498,1055.586036347208,1567.6109927670454,958.8003723725471,0.5243465946251189,0.4299333747370836,2929.455499937497,0.1488755783045582,0.1019985332156655,0.1019985332156655,31,강원특별자치도 춘천시 신사우동,51110,강원특별자치도 춘천시,True,0.2006333680750421,3.4667869052183007,2.9535728164125,2.9817281940300675,False,1,도시 외곽 도농복합형,52.070522394626835
4790025300,20800.0,2475.0,946.0,598.0,4296.521275662434,511.244719099256,195.4090926334934,4271.418437077821,508.25772268113496,194.26739622478937,122.80328006598737,0.7934364771316137,0.7934364771316137,0.0,522.2765852600842,9039.055270077724,1922.6842964754485,3303.836461869832,9761.027475652872,2972.112189623111,0.2820712302009485,0.1733543628692996,1001.4293717722428,0.2065635228683862,0.2053566556287414,0.2053566556287414,135,경상북도 예천군 호명읍,47900,경상북도 예천군,False,0.11899038461538461,3.000620325041262,3.2839079792179073,3.473065198902347,False,1,도시 외곽 도농복합형,104.37410612727818
5123053000,15156.0,2448.0,864.0,499.0,4323.469821315187,698.3276671007903,246.4685883885142,3136.2678047171507,506.57057178329273,178.78961357057392,103.259279133931,0.7147354301058864,0.7065352577334971,0.0949563506966284,391.22776552654653,2016.413526128585,1269.0415886519595,1504.2455694206617,2447.265655230785,516.8392533937409,0.380479449637315,0.6194346131093521,2084.494674037768,0.2852645698941137,0.2069324231140901,0.2069324231140901,30,강원특별자치도 삼척시 교동,51230,강원특별자치도 삼척시,True,0.16152019002375298,3.3190007898250107,3.103475854896987,2.7133554904454456,False,1,도시 외곽 도농복합형,104.82587589740689
4882042000,2889.0,1487.0,721.0,457.0,983.0691180176524,505.99646192185855,245.3419294187357,983.0691180176524,505.99646192185855,245.3419294187357,155.50799132366467,0.6597199314580642,0.6597199314580642,0.0,688.2607890510835,26782.4867575031,2338.410638603027,7291.222626153421,16304.800751191566,4422.43679451978,0.0003044017900291,0.0683006685568579,226.54540101496988,0.3402800685419357,0.3402800685419357,0.3402800685419358,117,경상남도 고성군 동해면,48820,경상남도 고성군,False,0.5147109726548978,2.355155250209338,3.3689207781773307,3.645661634688049,False,2,초고령 산간 오지형,172.18051074474698
1217043000,3652.0,1917.0,956.0,597.0,962.7978236152728,505.3897666677103,252.03579391462236,962.7978236152728,505.3897666677103,252.03579391462236,157.3905533127924,0.7363642323068803,0.7363642323068803,0.0,602.7968442026612,11381.95496253984,2379.481869057169,2742.071355330182,9037.19872776068,4646.231054854201,0.0,0.1585166663401298,71.27897728378437,0.2636357676931196,0.2636357676931196,0.2636357676931196,119,전남광주통합특별시 나주시 봉황면,46170,전라남도 나주시,False,0.5249178532311063,1.8529614597830917,3.3764823999528377,3.6671008032586805,False,2,초고령 산간 오지형,133.2388191196884
1276042000,2885.0,1384.0,685.0,474.0,1051.5202266483857,504.4381260593988,249.6677141262198,1051.5202266483857,504.4381260593988,249.6677141262198,172.76276860704846,0.6355215852171974,0.6355215852171974,0.0,796.7778697182866,9706.920690885769,2337.7659049122035,5784.580414589402,7415.517297018654,7047.649868179928,0.0,0.0220031849595367,135.6450725796181,0.3644784147828026,0.3644784147828026,0.3644784147828026,115,전남광주통합특별시 화순군 동면,46790,전라남도 화순군,False,0.47972270363951475,2.1324040222749154,3.368801020386584,3.848044319908168,False,2,초고령 산간 오지형,183.85680854213723
4824036000,2574.0,1383.0,701.0,461.0,968.2271614579428,520.2246170537431,263.6857964965104,938.4946781050044,504.2494715692389,255.5884884815882,168.0831571897463,0.6238433716169609,0.6094019434875962,0.1226923386637652,774.0136619706318,3695.7675265777393,1942.3367572722232,2404.2415088699017,15040.083910717376,3861.607568342985,0.1301917475734134,0.2222186811191491,81.84854573389926,0.3761566283830391,0.3646055470493412,0.3646055470493412,137,경상남도 사천시 곤명면,48240,경상남도 사천시,False,0.5372960372960373,1.9130109673722289,3.2883245289427148,3.5867681369827857,False,2,초고령 산간 오지형,183.85215443084357
4427038000,13872.0,3806.0,1690.0,990.0,1886.936473456377,517.7105116763964,229.88196656151075,1833.3290196837415,503.0024689241869,223.35107001625747,130.8387924947307,0.8639751677150824,0.8639751677150824,0.0,473.4676082293902,12629.606147039876,1509.8509828570388,2250.2281380775694,10225.896167885645,1376.6406353843636,0.3013757455257633,0.4992274690390396,572.2000649155455,0.1360248322849176,0.1321603964593239,0.1321603964593239,128,충청남도 당진시 신평면,44270,충청남도 당진시,False,0.2743656286043829,2.7575479027395366,3.1789340860239763,3.138820584818714,False,1,도시 외곽 도농복합형,66.47700571303929
4482525000,28484.0,8543.0,3730.0,2128.0,2031.8477394625804,609.3973893494181,266.071902408209,1673.9229823884832,502.0476070265697,219.20140163983436,125.05645648513875,0.9286670502927054,0.9286670502927054,0.0,340.8652250719552,49111.20859321027,1475.801747752452,1960.908952124735,2994.238507401883,1449.6972409231275,0.4947891955404875,0.2394866842111761,1322.8905807689828,0.0713329497072946,0.0587671318069261,0.0587671318069261,184,충청남도 태안군 태안읍,44825,충청남도 태안군,False,0.29992276365678977,3.1215239242075765,3.1690280203325507,3.1612773123553186,False,1,도시 외곽 도농복합형,29.50389789548226
4784033000,3097.0,1619.0,718.0,423.0,959.4242307248362,501.5524150931579,222.43028661944865,959.4242307248362,501.5524150931579,222.43028661944865,131.0417983844384,0.6902085144575923,0.6902085144575923,0.0,704.5610133581071,28499.717451741297,2925.179079845483,7917.257271919579,14505.594618503306,10280.500192005362,0.0,0.0,72.47343822504442,0.3097914855424075,0.3097914855424075,0.3097914855424076,136,경상북도 성주군 수륜면,47840,경상북도 성주군,False,0.5227639651275428,1.8601788652474094,3.466152458797008,4.01201424552921,False,2,초고령 산간 오지형,155.37666774909158
4182033000,5380.0,2388.0,887.0,523.0,1159.2749322839036,514.5629253334502,191.12952879848004,1128.32845153683,500.8268294182064,186.0273859689904,109.68694798397064,0.784521388051319,0.784521388051319,0.0,570.6943000611997,12854.322607065767,2096.297113954421,3939.557170107365,13216.23018923686,2701.918787800367,0.1125939472598161,0.4250197000907813,116.25662621352868,0.2154786119486809,0.2097264779808234,0.2097264779808234,150,경기도 가평군 상면,41820,경기도 가평군,False,0.44386617100371745,2.065417715505731,3.3214528364253484,3.4316722911922226,False,0,농촌 생활권 외곽형,105.03664701218305
4127160000,17747.0,5001.0,1893.0,1048.0,4065.671781504942,1145.6823451460086,433.66860215184846,1776.1268612630536,500.5020810940739,189.45219746272383,104.8842593454488,0.7709093491009781,0.7516425561951584,0.229047761472503,351.14092214879355,1682.9514273971752,873.2375947502908,845.3986346125791,3634.739696544633,685.2582642683691,0.616066065587611,0.383933934412389,2235.5092914499496,0.2290906508990219,0.100080400138787,0.100080400138787,36,경기도 안산시상록구 반월동,41270,경기도 안산시,True,0.2817941060460923,3.349376479266478,2.9411324247479746,2.8358542818686057,False,3,역세권 라스트마일형,50.09044854619054
4427031000,5885.0,2668.0,1192.0,767.0,1107.618747712506,502.1455936953213,224.3469069283444,1100.6494848724103,498.98603664224146,222.93529073371505,143.44913422211363,0.8117895076104493,0.8117895076104493,0.0,523.4190665349506,32680.625356740504,2186.730677038917,3167.757074814944,8834.46786441177,2919.1817431593213,0.0778236984584881,0.4359126537935771,93.46695685278212,0.1882104923895507,0.1870262506155327,0.1870262506155327,143,충청남도 당진시 고대면,44270,충청남도 당진시,False,0.4533559898045879,1.9706581029276657,3.339795297587968,3.465261134246028,False,0,농촌 생활권 외곽형,93.32348754270323
5272025000,9895.0,3453.0,1684.0,1064.0,1444.897719182344,504.217465824824,245.9027548360856,1429.3484147769157,498.79131644514297,243.25646594081113,153.69648441865976,0.8539769864393791,0.8539769864393791,0.0,502.72090736179086,26760.16190122737,2600.439503234606,3643.281441607183,4118.003429708708,3115.054508977573,0.2506631040012437,0.2199686849237044,446.95717637413,0.1460230135606209,0.1444515831002441,0.1444515831002441,186,전북특별자치도 진안군 진안읍,52720,전북특별자치도 진안군,False,0.34896412329459325,2.6502659147307375,3.4150467547780323,3.4934656505910318,False,0,농촌 생활권 외곽형,72.05119529715573
4155053000,26908.0,4875.0,1857.0,1103.0,4195.631016620164,760.1345773012971,289.5528020612325,2746.859996354943,497.6565512944236,189.56886476999887,112.59798483646136,0.8440749585022981,0.8440749585022981,0.0,257.0884383698525,20609.33287693752,795.5183355732901,741.7005114682675,1108.231114263221,390.2540156533748,0.71359175636374,0.2581365851126604,3909.743382341829,0.1559250414977019,0.1020833951373176,0.1020833951373176,28,경기도 안성시 안성3동,41550,경기도 안성시,True,0.18117288538724544,3.592148253229555,2.900650193971957,2.591347380580398,False,1,도시 외곽 도농복합형,50.8024703684634
4717031000,3577.0,1962.0,978.0,630.0,906.1506557287702,497.0275612356296,247.75379963733215,906.1506557287702,497.0275612356296,247.75379963733215,159.59600590134897,0.7466730065057953,0.7466730065057953,0.0,587.4394321205652,11927.176877786884,3397.359338297618,10152.00590275669,8998.762259699666,4025.393680190814,0.0,0.1215577674781159,47.335252317990125,0.2533269934942047,0.2533269934942047,0.2533269934942047,204,경상북도 안동시 와룡면,47170,경상북도 안동시,False,0.5485043332401454,1.6751846964427006,3.531141484575753,3.6048083604240655,False,2,초고령 산간 오지형,125.91049777157876
4812125000,18142.0,5372.0,2029.0,1122.0,1782.9884404576692,527.957992621464,199.40930138290216,1673.9987696380824,495.68522712467086,187.2199042881529,103.5291930070515,0.901720403458402,0.901720403458402,0.0,405.99477765772247,6416.666731234124,1693.3657719157932,2319.8818510661004,5525.168468702473,1577.7583184000398,0.4225539247977424,0.2973416468019727,1043.3010129541576,0.0982795965415979,0.0922720080276751,0.0922720080276751,122,경상남도 창원시의창구 동읍,48120,경상남도 창원시,False,0.2961084775658693,3.018409629044282,3.228750777108997,3.198040478579478,False,1,도시 외곽 도농복합형,45.73787125644758
4380033000,2992.0,1543.0,640.0,368.0,958.5917731166736,494.3539792510119,205.04636858110663,958.5917731166736,494.3539792510119,205.04636858110663,117.90166193413631,0.6796150490920209,0.6796150490920209,0.0,681.1546146240936,13716.961405263572,3185.2486460933706,6667.663498385086,16058.713892758446,13548.542455485203,0.0,0.0,58.41070235250682,0.3203849509079792,0.3203849509079792,0.3203849509079792,186,충청북도 단양군 영춘면,43800,충청북도 단양군,False,0.5157085561497327,1.7664924283931638,3.503143339783273,4.131892576569261,False,2,초고령 산간 오지형,158.3835753734996
1217025000,11548.0,3402.0,1433.0,862.0,1677.3094122436955,494.1294267797932,208.1385857070675,1677.3094122436955,494.1294267797932,208.1385857070675,125.20269426342792,0.8547532549148168,0.85463707359841,0.0070503603051004,464.696717160093,4855.7564004460255,1602.9155650960338,2007.6226972979805,8655.790406616941,2192.234749970069,0.2001042342992065,0.5306957288122192,618.6454131380488,0.1452467450851832,0.1452467450851832,0.1452467450851832,111,전남광주통합특별시 나주시 남평읍,46170,전라남도 나주시,False,0.2945964669206789,2.7914417972567946,3.2049106461353944,3.340887057639827,False,0,농촌 생활권 외곽형,71.77069089057233
5178025000,4682.0,1475.0,693.0,431.0,1727.4565010896208,544.2115205269523,255.6871754069003,1565.4196585318891,493.1640316818745,231.7035077664671,144.104201799924,0.6310430369308798,0.63087117139719,0.0329541741994056,1248.136835722312,5928.6417582941785,2164.525959456634,4941.925737938595,17865.20669940223,4423.174398848447,0.3338681150165161,0.1879736016559702,455.2433587749933,0.3689569630691202,0.3343484960555081,0.3343484960555081,156,강원특별자치도 철원군 철원읍,51780,강원특별자치도 철원군,False,0.31503630926954296,2.6582436188965866,3.335362798733682,3.64573406325935,False,0,농촌 생활권 외곽형,164.8886523015057
5179031000,2523.0,1168.0,511.0,332.0,1064.9969892951858,493.03071085880975,215.70093600072929,1064.9969892951858,493.03071085880975,215.70093600072929,140.14229110027813,0.5778846653606081,0.5778846653606081,0.0,988.991080044298,26385.339658794568,2533.333445416124,13307.11591280732,18038.337694772315,12902.78297802328,0.0,0.0,98.89154402585714,0.4221153346393919,0.4221153346393919,0.4221153346393919,133,강원특별자치도 화천군 간동면,51790,강원특별자치도 화천군,False,0.4629409433214427,1.9951591577254593,3.403692356775709,4.1106833925973545,False,2,초고령 산간 오지형,208.11582350166373
1215063500,16557.0,3526.0,1402.0,799.0,2383.463657993677,507.5854839696626,201.8249712210627,2314.674627522283,492.93608362889233,196.0001103935641,111.700490873365,0.8560449563330509,0.8560449563330509,0.0,352.9275537396485,4495.578860207313,2469.199577322644,1517.4757218821055,2163.3756449967427,1686.3454022755543,0.2226385102151064,0.4263235572723176,1297.4100872675162,0.1439550436669491,0.1398003640467646,0.1398003640467647,59,전남광주통합특별시 순천시 도사동,46150,전라남도 순천시,True,0.212961285256991,3.1130772702148257,3.392556193952589,3.2269465328859317,False,1,도시 외곽 도농복합형,68.91264394310555
5115066500,11526.0,1978.0,758.0,468.0,2892.181638607537,496.3330974462699,190.20247111439463,2868.7391470965067,492.3100844140977,188.66079069053896,116.4818602152668,0.7490732571050203,0.7490732571050203,0.0,504.3170032921482,4691.113601217513,2423.600817165531,2328.0402886746856,3573.316583666466,1160.3713715828785,0.1719274578242732,0.4950918465634623,648.9359586659901,0.2509267428949797,0.248892863707835,0.248892863707835,59,강원특별자치도 강릉시 경포동,51150,강원특별자치도 강릉시,True,0.17161200763491238,2.8122018398353377,3.3844610902555954,3.0645970054486598,False,1,도시 외곽 도농복합형,122.53246674207075
1279033000,2499.0,1361.0,718.0,470.0,924.8761328169772,503.7040483248923,265.73071763208867,901.3811514885408,490.9082621752317,258.9802588110333,169.52746746683238,0.6299015074761997,0.6299015074761997,0.0,767.2969878407584,29731.35998554692,2622.6828531193446,4206.501925646669,18796.239484837755,2595.5290293184003,0.1346457431058072,0.4511230024328814,53.98457494332296,0.3700984925238004,0.3606967392911327,0.3606967392911327,138,전남광주통합특별시 해남군 현산면,46820,전라남도 해남군,False,0.5446178471388555,1.7322696862310325,3.4187457768779366,3.4142258905457457,False,0,농촌 생활권 외곽형,177.06900945768257
4792035000,2019.0,1099.0,457.0,284.0,899.8769174802294,489.8289907433245,203.6868505638756,899.8769174802294,489.8289907433245,203.6868505638756,126.5800121666098,0.5542957318077121,0.5137550310861408,0.1249427848456644,1326.0945026381585,3342.99212374282,3004.377145991226,6319.959957061535,25766.78511557281,18038.224023665025,0.0,0.0,39.413432890357896,0.445704268192288,0.445704268192288,0.445704268192288,231,경상북도 봉화군 소천면,47920,경상북도 봉화군,False,0.5443288756810302,1.595644263345934,3.4777544496842685,4.256193776294031,False,2,초고령 산간 오지형,218.31887185862044
1283025600,7099.0,1713.0,812.0,470.0,2049.5475300670114,494.5590814205931,234.43197554788185,2028.8800814309147,489.5719931668062,232.06798508549133,134.3250652588435,0.7112906705075347,0.7112906705075347,0.0,645.0521451472118,42987.85504670128,2744.3356691191984,2680.197261307645,18743.6929204096,2790.2658679723736,0.2316043730170645,0.2011332752946929,450.4863075541691,0.2887093294924653,0.2857980111890287,0.2857980111890287,89,전남광주통합특별시 영광군 홍농읍,46870,전라남도 영광군,False,0.24130159177348923,2.653681595217325,3.43843723033299,3.4456455866041185,False,0,농촌 생활권 외곽형,139.91870198092195
4113164000,11704.0,1859.0,651.0,321.0,4017.2302529896274,638.0751059729765,223.44641957418384,3081.320414611863,489.42025382462856,171.3892335878608,84.509898589406,0.6567643324513305,0.6567643324513305,0.00088498699,412.78672366085414,3093.259929972484,1392.5963129643264,1045.5031313689149,3129.5251282943254,746.5977939279101,0.3627509868139917,0.5884653001680937,1567.1142183745503,0.3432356675486694,0.2632707121165296,0.2632707121165296,29,경기도 성남시수정구 고등동,41130,경기도 성남시,True,0.1588345864661654,3.1951006509689464,3.143825241003738,2.8730867023243456,False,1,도시 외곽 도농복합형,128.85001874866262
1278034000,2247.0,1270.0,669.0,443.0,863.8340055787669,488.237288422356,257.18956374374505,863.8340055787669,488.237288422356,257.18956374374505,170.3063927331525,0.6155611902186173,0.6155611902186173,0.0,757.9402806017639,11398.442005594658,3781.954180395057,8521.635551287945,9992.455226860797,9362.504589704706,0.0,0.0,45.55968104873269,0.3844388097813827,0.3844388097813827,0.3844388097813827,133,전남광주통합특별시 강진군 도암면,46810,전라남도 강진군,False,0.5651980418335558,1.6585806750369958,3.577716262921995,3.9713920436082373,False,2,초고령 산간 오지형,187.6973620519802
5115036000,5217.0,1915.0,726.0,470.0,1330.9404707641131,488.547249667103,185.21425757614455,1328.5387977361304,487.6656694776097,184.88003970796063,119.68817997622796,0.7448839427325833,0.7448839427325833,0.0,640.1101333511814,10503.056248244036,2368.1022127113624,2169.854607206221,2883.8644867914586,2238.3969605344087,0.1865766844472652,0.5140868629653553,200.076682336094,0.2551160572674167,0.2546557020770807,0.2546557020770807,104,강원특별자치도 강릉시 사천면,51150,강원특별자치도 강릉시,False,0.3670691968564309,2.3011964773276383,3.374400443599242,3.349937107430083,False,0,농촌 생활권 외곽형,124.18684343971029
4122051000,45311.0,7500.0,2821.0,1644.0,5855.5851996566835,969.2323938431092,364.56061107085486,2938.828385699807,486.44287022463755,182.967378253827,106.62827715324056,0.870769014154252,0.8684843811251464,0.1585221471930159,220.4813278656572,1560.108297079075,578.8080054564396,491.1412677168681,1542.352560039817,267.8544666817337,0.8618096372551906,0.1381903627448093,6668.570492879738,0.1292309858457479,0.064859049363285,0.064859049363285,19,경기도 평택시 중앙동,41220,경기도 평택시,True,0.16552272075213526,3.8240327464216213,2.7625345291876937,2.4278988929678103,False,3,역세권 라스트마일형,31.550222132317806
4476042000,2412.0,1351.0,730.0,494.0,867.6700861337495,485.9959727888456,262.6033013588877,867.6700861337495,485.9959727888456,262.6033013588877,177.70689160450758,0.6402694501933045,0.6402694501933045,0.0,714.1749154459509,18085.491709202524,2319.4677236581333,5050.883648606843,6985.960938272828,5580.529651307767,0.0,0.0851839550230083,74.59944679852582,0.3597305498066954,0.3597305498066954,0.3597305498066955,114,충청남도 부여군 장암면,44760,충청남도 부여군,False,0.5601160862354893,1.8727356069198748,3.365388333511516,3.7466754200350816,False,2,초고령 산간 오지형,174.8275984951712
5172031000,4099.0,2222.0,875.0,525.0,909.038726615073,492.77483545710953,194.04949641087796,895.2376395809664,485.293494791146,191.10342391640535,114.66205434984325,0.7782291469589966,0.7782291469589966,0.0,617.6552792681915,31112.88357658393,3327.6057001903314,5747.931152843825,8636.294576193033,4383.1209097855335,0.0767309075408988,0.1867109740413967,66.22540563308426,0.2217708530410034,0.2184039130473204,0.2184039130473204,254,강원특별자치도 홍천군 화촌면,51720,강원특별자치도 홍천군,False,0.5420834349841425,1.8210246270473458,3.5221318595728017,3.6417834509707285,False,2,초고령 산간 오지형,105.98999823879568
4782025300,10913.0,4661.0,2017.0,1170.0,1174.1754815116628,501.4965563388491,217.01749713268796,1134.398415670166,484.50756120577694,209.66568353401675,121.62064934794228,0.8924058021156729,0.8924058021156729,0.162073161663464,437.3501383202711,2795.623140806922,2074.984496185449,3416.5717737184755,4154.370333748603,1925.000506357508,0.41566810642904,0.1892610630907861,799.9672877422661,0.1075941978843272,0.1039492729469592,0.1039492729469592,147,경상북도 청도군 청도읍,47820,경상북도 청도군,False,0.4271052872720608,2.903072228187579,3.317014856110154,3.2844308480825677,False,0,농촌 생활권 외곽형,50.36420872464485
1284034000,2934.0,1222.0,593.0,381.0,1162.803318701047,484.30322271734127,235.01784866725316,1162.803318701047,484.30322271734127,235.01784866725316,150.99797696833636,0.6036798504768075,0.6036798504768075,0.0,820.5931833519724,19329.11036063494,2714.7998336767932,5845.6991014193045,14381.603452736845,5904.440729708547,0.0,0.0308740133750638,107.6774991561465,0.3963201495231925,0.3963201495231925,0.3963201495231925,106,전남광주통합특별시 장성군 삼서면,46880,전라남도 장성군,False,0.4164962508520791,2.032124960370818,3.433737813912219,3.7711787674018082,False,2,초고령 산간 오지형,191.9391256419007
4415033000,4973.0,2520.0,1140.0,684.0,952.478279520277,482.6553919949926,218.34410590249664,952.478279520277,482.6553919949926,218.34410590249664,131.006463541498,0.8084700825416695,0.8084700825416695,0.0,534.9239126091022,7628.925001997923,2010.97037181143,4170.328891668256,15706.437527638904,7679.36366754808,0.0,0.0,105.92414849235148,0.1915299174583304,0.1915299174583304,0.1915299174583304,161,충청남도 공주시 계룡면,44150,충청남도 공주시,False,0.5067363764327367,2.024994981461704,3.3034056720618867,3.8853252347291694,False,2,초고령 산간 오지형,92.44294738961904
5179034000,5772.0,1661.0,615.0,414.0,1904.4397772572504,548.0378499695588,202.9158806329191,1673.24805673106,481.5081466095444,178.28266716729067,120.01467350773714,0.67005547864566,0.67005547864566,0.0,722.1943457000626,35083.358364435204,2673.500191747794,3134.032712925449,25846.425638632623,2957.866600575829,0.302574915524297,0.2318421241545055,282.96083459701293,0.32994452135434,0.2898905157191718,0.2898905157191718,160,강원특별자치도 화천군 사내면,51790,강원특별자치도 화천군,False,0.2877685377685378,2.451726327766346,3.4270802195846692,3.4709785834741904,False,0,농촌 생활권 외곽형,139.5846449436234
4161025300,52283.0,9831.0,3415.0,1920.0,3926.441822580741,738.3059418509126,256.46575032253753,2550.7674514582113,479.63190358789046,166.61000414532052,93.67238886061944,0.9249002195248792,0.9249002195248792,0.0642836203253567,370.8153280177536,3638.88409450943,1158.086382372876,1187.009147931266,4936.325804932151,775.9395378812667,0.4268683760059716,0.5432356960441929,1555.5209200230206,0.0750997804751208,0.0487877025315726,0.0487877025315726,101,경기도 광주시 초월읍,41610,경기도 광주시,False,0.18803435151005107,3.1918758562608356,3.0637409548911507,2.8898278818412493,False,1,도시 외곽 도농복합형,23.40013863689791
4377035000,5956.0,2363.0,931.0,590.0,1246.2232423345486,494.4300741498553,194.80084597271065,1206.772270429371,478.77818586712624,188.6341477115085,119.54258555294308,0.7907617121667985,0.7907617121667985,0.0,550.9806938835936,23281.05012963558,1574.817111880359,2296.0083716660656,12391.712576533811,1624.1223891430525,0.1568947815263243,0.7401150564205657,136.18789875846613,0.2092382878332015,0.2026145517846492,0.2026145517846492,116,충청북도 음성군 삼성면,43770,충청북도 음성군,False,0.39674278038952315,2.1341385192073874,3.197230125164953,3.210618753308295,False,0,농촌 생활권 외곽형,97.00742753373525
4113564000,26499.0,5737.0,2083.0,1201.0,3890.808993604975,842.3552283600039,305.843810471307,2204.2404402892134,477.215268724828,173.26815491612632,99.90161020368107,0.8531714784103183,0.8511049578803739,0.1089216665806601,222.2373749671959,1684.867236336234,388.7101778707039,362.62079174033926,1112.405673665876,219.53488533815553,0.8571490087325755,0.1428509912674244,6408.703087615906,0.1468285215896816,0.083182023483498,0.0831820234834979,17,경기도 성남시분당구 야탑3동,41130,경기도 성남시,True,0.21649873580135098,3.8067701513785726,2.5896259122165897,2.3415035419177554,False,1,도시 외곽 도농복합형,39.69573168975245
3020054800,35262.0,5043.0,1650.0,838.0,4129.227541560196,590.5420705600383,193.2172152338019,3322.023311136468,475.0996414854859,155.4460456972143,78.94774926925186,0.8828986574340594,0.8656371580258228,0.4902992409472206,248.20488910267255,926.6789606044584,502.2454479540083,449.3140896084276,2827.516275468452,247.22531194363552,0.8572450158467869,0.142754984153213,9648.854353123066,0.1171013425659405,0.0942097246649783,0.0942097246649783,15,대전광역시 유성구 노은3동,30200,대전광역시 유성구,True,0.14301514378084057,3.9844757508926394,2.7009160092581874,2.393092933547369,False,3,역세권 라스트마일형,44.75900641277753
4136057000,83011.0,14124.0,4933.0,2575.0,7576.372755193409,1289.090467460357,450.23246077470554,2790.388292269166,474.7737557674248,165.82122183522418,86.5578038162786,0.908730496498134,0.8966272962452905,0.1728121083035031,215.69357090242724,1428.0314508210329,600.6658987873111,611.024522913392,1592.1775151768118,330.46113027414947,0.9134864606061124,0.0840914957364356,8123.662135995847,0.0912695035018661,0.0336146810937004,0.0336146810937004,45,경기도 남양주시 별내동,41360,경기도 남양주시,True,0.17014612521232125,3.9097518527529678,2.778632976730296,2.519120383942083,False,3,역세권 라스트마일형,15.959368391780387
5280034000,2886.0,1523.0,822.0,493.0,960.6585954920866,506.95878064256686,273.6179367617794,898.4854991114912,474.1487924971591,255.90959122302348,153.48348962646054,0.6671314637934558,0.6671314637934558,0.0,854.0466297577877,25827.56853596543,1196.969369875191,8629.619016839559,8725.468199308953,3262.9493544032184,0.3676253366212981,0.1621910750620125,260.436117215153,0.3328685362065442,0.3113255367676685,0.3113255367676685,104,전북특별자치도 부안군 계화면,52800,전북특별자치도 부안군,False,0.5277200277200277,2.4157012119221193,3.0780830370694128,3.51361033297454,False,2,초고령 산간 오지형,147.61462733191993
5011033000,1482.0,474.0,220.0,132.0,1482.0,474.0,220.0,1482.0,474.0,220.0,132.0,0.0,0.0,0.0,5353.632671439952,15467.947245605672,1391.7875748912093,9880.25672137939,38094.84420691219,8635.181712494346,0.0,0.0,147.65475735858524,1.0,1.0,1.0,24,제주특별자치도 제주시 우도면,50110,제주특별자치도 제주시,False,0.31983805668016196,2.1692474442661998,3.143572955035651,3.9362714809773918,False,2,초고령 산간 오지형,474.0
5123025300,4488.0,2120.0,1026.0,646.0,1077.840088604697,509.1401488061403,246.4046191863679,997.161998750324,471.030177662809,227.96083126511417,143.53089375951637,0.7598395524499338,0.757920511980658,0.05536974040532,611.8300664087393,3510.364298733062,2661.505276738706,4473.570015844798,28886.29274920158,2931.6214500275514,0.268943853933956,0.3971125750213031,219.93899704975007,0.2401604475500662,0.2221840460673627,0.2221840460673627,172,강원특별자치도 삼척시 원덕읍,51230,강원특별자치도 삼척시,False,0.47237076648841353,2.342302240283764,3.425127331548124,3.467107890669623,False,0,농촌 생활권 외곽형,104.6553906929516
4831056000,23158.0,4444.0,1118.0,528.0,2855.35956197285,547.9410093016386,137.84834572439962,2453.9410868608143,470.9091540724354,118.46904461138226,55.94960246405173,0.8767009430014314,0.8767009430014314,0.0,233.3537941210971,10399.299113444797,808.6991104893377,803.7981925216856,1039.7388654671572,237.8603550658368,0.6759223145689597,0.2981180287790657,6837.1052998416435,0.1232990569985685,0.1059651561819161,0.1059651561819161,22,경상남도 거제시 옥포2동,48310,경상남도 거제시,True,0.19189912773123757,3.8348722686214085,2.9077869654182895,2.376322062840475,False,1,도시 외곽 도농복합형,49.89996205877961
4790040000,2448.0,1505.0,798.0,528.0,765.4748798475874,470.604450233096,249.5298015189439,765.4748798475874,470.604450233096,249.5298015189439,165.1024250651659,0.6873060131341555,0.6873060131341555,0.0,670.1113275296588,13583.173649410546,2104.5338232217136,7733.856266762924,17148.52195100096,10292.82973699669,0.0,0.0,65.35461321141946,0.3126939868658445,0.3126939868658445,0.3126939868658445,144,경상북도 예천군 지보면,47900,경상북도 예천군,False,0.6147875816993464,1.815276248711529,3.3231559099464834,4.012534788777546,False,2,초고령 산간 오지형,147.15518178019568
1279025000,23433.0,5582.0,2377.0,1351.0,9480.384994282496,2258.332652160838,961.672646754982,1966.4683397150168,468.43452704686655,199.47489623618804,113.3742468721456,0.5954258953491871,0.5954258953491871,0.0,592.4294646720524,11376.53030591546,1201.668471256257,1230.1368833166307,1772.1474199095687,1144.726586908726,0.5803425478322861,0.2775650552395013,2561.7196107503005,0.4045741046508128,0.0839187615633942,0.0839187615633942,117,전남광주통합특별시 해남군 해남읍,46820,전라남도 해남군,False,0.2382110698587462,3.4085315929465883,3.0797846665322175,3.0587017696661434,False,1,도시 외곽 도농복합형,39.310445383307325
2820065000,18056.0,4440.0,1533.0,847.9999999999999,2358.6811830030424,580.0035695909121,200.2579892303757,1904.009824441858,468.19913715783395,161.65524262679267,89.4218171869016,0.8693685654074522,0.8579078150469647,0.2127748224176877,249.84591571085244,1220.3754264183865,900.855364591826,599.3202876378664,2632.2220238522336,416.68592705727855,0.5637396699393201,0.4362603300606799,3722.6087633729703,0.1306314345925477,0.1054502561166292,0.1054502561166292,34,인천광역시 남동구 장수서창동,28200,인천광역시 남동구,True,0.2459016393442623,3.5708473953812776,2.954655069112339,2.619808833059689,False,3,역세권 라스트마일형,49.371718926878394
1274033000,3876.0,2234.0,1240.0,774.0,854.4783320652193,492.4934452615325,273.3625210941362,811.7626345915057,467.8735102366935,259.6970244823187,162.10120721718923,0.7795463539563418,0.7795463539563418,0.0,565.6916710918753,41398.962634981195,4819.787552534814,11194.639871756366,9678.614942425927,4886.381861101617,0.1480996549416709,0.2886467062112549,178.44692484064907,0.2204536460436582,0.2094330842599344,0.2094330842599344,124,전남광주통합특별시 고흥군 금산면,46770,전라남도 고흥군,False,0.5763673890608875,2.2515090681995273,3.6830278957502136,3.688987403220528,False,0,농촌 생활권 외곽형,97.98819229239271
5221045000,4332.0,2054.0,1029.0,647.0,1004.6526770212114,476.35193873535735,238.63979793509384,983.3476879525864,466.2502657097443,233.57912532391768,146.86656373622424,0.7680857162924258,0.7680857162924258,0.0,571.8835562316207,14703.895682797449,2040.387110054548,3095.2568390477622,15439.398152192352,2248.3446163547956,0.1812914026522851,0.3245116273966709,163.92580606597426,0.2319142837075742,0.2269962345227577,0.2269962345227577,121,전북특별자치도 김제시 금산면,52210,전북특별자치도 김제시,False,0.474145891043398,2.214647327883125,3.3097125712550204,3.351862878743412,False,0,농촌 생활권 외곽형,105.83705466134721
4790025000,13314.0,5142.0,2290.0,1322.0,1341.047256721354,517.9258670618298,230.6593223593135,1206.8882386264124,466.1123120787902,207.58405185928228,119.8367321213848,0.8992754050832692,0.899059002417076,0.122190215420696,391.4789691881,2413.003098243436,1506.277125108851,1734.3116442183173,2198.1826978490612,1228.680119656299,0.3669717446511751,0.445183230082618,971.4770729283204,0.1007245949167308,0.0906480575804726,0.0906480575804726,104,경상북도 예천군 예천읍,47900,경상북도 예천군,False,0.3862100045065345,2.9874325556118584,3.177904880784686,3.089438831340151,False,1,도시 외곽 도농복합형,42.25217570428539
4131054100,14646.0,3813.0,1396.0,790.0,3436.9714727671408,894.7953178793603,327.5988103224723,1788.4605131556275,465.6151807088904,170.4691298897485,96.46892020981468,0.7653303650985155,0.7653303650985155,0.0793249845069374,299.5549414708359,1454.7990217887686,891.5895471726095,864.0151718988507,1317.5085503944044,476.8807444592045,0.6854143375480943,0.3145856624519057,3441.499546040578,0.2346696349014844,0.1221125572276135,0.1221125572276135,28,경기도 구리시 교문1동,41310,경기도 구리시,True,0.26034412126177797,3.536747716603079,2.950164968251598,2.6784097867996803,False,1,도시 외곽 도농복합형,56.85746040035998
4773037000,3975.0,2195.0,1106.0,685.0,852.8418677410751,470.940352123688,237.2938630746237,843.1330894800327,465.5791525556407,234.59250238111096,145.29463302989242,0.7854485867318051,0.7854485867318051,0.0867360326828606,564.2147689609627,3261.701817127745,2229.6498618809824,3193.263933607396,13508.359539316622,3277.0928009213326,0.1751399443796034,0.2844845176204378,125.43223225183544,0.214551413268195,0.2121089533283101,0.2121089533283101,135,경상북도 의성군 금성면,47730,경상북도 의성군,False,0.5522012578616352,2.098409151250607,3.3482366679844158,3.5154887399351358,False,0,농촌 생활권 외곽형,98.75350674005855
5172025000,33299.0,8496.0,3257.0,2078.0,5714.306074938969,1457.964035336841,558.9205347330617,1821.373919056036,464.7104362383279,178.14994006923658,113.66152148107878,0.8283940636373774,0.8283940636373774,0.0,397.11033278170726,27175.39249877716,1566.7590085340491,1677.4320722587986,2766.8495604489053,1177.612782678793,0.6795654996438627,0.1509108817265027,2562.865260072921,0.1716059363626225,0.0546975560544171,0.0546975560544171,166,강원특별자치도 홍천군 홍천읍,51720,강원특별자치도 홍천군,False,0.2551427970809934,3.4087257742119363,3.1950022004809155,3.071002511172036,False,1,도시 외곽 도농복합형,25.418525135218562
4163052000,49055.0,10092.0,4373.0,2504.0,3604.61717369055,741.5716342245445,321.3330119365768,2258.020288761876,464.5385945201275,201.2908515493973,115.26007141086,0.9265188630375998,0.9265188630375998,0.0,218.98928196594903,4607.1244227299685,758.7530780127529,775.1056190755245,1562.8463500264183,389.82388737192457,0.6959996253738993,0.3040003746261007,4802.2529733213805,0.0734811369624003,0.0460303799564137,0.0460303799564137,46,경기도 양주시 양주2동,41630,경기도 양주시,True,0.20572826419325246,3.681445034109963,2.8801004658773732,2.590868448008789,False,1,도시 외곽 도농복합형,21.38288801017987
4148037000,6298.0,2211.0,1006.0,615.0,1329.3273852586185,466.6787629099405,212.33778176725468,1323.1609696778044,464.5139574400803,211.35280017400305,129.2067317167116,0.7889286463546177,0.7889286463546177,0.0,576.0425597816021,14664.983536533546,2415.308146753793,3915.171978929677,17759.316840564275,2989.956532634508,0.1578414895207029,0.3783155450925001,255.24915127709463,0.2110713536453823,0.21009224669384,0.21009224669384,167,경기도 파주시 적성면,41480,경기도 파주시,False,0.35106382978723405,2.4069643066990567,3.382972546225249,3.4756648746875753,False,0,농촌 생활권 외곽형,97.59078093923324
5181032000,7608.0,2257.0,850.0,576.0,1705.3221720147565,505.9032784223588,190.52626790385688,1558.6904378480815,462.40330155403785,174.14391064285874,118.00810885916076,0.7758514495248743,0.7758514495248743,0.0,666.893249174597,62189.52387516166,2655.578638235758,5966.091254795602,13586.647786660653,4249.326096582356,0.3023677757148053,0.246969294045531,444.5754335938436,0.2241485504751257,0.2048751889915985,0.2048751889915985,199,강원특별자치도 인제군 북면,51810,강원특별자치도 인제군,False,0.2966614090431125,2.6479454607259845,3.4241591664767475,3.628320060463969,False,0,농촌 생활권 외곽형,94.73496379622263
2772025000,7871.0,2921.0,1330.0,801.0,1243.826719912455,461.5954578661265,210.17526838820547,1243.826719912455,461.5954578661265,210.17526838820547,126.57924058567863,0.8419734824148831,0.8419734824148831,0.0,495.570108634534,14503.430220661108,2514.344676276776,2619.457180205882,10009.163904459096,2335.867412692002,0.3381541012051772,0.1964717879901536,546.1585456568461,0.1580265175851168,0.1580265175851168,0.1580265175851169,142,대구광역시 군위군 군위읍,27720,대구광역시 군위군,False,0.3711091347986279,2.7373187333802265,3.4004248122299954,3.3684481879393253,False,0,농촌 생활권 외곽형,72.94432273969147
2829054000,43455.0,6131.0,2039.0,1090.0,4988.724626157179,703.8515863069765,234.08145236991112,3264.738441949642,460.61699200536776,153.18839450317157,81.89080431998873,0.8851979144826331,0.8461651063910891,0.6729280896433765,227.70270541435195,797.1284195494839,780.1032928617592,586.6182693902207,768.2440679123443,4.003074505117887,0.6095841273127935,0.3728705837987828,13560.889623884905,0.1148020855173669,0.075129178275219,0.075129178275219,26,인천광역시 검단구 당하동,28260,인천광역시 서구,True,0.14108848233805085,4.132288181129195,2.8921521110877166,1.6989700043360187,False,3,역세권 라스트마일형,34.6057761089664
4413125000,21688.0,5464.0,2216.0,1377.0,2031.0652654882615,511.69958551401055,207.52677187025023,1825.9930020679485,460.0343859876093,186.57324292616073,115.9347272153986,0.906350734715591,0.906350734715591,0.0,409.6682085093316,9128.222731406226,1241.9662267848246,1671.6031806327512,4232.403497905449,1030.95643033891,0.4733237860523935,0.4531233920868817,809.2543666821572,0.0936492652844089,0.0841937016814804,0.0841937016814804,129,충청남도 천안시동남구 목천읍,44130,충청남도 천안시,False,0.25193655477683513,2.9080850515047603,3.0941097860817734,3.013240311778938,False,1,도시 외곽 도농복합형,38.73199785706378
4146125900,23431.0,4686.0,1760.0,923.0,2579.551692713017,515.8883202617557,193.76087145981433,2298.694876091894,459.71935424722017,172.66454619613904,90.55078189717972,0.8899085957614692,0.8899085957614692,0.0,434.16546443176617,9984.200538936053,1749.763983261979,2325.1033778560027,7870.777052331853,893.3160130112238,0.2622308749115395,0.5949909079196227,682.5422859195007,0.1100914042385308,0.0981048557932608,0.0981048557932608,132,경기도 용인시처인구 남사읍,41460,경기도 용인시,False,0.19999146429943238,2.8341295626323766,3.242979472869408,2.9510051189435607,False,1,도시 외곽 도농복합형,45.10070095379451
1168070000,45665.0,8473.0,3404.0,1926.0,9782.843612738132,1815.176479376551,729.241205688396,2474.1299032815486,459.0671777182648,184.42873515318936,104.35068857374932,0.7857693285286732,0.7628496160197589,0.082638059540138,284.4719590837277,1790.579875387131,394.2396831307728,540.1398247280472,2733.6772981503937,382.4092583016621,0.9214533055218858,0.0785466944781142,5219.216075691425,0.2142306714713266,0.0541800044515832,0.0541800044515832,20,서울특별시 강남구 세곡동,11680,서울특별시 강남구,True,0.18554691777072155,3.7176052770313435,2.5957603370852746,2.582528398197813,False,1,도시 외곽 도농복합형,24.872261732351323
5173035000,2386.0,1338.0,528.0,319.0,821.8532759848445,460.8716191398667,181.8686210058667,817.6332226391226,458.50513490827575,180.93476175752585,109.31475189517188,0.6555518541555555,0.6555518541555555,0.0,804.9217518313856,14273.037614959954,3426.6776644279794,11526.508753211496,26919.7319655049,4514.0064091164995,0.0817884061502449,0.2456054230093577,45.748441203540125,0.3444481458444444,0.3426794730256172,0.3426794730256171,168,강원특별자치도 횡성군 청일면,51730,강원특별자치도 횡성군,False,0.5607711651299245,1.6603763008454355,3.53487325378961,3.654562171366013,False,2,초고령 산간 오지형,157.12029800990746
5123031000,4502.0,2359.0,1134.0,784.0,913.3118573866512,478.565675605311,230.05234257584684,875.0166416305092,458.49939084992695,220.40623536405985,152.37961951095494,0.7971319730371721,0.7964902886368107,0.0084645202388915,556.0438205292039,6550.807550573162,2615.968407450488,6229.1303181068315,15098.748088084758,2949.4837260421527,0.2083670006562794,0.2736431317529746,132.5281429918651,0.2028680269628278,0.1943617595802997,0.1943617595802997,183,강원특별자치도 삼척시 근덕면,51230,강원특별자치도 삼척시,False,0.523989338071968,2.122308112599183,3.4176324947926076,3.469746004265265,False,0,농촌 생활권 외곽형,89.11474837208736
4315025000,6415.0,3010.0,1192.0,777.0,976.7765390655806,458.3160378156504,181.4992415535732,976.7765390655806,458.3160378156504,181.4992415535732,118.30948883148186,0.8477355356094185,0.8472597660690233,0.0600874608468765,492.10624732110506,4127.551755227382,2798.1792088680854,7481.713910418943,10171.974783661484,3086.341095848551,0.0488135064479123,0.2560293705055663,139.08817332380733,0.1522644643905815,0.1522644643905815,0.1522644643905815,236,충청북도 제천시 봉양읍,43150,충청북도 제천시,False,0.4692127825409197,2.1432902034746357,3.446875525356016,3.4894439216813367,False,0,농촌 생활권 외곽형,69.78524601961351
5179033000,3568.0,1117.0,472.0,318.0,1477.683692147587,462.6044518298359,195.47833595674356,1459.86927757083,457.0274616162044,193.1217205755134,130.11166767587554,0.5858509831424924,0.5858509831424924,0.0,1049.924242093261,42873.302232688846,3106.402725391941,12432.019763321015,33245.23431180478,5522.285339160849,0.071318586388245,0.1177377977734595,65.38862398317053,0.4141490168575075,0.409156187659986,0.409156187659986,280,강원특별자치도 화천군 상서면,51790,강원특별자치도 화천군,False,0.3130605381165919,1.8155021983078046,3.4922577585649557,3.7421188430894516,False,2,초고령 산간 오지형,186.9956138508068
4725025000,5871.0,2634.0,1261.0,810.0,1051.2906935296526,471.6572452320056,225.80098186695483,1018.0395747464554,456.7392675663709,218.6591558091092,140.4551278393168,0.8209349866241437,0.8209349866241437,0.2036495715961836,484.31944314648223,2336.085188426163,1316.7323358887784,1895.4832903211584,3589.0589368743163,3164.7616498481284,0.043900175414538,0.6173555668273488,528.7434053940749,0.1790650133758563,0.1734013923942182,0.1734013923942182,99,경상북도 상주시 함창읍,47250,경상북도 상주시,False,0.44864588656106286,2.723244963799035,3.119497500959659,3.5003410072274206,False,0,농촌 생활권 외곽형,79.1992249571241
4380025300,4613.0,1870.0,838.0,484.0,1140.8026246345669,462.4541313823196,207.2388032611678,1121.9453775277707,454.8098538861763,203.8131858591528,117.71549159406916,0.7526983254640002,0.7526983254640002,0.0,612.4490648313152,7300.770084555445,2586.972867382094,3312.772420336694,20442.89072665173,2874.993183331948,0.1636369908468937,0.2855501245773936,470.3680634279128,0.2473016745359997,0.2432138256075809,0.2432138256075809,131,충청북도 단양군 매포읍,43800,충청북도 단양군,False,0.4053761109906785,2.6724378267843254,3.412791873784951,3.4586368193057084,False,0,농촌 생활권 외곽형,110.61604448768183
4711132000,8838.0,3202.0,1320.0,764.0,1651.8864221443869,598.4770676291387,246.71759190208087,1254.647136768943,454.557607143489,187.3878955119942,108.4578425539118,0.8130927334075144,0.8130927334075144,0.0,500.9277398345867,13338.729145648562,1506.0299851166085,2260.1403529067757,4729.962067811731,1500.2361652640084,0.4393520314551927,0.3503329751234401,627.4617644531089,0.1869072665924855,0.1419605269030259,0.1419605269030259,90,경상북도 포항시남구 동해면,47110,경상북도 포항시,False,0.3622991627064947,2.7975872664192747,3.177833618771085,3.176159630520818,False,0,농촌 생활권 외곽형,64.52923741786836
4790041000,2668.0,1605.0,823.0,545.0,754.0242652711887,453.60155388315513,232.59444164849637,754.0242652711887,453.60155388315513,232.59444164849637,154.02669586686577,0.717382209418595,0.717382209418595,0.0,627.6280677733937,13319.867259921954,2021.709386198051,3005.8461330501027,16724.35438770607,13681.720872131638,0.0,0.0,106.80959172372212,0.282617790581405,0.282617790581405,0.282617790581405,113,경상북도 예천군 풍양면,47900,경상북도 예천군,False,0.6015742128935532,2.028610254992515,3.30571872739673,4.136140725912421,False,2,초고령 산간 오지형,128.19586896274944
4167034500,5539.0,2453.0,1036.0,658.0,1041.3177587355017,461.1576931175637,194.7653363513233,1024.203304503987,453.5783906749016,191.56429381948556,121.66921364210567,0.8120025710894562,0.8120025710894562,0.0444125980948039,526.3729292913353,3541.5886045363186,2075.566872051253,3199.345738560411,6337.823265780661,1850.0232654584447,0.0706459995481912,0.5397663509763514,121.62349222319092,0.1879974289105437,0.1849076195168779,0.1849076195168779,127,경기도 여주시 세종대왕면,41670,경기도 여주시,False,0.442859721971475,2.085017469324038,3.3171367303404105,3.2671771900228452,False,0,농촌 생활권 외곽형,83.8701004839925
4373036000,3918.0,2026.0,910.0,562.0,875.9367128971793,452.9473660872091,203.44625031557763,875.9367128971793,452.9473660872091,203.44625031557763,125.64482711797211,0.7764326919609037,0.7607615136342009,0.1690653560864334,569.1652700962302,2374.652618877289,1530.759529808259,3275.3845786812453,12897.316259340658,5190.549935525108,0.0,0.0845277175253005,193.84744585783469,0.2235673080390963,0.2235673080390963,0.2235673080390963,104,충청북도 옥천군 이원면,43730,충청북도 옥천군,False,0.5171005615109749,2.2874600830984204,3.18490697183487,3.7152133735153856,False,2,초고령 산간 오지형,101.2642233195164
4311376000,29994.0,4802.0,1724.0,1012.0,4738.102851624888,758.564042591942,272.3374446956493,2828.768828825506,452.8821736353962,162.59243384994235,95.44289040379446,0.842031644608092,0.827370235045467,0.0679865000878982,347.45228445407406,3901.5484468273457,1368.3069924056306,1315.1596451970445,2211.924142257056,645.473146523662,0.5173123731291964,0.3256123301657354,1985.9137755306233,0.1579683553919079,0.0943111565254886,0.0943111565254886,85,충청북도 청주시흥덕구 강서1동,43110,충청북도 청주시,True,0.16009868640394745,3.297960388356655,3.1361835463243524,2.809878179121134,False,1,도시 외곽 도농복합형,42.71184156533136
5113025000,16686.0,4646.0,1855.0,1173.0,1667.4137801578158,464.269712490304,185.3681267045876,1625.8768857846126,452.7043036890393,180.7504268926319,114.29663112941093,0.9000710907252897,0.9000710907252897,0.0008897663853448,408.2126084775735,6490.747307160268,1909.8662800223403,2146.986528273657,4519.739171027152,1185.465654421437,0.3041085985398073,0.41786789544823,754.6325323573951,0.0999289092747102,0.0974395832305293,0.0974395832305293,168,강원특별자치도 원주시 문막읍,51130,강원특별자치도 원주시,False,0.2784370130648448,2.8777355237893762,3.2810029610270988,3.0738889760187016,False,1,도시 외곽 도농복합형,44.111318678126956
4471039000,5746.0,2242.0,868.0,530.0,1198.7148885169806,467.71994083798654,181.0797986830385,1157.8838668981189,451.78831005666245,174.91179889794068,106.80098319805134,0.7913827204112459,0.7913827204112459,0.0,542.4717625236957,16611.97242493502,1581.7120624156462,1716.837850244989,13347.5147109685,1319.098967844313,0.2799584868973748,0.6229469670165827,282.6410761677652,0.208617279588754,0.201511289052927,0.201511289052927,95,충청남도 금산군 추부면,44710,충청남도 금산군,False,0.3901844761573268,2.4512352780244124,3.199127426642405,3.1202773805169937,False,0,농촌 생활권 외곽형,91.04044473856152
4377025300,19292.0,4842.0,1741.0,1055.0,1880.612434049852,472.00525635856224,169.71523158204394,1798.418063074167,451.3757133218494,162.2976284372862,98.34807467049797,0.902518534415828,0.902518534415828,0.0,441.87528950145463,17799.2387799671,1576.0261632139382,2358.3220083238994,4308.74188155471,1301.2982370087536,0.2539374064796556,0.617009879752755,548.6257997652089,0.0974814655841722,0.0932209238582919,0.0932209238582919,155,충청북도 음성군 금왕읍,43770,충청북도 음성군,False,0.25098486419241134,2.7392762269509814,3.1975634228268413,3.114376841406928,False,1,도시 외곽 도농복합형,42.07766100305831
5219025000,3435.0,1701.0,879.0,577.0,912.052349404998,451.6451372162741,233.3898151752528,911.120325182454,451.18360207725016,233.151314653676,153.0469949433118,0.7344825765924314,0.7344825765924314,0.0,623.932181112583,20340.44430942338,1609.0461001928568,3182.293717579074,14608.05914631723,3086.9591322795022,0.1286965213544974,0.3336390983601791,90.2973511694982,0.2655174234075685,0.2652460917561729,0.2652460917561729,104,전북특별자치도 남원시 운봉읍,52190,전북특별자치도 남원시,False,0.49519650655021835,1.955675010675155,3.206568487090056,3.4895308799702764,False,0,농촌 생활권 외곽형,119.6746871154629
4315036000,3252.0,1765.0,666.0,436.0,840.0318259255919,455.9213323366143,172.03603815081308,830.1575921560037,450.562161794387,170.01382422383102,111.30034138376926,0.7416876304041845,0.7416574451797983,3.5216095117244216e-05,643.3637370311776,10489.242316795817,2725.4567267081793,4208.238468675097,20669.917089088005,4110.074419153216,0.118151979844577,0.2682387209270837,69.6567560775408,0.2583123695958154,0.2552760123480946,0.2552760123480946,156,충청북도 제천시 백운면,43150,충청북도 제천시,False,0.5427429274292743,1.8429632454534315,3.435439290931301,3.6138496855098863,False,2,초고령 산간 오지형,115.01771197780813
4311425300,67657.0,7211.0,2604.0,1528.0,5588.941324614407,595.6790264391635,215.10860974172545,4219.292106820114,449.6994454717153,162.3931987253289,95.29063273897948,0.9173930070116262,0.9173930070116262,6.232109073832744e-05,335.22882994390756,6286.8380239455855,1079.0198524388122,1594.518403775559,3055.475599660775,736.3320135582655,0.4965415820772615,0.4446466330139348,2614.525613250899,0.0826069929883738,0.0623629795412169,0.0623629795412169,186,충청북도 청주시청원구 오창읍,43110,충청북도 청주시,False,0.10658172842425766,3.417392900760833,3.033029435160495,2.8670736827386314,False,1,도시 외곽 도농복합형,28.044597317649163
3020052000,27308.0,5306.0,1981.0,1156.0,5296.18618098675,1029.0597581776656,384.20041103466934,2311.9023123524285,449.2073264003949,167.7119701468493,97.86725769296204,0.806057339205114,0.806057339205114,0.0062327704742435,318.15673815941733,6020.129644684074,834.1104969590218,859.2174737519906,2115.5912077158414,701.5624300857344,0.7008992153028412,0.2540845810073342,2719.893474674416,0.1939426607948861,0.0846602575198633,0.0846602575198633,88,대전광역시 유성구 진잠동,30200,대전광역시 유성구,True,0.1943020360333968,3.4345518951124965,2.921223586657958,2.8460663237397834,False,1,도시 외곽 도농복합형,38.03000793286672
4715041000,2525.0,1483.0,723.0,467.0,764.5634032813854,449.04852557080966,218.92251111779865,764.5634032813854,449.04852557080966,218.92251111779865,141.4063799336265,0.6972026125618276,0.6972026125618276,0.0,660.283868607353,13518.870745966511,3341.976035182938,7215.493646972242,14128.523507589587,9141.675332779245,0.0,0.0,56.46873062565684,0.3027973874381724,0.3027973874381724,0.3027973874381724,152,경상북도 김천시 구성면,47150,경상북도 김천시,False,0.5873267326732673,1.751808025235217,3.524003331306886,3.961025793229156,False,2,초고령 산간 오지형,135.97072037580452
4183034000,7913.0,2931.0,1136.0,655.0,1407.9005320525546,521.4907695496066,202.11992978790624,1211.2767116249731,448.6606902278272,173.89237260280166,100.26364793559426,0.822077526595153,0.8219165610231967,0.0730934211673714,557.3427897915212,3311.565511398927,2098.522704293877,2306.358769715665,7044.625601398898,1817.127224697854,0.3330436051770822,0.4096277494063373,390.5215878355204,0.177922473404847,0.1530742716573958,0.1530742716573958,86,경기도 양평군 옥천면,41830,경기도 양평군,False,0.3704031340831543,2.591645046455834,3.321913672282894,3.2593853351506032,False,0,농촌 생활권 외곽형,68.67840837792912
5175025000,19150.0,5783.0,2481.0,1523.0,2474.702673615873,747.3214392438953,320.6129155739416,1485.6025308731766,448.6286911770016,192.46892319041,118.15000806892157,0.8707727063385967,0.8693527005387187,0.0952230390914157,403.1679372313442,2127.2877263599567,1805.5759017987536,2136.592520559978,2400.925012563252,1515.8526685750885,0.565657985419596,0.2331827499330027,1866.8875709079548,0.1292272936614033,0.0775771556591737,0.0775771556591737,202,강원특별자치도 영월군 영월읍,51750,강원특별자치도 영월군,False,0.30198433420365534,3.2711181643312375,3.2566157497772457,3.1806569926322936,False,1,도시 외곽 도농복합형,34.80333780860962
4183025000,38413.0,9329.0,3456.0,2016.0,2000.5052464000448,485.8436842648587,179.9845399098887,1842.200678486028,447.3977593417894,165.74195050758112,96.68280446275566,0.9479211400723704,0.9345359360625228,0.318727851381541,331.9446507196401,1642.4664833153442,1661.9524576646368,1238.1007728585346,1771.640788106203,693.9298575396729,0.4474056364726427,0.3620345179225636,2854.3190009992823,0.0520788599276298,0.0479577403089065,0.0479577403089065,89,경기도 양평군 양평읍,41830,경기도 양평군,False,0.24286048993830214,3.45550250859353,3.220618596061074,2.8413155741681257,False,3,역세권 라스트마일형,21.456185557300184
5173032000,3114.0,1452.0,545.0,349.0,981.2463126840564,457.53681631896274,171.73386011972084,959.082764520758,447.2023680424344,167.85488332171263,107.488723448216,0.6848919997803288,0.6848919997803288,0.0,722.2600148659059,13501.510788221996,2811.564798672657,4531.553132614543,21185.205622237903,3125.434101997355,0.0989834837315857,0.421907598257735,78.46242730227424,0.3151080002196713,0.3079906115994727,0.3079906115994727,138,강원특별자치도 횡성군 안흥면,51730,강원특별자치도 횡성군,False,0.4662813102119461,1.894661739272458,3.4489480972289086,3.494910346482903,False,0,농촌 생활권 외곽형,137.73413084212186
4711335000,2627.0,1593.0,703.0,424.0,736.428333019516,446.56655291210086,197.0723708080395,736.428333019516,446.56655291210086,197.0723708080395,118.8601496765416,0.7196694583100434,0.7196694583100434,0.0,683.7401585796063,26264.57819851256,3708.489660038656,15981.520450500955,31666.58570726947,15304.803619551316,0.0,0.0,59.91679570428932,0.2803305416899566,0.2803305416899566,0.2803305416899566,223,경상북도 포항시북구 죽장면,47110,경상북도 포항시,False,0.6063951275218881,1.7775485796387427,3.569197072455427,4.184827761408532,False,2,초고령 산간 오지형,125.18624367846589
2671033000,7050.0,3086.0,1304.0,707.0,1069.6421570331515,468.2149924261426,197.84586847818855,1020.0350337851952,446.5004417391649,188.67030979516235,102.29287501930963,0.848277708222248,0.8416685911363996,0.2501533435461135,494.9937904438839,3585.059890103479,1336.4565180060297,2109.4441047270607,5964.961621257681,1614.675122683131,0.3567818571759282,0.5520438512945943,435.9149932364764,0.1517222917777519,0.1446858203950631,0.1446858203950631,100,부산광역시 기장군 철마면,26710,부산광역시 기장군,False,0.4377304964539007,2.6394018067737877,3.1259548334275817,3.2080851541475166,False,0,농촌 생활권 외곽형,64.60228271978916
4122037000,17080.0,2852.0,1135.0,662.0,2755.324923914449,460.0811875295086,183.09682603295664,2673.50585319574,446.4191272432232,177.659785912012,103.62183107819556,0.8386812105436506,0.8386812105436506,0.0169796197262908,502.7136245245402,4524.27422371011,1833.5192867439296,3374.7026959952323,5561.614427388779,2007.9172276681709,0.0856717127940708,0.5662311741702545,444.6259224457121,0.1613187894563494,0.1565284457374555,0.1565284457374555,98,경기도 평택시 현덕면,41220,경기도 평택시,False,0.16697892271662765,2.6479947792063014,3.263285482653539,3.3027458059292116,False,1,도시 외곽 도농복합형,69.8772921348531
1281034000,4207.0,2111.0,1047.0,652.0,897.7543571862659,450.477643931592,223.42496124887575,888.7474511070494,445.9581338927933,221.18340416189227,137.7378982937476,0.7866046215388006,0.7866046215388006,0.0,583.1489180621196,15780.26494160412,3891.2562405481103,5787.007633859641,11632.371632625272,4462.393195942453,0.0540883638310477,0.3600134512836711,66.61749420796322,0.2133953784611994,0.2112544452358092,0.2112544452358092,149,전남광주통합특별시 무안군 현경면,46840,전라남도 무안군,False,0.5017827430473021,1.8235882928384783,3.590089830184869,3.649567834729679,False,0,농촌 생활권 외곽형,94.21063817391877
2818586000,46849.0,3804.0,876.0,416.0,8878.102202986893,720.8755956405075,166.00605199292443,5474.912357657121,444.54666286425936,102.3719444450818,48.61498731638588,0.8104953744373009,0.7920608391415938,0.1444820121905476,274.26246658793525,1722.294897933528,935.1511267285576,609.9870258116764,3923.474750956641,579.1356722306663,0.7741387348110496,0.2249020467211777,9496.2734363102,0.1895046255626991,0.1168629502797737,0.1168629502797737,24,인천광역시 연수구 송도5동,28185,인천광역시 연수구,True,0.08119703729001686,3.9775532112299152,2.9708818014613803,2.762780316402547,False,1,도시 외곽 도농복합형,51.95103455934526
4423031000,3607.0,1894.0,954.0,632.0,848.3366727986628,445.4531905408005,224.37293757968513,846.4662545356175,444.47105242319367,223.8782386545548,148.31346627848913,0.7648082415307283,0.7648082415307283,0.0,561.1828956279098,5252.814014965049,1465.94808777172,4186.548135302659,6775.736099225777,3316.823858055392,0.0028381596333086,0.4627850184371656,123.84589554281814,0.2351917584692716,0.2346732061368499,0.2346732061368499,82,충청남도 논산시 성동면,44230,충청남도 논산시,False,0.5250901025783199,2.0928816179251406,3.166118591319116,3.5207224086597413,False,0,농촌 생활권 외곽형,104.30544690717075
5115034000,3612.0,1744.0,824.0,518.0,920.2194848877202,444.3141698904164,209.9282545812518,920.2194848877202,444.3141698904164,209.9282545812518,131.96946101102964,0.745232700750908,0.7446938547331426,0.0317881708217753,611.7530094315426,6681.0709011457175,2525.518323748571,4675.616378699639,11682.267453460145,2466.2919416967393,0.0615887310176632,0.3831173430946669,122.99701130938364,0.2547672992490919,0.2547672992490919,0.2547672992490919,134,강원특별자치도 강릉시 강동면,51150,강원특별자치도 강릉시,False,0.48283499446290146,2.0898945586945823,3.4023505238576828,3.392044483923734,False,0,농촌 생활권 외곽형,113.19672108108358
4161033000,8934.0,2813.0,1055.0,639.0,1525.372162806798,480.28563845707663,180.12845665560462,1409.8442921619344,443.9100060277055,166.48597808717716,100.83842653811016,0.8292621263927918,0.8292621263927918,0.0,530.4031234805333,5996.160705682516,1526.651362234997,2634.224597997808,11408.096031695355,962.6199289000268,0.1969494126435872,0.7461626218809616,332.4782555867661,0.1707378736072081,0.1578066143006418,0.1578066143006418,103,경기도 광주시 도척면,41610,경기도 광주시,False,0.31486456234609356,2.5217632472707643,3.1837398695744654,2.9834548485336523,False,1,도시 외곽 도농복합형,70.0519351054097
4421032000,4942.0,2806.0,1404.0,891.0,826.0610854241229,469.0261848846801,234.68024361300456,781.5916266263916,443.777034462496,222.0466701302011,140.914232967243,0.8328488293354668,0.8328488293354668,0.0,510.56093384627786,37347.02554488052,2029.6456924717004,8306.131451185842,12482.87767199556,4523.629291193855,0.0872434568883523,0.1957722287715679,82.25383173752263,0.1671511706645331,0.1581528989531347,0.1581528989531347,214,충청남도 서산시 부석면,44210,충청남도 서산시,False,0.5677863213273978,1.9151561383995324,3.3074202313938836,3.6554870075298282,False,2,초고령 산간 오지형,70.1846244890689
4374031000,3145.0,1530.0,627.0,403.0,912.1889001922652,443.7675730665074,181.85769170764715,912.1889001922652,443.7675730665074,181.85769170764715,116.88779865738724,0.7099558345970539,0.7099558345970539,0.0,629.7764318835298,10802.408029730845,1855.1097173552344,9913.530510505325,12883.883193234342,3506.932591453819,0.0486717328230617,0.406479469673468,89.0538097101112,0.290044165402946,0.290044165402946,0.290044165402946,135,충청북도 영동군 용산면,43740,충청북도 영동군,False,0.4864864864864865,1.949652503256736,3.2683696003299545,3.5449274181652224,False,0,농촌 생활권 외곽형,128.71219536296599
5181033000,4893.0,1480.0,533.0,347.0,1465.613516208204,443.3084005698226,159.6509307457537,1461.43707092033,442.0451389662964,159.19598585745675,103.6416643387195,0.700467296912282,0.700467296912282,0.0,704.8063548915011,54345.64545412333,2297.5102522036855,4598.9471833572325,23782.58789822215,4561.802868327923,0.1727687388447525,0.2823632624836463,187.80599636767963,0.299532703087718,0.2986791479502003,0.2986791479502003,212,강원특별자치도 인제군 기린면,51810,강원특별자치도 인제군,False,0.3024729204986716,2.2737094545319043,3.361257458019217,3.6591365139421224,False,0,농촌 생활권 외곽형,132.0296654619813
2812553000,14099.0,3474.0,1424.0,784.0,2765.78263317879,681.4900962949937,279.34424211976716,1792.5182949714122,441.6773215639893,181.04447493008655,99.67617159072182,0.803831290646231,0.803831290646231,0.2688736681154529,251.2465263713901,1977.6370058105192,1043.721313725517,478.0230165524317,1590.146264202244,139.68586368900316,0.619654617056703,0.3788796112972868,1631.4254470476235,0.196168709353769,0.1271379739677574,0.1271379739677574,17,인천광역시 제물포구 신흥동,28110,인천광역시 중구·동구,True,0.24640045393290305,3.2125672321688707,3.0185845522407186,2.1451524574205396,False,3,역세권 라스트마일형,56.15395981115128
4180025000,8265.0,2504.0,1152.0,736.0,1497.9628889276476,453.8292890350671,208.79047163274657,1456.226519676684,441.1846588348962,202.97313377707684,129.67727991313242,0.8187582711521297,0.8187582711521297,0.2328896216148104,516.8301448062023,2201.379825110851,1583.4924411547097,1932.3666603508063,26544.16998173451,2206.9928999685376,0.2496202879740624,0.3574100587165749,467.5114174422985,0.1812417288478702,0.1761919564037125,0.1761919564037125,132,경기도 연천군 연천읍,41800,경기도 연천군,False,0.3029643073200242,2.6697922215649843,3.1996159945960683,3.343800936011929,False,0,농촌 생활권 외곽형,77.7331881754248
4790034000,2340.0,1437.0,712.0,483.0,717.7475113483847,440.77058709727726,218.3915504615598,717.7475113483847,440.77058709727726,218.3915504615598,148.1504478552435,0.6932702942955621,0.6932702942955621,0.0,650.6676363623678,6124.93078339417,2559.4320069847695,11182.760729352109,11652.372671196305,10968.75130178546,0.0,0.0,42.12667169571681,0.3067297057044379,0.3067297057044379,0.3067297057044379,130,경상북도 예천군 감천면,47900,경상북도 예천군,False,0.6141025641025641,1.624557148154056,3.4081435967174625,4.040157189688546,False,2,초고령 산간 오지형,135.1974324635202
4812352000,44045.0,5224.0,1378.0,673.0,7167.420964700515,850.0989242728002,224.24125529248064,3716.12424188136,440.7545246813083,116.26334896838492,56.78173719573516,0.8372704968849922,0.8372704968849922,0.0,247.72517382950917,4808.976446673663,686.2945918240995,647.9306697993189,789.8207768738923,190.8609852118817,0.7563812311665566,0.2436187688334432,6369.233872631037,0.1627295031150077,0.0843710805285812,0.0843710805285812,14,경상남도 창원시성산구 중앙동,48120,경상남도 창원시,True,0.1186059711658531,3.804087196087472,2.836510576553202,2.280717161296411,False,1,도시 외곽 도농복합형,37.18693549522319
4161052000,24488.0,5000.0,1656.0,868.0,3910.395637080873,798.4309941769179,264.4403452713952,2155.666271614729,440.1474746028114,145.77684358845113,76.40960159104806,0.8403138011646164,0.8403138011646164,0.0,241.19461648720016,3552.157374541393,821.0055694712088,489.9372020457941,1777.1606585445118,291.8417768627013,0.5772108275160236,0.4227891724839764,4990.511571316985,0.1596861988353835,0.0880294949205622,0.0880294949205622,15,경기도 광주시 송정동,41610,경기도 광주시,True,0.20418163998693237,3.698145066908431,2.91434610326123,2.4651474608345785,False,1,도시 외곽 도농복합형,38.74595987984647
4717033000,3678.0,1645.0,747.0,477.0,983.3255723095392,439.7962388388233,199.7129425000614,983.3255723095392,439.7962388388233,199.7129425000614,127.52754159642474,0.7326466633198642,0.7326466633198642,0.00136977971571,588.6347524606537,7595.17394394561,2684.572515045127,8341.60069634719,4531.176403390427,6293.729313655413,0.0,0.0103298181554525,66.67821051419,0.2673533366801357,0.2673533366801357,0.2673533366801357,133,경상북도 안동시 서후면,47170,경상북도 안동시,False,0.44725394235997823,1.8239839358734053,3.4288751395187056,3.798908060452995,False,2,초고령 산간 오지형,117.5809919129333
2827553000,35953.0,8259.0,3016.0,1844.0,3571.1802000867397,820.359282188312,299.5766551737437,1907.933792023264,438.2840149172568,160.05140924935787,97.85636560206098,0.900670870300483,0.897321618582305,0.5893674602622194,219.34649588910156,809.1034337499029,626.4413053851742,643.8198335909798,891.835444555861,585.5379882256213,0.4531334761987207,0.5468665238012793,7632.16105102725,0.0993291296995171,0.0530674433850656,0.0530674433850656,25,인천광역시 서해구 연희동,28260,인천광역시 서구,True,0.22971657441659946,3.8826475261135536,2.7968803858784836,2.7675550762513814,False,3,역세권 라스트마일형,23.258612148200772
4128152000,22208.0,4514.0,1667.0,934.0,2944.6057924771108,598.5208279557672,221.03106340324857,2149.784490396986,436.9653813784219,161.3693599374899,90.4133066476398,0.8674078803819745,0.8655677415739802,0.0116128444680501,296.9373992883875,2489.934476079399,1017.7657133221796,997.127152274022,3111.636374842107,808.8985316069895,0.5542473575879354,0.4457526424120646,2756.54250904563,0.1325921196180255,0.0968022555113916,0.0968022555113916,41,경기도 고양시덕양구 원신동,41280,경기도 고양시,True,0.20326008645533142,3.440364694185721,3.007647816191634,2.9078940470424905,False,1,도시 외곽 도농복합형,42.299234497826674
1230061500,20799.0,4198.0,1565.0,815.0,4923.1933584962635,993.6807403705618,370.44077148164104,2160.555989757155,436.0793329006461,162.56887946391402,84.66047077513733,0.7632966316411239,0.7632966316411239,0.0,314.4769987132623,3595.154641533174,369.4255163757729,472.9791724271316,396.48885758476894,378.98270220354794,0.856186893525692,0.143813106474308,4940.024448799177,0.236703368358876,0.1038778782517022,0.1038778782517022,13,전남광주통합특별시 북구 동림동,29170,광주광역시 북구,True,0.20183662676090197,3.693729098306703,2.567526889042721,2.578619388044623,False,1,도시 외곽 도농복합형,45.29899585113682
2671025300,8402.0,2941.0,1209.0,736.0,1341.8738234649427,469.7037508700782,193.0880091132011,1240.789445247926,434.32060919711387,178.54254216909575,108.69091070012776,0.8402911421727038,0.8400547894386038,0.1137856799427678,511.06936655940376,2713.42289277533,2555.3240630474775,2607.9872593543087,4369.658179258225,1657.7471333389617,0.2302614086250866,0.4227194929248709,364.104818991813,0.1597088578272962,0.1476778677990866,0.1476778677990866,96,부산광역시 기장군 장안읍,26710,부산광역시 기장군,False,0.35003570578433707,2.5612264269364236,3.4074459846542036,3.2195182855804894,False,0,농촌 생활권 외곽형,64.13954150743014
4477025000,10301.0,3774.0,1749.0,1014.0,1515.6660758256403,555.2979099277709,257.3439439490385,1184.8938703149822,434.112170329943,201.18234920696088,116.63745116973033,0.8528622390228482,0.8528622390228482,5.6625597034897785e-05,484.58439951571575,4625.431599540187,1149.6234619844786,1174.434753093278,5656.487809955455,744.5618801008309,0.5108890226843611,0.4465947682666268,1138.7952060440955,0.1471377609771517,0.1150270721594973,0.1150270721594973,53,충청남도 서천군 장항읍,44770,충청남도 서천군,False,0.3663721968740899,3.0564456302408307,3.0605556184755236,2.8719007975476316,False,1,도시 외곽 도농복합형,49.934651941858334
4128159000,26883.0,7061.0,3001.0,1772.0,4690.845176592717,1232.0819027608964,523.6478955084903,1651.077976331186,433.6666886461519,184.31294896290925,108.8312381080557,0.825508865208767,0.8254438663338763,6.499887489070291e-05,284.541757730382,3545.843951204917,1028.8771291633766,1035.8197935345288,2598.3626676701956,573.1774954111328,0.6213345711785517,0.3742269595190626,2705.439034731212,0.174491134791233,0.0614171772618824,0.0614171772618824,56,경기도 고양시덕양구 고양동,41280,경기도 고양시,True,0.262656697541197,3.4322377518416407,3.0123635134285958,2.7582891304157635,False,1,도시 외곽 도농복합형,26.634583889154275
1281025600,37246.0,4568.0,1706.0,966.0,4382.185011859788,537.4488840191029,200.71974521378937,3535.840912841957,433.649822527575,161.9541587635821,91.70440642767896,0.8823448152322454,0.8802776523798831,0.0181792289310697,362.8174116695703,3925.581742213378,1932.2087595546311,1750.0977022265206,2274.4674696067004,1538.327375023389,0.4461610887291284,0.2840796540435706,3094.3308413216896,0.1176551847677545,0.0949320977512204,0.0949320977512204,108,전남광주통합특별시 무안군 삼향읍,46840,전라남도 무안군,False,0.12264404231326854,3.4905667459758107,3.286054046626439,3.1870487685190994,False,1,도시 외곽 도농복합형,41.16728734198713
3611025000,54148.0,9751.0,3918.0,2302.0,5404.8111946326335,973.3012107347053,391.0772375816403,2407.738478552854,433.58679737698304,174.21731844149517,102.36045611340528,0.9001844722864625,0.9001844722864625,0.2369543526145006,248.8932682909202,1430.7617951592028,803.3656395079391,594.2710529044576,6210.947573651096,353.11371793365515,0.6298259318360093,0.3701740681639905,5787.36210615744,0.0998155277135375,0.0444658801535209,0.0444658801535209,39,세종특별자치시 세종시 조치원읍,36110,세종특별자치시 세종시,False,0.18008052005614242,3.7624806563373085,2.904913252723986,2.5479145895743285,False,3,역세권 라스트마일형,19.27981856831388
3171025900,66879.0,10211.0,3258.0,1719.0,10343.795150373988,1579.2773857334707,503.896359095059,2839.623251976226,433.5500385162643,138.33180153618542,72.98722125251771,0.8453356786080236,0.8453356786080236,0.0,310.69668809578616,11128.329381419037,800.1712337965571,992.3602638186586,2164.125530839433,847.6456794285424,0.8159520539117399,0.0659390453522268,6925.795027166826,0.1546643213919763,0.0424591164936112,0.0424591164936112,135,울산광역시 울주군 범서읍,31710,울산광역시 울주군,False,0.15267871828227098,3.8404696342120483,2.9031829344111615,2.928214352698032,False,1,도시 외곽 도농복합형,18.408151591171688
4717055500,24558.0,4852.0,2017.0,1153.0,4830.577784147753,954.3921902713942,396.7454756342543,2191.7890445918497,433.03853914649625,180.01622701122895,102.9046652176237,0.8032992188228784,0.8021537149338851,0.0034365116669799,302.52305327016325,4363.992529687146,1347.3203138793042,1508.4680438305527,2946.004600261896,446.7987721259085,0.6664813369013358,0.0746839546697599,4580.85337515242,0.1967007811771216,0.0892494928166727,0.0892494928166727,55,경상북도 안동시 용상동,47170,경상북도 안동시,True,0.1975730922713576,3.6609463910161364,3.1294708577963166,2.650111970934898,False,1,도시 외곽 도농복합형,38.64846998889766
4128156000,26283.0,3257.0,1228.0,702.0,3749.7265448919175,464.6676314238471,175.19553312511033,3494.3871845807003,433.0258745264749,163.26551240973637,93.3325649117548,0.8573326277482816,0.8573326277482816,0.3365103458796394,307.70273554866606,1834.5863770473552,1610.4570361557442,1519.039732043968,3512.9080820660083,993.0411819678476,0.2596210755323294,0.5870671817861053,5448.990536561496,0.1426673722517185,0.1329523716691664,0.1329523716691663,57,경기도 고양시덕양구 효자동,41280,경기도 고양시,True,0.12392040482441122,3.736316053651459,3.2069491431828,2.996967259301557,False,3,역세권 라스트마일형,57.57181701240971
4146351700,19117.0,3111.0,1287.0,876.0,5066.938460881009,824.566906512571,341.11784271349364,2642.606871941878,430.0439388298992,177.90631606367091,121.09241093378068,0.7349511711627866,0.7053183885926329,0.0613378258632877,324.69563627135955,1521.455404448273,725.154156881009,689.6946351676031,2124.54448122959,484.29730887916634,0.5490210487135275,0.4509789512864725,3165.2711415263934,0.2650488288372134,0.1382333458148181,0.1382333458148181,18,경기도 용인시기흥구 영덕2동,41460,경기도 용인시,True,0.1627347387142334,3.500410918215947,2.8604303408689775,2.6851120557858015,False,1,도시 외곽 도농복합형,59.446412511839945
2638060200,24233.0,7513.0,2721.0,1434.0,3562.364327846182,1104.446135233292,399.9997250059613,1387.00726895331,430.01632532687734,155.7399735411198,82.0768548540852,0.85299532340832,0.8284362296104418,0.6395597129549829,234.7656768274628,805.165274656107,522.7635594620364,462.2273782607222,1376.1809125545258,243.6814134227422,0.8668808643170886,0.1331191356829114,9934.618626986809,0.1470046765916799,0.0572363004561263,0.0572363004561263,9,부산광역시 사하구 다대2동,26380,부산광역시 사하구,True,0.3100317748524739,3.997151199943647,2.718305306383382,2.386822405032994,False,3,역세권 라스트마일형,24.612543597448504
4427036000,4485.0,2202.0,1094.0,682.0,873.946420282827,429.0813862793278,213.17667420053797,873.946420282827,429.0813862793278,213.17667420053797,132.89441664055474,0.8051401515534388,0.8051401515534388,0.0,529.4139520211663,12402.73472378681,1949.0596916778968,2723.5003956800083,7531.70952618306,2542.7627654186736,0.0925750176254721,0.5446842589026446,102.769783409911,0.1948598484465612,0.1948598484465612,0.1948598484465612,110,충청남도 당진시 순성면,44270,충청남도 당진시,False,0.4909698996655518,2.0118654412413606,3.289825139974139,3.4053058432761154,False,0,농촌 생활권 외곽형,83.6107339016302
4421038000,4810.0,2559.0,1282.0,830.0,811.8814301149829,431.93442404661977,216.3891878185879,806.0167941720078,428.81434018423454,214.8260977398158,139.0839790359182,0.831209681888777,0.831209681888777,0.0,506.695485387782,23217.87132777911,2233.4926874582543,4098.308984852114,9744.390914114352,3417.0548569647035,0.1165700981686642,0.2749071515410597,99.10789741372768,0.168790318111223,0.1675710590794195,0.1675710590794195,172,충청남도 서산시 운산면,44210,충청남도 서산시,False,0.532016632016632,1.9961082626240005,3.3489845349131953,3.5336519509631845,False,0,농촌 생활권 외곽형,71.85687313311466
4127357000,46070.0,7218.0,2600.0,1544.0,4124.649058555711,646.2278468559826,232.77811053277293,2734.061523355179,428.35806545642896,154.29910919738367,91.629932538754,0.910469957487395,0.8986259874703054,0.1451257701519914,236.00587517206296,2156.9228889668047,2307.1565944580725,1623.771448744247,2279.831495478305,549.8169862141567,0.2848334204948426,0.3397075825956739,1650.9188099164771,0.0895300425126049,0.0593458112297629,0.0593458112297629,70,경기도 안산시단원구 초지동,41270,경기도 안산시,True,0.15667462556978512,3.217725715738702,3.363077072544941,2.740218152941283,False,1,도시 외곽 도농복합형,25.421256891323655
4415040000,3024.0,1580.0,668.0,397.0,819.7962014891101,428.33267141296096,181.09254715434045,819.7962014891101,428.33267141296096,181.09254715434045,107.62536110819336,0.7289033725234425,0.7289033725234425,0.0,625.0791259866315,28320.739735112933,2123.2887132213273,6342.902820058857,17516.93832819368,6575.5445956571875,0.0,0.0040242619642165,70.65262827791919,0.2710966274765575,0.2710966274765575,0.2710966274765575,145,충청남도 공주시 신풍면,44150,충청남도 공주시,False,0.5224867724867724,1.849128322240714,3.3270090511767374,3.8179317275183386,False,2,초고령 산간 오지형,116.11954265807819
5113033000,33007.0,3489.0,1043.0,633.0,4201.509926919376,444.1199786415519,132.76501511124636,4045.261363737491,427.6037476317178,127.8276608712759,77.57901182312335,0.8727085185894091,0.8704373447091031,0.0357433474536158,480.5238801821277,3329.0098779818395,1844.654258905618,2664.2585689628695,6503.885587724911,1861.8372722915292,0.2670811033083652,0.4066498367028232,977.9550336775762,0.1272914814105909,0.1225576806052501,0.1225576806052501,154,강원특별자치도 원주시 지정면,51130,강원특별자치도 원주시,False,0.1057048504862605,2.9903188864086077,3.265914978885264,3.2699417202359973,False,1,도시 외곽 도농복합형,52.40612352785604
5214038000,2582.0,1463.0,736.0,479.0,755.3961867109088,428.0188308125715,215.32594632812896,753.7338055244678,427.0769006515478,214.8520839914827,139.8290057498916,0.7074375729237379,0.7074375729237379,0.0105962987141076,641.9448347824314,4493.207924041067,1773.476539712349,4141.8609740139955,10019.955820697303,2566.0044114068705,0.014654316296292,0.6265105155821613,90.32572735528426,0.2925624270762621,0.2919185923797319,0.2919185923797319,80,전북특별자치도 익산시 망성면,52140,전북특별자치도 익산시,False,0.5666150271107668,1.9558114674458664,3.2488254478173437,3.4092573986671306,False,0,농촌 생활권 외곽형,124.67168767609844
5173034000,2492.0,1339.0,515.0,319.0,794.3819978945984,426.8368760757894,164.168029259919,794.3819978945984,426.8368760757894,164.168029259919,101.68854627944498,0.6812271276506426,0.6812271276506426,0.0,736.4206715990515,12007.301812612965,2735.9729658870756,11312.773248076024,18138.981366256387,7657.355644829281,0.0,0.0,46.24323595791241,0.3187728723493573,0.3187728723493573,0.3187728723493573,176,강원특별자치도 횡성군 갑천면,51730,강원특별자치도 횡성군,False,0.5373194221508828,1.665048217053748,3.4371118018112106,3.8840788183098205,False,2,초고령 산간 오지형,136.06401701130605
4128558000,20079.0,1846.0,596.0,340.0,7523.116985736382,691.6516736724619,223.30682421927804,4638.189864372393,426.4205632567078,137.67424469176484,78.53899864966449,0.625324120437453,0.6191088395848302,0.0451752619822669,395.71445472204834,1771.5071596505966,1062.6370219282862,968.926642512918,1815.3477263541347,703.0943396971534,0.4671483404337845,0.5328516595662155,1945.9016118469665,0.374675879562547,0.2309970548519544,0.2309970548519543,26,경기도 고양시일산동구 장항1동,41280,경기도 고양시,True,0.09193684944469346,3.2891208778068624,3.0263849425158202,2.8470136016358416,False,1,도시 외곽 도농복합형,98.50189424061102
4882025000,22358.0,6507.0,2643.0,1492.0,2362.9251000737695,687.6980779219974,279.32780389547247,1464.721753364309,426.28788125689056,173.14874291716026,97.74420145002009,0.8943141112767792,0.8943141112767792,0.0,352.41039293844,28704.198188036928,1549.160162339179,1793.581520418286,1979.070108524171,1091.6843060191154,0.4181185916036103,0.3811507119972994,1664.3613137926786,0.1056858887232207,0.0655121993632842,0.0655121993632842,89,경상남도 고성군 고성읍,48820,경상남도 고성군,False,0.2910367653636282,3.221247612551319,3.1900963202926653,3.038097066962224,False,1,도시 외곽 도농복합형,27.92705666305344
4717025000,7976.0,3024.0,1436.0,900.0,1122.5961816801755,425.61821130903337,202.11235166659125,1122.5961816801755,425.61821130903337,202.11235166659125,126.67208669911707,0.859253237000981,0.859253237000981,0.0048821547831453,459.38994420753744,10491.965774321818,2463.181250438428,4082.791233013031,9802.82702159782,2886.9929550996835,0.0999858330838231,0.2295588837905698,245.84182468608267,0.140746762999019,0.140746762999019,0.1407467629990189,196,경상북도 안동시 풍산읍,47170,경상북도 안동시,False,0.3791374122367101,2.3906557706788294,3.3914963700888245,3.4604457241075766,False,0,농촌 생활권 외곽형,59.90438551517891
4136056500,36526.0,5060.0,1743.0,915.0,6891.540102538471,954.6950916838596,328.86038434880777,3066.6889238314275,424.8328849199754,146.34065581334332,76.8225473718928,0.8113250806948894,0.7850184322394894,0.1867882031303793,274.36506508731765,1514.7914200217383,695.666771715688,684.2690107092,2530.0549298830656,372.3877880230063,0.7360654888286546,0.2639345111713453,5065.559374077153,0.1886749193051106,0.083959068166003,0.083959068166003,18,경기도 남양주시 다산2동,41360,경기도 남양주시,True,0.1385314570442972,3.7046274101427668,2.8424012599263477,2.5709954304156883,False,3,역세권 라스트마일형,35.66857314415592
4157025600,30379.0,7578.0,2836.0,1587.0,1992.6243890289643,497.05742848880783,186.0193807329452,1702.8343758472083,424.76970605254104,158.9663349650312,88.95612608938805,0.9344078347204,0.9339072452849894,0.0490478500965833,323.0394040764775,2707.724171877688,1293.2838651386846,1698.4417936497523,3032.0275974265983,665.855276104263,0.4189074075704192,0.5456420114292693,1049.4755509979184,0.0655921652795998,0.056053009508121,0.056053009508121,97,경기도 김포시 양촌읍,41570,경기도 김포시,False,0.24944863227887687,3.02097232553836,3.1116938593991543,2.823379845357445,False,1,도시 외곽 도농복합형,23.809620372124844
4888032000,1714.0,942.0,519.0,362.0,772.4915181624127,424.554848371641,233.91079225571303,772.4915181624127,424.554848371641,233.91079225571303,163.15165086043956,0.5493048318772388,0.5493048318772388,0.0,837.8699841209334,48253.44801091913,1555.3934041368366,14682.9927299465,20808.86721176349,16229.175555196844,0.0,0.0,73.7891144262516,0.4506951681227612,0.4506951681227612,0.4506951681227611,77,경상남도 거창군 웅양면,48880,경상남도 거창군,False,0.5495915985997666,1.8679922982281316,3.1918402529365486,4.2102964581550655,False,2,초고령 산간 오지형,191.34481876419014
4812131000,44275.0,7376.0,2288.0,1208.0,3816.2650251566097,635.7712213564123,197.21319881554655,2545.8771344793468,424.1307677903933,131.56334011719358,69.46176348844836,0.9138054200981004,0.9138054200981004,0.0,350.85214964549147,9031.325766014694,1251.2220179919325,1345.0715070372353,3468.5971122451874,1148.5187334161858,0.5646559686844984,0.3195543320070915,2842.0460017776377,0.0861945799018997,0.0575014598414307,0.0575014598414307,141,경상남도 창원시의창구 북면,48120,경상남도 창원시,False,0.16659514398644834,3.4536311032031675,3.097334378145651,3.0601380833385545,False,1,도시 외곽 도농복합형,24.38813831161447
1281025300,25631.0,3125.0,1417.0,843.0,3522.682763020749,429.4948942468042,194.75016484727092,3469.888651041133,423.0580950608068,191.83146262437225,114.12415172360323,0.8625616338410227,0.862237511814842,0.0024362817041316,482.9647918542785,4238.259931015682,1671.7032994859255,2715.335172365621,7598.069761080453,2900.476060745286,0.1836255630875712,0.3467482483337784,872.2506026358893,0.1374383661589773,0.1353785904194581,0.1353785904194581,128,전남광주통합특별시 무안군 일로읍,46840,전라남도 무안군,False,0.12192267176465998,2.940641278173288,3.2231591996399316,3.4624692853426167,False,1,도시 외곽 도농복합형,57.27300857487313
4885036000,3035.0,1553.0,766.0,471.0,918.2855323741904,469.8838325460025,231.76498115276104,826.3544177204645,422.8429689357106,208.56259768496733,128.24149283240158,0.6974347504533146,0.6974347504533146,0.0,700.12433990165,16400.98006428762,1509.2097132542592,5782.143222440537,17057.252655571094,2800.158653237758,0.1740281393724306,0.410447211529173,97.23445146207716,0.3025652495466854,0.2722749317036127,0.2722749317036127,84,경상남도 하동군 금남면,48850,경상남도 하동군,False,0.5116968698517298,1.9878201685160723,3.1787495916516395,3.4471826385828277,False,0,농촌 생활권 외곽형,115.12954048832344
5274033500,4193.0,1571.0,743.0,481.0,1224.5213573959045,458.79395479822705,216.9853013463289,1126.917212634958,422.22440759587863,199.68983758353775,129.274309391227,0.7079605634638911,0.7079605634638911,0.0,645.3436015258425,39363.316035617994,1407.378687735416,3142.866082004851,22182.23630314385,3334.01256189948,0.2654741950280981,0.2962356179276711,299.89426702107994,0.2920394365361088,0.2687615579859189,0.2687615579859189,100,전북특별자치도 장수군 장계면,52740,전북특별자치도 장수군,False,0.3746720725017887,2.4769681635757723,3.1484109701182725,3.5229672318307235,False,0,농촌 생활권 외곽형,113.47768960514999
4721039000,2680.0,1568.0,714.0,442.0,721.6425947297134,422.21477184186216,192.2585121779908,721.6425947297134,422.21477184186216,192.2585121779908,119.01717420542288,0.7307303751008531,0.7307303751008531,0.0,635.26698746178,14416.502704734814,1862.44293423624,14948.421045845043,15121.631998032364,15323.462195466434,0.0,0.0,104.0005950969248,0.2692696248991468,0.2692696248991468,0.2692696248991468,131,경상북도 영주시 부석면,47210,경상북도 영주시,False,0.5850746268656717,2.0170358243619653,3.270082974721814,4.185356901230648,False,2,초고령 산간 오지형,113.68961324073707
5273032000,3899.0,1566.0,706.0,456.0,1191.587351559133,478.59086754080585,215.7631880484093,1050.002001099163,421.72432257534985,190.1260355927184,122.80095216753482,0.6943864191948876,0.6943864191948876,0.0,895.3825579982436,29714.029013229876,2553.0342714159237,3083.6375414875224,29524.141670016594,2754.666835507482,0.1683807885903257,0.370500764187383,127.2249287871576,0.3056135808051123,0.2693003337007342,0.2693003337007342,147,전북특별자치도 무주군 설천면,52730,전북특별자치도 무주군,False,0.4016414465247499,2.104572216453541,3.407056644724706,3.44006908041096,False,0,농촌 생활권 외곽형,113.57050079925779
3020052600,21565.0,3054.0,795.0,425.0,5924.11239620691,838.9631003021518,218.39412728887055,2974.3925408944824,421.2286028236378,109.65184651106485,58.618911656858565,0.725290405925949,0.725290405925949,0.0,342.5301542597741,3065.9076649604467,995.3499538297096,872.4767964468159,3838.354564903844,425.8087965494168,0.6130498821332429,0.3869501178667571,2600.056865935016,0.274709594074051,0.1379268509573142,0.1379268509573142,29,대전광역시 유성구 학하동,30200,대전광역시 유성구,True,0.14161836308833758,3.414982846544554,2.997975800641478,2.6292146290454945,False,1,도시 외곽 도농복합형,58.098734720613585
4833056000,28299.0,7681.0,3403.0,1932.0,3334.3473950933003,905.0186346412112,400.9606058695537,1551.826101221145,421.201324551384,186.6095700362401,105.94466332941988,0.882174373826167,0.882174373826167,0.0,207.1052398189245,14844.837557176,646.2718066394052,623.7079889149559,1083.6540867402937,166.97284083122955,0.8083501624535828,0.1916088916218416,6900.239525100297,0.117825626173833,0.0548367822616044,0.0548367822616044,17,경상남도 양산시 평산동,48330,경상남도 양산시,True,0.2714230184812184,3.8388641664798406,2.810415210405106,2.2226458361993835,False,1,도시 외곽 도농복합형,23.097325322723613
5183035000,4475.0,1893.0,791.0,492.0,998.188578128692,422.2504979659473,176.43959001112748,992.2221936497538,419.72661733608584,175.38497322390063,109.08900989400644,0.7769410998595102,0.7769410998595102,0.0,577.6481527543189,63514.13884506198,2413.999814026242,2524.5870987967464,9289.933553229484,2223.222071123474,0.1199264238429863,0.4425633645844633,234.92466058001295,0.2230589001404898,0.2217256298658667,0.2217256298658668,80,강원특별자치도 양양군 강현면,51830,강원특별자치도 양양군,False,0.4230167597765363,2.370928608057624,3.3827372323034264,3.3469828452660564,False,0,농촌 생활권 외곽형,93.06414860031323
4157051500,56579.0,10874.0,4239.0,2404.0,7261.49748147906,1395.5977237774316,544.0443949873583,2177.3729874531523,418.4724697425825,163.13268339514505,92.51497307901126,0.871657373204209,0.8670083979727154,0.3004771275028354,229.5508335586727,1148.1974308775889,560.2169850772117,520.1584260833002,881.3583251769154,306.7742733771073,0.8605838862215484,0.1394161137784516,6913.0851754728565,0.128342626795791,0.0384837658398549,0.0384837658398549,31,경기도 김포시 김포본동,41570,경기도 김포시,True,0.19219144912423336,3.8396719078169004,2.7483562719518178,2.486818936115151,False,3,역세권 라스트마일형,16.10439653599931
2771031000,6686.0,3009.0,1393.0,819.0,928.8973695244214,418.04549579703615,193.53186295954515,928.7319726301372,417.9710597732699,193.49740321175307,113.7648049033925,0.8610682965114536,0.8610682965114536,0.0,511.1766724989461,5599.30673004159,3412.1089964990833,3905.1450703145265,8938.644621711162,3419.9386051609067,0.4319587396482957,0.047966809368382,843.2272249282962,0.1389317034885464,0.1389069656940079,0.1389069656940079,129,대구광역시 달성군 가창면,27710,대구광역시 달성군,False,0.45004486987735565,2.925944619980965,3.5330228958313676,3.5340183096587183,False,0,농촌 생활권 외곽형,58.059091661013724
4822036000,1797.0,1024.0,548.0,365.0,728.4995692134863,415.12718913445184,222.15790981023395,728.4995692134863,415.12718913445184,222.15790981023395,147.97014065827628,0.5946023543608869,0.5946023543608869,0.0,1712.4958602559968,20765.337800488323,1956.9918917076104,12444.21121333186,12293.87156314012,8146.103700462669,0.0,0.0,56.417492602716,0.4053976456391131,0.4053976456391131,0.4053976456391131,107,경상남도 통영시 한산면,48220,경상남도 통영시,False,0.5698386199220924,1.7514137806317822,3.2915890262742824,3.9109499343839156,False,2,초고령 산간 오지형,168.2915851158896
5214057000,19229.0,5588.0,2225.0,1207.0,3038.945052630075,883.1257451815934,351.6382933122844,1427.9440354816077,414.9644427828397,165.22832591120584,89.6317255617193,0.8419603176124565,0.8242680138912178,0.0924450722065713,322.5011213529038,1968.6595405127237,841.0432279886219,878.0342107029791,1565.0231892268891,537.074863379465,0.6917869356789654,0.3036914845745643,3730.804515680714,0.1580396823875435,0.0742599217578453,0.0742599217578453,33,전북특별자치도 익산시 동산동,52140,전북특별자치도 익산시,True,0.29060273545166154,3.5718024937512727,2.9248183182645575,2.7300348266427608,False,1,도시 외곽 도농복합형,30.81522705334155
1279034000,5338.0,2418.0,1192.0,783.0,948.8011330786186,429.7866503904271,211.8716655357275,915.9809576020364,414.91981181748287,204.54276910109164,134.3598894346936,0.8222553141478797,0.8222553141478797,0.0,543.0818021446087,40953.25822004134,4489.700872335435,4367.055426060913,29612.4549713869,3395.41375019495,0.0703166117926295,0.2298964404519248,111.75694643561332,0.1777446858521204,0.1715962828029292,0.1715962828029292,171,전남광주통합특별시 해남군 송지면,46820,전라남도 해남군,False,0.4529786436867741,2.048274526926093,3.6522174069673237,3.5308927030577655,False,0,농촌 생활권 외곽형,71.19869736917096
5280036000,4050.0,1675.0,764.0,441.0,1098.408113656457,454.27989885791743,207.2058762551934,1002.243936397196,414.5082946827909,189.06527590307596,109.13322862991689,0.7287881200848254,0.7287881200848254,0.0,683.0607002416306,40763.52188326623,2647.649330805086,2779.2267303931862,29388.7656195038,2029.6757620629216,0.2157276504463676,0.4035128220557694,117.66663430590668,0.2712118799151746,0.2474676386165915,0.2474676386165915,136,전북특별자치도 부안군 변산면,52800,전북특별자치도 부안군,False,0.41358024691358025,2.0706533312282045,3.422860464233982,3.3074266655024838,False,0,농촌 생활권 외곽형,102.57738887214052
3020058000,32549.0,4489.0,1613.0,952.0,6945.350557249817,957.8690175272492,344.18416691277633,3005.2995475964044,414.4763178334284,148.93078651488526,87.8996334545386,0.7866186193969149,0.7866186193969149,0.0,316.1569127965651,5590.69459730706,721.3634089597978,1170.231345087929,2413.764942410594,678.3071988716691,0.7610558570541771,0.142870288538348,7158.4299925335445,0.2133813806030851,0.092331547746364,0.092331547746364,63,대전광역시 유성구 구즉동,30200,대전광역시 유성구,True,0.1379151433223755,3.854817782036078,2.858154109024926,2.8314264262551316,False,1,도시 외곽 도농복합형,38.269239929774336
4165025000,42798.0,9934.0,3570.0,2138.0,1960.494917527665,455.05763144819434,163.53490479867665,1783.5454576744753,413.98524642596,148.77464563526044,89.09809310033245,0.9541919034177376,0.9541919034177376,0.0,319.0957582584118,9756.448328761124,1363.2509604373838,1265.3501939828857,2581.4843554407025,556.4603842341835,0.3899294530453718,0.5832472325053002,1864.3833148584436,0.0458080965822623,0.0416735702059553,0.0416735702059553,92,경기도 포천시 소흘읍,41650,경기도 포천시,False,0.23211365017056873,3.2705352075960272,3.1345758123280567,2.74543425129264,False,1,도시 외곽 도농복합형,17.25224323116195
1285025300,3298.0,1468.0,752.0,477.0,952.1705169976937,423.8284775477909,217.1110457193043,929.3813393566307,413.6845985977968,211.914726257182,134.4193143945157,0.7112885030328401,0.7112885030328401,0.0,830.1850422351464,48851.27823229036,1945.0128051037127,3155.215689494681,25813.98963701509,2635.8699481368753,0.1456695902460651,0.4976449856550434,155.24729651295783,0.28871149696716,0.2818014976824229,0.2818014976824229,95,전남광주통합특별시 완도군 금일읍,46890,전라남도 완도군,False,0.44511825348696177,2.1910240460806483,3.288922464873848,3.420923978683788,False,0,농촌 생활권 외곽형,116.5769394530111
4782036000,3192.0,1823.0,881.0,516.0,756.0162992174003,431.77246662698013,208.6623933616947,723.2558435145515,413.0624695260111,199.62042548130324,116.91729801175082,0.7631527884657268,0.7631527884657268,0.0,599.2927500702561,19606.818341102284,2428.5281629070923,4174.760136773045,19217.725280586685,3569.3741526998383,0.0784013379783142,0.4362519448456794,90.54019296488563,0.2368472115342732,0.226583910875486,0.226583910875486,112,경상북도 청도군 금천면,47820,경상북도 청도군,False,0.5711152882205514,1.9568414157556078,3.385343144220101,3.5525920744157764,False,0,농촌 생활권 외곽형,93.59330978108984
4833033000,13528.0,4469.0,1642.0,941.0,1398.0207483896538,461.83875846787134,169.6887987031203,1249.5988750932115,412.8073161436696,151.673665944933,86.92138833994028,0.8966572480492568,0.8966572480492568,0.0,401.0619790912377,10254.204685694443,1807.0643006765767,1515.950394178412,7376.6264232436515,1222.2351440937298,0.3421894087344369,0.5101362202149483,840.0707002233671,0.1033427519507431,0.0923712947289482,0.0923712947289482,93,경상남도 양산시 상북면,48330,경상남도 양산시,False,0.3303518628030751,2.9243158377580594,3.2569736063142134,3.0871547672471213,False,1,도시 외곽 도농복합형,38.131546265773004
4729025000,32869.0,6405.0,2752.0,1569.0,2521.672270754158,491.3843102674368,211.13030786198067,2115.183568547164,412.1741080210711,177.09650980077873,100.96817728103991,0.9232811381315478,0.9171488938164524,0.2966954855785857,363.2374886723184,1385.4045014028002,1210.2912474237255,1076.2429514658977,3759.670776948181,839.0690359968056,0.565536105256436,0.3417836101572878,2894.269246432212,0.0767188618684522,0.0643519294334225,0.0643519294334225,92,경상북도 경산시 하양읍,47290,경상북도 경산시,False,0.19486446195503362,3.461538929962238,3.082889892571561,2.923797694701192,False,3,역세권 라스트마일형,26.52419911365583
4482533000,5209.0,2759.0,1241.0,702.0,816.8913505450508,432.6748389621416,194.61742484668997,776.6322919722775,411.3512178060114,185.0260461389127,104.6642098223342,0.8431769340477921,0.8431769340477921,0.0,598.7377991139056,56886.98633568906,3132.464717456299,4737.989033753956,11902.306841466365,1911.5951600276444,0.0756129043534907,0.4280164597457384,106.21142177263783,0.1568230659522078,0.149094315986231,0.149094315986231,152,충청남도 태안군 근흥면,44825,충청남도 태안군,False,0.5296602034939528,2.026171222452644,3.4958861880140466,3.2813959222589113,False,0,농촌 생활권 외곽형,61.33012844889039
4717032000,2704.0,1434.0,729.0,507.0,775.3306561078465,411.1775742820458,209.02960366221157,775.3306561078465,411.1775742820458,209.02960366221157,145.3744980202212,0.7132652899009444,0.7132652899009444,0.0,614.4933150619086,13090.1536656044,2274.8663878973607,14047.403420088738,4941.109655605298,9350.270065165956,0.0,0.0,74.75311295875161,0.2867347100990556,0.2867347100990556,0.2867347100990556,139,경상북도 안동시 북후면,47170,경상북도 안동시,False,0.5303254437869822,1.8736292827845376,3.3569558938709605,3.970824154842303,False,2,초고령 산간 오지형,117.8988825609953
4773039000,2473.0,1394.0,695.0,436.0,728.2231981626196,410.49055327080134,204.65633753458172,727.4445874273457,410.0516598761504,204.4375205264882,128.25145172596956,0.7055304495905299,0.7055304495905299,0.0,699.2967170109799,21443.70942496962,2331.1340747750755,8110.12835388845,8517.890557717581,3762.382963961296,0.0713006373967784,0.3195130797317269,72.2045710958561,0.2944695504094701,0.2941547057935081,0.2941547057935081,114,경상북도 의성군 비안면,47730,경상북도 의성군,False,0.5636878285483219,1.8585646925677843,3.3675672526112934,3.575462999260681,False,0,농촌 생활권 외곽형,120.61862537100868
4129056000,6626.0,1516.0,630.0,333.0,2115.9270275658064,484.1149070011715,201.1823162339961,1791.6207607430424,409.91504275376576,170.3472803000478,90.04070530145383,0.6806629901047682,0.627381678043217,0.176973453694358,689.4520332208651,1478.2523488596569,1045.2687755017507,1010.6634181246671,4851.594622020934,911.2313253881993,0.5485003420507346,0.4512540931643329,757.8335403246286,0.3193370098952319,0.2703925084127743,0.2703925084127742,25,경기도 과천시 문원동,41290,경기도 과천시,True,0.22879565348626624,2.8795738224427514,3.019227977249548,2.959628641063796,False,1,도시 외곽 도농복합형,110.83795664632034
1272025000,8064.0,2695.0,1350.0,853.0,1511.6825532631483,505.2064088596459,253.071856015036,1225.6295352154496,409.6070929322466,205.18351594008644,129.64558451621755,0.8125393659147881,0.8122931870412924,0.078048585960471,521.8207814506088,2186.724079009691,1823.3372886676,2131.541040163678,3032.576160752236,2042.0183647188016,0.3201963963251962,0.3378308228142674,755.6618123133948,0.1874606340852118,0.1519877895852492,0.1519877895852492,72,전남광주통합특별시 곡성군 곡성읍,46720,전라남도 곡성군,False,0.3342013888888889,2.87832747551853,3.2608670137223514,3.3100596435590073,False,0,농촌 생활권 외곽형,62.25527665321191
4128167000,16922.0,1636.0,579.0,313.0,4680.507913401626,452.50626086308125,160.1473869435966,4229.359182107694,408.88970700438415,144.71096598749293,78.22889871171897,0.7234069310127865,0.7219489926463927,0.0538237686479486,383.3988460430504,2099.8685595813645,1387.413010935625,1407.4091837820883,3365.0760605272403,1038.172427578326,0.4719888239554344,0.5028006293372552,1542.973683699387,0.2765930689872134,0.249932583743511,0.2499325837435111,30,경기도 고양시덕양구 대덕동,41280,경기도 고양시,True,0.09667887956506323,3.188358518984986,3.1422057629262716,3.0162694904361094,False,1,도시 외곽 도농복합형,102.19486093773291
4183041000,4986.0,2192.0,870.0,539.0,928.2801492314828,408.1006993813498,161.9742739332912,928.2801492314828,408.1006993813498,161.9742739332912,100.3495789080965,0.8138226736398952,0.8047911387920219,0.0090315348478732,537.8254754333801,4865.04051387679,2936.383330820458,3216.9228147897657,8089.566283434589,2256.6104251133065,0.0540221434150979,0.3633623228064257,159.25202427564005,0.1861773263601048,0.1861773263601048,0.1861773263601048,70,경기도 양평군 개군면,41830,경기도 양평군,False,0.439630966706779,2.202084961422791,3.4678127500155287,3.353456590169033,False,0,농촌 생활권 외곽형,75.97909709650858
1278036000,2530.0,1298.0,682.0,457.0,793.2789211162633,406.9865769205177,213.8404048226449,793.2789211162633,406.9865769205177,213.8404048226449,143.29188417001276,0.6864510193216351,0.6864510193216351,0.0,683.6760073700597,11407.240331420882,3529.216777704115,3730.828819728579,10068.499600706478,8912.365158469915,0.0,0.0,69.2596527825762,0.3135489806783649,0.3135489806783649,0.3135489806783649,100,전남광주통합특별시 강진군 성전면,46810,전라남도 강진군,False,0.5130434782608696,1.8404803099828737,3.547678335171887,3.949992972158609,False,2,초고령 산간 오지형,127.61022634320527
4711125300,26511.0,6184.0,2000.0,995.0,6507.787543826951,1518.0173577392727,490.9499863322357,1743.099669210913,406.5983310475004,131.50010706581514,65.42130326524304,0.7545250068338821,0.7545250068338821,0.0,388.9704938777553,6545.98507308054,793.7493997554858,958.8791167082684,3223.8570316086657,771.8776236638768,0.5963390928858145,0.3754220853064857,3008.222148662929,0.2454749931661178,0.0657500535329075,0.0657500535329075,74,경상북도 포항시남구 연일읍,47110,경상북도 포항시,False,0.23326166496925804,3.4783099045180332,2.8996834098805313,2.8875484511383767,False,1,도시 외곽 도농복합형,26.733862032763994
4139055000,10845.0,2757.0,1093.0,643.0,2339.118317043203,594.6472291459762,235.74516556276825,1597.857012478121,406.2048670725846,161.03805575275115,94.73693490303658,0.7843136637120145,0.7843136637120145,0.0005781344900004,356.44039353784905,3639.9138385114647,1323.2651274383009,1277.9783962435697,4815.630147069836,711.1262241674892,0.4153774242752844,0.5720577319041574,1300.3114655581142,0.2156863362879855,0.1473358241104768,0.1473358241104768,31,경기도 시흥시 매화동,41390,경기도 시흥시,True,0.25421853388658366,3.1140473919771843,3.121646867503983,2.85194669439225,False,1,도시 외곽 도농복합형,59.84852884782593
4817040000,2769.0,1573.0,808.0,557.0,716.1033224914509,406.8004789740167,208.96044946662775,714.6451338708098,405.9721183021971,208.5349469727751,143.75490775227195,0.7413855823432824,0.7413855823432824,0.0,589.5956755910316,13027.09580556935,2500.055710848477,3446.1020853742434,7950.423906182013,3423.33061380696,0.0949654912966238,0.383794975921837,121.42406756600931,0.2586144176567175,0.2580878056593751,0.2580878056593751,112,경상남도 진주시 대곡면,48170,경상남도 진주시,False,0.568075117370892,2.0843047771441126,3.3979496865298358,3.534448843870089,False,0,농촌 생활권 외곽형,104.77645317150228
4377036000,4229.0,1824.0,751.0,484.0,978.5286128496306,422.0468644686039,173.77039211399207,940.8590226976396,405.79968252553664,167.08089998721383,107.67930172278494,0.7686146576378268,0.7686146576378268,0.0,591.6032780555162,13444.95121614511,1842.6551641242256,2952.8111723548473,6148.503756062802,1907.137270512093,0.164103111069625,0.5942860060592488,108.86264601136588,0.2313853423621732,0.2224778961214565,0.2224778961214565,118,충청북도 음성군 생극면,43770,충청북도 음성군,False,0.4313076377394183,2.0368788860546316,3.265444068626417,3.2803819534971783,False,0,농촌 생활권 외곽형,90.28145961503637
4775037000,6526.0,2485.0,1152.0,724.0,1085.930107491121,413.5054117553533,191.69345446364864,1065.2673375502502,405.63734811712715,188.04596580721548,118.18166601078472,0.8335994318891938,0.8335994318891938,0.0,534.1441200575412,35544.53636433596,1743.4321115802547,3402.3886765187062,21013.07099169309,3088.8770935605216,0.3573976901802543,0.2800759927052243,526.9028887301729,0.1664005681108061,0.1632343453187634,0.1632343453187634,149,경상북도 청송군 진보면,47750,경상북도 청송군,False,0.380784554091327,2.721730579586519,3.2414050408200477,3.4898006280650025,False,0,농촌 생활권 외곽형,66.21394695673858
4146357000,33548.0,7244.0,3498.0,2104.0,5610.02660193301,1211.3697598784645,584.9491192786952,1873.7089837849005,404.5888839435382,195.36884539404977,117.51173548001162,0.8327761237053473,0.831338635374571,0.2757852624022181,268.08149131451097,1514.0635020397538,367.3553587719376,457.17710563975146,1123.2542533867302,378.6578837665072,0.9396120518382112,0.0603879481617886,6383.413303866379,0.1672238762946527,0.055851585304188,0.055851585304188,17,경기도 용인시기흥구 마북동,41460,경기도 용인시,True,0.21592941457016812,3.8050529644012188,2.565086379468561,2.5782470033913127,False,3,역세권 라스트마일형,22.59693056469874
2644053000,22066.0,2471.0,839.0,466.0,4244.1671302122895,475.271321433634,161.3729820650825,3609.3970666143114,404.18835092921074,137.2375663414034,76.22491765803812,0.80766033126927,0.758835829388773,0.2763032232466771,357.9831405660613,2327.788713858927,1787.067918055327,1916.231743697661,5947.686131820039,1148.112574113803,0.2875593606326393,0.5327756317616168,1587.2406438028563,0.19233966873073,0.1635727846739015,0.1635727846739015,46,부산광역시 강서구 강동동,26440,부산광역시 강서구,True,0.11198223511284329,3.2006427757484266,3.2521410583120978,3.0599844733576584,False,3,역세권 라스트마일형,66.11421409424312
4421040000,5400.0,2229.0,1118.0,725.0,976.6591227623098,403.1431823402201,202.2046109719004,976.6591227623098,403.1431823402201,202.2046109719004,131.12553037086568,0.8191371994884612,0.8191371994884612,0.0,549.5643744192101,21659.373553619527,1996.681098855955,3322.12307121168,14944.750664767971,5466.816105701778,0.0,0.0660241461971458,134.2623359346292,0.1808628005115388,0.1808628005115388,0.1808628005115388,137,충청남도 서산시 고북면,44210,충청남도 서산시,False,0.4127777777777778,2.127954198894592,3.3003087068002923,3.7377344652172924,False,2,초고령 산간 오지형,72.91360496518614
4782032000,3652.0,1901.0,842.0,507.0,835.8899423926352,435.1113856759035,192.72161322415084,774.1817917115229,402.9900290371317,178.49426851618355,107.478140306063,0.7711144736055215,0.7711144736055215,0.0,559.9333814425955,16760.39775761309,1829.027480634524,2810.689568537342,14525.461051988032,3101.0642624330517,0.2593831860701418,0.3613482527259475,258.5738469871616,0.2288855263944784,0.2119884424182702,0.2119884424182702,104,경상북도 청도군 풍각면,47820,경상북도 청도군,False,0.5205366922234392,2.412584596787454,3.2622202306805037,3.4915107660860505,False,0,농촌 생활권 외곽형,85.42922856567503
4375033000,3382.0,1525.0,649.0,434.0,911.899868238282,411.190803980893,174.99202084170463,893.592590993585,402.9357484521635,171.47888573472403,114.67155070704194,0.7303666859141685,0.7303666859141685,0.0,616.2126638092843,12856.301598658169,2294.545359120158,5237.039616265495,7095.683773262968,2240.7756619560464,0.0568524033472188,0.5837550018540092,108.69868651515156,0.2696333140858314,0.2642201629194515,0.2642201629194515,136,충청북도 진천군 문백면,43750,충청북도 진천군,False,0.450916617386162,2.0362242962236614,3.3606966473524817,3.3503983787789218,False,0,농촌 생활권 외곽형,106.46374910210177
4812354000,42475.0,7134.0,1837.0,933.0,7121.650224897835,1196.135437420157,308.0040368013495,2398.985056642605,402.9278256406909,103.75363270282438,52.695775346616855,0.8323331318446654,0.8323331318446654,3.0849114470415394e-06,252.64937056604165,3705.502697151582,448.8775210785684,471.3809069494272,1029.0570068162656,289.45922279595095,0.9385149422279584,0.0614850577720417,6769.2207027854265,0.1676668681553345,0.0564799307037693,0.0564799307037694,17,경상남도 창원시성산구 사파동,48120,경상남도 창원시,True,0.1679576221306651,3.830538674008515,2.6521278573152736,2.461587391683365,False,1,도시 외곽 도농복합형,22.75733567080666
1213076500,9883.0,2605.0,1123.0,579.0,1728.651116956509,455.64465847128463,196.425701137525,1526.9487027511484,402.479143040245,173.5063637751229,89.45697651451128,0.8250884228517142,0.7738645207477026,0.3460680952920393,334.220919395081,1932.9495080396568,1994.9623645504007,1814.3862477918703,5005.8596721191025,1350.688903161805,0.3121364976994975,0.500810630670634,1711.332630711684,0.1749115771482858,0.1545025501114184,0.1545025501114184,36,전남광주통합특별시 여수시 만덕동,46130,전라남도 여수시,True,0.26358393200445207,3.2333344313075614,3.2999347070291534,3.130555331850842,False,3,역세권 라스트마일형,62.18405396637618
5123025000,8364.0,3112.0,1363.0,842.0,1126.1723580575588,419.015827149106,183.5213921607428,1081.1439418717794,402.26206923780217,176.18354767709653,108.8382590932614,0.8653548113274082,0.8577284271143315,0.3472070072334767,497.6293974441565,1991.022774738304,1984.3960863952564,2048.2835078334015,12437.276036310344,1589.0865508210672,0.6078732966145787,0.1611149058212319,1311.6899681628424,0.1346451886725919,0.1292615903720444,0.1292615903720444,159,강원특별자치도 삼척시 도계읍,51230,강원특별자치도 삼척시,False,0.3720707795313247,3.117831197061563,3.297628361854059,3.2011475520345227,False,3,역세권 라스트마일형,51.99703481602775
4480025300,7039.0,3698.0,1897.0,1165.0,778.7547921739873,409.1256174825125,209.8732548308075,763.9991898158889,401.3736331778885,205.89664200607208,126.44680439487294,0.8893657064676819,0.889073093561899,0.1884129141984688,427.8892215648211,2440.2780096673755,1870.0415441533096,2133.5489477780297,13895.644881142174,1655.5118261874588,0.3954659355242922,0.3065937804597917,415.7361711296366,0.1106342935323181,0.108538029523496,0.108538029523496,80,충청남도 홍성군 광천읍,44800,충청남도 홍성군,False,0.5253587157266657,2.6188178119457337,3.2718512547697207,3.2189322874919593,False,0,농촌 생활권 외곽형,43.56430324781452
4480034000,2631.0,1486.0,802.0,523.0,710.1913756752496,401.11911222098854,216.48555047189288,710.1913756752496,401.11911222098854,216.48555047189288,141.1744923900249,0.7300678921796847,0.7300678921796847,0.0,607.9016767754754,8912.955733494426,1959.416635227902,6681.59649255723,12645.497145975069,7948.0359146806995,0.0,0.0,58.84196483598721,0.2699321078203153,0.2699321078203153,0.2699321078203153,119,충청남도 홍성군 장곡면,44800,충청남도 홍성군,False,0.564804256936526,1.7696871661489673,3.292126790840058,3.9002598208827206,False,2,초고령 산간 오지형,108.27492744882503
4711133000,3558.0,2098.0,1087.0,691.0,702.8517006268218,414.441503067755,214.7273183196614,679.9569561533609,400.9414541904865,207.73277440660576,132.0545971618809,0.8024587687951598,0.8024587687951598,0.0,539.6673202871294,24485.911924757347,2417.795339977651,4700.140289115918,13842.4687785193,3549.1769945577585,0.0750330630699437,0.2984404154597153,78.06093474296932,0.1975412312048403,0.1911065081937495,0.1911065081937495,151,경상북도 포항시남구 장기면,47110,경상북도 포항시,False,0.5896571107363687,1.8924337474484711,3.3834195361938555,3.5501276577987237,False,0,농촌 생활권 외곽형,76.62252130046805
5214041000,4969.0,2055.0,1044.0,629.0,995.0265853981332,411.5072716830678,209.0577088258505,969.2704177914952,400.8554454742449,203.6462701095434,122.69492710622872,0.7997531524656605,0.7997531524656605,0.0,532.5910098929199,7889.195377447287,2041.3143164728697,3471.324142834674,7196.435578768735,1530.9641700139723,0.0513433785540514,0.7196834555118401,138.2633932203178,0.2002468475343395,0.1950634771164208,0.1950634771164208,107,전북특별자치도 익산시 왕궁면,52140,전북특별자치도 익산시,False,0.4135640974039042,2.140707211007117,3.3099098814430574,3.1849650267875456,False,0,농촌 생활권 외곽형,78.19225701525804
1219051500,13139.0,883.0,388.0,239.0,5978.882634772028,401.8078519296522,176.5588296134825,5960.145078573454,400.5486037278606,176.00550197781416,108.4157602389113,0.544951470068344,0.544951470068344,0.0,735.4567705298809,11672.349527143431,1830.4435800637475,4071.108607456956,4500.863113502665,3023.6077671190837,0.012316719503273,0.5040357382245958,938.4568673136732,0.4550485299316559,0.4536224277778715,0.4536224277778716,86,전남광주통합특별시 광양시 골약동,46230,전라남도 광양시,True,0.06720450567014233,2.9724143166823147,3.2625563471238013,3.4805254522973668,False,0,농촌 생활권 외곽형,181.69783006606872
4180033000,2470.0,1156.0,517.0,333.0,854.1695540968757,399.7651840226673,178.78771638383998,854.1695540968757,399.7651840226673,178.78771638383998,115.1572718681213,0.6541823667623986,0.6541823667623986,0.0,814.241065896778,17119.538897505576,2191.296466652349,3705.351119691074,23940.71405141875,4816.437650931007,0.0339111755641053,0.2173716651191853,116.2107160947108,0.3458176332376015,0.3458176332376015,0.3458176332376015,122,경기도 연천군 백학면,41800,경기도 연천군,False,0.4680161943319838,2.065246177333295,3.3407011384557563,3.6827259426909316,False,2,초고령 산간 오지형,138.24584978951304
4725032500,3562.0,1896.0,966.0,664.0,751.0091228821001,399.7510659698096,203.67063804158025,751.0091228821001,399.7510659698096,203.67063804158025,139.9972087573595,0.7891608301846995,0.7891608301846995,0.0176826925987074,557.9982235450764,5540.6369517638805,1830.5466950428136,6954.155236590814,10704.66686320711,9021.578099791272,0.0,2.54064115580211e-06,77.67683628272901,0.2108391698153004,0.2108391698153004,0.2108391698153004,123,경상북도 상주시 사벌국면,47250,경상북도 상주시,False,0.5322852330151601,1.8902915287828863,3.262580811688335,3.955282513161059,False,2,초고령 산간 오지형,84.28318288185604
2772032000,3641.0,1992.0,854.0,508.0,729.1189182404948,398.9027424155632,171.0155331440216,729.1189182404948,398.9027424155632,171.0155331440216,101.72820941119784,0.7997476192692955,0.7997476192692955,0.0,557.9265562963371,12710.11960335166,2114.7606644612515,5060.706147154222,19600.879418517612,8541.15047235991,0.0,0.010847851148479,95.62412407428842,0.2002523807307044,0.2002523807307044,0.2002523807307044,144,대구광역시 군위군 효령면,27720,대구광역시 군위군,False,0.5471024443834112,1.980567470002768,3.325261223727448,3.9315163730479714,False,2,초고령 산간 오지형,79.88122384872347
1281037000,2750.0,1281.0,590.0,361.0,880.2934952866548,410.0567154408018,188.8629680796823,853.9248725047978,397.7737315195076,183.20569991921116,112.09704689972072,0.6798932744412164,0.6798932744412164,0.0,662.9991049460098,17443.001125693485,1945.8598835470543,3119.2409713482234,16944.477698152026,3152.9451286496383,0.1408345456038752,0.3081508936793311,75.97544727802887,0.3201067255587835,0.3105181354562901,0.3105181354562901,92,전남광주통합특별시 무안군 운남면,46840,전라남도 무안군,False,0.4658181818181818,1.8806732655115463,3.2891115646100424,3.4987164126977817,False,0,농촌 생활권 외곽형,123.51595744492842
4792038000,1583.0,939.0,476.0,292.0,670.220481168401,397.559716877529,201.53186925847055,670.220481168401,397.559716877529,201.53186925847055,123.62879374679284,0.5766137200452299,0.5766137200452299,0.0,781.7733024420394,8448.053810251264,2824.02838791292,3575.3674897531523,8801.944242257381,8136.987737445464,0.0,0.0028817718420574,39.073747749615315,0.42338627995477,0.42338627995477,0.42338627995477,115,경상북도 봉화군 상운면,47920,경상북도 봉화군,False,0.593177511054959,1.591885068478899,3.4508690580497263,3.910463661508237,False,2,초고령 산간 오지형,168.3213295886486
4313032500,2696.0,1406.0,583.0,363.0,783.6868207640258,408.70314168925086,169.46936813999525,762.2366985984147,397.51661655392104,164.83085878444948,102.6305347148459,0.7093149774614148,0.7090095839772025,0.0285644868489274,634.8873029347718,3473.3308915601847,2671.9089906400027,3450.7674846351815,3904.110791119409,3282.2654359361172,0.2133281457985805,0.1733263041257289,220.2164459280389,0.2906850225385852,0.2827287457709253,0.2827287457709253,99,충청북도 충주시 수안보면,43130,충청북도 충주시,False,0.521513353115727,2.3428497492819247,3.4268216613124975,3.516173699416954,False,2,초고령 산간 오지형,112.38937442139195
5113039000,3490.0,1815.0,712.0,439.0,770.6716643508825,400.7934300277512,157.22585244063848,762.2083105699526,396.3920010557203,155.49923126813934,95.8766327622376,0.7791771735384291,0.7791771735384291,0.0,606.1441701528186,15486.275205391052,3078.2573736758663,4768.96846290331,16404.105437875045,2632.628768638385,0.149452739989932,0.3233156978224209,87.41078619294954,0.2208228264615709,0.2183977967249147,0.2183977967249148,170,강원특별자치도 원주시 신림면,51130,강원특별자치도 원주시,False,0.5200573065902578,1.941565026399258,3.488304928456565,3.4203896228362094,False,0,농촌 생활권 외곽형,86.57113966994937
4421033000,3177.0,1827.0,883.0,506.0,687.1385017958021,395.15330273243006,190.9799487207092,687.1385017958021,395.15330273243006,190.9799487207092,109.4403783156046,0.7837146673604652,0.7837146673604652,0.0,614.1403291959147,47862.1435149682,2290.960251894601,8171.133139004498,11628.69681020908,8026.714799722911,0.0,0.0,71.73394356639432,0.2162853326395348,0.2162853326395348,0.2162853326395347,117,충청남도 서산시 팔봉면,44210,충청남도 서산시,False,0.5750708215297451,1.8557247067875675,3.3600175542559225,3.9045378321673763,False,2,초고령 산간 오지형,85.46586352509443
4833055000,19156.0,5029.0,1976.0,1148.0,2142.283733992644,562.4109886327525,220.9831206081366,1504.3068947408833,394.9237509736846,155.17385800835171,90.15161386315172,0.888166436939202,0.888166436939202,0.0,261.34295564091315,15018.877943311953,1288.9279230443472,1214.8349455274936,1942.0344908146917,747.8117531207172,0.4104197971546576,0.5566166124056434,2165.412075191461,0.1118335630607978,0.078529280368599,0.078529280368599,34,경상남도 양산시 소주동,48330,경상남도 양산시,True,0.26252871163082064,3.3355405542471583,3.110228632249199,2.8737922865408017,False,1,도시 외곽 도농복합형,31.013077964431254
4128551000,40183.0,5284.0,1877.0,1141.0,4156.017668083343,546.509652294562,194.13297073370416,2995.764773667802,393.93825906628825,139.93605455477348,85.0650177128378,0.8965727380214681,0.8965727380214681,0.0,237.9235363617345,2955.135807657738,648.6258009661018,588.0431430389195,1186.0708657680389,249.05530971915064,0.6925401939956878,0.3074598060043121,5301.1623313409145,0.1034272619785317,0.0745530391874126,0.0745530391874126,21,경기도 고양시일산동구 식사동,41280,경기도 고양시,True,0.13149839484359058,3.7243711033258746,2.8119942199989074,2.396295805081236,False,1,도시 외곽 도농복합형,29.369294465590084
4372039000,1679.0,911.0,424.0,296.0,724.994559257048,393.37108009718327,183.0837957861753,724.994559257048,393.37108009718327,183.0837957861753,127.81321592619786,0.5681985948439262,0.5681985948439262,0.0,931.2342616444212,27343.625036527657,2741.3388750934587,8016.565825372514,12898.804295754591,8010.303000397643,0.0,0.0,47.47144824765835,0.4318014051560738,0.4318014051560738,0.4318014051560738,118,충청북도 보은군 내북면,43720,충청북도 보은군,False,0.5425848719475879,1.6764324812732827,3.437962724881469,3.903648944163123,False,2,초고령 산간 오지형,169.85818513372618
4413158000,59947.0,8517.0,2853.0,1604.0,4638.012872383985,658.9479979664437,220.7324924501895,2763.0422651622243,392.5606114131928,131.49881699681094,73.93063528317028,0.9226314432351246,0.9226314432351246,0.0,234.29201315239456,3448.952713432928,680.3546331174107,510.3936564859482,1007.7401073139818,322.1066984588417,0.7484076814280638,0.2515923185719362,5461.163524349353,0.0773685567648753,0.0460914185057171,0.0460914185057171,41,충청남도 천안시동남구 청룡동,44130,충청남도 천안시,True,0.14207550002502212,3.7372851808679592,2.832735346616529,2.5079997564044896,False,1,도시 외곽 도농복합형,18.093675429505655
4159756000,47020.0,2843.0,835.0,448.0,8342.608010426922,504.42438480739554,148.15137577002298,6487.59453304826,392.26353163454286,115.20930317089103,61.81289559348406,0.8225732026706312,0.8195919761799536,0.117612416267174,260.28457671081424,2199.759530929212,1085.6667511391015,720.1912117314678,2471.1692559501066,513.4331655686348,0.4194745767492483,0.5805254232507517,3690.5362956705862,0.1774267973293688,0.1379752133783126,0.1379752133783126,29,경기도 화성시동탄구 동탄6동,41590,경기도 화성시,True,0.06046363249680987,3.5670894808817537,3.0356965376363476,2.710483918792439,False,1,도시 외곽 도농복합형,54.122644477806524
2723071500,31924.0,6134.0,2108.0,1095.0,5109.560328234173,981.770550475768,337.39359641390917,2041.3618728694016,392.23511239759773,134.79485114674537,70.01914706152095,0.8399461117581076,0.791167318036094,0.4906746581277045,304.36211598417907,1039.49263129235,928.225067982458,933.2132822509436,2503.2945800491875,437.39354524684217,0.6720719327489038,0.3279280672510962,4386.066385949618,0.1600538882418924,0.0639444265402017,0.0639444265402017,34,대구광역시 북구 관문동,27230,대구광역시 북구,True,0.19214384162385667,3.6420752007189336,2.967653292955501,2.6408723697295957,False,3,역세권 라스트마일형,25.081249331195945
5180031500,3243.0,1295.0,573.0,385.0,980.75709475621,391.6375077734481,173.28825633527856,980.75709475621,391.6375077734481,173.28825633527856,116.43277258129538,0.6975772140745574,0.6975772140745574,0.0,714.2662320562747,47248.67999001359,3156.195375204877,5810.916366761902,5474.540078407426,5759.095215520739,0.0,0.0122317384465815,150.35224956067776,0.3024227859254425,0.3024227859254425,0.3024227859254425,136,강원특별자치도 양구군 국토정중앙면,51800,강원특별자치도 양구군,False,0.39932161578785075,2.1771099303712242,3.499163879121386,3.7603542588100614,False,2,초고령 산간 오지형,118.44010617374332
5178031000,4942.0,1589.0,731.0,470.0,1263.5348353963875,406.2640334773088,186.8967957658356,1217.6986844456112,391.5263475483764,180.1169037494419,115.80703797843732,0.7443272287745067,0.7443272287745067,0.0,608.5671981885057,31149.152490375003,1356.8606956178105,4344.268221370585,17362.786123587957,4110.01307842504,0.2859688957297275,0.2706706840056254,371.02077498215374,0.2556727712254932,0.2463979531456113,0.2463979531456113,96,강원특별자치도 철원군 서면,51780,강원특별자치도 철원군,False,0.32152974504249293,2.5693982282336547,3.132535262376019,3.6138432038417116,False,0,농촌 생활권 외곽형,96.47129063849718
5177037000,1901.0,953.0,390.0,248.0,780.5076486307466,391.28026783014286,160.12518830404588,780.5076486307466,391.28026783014286,160.12518830404588,101.82319666513686,0.5894225940921901,0.5398191019351145,0.2452904650169884,1611.921773824234,2779.048831076414,2252.375804361032,3406.556612342118,16368.532822612377,8783.85299557238,0.0,0.0,144.645533590865,0.4105774059078099,0.4105774059078099,0.4105774059078099,112,강원특별자치도 정선군 여량면,51770,강원특별자치도 정선군,False,0.5013150973172015,2.1603050279128726,3.352640853383529,3.943685058920001,False,2,초고령 산간 오지형,160.65083734861312
4129051000,11359.0,2542.0,983.0,602.0,2611.8392092912263,584.4964583166034,226.02675787774237,1745.6988838352877,390.6652489399861,151.07157344925503,92.51789136973706,0.7700643358313912,0.711836316284031,0.6687222904781556,373.3729346433769,727.5143765326882,536.7410565318718,455.0225402073152,4252.401708967869,409.17180488936015,0.8180219552808348,0.1799506210688967,4441.4823105174755,0.2299356641686087,0.153684204933118,0.153684204933118,12,경기도 과천시 중앙동,41290,경기도 과천시,True,0.22378730522052998,3.6475279367455666,2.7297648167203654,2.611905699813229,False,3,역세권 라스트마일형,60.03907817834038
2771025300,14755.0,3771.0,1420.0,819.0,1597.0331051292396,408.16074818314894,153.6961714187408,1527.8310775575703,390.474482783436,147.0362677147916,84.80472060451712,0.891763259564267,0.891763259564267,0.0,402.4863403350211,9977.790431838812,1502.768837502108,1349.197498640784,3726.8911824170073,1204.224897078212,0.2692976464793052,0.5701666434905015,941.7651923417216,0.1082367404357329,0.1035466674047828,0.1035466674047828,87,대구광역시 달성군 논공읍,27710,대구광역시 달성군,False,0.255574381565571,2.9739426348715443,3.1768921806412815,3.0807076019044355,False,1,도시 외곽 도농복합형,40.43233139883103
4313025000,10364.0,2393.0,885.0,589.0,1711.0958652796526,395.08417653552766,146.11345433929876,1690.9787458919309,390.4392260632373,144.39561849810488,96.10058677444492,0.8349000515940127,0.8343375173957037,0.1032241890451643,497.2476137233895,4010.032724283424,2207.814429930494,3571.981907984112,17106.303831945694,3236.609455200455,0.1725980661573202,0.2708856816774969,432.0046297437281,0.1650999484059873,0.1631588909583105,0.1631588909583106,108,충청북도 충주시 주덕읍,43130,충청북도 충주시,False,0.23089540717869547,2.6354884011236615,3.343962567497361,3.510090298511615,False,0,농촌 생활권 외곽형,63.70363111109887
5115032000,1473.0,814.0,323.0,198.0,706.1158157199528,390.2092830930357,154.8373445197181,706.1158157199528,390.2092830930357,154.8373445197181,94.91577156317084,0.520627416347622,0.520627416347622,0.0,1299.0014919149264,14322.909964305689,3558.563863243061,9454.343624831674,22420.971374147095,9415.474428156072,0.0,0.0022850014047183,30.113800792370416,0.479372583652378,0.479372583652378,0.479372583652378,241,강원특별자치도 강릉시 왕산면,51150,강원특별자치도 강릉시,False,0.5526137135098439,1.478765573147442,3.5512747642349356,3.973842208191147,False,2,초고령 산간 오지형,187.05563220145072
4311231000,9575.0,2986.0,1088.0,677.0,1268.9638834327502,395.73119121986343,144.19140524019136,1250.1795763838966,389.8732339511556,142.05695865333468,88.39389798557681,0.86747113488953,0.86747113488953,0.0,417.88889522988006,9451.130134237226,2284.899334555174,2167.6583510604114,6215.12476230103,1374.2713302878128,0.0724532071671171,0.6049028450366258,351.5661322294175,0.13252886511047,0.1305670575857855,0.1305670575857855,130,충청북도 청주시서원구 남이면,43110,충청북도 청주시,False,0.3118537859007833,2.5460070310936453,3.3588670711847572,3.138072486445047,False,0,농촌 생활권 외곽형,50.904600988456956
1135060000,40678.0,7148.0,2707.0,1496.0,4703.305706051542,826.4720287835298,312.99101593690756,2216.3263097221384,389.4562284746999,147.48992871866434,81.50902599302617,0.8843771644119293,0.8620475400147839,0.4869991221213291,224.98166263421157,886.9777794290927,411.3691410790414,489.1889227263768,842.1527150246293,322.6893000047024,0.890574521379411,0.109425478620589,7117.980323478428,0.1156228355880707,0.0544846430434667,0.0544846430434666,23,서울특별시 노원구 공릉2동,11350,서울특별시 노원구,True,0.17572152023206647,3.852356783131644,2.6142317099115773,2.508784564951606,False,3,역세권 라스트마일형,21.219383589498836
4146356000,38181.0,8827.0,4197.0,2501.0,6936.140353281251,1603.5544092196014,762.4467945502059,1683.823253555001,389.2802142198998,185.09222375449409,110.2967957136025,0.8183352884083379,0.8182429909181641,0.0028952789338964,259.7039867379145,2186.9833822850683,591.469531417706,576.0698713047288,1388.828995215529,245.59544775997185,0.8277482128687706,0.1722517871312293,7415.403749744257,0.1816647115916621,0.0441010778542992,0.0441010778542992,23,경기도 용인시기흥구 구성동,41460,경기도 용인시,True,0.23118828736806266,3.8701348022305284,2.77193237757261,2.3902203126684505,False,1,도시 외곽 도농복합형,17.167677034450072
4165052000,13973.0,3598.0,1254.0,751.0,2328.536580750443,599.5902538853571,208.9733680856692,1510.3122962748273,388.9002821152815,135.5422328439586,81.17401663940423,0.8333545709045701,0.8333545709045701,0.0,353.0607910274614,10698.139634174442,1848.623308462208,1837.745579416466,4163.622525606651,625.996758375887,0.2258905596564711,0.6369234785398262,773.4723954592998,0.1666454290954299,0.1080879049792333,0.1080879049792333,50,경기도 포천시 선단동,41650,경기도 포천시,True,0.25749660058684604,2.888444818728821,3.2668484245594516,2.796572084291724,False,1,도시 외곽 도농복합형,42.03541673967357
4145061000,54138.0,6070.0,2127.0,1012.0,4373.193174059417,490.32625081348885,171.8161343460117,3452.329161799408,387.0781708249734,135.63678242911342,64.5342848228786,0.9192213754837744,0.9186052741381228,0.3409393268128034,201.6400494845402,1014.3595895968156,365.369612210419,364.1356868640396,856.4225392496663,247.8292924994135,0.8822398356084877,0.1177601643915123,9245.213384828134,0.0807786245162255,0.0637690561490895,0.0637690561490895,19,경기도 하남시 미사1동,41450,경기도 하남시,True,0.1121208762791385,3.9659169393766316,2.562732424247705,2.3941526370642805,False,3,역세권 라스트마일형,24.683609609424586
4783034000,8383.0,2804.0,1092.0,613.0,1246.6055015371987,416.9726620911732,162.3873562780175,1157.1587424193474,387.0539322132709,150.7356968533851,84.61628403949182,0.8512936297820353,0.8512936297820353,0.0,451.4615612802263,8680.492434629341,2150.140488107508,3309.4878477213338,8644.836301929641,1145.248671619541,0.2541865339437154,0.2841365960259329,996.8109783548314,0.1487063702179648,0.1380363524298398,0.1380363524298398,85,경상북도 고령군 다산면,47830,경상북도 고령군,False,0.3344864606942622,2.9986128124337426,3.3324668372256276,3.0588997967077693,False,0,농촌 생활권 외곽형,53.42751299634639
4728025300,3714.0,1969.0,961.0,638.0,732.8770968790577,388.5393117272118,189.63244213806527,729.781888173983,386.89836774759624,188.8315548021534,125.36371692380214,0.8026717563599737,0.7822237678711584,0.1153303394770778,565.8100571084584,4302.451960920699,2230.69334859369,3356.836571843606,18632.31833121828,3208.838671423518,0.2506121150013186,0.3455295699092436,176.99106176711845,0.1973282436400263,0.1964948541125425,0.1964948541125425,174,경상북도 문경시 가은읍,47280,경상북도 문경시,False,0.5301561658589122,2.247951334592118,3.3484398723156303,3.5063478829191896,False,0,농촌 생활권 외곽형,76.02353832694475
1285036000,2215.0,1070.0,618.0,418.0,809.0045725029544,390.80582057704794,225.7177543145941,800.4587157289637,386.677573738145,223.33340240203145,151.05722039490152,0.6347609153485533,0.6347609153485533,0.0,854.4492178276056,68960.07370365887,1278.4765277987635,3433.8418797469044,59299.992207485186,3728.8089618269446,0.1129030445567161,0.2074940351751572,272.5888359773709,0.3652390846514466,0.3613809100356495,0.3613809100356495,71,전남광주통합특별시 완도군 소안면,46890,전라남도 완도군,False,0.48306997742663654,2.4355080650984045,3.1066927590021263,3.571570133710013,False,2,초고령 산간 오지형,139.73789348786778
4725038000,2416.0,1140.0,472.0,286.0,819.4719711419727,386.6713771116925,160.09551754098143,819.4719711419727,386.6713771116925,160.09551754098143,97.00702969644212,0.6608145814809715,0.6608145814809715,0.0,695.4115840331783,12616.45382603702,2199.946059147987,12339.972639954498,25585.026777623825,12543.813644442502,0.0,0.0,92.07964577975592,0.3391854185190284,0.3391854185190284,0.3391854185190284,90,경상북도 상주시 모동면,47250,경상북도 상주시,False,0.4718543046357616,1.9641636399419649,3.3424120324124007,4.098429593348058,False,2,초고령 산간 오지형,131.15329287495848
5173036000,3359.0,1840.0,695.0,429.0,732.5622886910985,401.2844927632097,151.572131777408,705.7758765281272,386.61137624642873,146.02984048438478,90.13928283136843,0.7819106017591251,0.7819106017591251,0.0,586.2292423954424,12250.6232907274,3055.99616506704,9769.967370759512,11503.611366729228,5062.754139798133,0.0849016230573336,0.1510683220993631,66.30540066064123,0.2180893982408748,0.2101148783947982,0.2101148783947982,190,강원특별자치도 횡성군 공근면,51730,강원특별자치도 횡성군,False,0.5477820779994046,1.8215489036927286,3.4851528049130542,3.704386837455654,False,2,초고령 산간 오지형,81.23280230606395
4721051000,6719.0,2136.0,960.0,587.0,1388.1376712888434,441.29514300833006,198.3348957340809,1215.348022059542,386.3645445928236,173.6469863338533,106.17789685205406,0.7934011502769991,0.7934011502769991,0.0,390.7049936912682,3724.020841103464,1428.1942591114284,1530.3985355079112,2853.4659089312468,1478.312852013153,0.1800160060433262,0.6248880089210076,1051.6116039203666,0.2065988497230009,0.1808822774310972,0.1808822774310972,47,경상북도 영주시 상망동,47210,경상북도 영주시,True,0.31790445006697426,3.021855369646934,3.154787283015995,3.1697663525466484,False,1,도시 외곽 도농복합형,69.88649874457865
4376025000,9418.0,2770.0,1163.0,685.0,1552.3713636271257,456.5798128315075,191.6975892862972,1313.048504187621,386.1907365257708,162.144341725441,95.50204134301552,0.8351697426601057,0.8351697426601057,0.0,507.4277838525588,16245.17800011358,1237.588705260917,1817.7954250353807,2130.7622821460636,1929.0208163371055,0.3830264125878887,0.3686280344611295,733.2525926247808,0.1648302573398944,0.139419038456957,0.1394190384569569,104,충청북도 괴산군 괴산읍,43760,충청북도 괴산군,False,0.29411764705882354,2.865253607227967,3.092576337160896,3.285336914202495,False,1,도시 외곽 도농복합형,53.842341147406984
4783037000,3089.0,1708.0,792.0,515.0,697.2019269686363,385.5036876861219,178.75815026194883,697.2019269686363,385.5036876861219,178.75815026194883,116.23793861730258,0.7742952648207717,0.7742952648207717,0.0,593.2060105091773,33654.55538945456,2134.821844654648,6047.673736398563,7581.531034279496,2777.6568545495925,0.0300533859318379,0.6006558998822997,133.9353491802823,0.2257047351792283,0.2257047351792283,0.2257047351792283,123,경상북도 고령군 쌍림면,47830,경상북도 고령군,False,0.552929750728391,2.126895214262637,3.3293616380909064,3.4436785929565277,False,0,농촌 생활권 외곽형,87.01000773981207
4824035000,2937.0,1571.0,779.0,477.0,789.412455874845,422.2563732309777,209.38110423101952,718.7135031960231,384.4395347364495,190.6291518521287,116.7267078735114,0.7312180946970225,0.7312180946970225,0.0,605.7384116241783,10153.562161315172,1900.306391785752,3560.992438466606,13154.893754285418,2793.4816106051057,0.2184801662039191,0.2681580010513578,119.2916852268688,0.2687819053029775,0.244710079399395,0.244710079399395,127,경상남도 사천시 곤양면,48240,경상남도 사천시,False,0.5348995573714674,2.0766101738804523,3.278823629128677,3.446145816759718,False,0,농촌 생활권 외곽형,94.07622906962303
4833057000,21327.0,4195.0,1604.0,893.0,3129.2387245834684,615.5181905391123,235.3495059892101,1951.2307043582969,383.8051673832726,146.75172550244798,81.70155291376935,0.8532733753184476,0.8532733753184476,0.0,256.79342822923263,13606.952464338185,885.4615605794869,769.13518370488,1637.302409868305,299.8995856223013,0.6931762244378721,0.2847922704717131,3165.281323936832,0.1467266246815524,0.0914911006873117,0.0914911006873117,29,경상남도 양산시 덕계동,48330,경상남도 양산시,True,0.19669902002156892,3.5004123153024382,2.947169712459386,2.476975865685928,False,1,도시 외곽 도농복합형,35.114757213373515
5211170300,19902.0,4876.0,1951.0,1147.0,2077.059058669563,508.8805130174249,203.6148238098843,1563.1294642305377,382.9675041497388,153.23412645532002,90.08690058649516,0.8956356618093877,0.8956356618093877,0.0,281.8854115488839,11264.22145093946,969.333126967918,975.5931503544342,2355.6944229303485,871.1974742778455,0.5381321350413425,0.41143468455234,3256.203652470699,0.1043643381906121,0.0785413257074936,0.0785413257074936,54,전북특별자치도 전주시완산구 삼천3동,52110,전북특별자치도 전주시,True,0.24500050246206412,3.5127115591097877,2.986473055008565,2.940116607669683,False,1,도시 외곽 도농복합형,30.07877547881054
4728036000,3226.0,1751.0,929.0,589.0,705.1008134882994,382.7128098009958,203.049800288478,705.1008134882994,382.7128098009958,203.049800288478,128.73663333682836,0.7814318619069127,0.7814318619069127,0.0003446076511275,583.3224137409084,4653.730180443999,2149.7253242549905,6192.680785774868,16156.939299553407,2584.3201182624193,0.0,0.6146917246784938,167.752165207351,0.2185681380930872,0.2185681380930872,0.2185681380930872,100,경상북도 문경시 마성면,47280,경상북도 문경시,False,0.5427774333539988,2.2246681343941512,3.332382972575584,3.412346308465484,False,0,농촌 생활권 외곽형,83.64882626257746
1279043000,3131.0,1468.0,710.0,424.0,838.2491750512077,393.02133151554546,190.0852488937584,815.3163494531269,382.2690517397606,184.88489559620572,110.41013483491724,0.7322742973327347,0.7322742973327347,0.0,637.788395397514,18178.10498203154,5092.934654067511,4862.041409902773,12817.833018891277,4531.45364252026,0.1477125783168797,0.152360472355232,95.10541609989208,0.2677257026672653,0.2604012614031066,0.2604012614031066,179,전남광주통합특별시 해남군 화원면,46820,전라남도 해남군,False,0.46885978920472693,1.9782052500112184,3.706968103908368,3.656237541451189,False,2,초고령 산간 오지형,99.54334326840308
2614057000,6789.0,1822.0,724.0,404.0,1620.190673774654,434.8191792042156,172.78215463438642,1422.6096767236984,381.7933172765618,151.71150477949,84.65669603717397,0.7613506151458751,0.7613506151458751,0.1748908589047031,290.54086827301836,1447.6670548297468,1111.3633298910145,636.2981042436313,739.5103732752921,495.4659940282092,0.5751040419275866,0.4248959580724134,2205.427207423225,0.2386493848541249,0.2095462773197375,0.2095462773197375,11,부산광역시 서구 서대신4동,26140,부산광역시 서구,True,0.26837531300633377,3.3434927279787976,3.0458560628752034,2.6950138523375293,False,1,도시 외곽 도농복합형,80.00336834085695
4773038000,3813.0,1829.0,827.0,531.0,906.657853517564,434.9009216059859,196.64464853370717,795.8835485173195,381.7652793700963,172.61885513344433,110.83508110744732,0.7622192883510192,0.7622192883510192,0.0,577.4557336129355,11759.886190868428,2180.8924061689686,2973.506170385264,3191.7439006482887,2847.0733376730027,0.313866073049648,0.2800225032394191,242.95065504262791,0.2377807116489808,0.2087289663040439,0.2087289663040439,120,경상북도 의성군 봉양면,47730,경상북도 의성군,False,0.4796747967479675,2.3855180743437265,3.338634240287674,3.4543986542690077,False,0,농촌 생활권 외곽형,79.68547213369473
4159133000,6935.0,2924.0,1151.0,690.0,977.480242273757,412.13442370706065,162.23212095992707,904.4187207378714,381.32953704939234,150.1061207742307,89.98542426952145,0.8590511546829479,0.8590511546829479,0.0,485.2810119803627,15139.537778311807,1876.7367942504584,3539.153694176709,16066.79417988652,1466.3532745785503,0.1640095482672437,0.6459418051253512,153.11042089710267,0.1409488453170522,0.1304136583616252,0.1304136583616253,124,경기도 화성시만세구 서신면,41590,경기도 화성시,False,0.42162941600576787,2.185004750359207,3.273403368614974,3.166238613358955,False,0,농촌 생활권 외곽형,49.730579967956146
4889043000,2806.0,1543.0,832.0,553.0,692.7575937445597,380.94261124299913,205.40781111741757,692.7575937445597,380.94261124299913,205.40781111741757,136.52706676434124,0.7531156116377193,0.7531156116377193,0.0,572.1577177328141,32553.89780818509,1564.3000895548112,2456.756832444863,20878.624180832485,19575.070583424946,0.0,0.0,268.35632300961385,0.2468843883622807,0.2468843883622807,0.2468843883622807,99,경상남도 합천군 삼가면,48890,경상남도 합천군,False,0.5498930862437633,2.4287118325868438,3.194320070166402,4.291703336703759,False,2,초고령 산간 오지형,94.04878357785792
5013057000,22409.0,4420.0,1799.0,1012.0,2628.4183772311007,518.4349693141803,211.01007008964035,1930.7499273212711,380.82532369851486,155.0010763198254,87.19349040337038,0.8827070205171538,0.8827070205171538,0.0,253.8043747749089,43808.62179001843,833.6897364688379,833.6897364688379,1001.7267324375746,239.06474701708572,0.6093737986760326,0.3700767739288268,3361.4851957677643,0.1172929794828462,0.0861595754974015,0.0861595754974015,24,제주특별자치도 서귀포시 동홍동,50130,제주특별자치도 서귀포시,True,0.19724217948145834,3.5265312029295712,2.921004454942655,2.378515538873073,False,1,도시 외곽 도농복합형,32.81174822852456
4182034500,8980.0,2831.0,1041.0,624.0,1315.4524914350516,414.7044547051928,152.49287790466468,1207.3108080866791,380.61212669191417,139.95663153877877,83.89331227684721,0.8535130855862971,0.8535130855862971,0.0,468.9888542019079,14943.87624415025,1838.4918967566948,3117.0764173123835,7857.024513997381,1489.9939439732464,0.3586671402716413,0.4067181375431315,489.6704197755182,0.1464869144137028,0.1344444107000756,0.1344444107000756,133,경기도 가평군 조종면,41820,경기도 가평군,False,0.3152561247216036,2.689903869759943,3.2644617200348467,3.173184503241572,False,0,농촌 생활권 외곽형,51.17117307839691
1285033000,3668.0,1881.0,1138.0,754.0,749.6388031690979,384.42491514751174,232.5760518010996,741.6599017792099,380.33322662123607,230.10059111906787,152.45680641808187,0.7956273710007912,0.7956273710007912,0.0,553.7555754364204,33236.496329710746,2581.788018122861,3035.6815339159944,32797.46212944332,2847.9601504687557,0.1377586488078104,0.3209774124579146,135.25464671600994,0.2043726289992088,0.202197355992151,0.202197355992151,118,전남광주통합특별시 완도군 고금면,46890,전라남도 완도군,False,0.512813522355507,2.1311521943586915,3.4119205809440056,3.4545339082258426,False,0,농촌 생활권 외곽형,76.90237281877751
1285032000,2992.0,1412.0,758.0,489.0,816.6044965873768,385.3761862237219,206.88041725041165,805.860542735508,380.3058443658213,204.15851985077376,131.70648576125114,0.7270706896432565,0.7270706896432565,0.0,715.6340203296251,43799.433621340504,2230.8283272412623,3154.902695049802,41403.73240251936,3068.4528399771975,0.1759537896863526,0.3654544768014753,134.12297523577888,0.2729293103567436,0.2693384166896751,0.2693384166896752,93,전남광주통합특별시 완도군 신지면,46890,전라남도 완도군,False,0.47192513368983957,2.127503178772212,3.348466150561526,3.4869194528619056,False,0,농촌 생활권 외곽형,102.43097397932031
4146353500,32350.0,6171.0,2776.0,1633.0,4221.705575189176,805.3213324418055,362.2706237009321,1993.6432832674388,380.3020927679556,171.0773958068133,100.63738737482927,0.8694990548627767,0.8601865901905497,0.1055719466756493,253.97239349793455,1724.4739365430285,667.554027991344,644.2258609081268,3042.630897191092,328.2906888232882,0.8027916684457443,0.1873735988412212,5870.827918738494,0.1305009451372233,0.0616273039649903,0.0616273039649903,28,경기도 용인시기흥구 보라동,41460,경기도 용인시,True,0.19075734157650695,3.768699350853294,2.824486420761647,2.5162585651843763,False,1,도시 외곽 도농복합형,23.43699266953274
4725033000,3608.0,1961.0,1026.0,700.0,732.555044180973,398.1542244010222,208.31526478095296,697.9283527003521,379.33411852699294,198.468539321109,135.40738550173128,0.7969636795507281,0.7969636795507281,0.0,567.6323996451689,11388.923794765928,2651.895260402463,6517.538526795948,12507.640601465311,5519.823344578627,0.0688474118137031,0.0819606628293335,63.96318296695654,0.2030363204492719,0.1934391221453304,0.1934391221453304,152,경상북도 상주시 낙동면,47250,경상북도 상주시,False,0.5435144124168514,1.8059300671847391,3.4235563671205442,3.7419251788700754,False,2,초고령 산간 오지형,73.37805888763423
4380034000,1809.0,1008.0,377.0,226.0,680.2504847930581,379.0450462528483,141.76585559258314,680.2504847930581,379.0450462528483,141.76585559258314,84.9843060051029,0.6239632477650314,0.6239632477650314,0.0,787.1322496604732,9117.6309785357,2042.9053773682913,8311.26653396741,14925.767555594486,7791.159708554074,0.0,0.0,50.400160250766326,0.3760367522349686,0.3760367522349686,0.3760367522349685,128,충청북도 단양군 어상천면,43800,충청북도 단양군,False,0.5572139303482587,1.7024319173168128,3.3102482515866862,3.89160210690741,False,2,초고령 산간 오지형,142.53486814367452
1213035000,1987.0,1158.0,647.0,417.0,649.3061220690171,378.4078960019737,211.4247916349542,649.3061220690171,378.4078960019737,211.4247916349542,136.26605581418224,0.6732228877357741,0.6732228877357741,0.0,1263.449476277722,25194.389647540786,4280.607624665374,21409.643809083816,23935.66678253449,10648.233190619318,0.0,0.0,141.8069751839167,0.326777112264226,0.326777112264226,0.326777112264226,89,전남광주통합특별시 여수시 화정면,46130,전라남도 여수시,False,0.5827881227981883,2.151697593395581,3.631505420720914,4.027277553387944,False,2,초고령 산간 오지형,123.65503951350652
4180036000,2388.0,1232.0,577.0,375.0,760.9513608803012,392.58462169368977,183.8647132445284,731.7897398961736,377.5397653065686,176.8185426801056,114.9167305113338,0.6813436512226544,0.6773297302381353,0.2083582841968481,1111.3643120719976,2758.178034492241,3296.155766393914,3404.232994264682,23402.875731647942,3501.3179106999346,0.2167209657776606,0.27164832900826,102.6119482345722,0.3186563487773455,0.3064446146968901,0.3064446146968901,195,경기도 연천군 신서면,41800,경기도 연천군,False,0.5159128978224455,2.0111979333900503,3.518007726959206,3.5442315453821336,False,0,농촌 생활권 외곽형,115.69502791212574
1233070000,32831.0,2798.0,1085.0,586.0,7857.581575267546,669.657130382827,259.6776220390877,4424.816088215987,377.1019894254921,146.23147195377376,78.9784724100566,0.7606657861390896,0.7606657861390896,0.0,316.1279365261026,2865.368747341557,589.8852273956998,483.55290701863794,968.8076383111716,385.82368449613574,0.6974146439494364,0.3025853560505634,6281.980193071017,0.2393342138609103,0.1347755501878099,0.1347755501878099,15,전남광주통합특별시 광산구 신창동,29200,광주광역시 광산구,True,0.0852243306630928,3.798096562744829,2.7707675201887025,2.5863888840913236,False,1,도시 외곽 도농복합형,50.82412810173837
5175025300,987.0,491.0,232.0,149.0,757.9917737631005,377.0759482448656,178.17030548433567,757.9917737631005,377.0759482448656,178.17030548433567,114.42834274640524,0.2320245453261392,0.2320245453261392,0.0,4005.08505880891,13122.69405116037,4999.321235205714,12977.07844001684,15339.283878971575,12689.108205039658,0.0,0.0,54.68904134005922,0.7679754546738606,0.7679754546738606,0.7679754546738607,81,강원특별자치도 영월군 상동읍,51750,강원특별자치도 영월군,False,0.49746707193515705,1.7379003105684336,3.6989110435729455,4.103431100799213,False,2,초고령 산간 오지형,289.5850727999278
5178025300,2938.0,943.0,451.0,288.0,1190.8079461246125,382.20963008696714,182.79591004159295,1174.5395104709146,376.9880048924685,180.29861103552844,115.13525494064788,0.5946875608833859,0.5946875608833859,0.0,976.4591898906402,26232.69333235799,2744.7037898937037,6493.495367343949,18799.267220370624,4713.241952145582,0.0763228441840256,0.2395933008021108,103.87428757815816,0.4053124391166142,0.3997751907661384,0.3997751907661384,129,강원특별자치도 철원군 김화읍,51780,강원특별자치도 철원군,False,0.3209666439754935,2.016508058193508,3.43849548198976,3.6733197346428494,False,2,초고령 산간 오지형,150.7104515724325
4476031000,11194.0,3277.0,1447.0,892.0,1287.0975612530028,376.79280938235576,166.37753896132705,1287.0975612530028,376.79280938235576,166.37753896132705,102.56307170249048,0.8850189779120061,0.8850189779120061,0.0,446.73918371229365,23932.66602976859,2009.178586879258,2367.1890109509427,4206.34956479667,1252.429487707402,0.1153612763303509,0.8049853813127227,438.7075552614295,0.1149810220879938,0.1149810220879938,0.1149810220879938,109,충청남도 부여군 규암면,44760,충청남도 부여군,False,0.2927461139896373,2.642175113730439,3.3030185409538992,3.097753284270531,False,0,농촌 생활권 외곽형,43.324022338189884
2729058500,27830.0,5916.0,2286.0,1246.0,5309.854659462749,1128.7495567869787,436.1598185961855,1772.1089290399127,376.70845936759343,145.5638164493439,79.34055787221456,0.8092039288730597,0.7689679677599474,0.3547127187562726,281.9864440900982,1122.925103171958,651.1879013925987,858.9795482742055,1197.2610325889354,294.971665430475,0.7841858973026316,0.2158141026973684,3256.204186468085,0.1907960711269403,0.0636762101703166,0.0636762101703166,22,대구광역시 달서구 신당동,27290,대구광역시 달서구,True,0.21257635644987424,3.512711630331408,2.8137063230739523,2.4697803002554517,False,3,역세권 라스트마일형,23.987367031627052
1213034000,2497.0,1409.0,751.0,437.0,667.3496703766766,376.5701584143922,200.7126962166136,667.3496703766766,376.5701584143922,200.7126962166136,116.7928738304396,0.7327394191523121,0.7327394191523121,0.0,664.5023904253497,35349.34076375043,3405.8148816996395,30903.150091389125,35809.0588376339,16834.152996263976,0.0,0.0,90.99665498838677,0.2672605808476879,0.2672605808476879,0.2672605808476879,115,전남광주통합특별시 여수시 남면,46130,전라남도 여수시,False,0.5642771325590709,1.959025428070698,3.532221038799451,4.22619126991908,False,2,초고령 산간 오지형,100.64235926773631
3611034000,7960.0,3233.0,1444.0,885.0,976.9327515330824,396.7868826264392,177.22247402183055,926.6607764218968,376.368629418592,168.10278406447475,103.0269833082134,0.8772697548325273,0.8772697548325273,0.0,448.8735210483749,9411.965002343712,2050.0650351428076,2922.2522971340336,4953.344099222696,2333.0396936197376,0.2795224855639426,0.2263272937937543,490.03385509982775,0.1227302451674726,0.1164146704047608,0.1164146704047609,155,세종특별자치시 세종시 금남면,36110,세종특별자치시 세종시,False,0.40615577889447235,2.690226085283881,3.3117676385950916,3.3679221278093423,False,0,농촌 생활권 외곽형,43.814829944456946
4311375600,24519.0,3697.0,1183.0,656.0,4925.371801342045,742.6526183597023,237.64080268312895,2494.9018486997034,376.1838629080633,120.37476597788446,66.75050421089789,0.7991202006059772,0.7991202006059772,0.0,260.03334806770664,6804.5279499923545,626.8328099655159,561.0395761852297,2047.0048179530809,323.8694959830808,0.758187881811951,0.241812118188049,3743.735612494044,0.2008797993940227,0.1017538173946614,0.1017538173946614,18,충청북도 청주시흥덕구 봉명2·송정동,43110,충청북도 청주시,True,0.1507810269586851,3.5733051707046184,2.7971517204290506,2.510370045416536,False,1,도시 외곽 도농복합형,38.27814409316541
1285031000,2838.0,1511.0,796.0,503.0,724.2855637357704,385.6220883737665,203.14704324653744,706.2350127121894,376.0116646258344,198.08423894253093,125.171321844338,0.7447901466752042,0.7447901466752042,0.0,759.1620905508289,37689.788520436734,2805.478110312445,6653.318659746266,29001.10320918898,2928.93945461276,0.1768905822039448,0.4895115173996811,107.1677337080556,0.2552098533247958,0.2488495464102147,0.2488495464102147,99,전남광주통합특별시 완도군 군외면,46890,전라남도 완도군,False,0.5324171952078929,2.0300640467198643,3.4480068844785765,3.46671039428339,False,0,농촌 생활권 외곽형,93.57033218708865
5121058000,28389.999999999996,5651.0,2053.0,1195.0,3931.590548288349,782.579013327843,284.3098061160966,1886.9133975890045,375.58815110163664,136.45062364389668,79.42449841912155,0.8615149507471521,0.8615149507471521,0.0,243.23796866950605,59290.9627810177,470.26494891748195,465.64319817894693,2006.518615631596,199.36699493271675,0.837383779981771,0.162616220018229,6580.846537942433,0.1384850492528478,0.0664640154134908,0.0664640154134908,16,강원특별자치도 속초시 조양동,51210,강원특별자치도 속초시,True,0.199048960901726,3.818281763387464,2.672342609919776,2.299653262776963,False,1,도시 외곽 도농복합형,24.963096663943688
4874038000,4713.0,2054.0,859.0,503.0,1011.4570296918504,440.8089834472864,184.350008170019,861.0294589208193,375.2502670535461,156.93280399172156,91.8942961674458,0.785389978847475,0.785389978847475,0.0,563.7386289593936,26186.982614279674,1106.2152816103976,2066.010415914846,13336.301703134894,1248.7770748824248,0.3965121570028823,0.5717469543801521,355.8601091405208,0.214610021152525,0.1826924377086397,0.1826924377086397,63,경상남도 창녕군 영산면,48740,경상남도 창녕군,False,0.43581582855930406,2.5512793076129507,3.0438396536569483,3.096484917325783,False,0,농촌 생활권 외곽형,68.55538603883038
1213082000,1913.0,837.0,397.0,226.0,856.8560249140281,374.9025054119401,177.82114055978522,856.8560249140281,374.9025054119401,177.82114055978522,101.2281555831523,0.5520878071541934,0.5520878071541934,0.0,808.7901733629403,8901.98163669068,4634.745510938804,7171.265897284349,10287.333224191258,4736.8096176811605,0.0,0.0488904800330984,54.65770227615298,0.4479121928458066,0.4479121928458066,0.4479121928458066,136,전남광주통합특별시 여수시 삼일동,46130,전라남도 여수시,True,0.4375326711970727,1.737651370683348,3.6660258924763554,3.6754859298721234,False,2,초고령 산간 오지형,167.92340330244897
3014074000,24046.0,7709.0,2994.0,1586.0,1707.5084230604805,547.4167193451403,212.60418442331692,1166.2923064349022,373.9061544667163,145.21663334717195,76.92504358337165,0.9289899183622856,0.9289899183622856,0.0,247.86016830272493,4381.238010311349,910.145693968005,1048.6612071810134,3215.8714960789143,801.2571407862549,0.6958835125356955,0.1943952967072567,3433.099704557913,0.0710100816377144,0.0485025495481536,0.0485025495481536,73,대전광역시 중구 산성동,30140,대전광역시 중구,True,0.3205938617649505,3.535686416449501,2.959110918718564,2.903771912967121,False,1,도시 외곽 도농복합형,18.135401783381482
3120053000,34901.0,4282.0,1528.0,815.0,5083.73049535472,623.7223569842959,222.57070562167308,3041.589324251133,373.17227261234206,133.16376285652936,71.02648346077973,0.8543385434413134,0.8500457864779601,0.0110796537461127,300.97140136549643,3325.4006241416832,909.0471806661566,915.6108060842666,2033.8606457979072,745.6461590295298,0.6782525804279401,0.2900902450599389,5134.359028338438,0.1456614565586865,0.0871490594610794,0.0871490594610794,64,울산광역시 북구 농소3동,31200,울산광역시 북구,True,0.12268989427237043,3.7104862341395703,2.958586424224409,2.872532785063886,False,1,도시 외곽 도농복합형,32.52161257511913
4785031000,3612.0,1909.0,897.0,566.0,706.9249940371653,373.6212108574055,175.55695449926282,705.6180111178862,372.93044939757607,175.23237983741527,110.5702642006433,0.8042843316619144,0.7936910781652554,0.0982499947509201,559.2704876874507,3225.1563965482637,1595.5703336872832,3256.4173517541403,7195.85570122711,1811.8035872747175,0.0732886156118442,0.6815893461404497,148.2142910494651,0.1957156683380856,0.1953538236760482,0.1953538236760482,155,경상북도 칠곡군 지천면,47850,경상북도 칠곡군,False,0.528516057585825,2.170890081002907,3.202915952909997,3.2581111152027025,False,0,농촌 생활권 외곽형,72.8533892550435
4311135000,3441.0,1724.0,830.0,542.0,743.0792002092315,372.29542027338425,179.2373543079518,743.0792002092315,372.29542027338425,179.2373543079518,117.044151849289,0.7840513803518653,0.7840513803518653,0.0,599.1072752993504,12909.972350573293,2230.7398714276133,2825.3672520775995,9355.990416246626,3803.5626170037585,0.0,0.3614599178452982,154.50985579319837,0.2159486196481347,0.2159486196481347,0.2159486196481347,140,충청북도 청주시상당구 문의면,43110,충청북도 청주시,False,0.5010171461784365,2.188956187191809,3.348448929768274,3.580190570320329,False,0,농촌 생활권 외곽형,80.3966821093595
4725055000,7150.0,2256.0,1018.0,608.0,1563.416844582111,493.296279912901,222.59557311672577,1178.904753633624,371.97330408356027,167.84965583203208,100.24812450478927,0.7813403014570475,0.7812421373837454,0.0330761879411439,394.96307079566304,3213.359329083341,2057.9977514512098,2825.9092010624177,3104.450031217761,1073.4352711654603,0.4015985548237215,0.1972899936234451,1047.1555021912675,0.2186596985429525,0.1648817837249823,0.1648817837249823,50,경상북도 상주시 동문동,47250,경상북도 상주시,True,0.31552447552447555,3.0200111790322097,3.313444895920649,3.030775861326333,False,1,도시 외곽 도농복합형,61.33162187537266
1219032000,2755.0,1375.0,698.0,446.0,744.8033187147606,371.7257942768769,188.7015304765528,744.8033187147606,371.7257942768769,188.7015304765528,120.5743303618088,0.7296539677986349,0.7296539677986349,0.0,611.1682546999947,9667.180667859564,2213.298958268742,8230.259470851914,9594.733766622534,7674.985039654455,0.0,0.0428800190778968,95.64322624394018,0.270346032201365,0.270346032201365,0.270346032201365,87,전남광주통합특별시 광양시 옥룡면,46230,전라남도 광양시,False,0.49909255898366606,1.9806542173424047,3.345040079610645,3.8850775376082667,False,2,초고령 산간 오지형,100.49459354965454
1283025000,23541.0,5422.0,2370.0,1357.0,2808.8859746810676,646.9470181691836,282.7857678091046,1610.623089390864,370.9612331964345,162.15015172916816,92.84293497741822,0.8806811106290698,0.8806811106290698,0.0,399.7613053707008,32608.78675648001,1475.7698818562158,1818.6963574877311,1918.9891255206433,1531.917493660273,0.5784874144058844,0.193816976391105,1775.0791651365655,0.1193188893709301,0.0684177855397333,0.0684177855397333,112,전남광주통합특별시 영광군 영광읍,46870,전라남도 영광군,False,0.2303215666284355,3.2492177265264903,3.1690186428315896,3.185235375601433,False,1,도시 외곽 도농복합형,25.380346096388646
5181031000,3666.0,1164.0,430.0,292.0,1287.8168135022656,408.8976461856621,151.0532541751157,1167.3057760235388,370.63391251811214,136.91802610205173,92.97689214371886,0.6487133623834518,0.6487133623834518,0.0,913.7783565590914,45021.51459816203,4691.769187935985,4737.851983480533,16932.120944197984,4598.507064570216,0.22774686836349,0.1562365101598039,147.29724154751293,0.3512866376165481,0.318414014190818,0.318414014190818,211,강원특별자치도 인제군 남면,51810,강원특별자치도 인제군,False,0.31751227495908346,2.1681946138357673,3.6713366388076465,3.662616858017014,False,2,초고령 산간 오지형,118.01503188014055
5175031200,1334.0,694.0,287.0,197.0,711.6120500288839,370.208967556256,153.0979447963191,711.6120500288839,370.208967556256,153.0979447963191,105.0881363236058,0.4665576836365188,0.4665576836365188,0.1043529136249679,1863.2964091511217,6654.085138681764,2895.229295113744,8073.627001747166,17884.70738367212,7944.647484979311,0.0,0.0042323626569968,52.63083425822264,0.5334423163634812,0.5334423163634812,0.5334423163634813,122,강원특별자치도 영월군 산솔면,51750,강원특별자치도 영월군,False,0.52023988005997,1.7212402541303502,3.4616829644915077,3.900074631722788,False,2,초고령 산간 오지형,197.48512919174206
4882043000,3926.0,1731.0,846.0,497.0,853.5391576072058,376.331197610309,183.92616590313196,839.0527997270382,369.9440642708872,180.80455134209737,106.21733098938816,0.7825931845116644,0.7825931845116644,0.0,543.9641000542701,29008.416018654338,3212.2157668994646,3353.830760269227,7157.724659515262,2887.603483814987,0.1296443035930754,0.1926146056557748,236.89174645901625,0.2174068154883356,0.2137169637613444,0.2137169637613444,72,경상남도 고성군 거류면,48820,경상남도 고성군,False,0.4409067753438614,2.374549929740292,3.5068047094667247,3.4605375571060875,False,0,농촌 생활권 외곽형,79.06332217750567
4711158000,28602.0,4214.0,978.0,382.0,7614.374946047757,1121.8437879394885,260.36146763284756,2509.6776482121563,369.7567166479976,85.81444444274837,33.51852533448863,0.7337817304367611,0.7337817304367611,0.0,323.2524193295129,5008.679568418406,657.0993323974543,581.931643584768,1691.4177663868525,540.2987143154173,0.828818227291372,0.171181772708628,4152.736747904347,0.2662182695632388,0.0877448307185566,0.0877448307185566,21,경상북도 포항시남구 효곡동,47110,경상북도 포항시,True,0.14733235438081252,3.6183344009976195,2.8176310259544035,2.7326339341015053,False,1,도시 외곽 도농복합형,32.44424050932785
4125058000,8031.0,2941.0,1286.0,765.0,1009.6202160390072,369.72893230864406,161.6699785613452,1009.6202160390072,369.72893230864406,161.6699785613452,96.17226562941607,0.8742846200922665,0.8642847622705512,0.3702281480381638,342.2784217439509,1165.7678949827289,4364.636450875245,1901.7401009193857,7602.432587860741,918.157620955702,0.0,0.2777620814668358,800.8319029848151,0.1257153799077334,0.1257153799077334,0.1257153799077334,53,경기도 동두천시 소요동,41250,경기도 동두천시,True,0.36620595193624705,2.903541365937645,3.6399480753144053,2.9629172433310735,False,3,역세권 라스트마일형,46.48061318806184
1221074000,17953.0,3654.0,1415.0,790.0,4029.588168071872,820.147895401026,317.5996912951428,1815.6822907774877,369.5484370579257,143.10646919457167,79.89689799555592,0.7755479213461889,0.6684797450066882,0.350125245150692,416.1684724804458,1195.759068906713,1302.7941930460966,1304.3008551589598,1490.760802983053,489.9037923361323,0.617501351601102,0.252803118648261,3096.1341741685524,0.2244520786538111,0.1011353139184252,0.1011353139184252,42,전남광주통합특별시 동구 지원2동,29110,광주광역시 동구,True,0.2035314432128335,3.4908197730180834,3.1148758141132395,2.6901108013348387,False,3,역세권 라스트마일형,37.374397189916714
5273034000,4037.0,1972.0,955.0,661.0,759.0391428363989,370.7766137412382,179.5596684193116,755.8421932248339,369.2149628534487,178.80339225407886,123.75815945544096,0.8119794047965324,0.8119794047965324,0.0,559.3738554884983,47661.57607693373,1661.4644205465845,3337.2680428986505,28473.068096683703,2839.889279045468,0.1212497366291423,0.4081916617802916,134.286286564638,0.1880205952034676,0.1872286829885642,0.1872286829885642,109,전북특별자치도 무주군 안성면,52730,전북특별자치도 무주군,False,0.48848154570225416,2.128031664393254,3.2204910455089615,3.4533014082030427,False,0,농촌 생활권 외곽형,69.12763123472286
5173038000,1742.0,964.0,372.0,212.0,666.415403780626,368.7855621380732,142.31144099104068,666.415403780626,368.7855621380732,142.31144099104068,81.10221905941029,0.6174423629273099,0.6174423629273099,0.0,785.6274574876361,20701.61548228639,2980.1675284123694,8628.088036195646,16031.405323859466,8456.155849963377,0.0,0.0,68.77629274940394,0.38255763707269,0.38255763707269,0.38255763707269,91,강원특별자치도 횡성군 강림면,51730,강원특별자치도 횡성군,False,0.5533869115958668,1.8374387623282584,3.4742406783782784,3.9271729785750757,False,2,초고령 산간 오지형,141.081733238065
4721061000,6762.0,2310.0,924.0,521.0,1303.8898667687918,445.4282153557984,178.1712861423194,1076.9116694148163,367.8890796137572,147.15563184550288,82.97411709037554,0.8071739327464076,0.7577774794781433,0.3486970505264285,472.075084851206,1149.742974316581,1134.0561179851964,1366.1160001347243,2750.580563553388,798.6717403346493,0.486059813296144,0.4592317586974426,866.053059734567,0.1928260672535924,0.1592593418241373,0.1592593418241373,34,경상북도 영주시 휴천3동,47210,경상북도 영주시,True,0.3416149068322981,2.937544500382271,3.0546345458516737,2.9023683179195756,False,3,역세권 라스트마일형,58.58977268357462
4775032000,2408.0,1287.0,610.0,383.0,687.6863655615897,367.5466580057167,174.20626370123327,687.6863655615897,367.5466580057167,174.20626370123327,109.37868688126612,0.7144159611455193,0.7144159611455193,0.0,688.5496887006129,30546.30621230934,3470.6175593632342,7855.899562314232,40955.4758066076,15890.689054138433,0.0,0.0,86.79882073545821,0.2855840388544807,0.2855840388544807,0.2855840388544807,147,경상북도 청송군 부남면,47750,경상북도 청송군,False,0.534468438538206,1.9385138248128715,3.5404067597362303,4.20114272954985,False,2,초고령 산간 오지형,104.96545906073914
4159125300,84720.0,10519.0,3751.0,2143.0,3304.919345017632,410.3452147101095,146.3261622186159,2959.4057959826387,367.4455803581371,131.02846011249855,74.85843508959861,0.9609900927169778,0.9609900927169778,0.0547106032438884,300.5171729063317,3761.0412539032727,2111.2958530191013,1403.3587300922495,2708.9553294546035,610.7811017544717,0.3419635233347834,0.3191612904649384,2589.468966082193,0.039009907283022,0.0349316076013059,0.0349316076013059,127,경기도 화성시만세구 향남읍,41590,경기도 화성시,False,0.12416194523135032,3.413210710511272,3.324549094667605,2.785885591038735,False,1,도시 외곽 도농복합형,12.835464827904557
4713065000,9414.0,3100.0,1327.0,812.0,1115.2302484782883,367.24174317853135,157.20315909610034,1115.2302484782883,367.24174317853135,157.20315909610034,96.19364369708627,0.8815349215553124,0.8615363034387625,0.1128580294866241,442.3384752746589,2475.780951146505,2304.734579168507,2352.6030311408344,9041.523044199372,1184.0663746325038,0.1958477823239174,0.4824164820016354,597.8933266080021,0.1184650784446875,0.1184650784446875,0.1184650784446875,70,경상북도 경주시 불국동,47130,경상북도 경주시,True,0.32929679201189715,2.7766237060652506,3.36262091782123,3.073376048103686,False,0,농촌 생활권 외곽형,43.505321913808494
4887036000,3940.0,2115.0,1096.0,716.0,779.6483442536077,418.51681423766,216.8767982999883,682.1439642588747,366.17626507805073,189.75375249434688,123.96321787039447,0.8021197095803025,0.8021197095803025,0.0,546.0271582183584,60003.177407823474,1629.2344508511767,2508.352872589977,11908.641771027074,2500.281078076034,0.2477028858604955,0.4067473910033615,380.8412240120704,0.1978802904196973,0.1731329858525062,0.1731329858525062,125,경상남도 함양군 안의면,48870,경상남도 함양군,False,0.5368020304568528,2.58074395229636,3.21198358485146,3.397988834190295,False,0,농촌 생활권 외곽형,63.39719012128172
5121060000,2764.0,1265.0,530.0,315.0,803.7924228483431,367.87171306192255,154.1280695042047,799.7988765307742,366.04398654537965,153.36230266328158,91.14929309232774,0.7091923216901798,0.7091923216901798,0.0,585.9990491909102,61523.33934735059,2755.696834017514,2175.2631296889094,4965.881340563327,1598.1380746637594,0.0083611592865252,0.7408400856408225,428.8970939345828,0.2908076783098202,0.2893628352137388,0.2893628352137388,54,강원특별자치도 속초시 대포동,51210,강원특별자치도 속초시,True,0.45767004341534007,2.632353103612702,3.440231437272072,3.203614298428586,False,0,농촌 생활권 외곽형,105.91952575971071
4729056000,35170.0,7102.0,2673.0,1482.0,5204.258730937406,1050.9140036143715,395.5355015011568,1812.4059318989175,365.98541166750385,137.74697344230327,76.3714981823769,0.8520256260751378,0.8498995640344672,0.0046438621907357,255.08633860419425,3491.1023634683625,999.9205815031672,1008.1046348361282,1573.721956909382,517.6022003080269,0.7528102282981304,0.1839011102588599,4210.049130187165,0.1479743739248622,0.0515327248194176,0.0515327248194176,45,경상북도 경산시 동부동,47290,경상북도 경산시,True,0.201933466022178,3.624287163969797,2.9999655076153795,2.71399611383453,False,1,도시 외곽 도농복합형,18.860225507382744
4148025600,8992.0,3434.0,1451.0,877.0,1127.862851534362,430.7252037554492,181.99833158100083,957.4755761068212,365.6551521742464,154.5036767049597,93.38368330134368,0.8745704124183317,0.8745704124183317,0.0,436.2456027775846,10645.74005577329,1744.09754227666,2617.891646026126,10660.095823293645,1224.6936994157177,0.4313416065265982,0.3314229260447842,505.1261319878386,0.1254295875816684,0.1064808247449756,0.1064808247449756,146,경기도 파주시 법원읍,41480,경기도 파주시,False,0.3818950177935943,2.703399836705881,3.2415707700964855,3.088027483568177,False,0,농촌 생활권 외곽형,38.93526217576331
4374525000,35151.0,8005.0,3083.0,1833.0,3117.7548506288435,710.0118795847599,273.4499218937932,1603.9719665434943,365.2754001929013,140.68008229790317,83.64145016284674,0.911303950083103,0.9034975980686648,0.1437207429453858,329.0956055243025,2148.917850948933,944.2200401532756,1468.9543402928018,2394.0888168490756,759.6556695781505,0.6198855208562227,0.3132091159214282,2663.654763982921,0.0886960499168969,0.0456309057080451,0.0456309057080451,116,충청북도 증평군 증평읍,43745,충청북도 증평군,False,0.22773178572444597,3.4254779352830895,2.975073213671622,2.880616783480333,False,1,도시 외곽 도농복합형,16.66784734367072
5115037000,6289.0,2438.0,984.0,547.0,940.9042214523406,364.7518670537138,147.2173245204489,940.9042214523406,364.7518670537138,147.2173245204489,81.83727287874547,0.8503888978450722,0.8503888978450722,0.0,561.6205104806717,17795.800782302456,4022.804488626042,3884.8606513850345,4657.843233910485,3871.593879472433,0.0,0.2353451643463155,441.1883732770091,0.1496111021549277,0.1496111021549277,0.1496111021549277,134,강원특별자치도 강릉시 연곡면,51150,강원특별자치도 강릉시,False,0.3876609953887741,2.6446240588720262,3.604528926040275,3.587889794619186,False,0,농촌 생활권 외곽형,54.570928842973785
4163034000,13599.0,4858.0,2084.0,1327.0,1082.3520296688012,386.6509419906637,165.86672768804922,1019.4524350615764,364.1811846113051,156.22758104774803,99.47888678040384,0.920409439689036,0.9189817356954064,0.1775146734782958,397.72500534804414,2076.9345570316304,1753.2538752220194,1710.4833650921437,6636.912525379739,944.6386849493508,0.3056490082336928,0.526239716788572,488.6901633001796,0.0795905603109641,0.0749652500229117,0.0749652500229117,107,경기도 양주시 장흥면,41630,경기도 양주시,False,0.35723214942275167,2.68903359733092,3.2438448074942077,2.975265726881185,False,1,도시 외곽 도농복합형,27.30093355802665
1283025300,4433.0,2078.0,1153.0,726.0,776.7067322034234,364.08675603850975,202.017338648894,776.7045937119539,364.0857536055583,202.0167824385028,127.20224115381876,0.8247898190382533,0.8247898190382533,0.0,543.8983579791189,40719.031938155254,3575.5316808894295,6177.4437429838445,12024.197518652258,3628.379303327747,1.1818867810174594e-05,0.1928331048696545,106.78912183659588,0.1752101809617467,0.175209698558979,0.175209698558979,180,전남광주통합특별시 영광군 백수읍,46870,전라남도 영광군,False,0.4687570494022107,2.0285270151742303,3.55334063044695,3.5597126810153106,False,0,농촌 생활권 외곽형,63.79135513884857
4773025000,11993.0,4454.0,1992.0,1134.0,1046.476505326893,388.6439051718487,173.81649283841998,979.6116147561193,363.81140099422623,162.71044247429248,92.62733020373878,0.9127427244787047,0.907317607921633,0.234244540615142,397.85580993194264,1865.5913441006376,1344.07365458735,1515.5264239872877,15037.58618815781,1286.242038187499,0.5598547044551307,0.2667948290315967,1375.3527488697987,0.0872572755212951,0.0816819490332793,0.0816819490332793,121,경상북도 의성군 의성읍,47730,경상북도 의성군,False,0.3713833069290419,3.138414099795439,3.1284230684978507,3.109322699504649,False,3,역세권 라스트마일형,29.716824313736325
4721035000,2716.0,1514.0,754.0,500.0,651.86254907467,363.3725696977358,180.9662599419371,651.86254907467,363.3725696977358,180.9662599419371,120.00415115513071,0.7599916976897386,0.7599916976897386,0.0,571.940240165071,6798.192832409483,1671.580442528443,5455.300590017962,6514.5211536123325,4725.233562619241,0.0,0.1338890847231909,60.41264787219634,0.2400083023102614,0.2400083023102614,0.2400083023102614,100,경상북도 영주시 안정면,47210,경상북도 영주시,False,0.5574374079528719,1.781127871171978,3.2231272812609726,3.6744232800304184,False,2,초고령 산간 오지형,87.2124335592707
5183031000,2566.0,1195.0,556.0,353.0,779.3887376662149,362.96552669958174,168.8776843890941,779.3887376662149,362.96552669958174,168.8776843890941,107.21910537652916,0.6962631575735717,0.6962631575735717,0.0,706.523747228968,55333.86117436771,4653.290845329608,9914.384686089945,23097.934860598,9194.710227931231,0.0,0.0988416247644917,59.05094204262805,0.3037368424264282,0.3037368424264282,0.3037368424264282,163,강원특별자치도 양양군 서면,51830,강원특별자치도 양양군,False,0.465705378020265,1.7712268303263614,3.667760198154198,3.9635380469625154,False,2,초고령 산간 오지형,110.24600298937636
4723037000,3899.0,2144.0,1061.0,618.0,666.3141739358811,366.3958935415565,181.31811709309304,659.6441663325201,362.7281591733581,179.50306757599483,104.55503841843996,0.8291063929377068,0.8291063929377068,0.0,512.4523966026519,12444.596740478142,2754.4815726053153,7927.739063111173,10193.778077827748,3244.7455410534585,0.0366938470366691,0.4764037681751,93.369701961218,0.1708936070622931,0.1691829100622005,0.1691829100622005,142,경상북도 영천시 임고면,47230,경상북도 영천시,False,0.5498845857912286,1.9702059725285532,3.4400398713026976,3.511180644295265,False,0,농촌 생활권 외곽형,61.36740553045379
4721034000,1940.0,1054.0,516.0,352.0,666.9713250405714,362.3648332952383,177.4006204747087,666.9713250405714,362.3648332952383,177.4006204747087,121.0174775331346,0.6562003479172313,0.6562003479172313,0.0,676.2725262970469,6092.231879353379,1829.113490211897,6396.033227713235,6447.818215159491,5957.481061561321,0.0,0.1015538141394406,47.62899030390882,0.3437996520827687,0.3437996520827687,0.3437996520827688,101,경상북도 영주시 장수면,47210,경상북도 영주시,False,0.5432989690721649,1.6778713749172436,3.2622406527938934,3.7750626704272245,False,2,초고령 산간 오지형,124.58090361393342
5013059000,14757.0,3139.0,1284.0,739.0,1700.696472419219,361.75958710604647,147.9768428939674,1700.696472419219,361.75958710604647,147.9768428939674,85.1673573976962,0.8847532376215207,0.8847532376215207,0.0,286.83522338323934,49256.539723930815,4986.6831809198575,4805.623325180894,6160.695281377659,3063.7975491113752,0.0,0.1256403362300369,1354.478814545783,0.1152467623784792,0.1152467623784792,0.1152467623784792,49,제주특별자치도 서귀포시 대륜동,50130,제주특별자치도 서귀포시,True,0.21271261096428815,3.1317722166059405,3.6978117770515255,3.486260064417277,False,0,농촌 생활권 외곽형,41.691621173347286
4822025000,4054.0,1858.0,817.0,488.0,788.965931328009,361.5931673427333,158.99979425135257,788.965931328009,361.5931673427333,158.99979425135257,94.97172533006128,0.8053858087498744,0.8053858087498744,0.0,953.889453083772,28579.531553242185,2822.8743579412835,5468.809519006881,8191.3899978963345,2617.202999535498,0.0,0.3898158214048193,117.01574677290496,0.1946141912501255,0.1946141912501255,0.1946141912501255,104,경상남도 통영시 산양읍,48220,경상남도 통영시,False,0.45831277750370003,2.06824430855314,3.4506915487572285,3.417837409364736,False,0,농촌 생활권 외곽형,70.37116182397733
3011074000,20777.0,4834.0,2019.0,1136.0,3561.2634850004647,828.5675355678031,346.0649264194031,1553.8798185879532,361.52741218915946,150.9978992986994,84.95968974904532,0.8285958759685967,0.8285958759685967,0.0,332.32119872021156,5708.823320603637,1220.4811706302285,1320.896197499182,7814.156536947294,1056.8563615629466,0.6890198277366858,0.1692647532739171,2162.275876770236,0.1714041240314032,0.0747884592861314,0.0747884592861314,94,대전광역시 동구 산내동,30110,대전광역시 동구,True,0.2326611156567358,3.3349111031767293,3.086531083585678,3.0240159659076453,False,1,도시 외곽 도농복합형,27.038078147329397
4137056000,31162.0,3503.0,1192.0,657.0,8585.968514490027,965.1706471426278,328.4280363671174,3212.2559744358,361.097897389404,122.8743059343904,67.72518372390478,0.7244731238530894,0.715219645442701,0.0500427539972742,307.9548611701704,2250.2201522430737,993.7905680225088,901.176664356336,2565.9187608400207,413.3355420688566,0.5870708815013882,0.4129291184986117,5256.564662741696,0.2755268761469105,0.1030824714214684,0.1030824714214684,24,경기도 오산시 초평동,41370,경기도 오산시,True,0.11241255375136384,3.7207020111828175,2.997294870578948,2.6163027511822987,False,1,도시 외곽 도농복합형,37.22286368799557
2871042000,612.0,361.0,164.0,104.0,612.0,361.0,164.0,612.0,361.0,164.0,104.0,0.0,0.0,0.0,11621.757921778604,38221.25843166124,1761.5726228827616,18964.79614433631,33896.15493760776,15115.05364408137,0.0,0.0,84.49249614778307,1.0,1.0,1.0,16,인천광역시 강화군 서도면,28710,인천광역시 강화군,False,0.5898692810457516,1.9268181405908924,3.2459005521820945,4.179409692849409,False,2,초고령 산간 오지형,361.0
3114067000,8198.0,2405.0,901.0,442.0,1260.2264404058774,369.7053658424171,138.5050040016706,1229.1504827401227,360.58879128933825,135.08960538531966,66.27037245317568,0.8462763551590782,0.8461234579320885,0.0077928245266,429.6197586713181,3293.031018541813,1851.504226526758,2074.8688749697535,3797.7408517773215,1420.2067485912291,0.1925150118015675,0.6599326798071916,518.5481521872814,0.1537236448409218,0.1499329693510762,0.1499329693510762,36,울산광역시 남구 야음장생포동,31140,울산광역시 남구,True,0.29336423517931204,2.714789091020618,3.267524707773608,3.152351572014295,False,0,농촌 생활권 외곽형,54.06414819272596
4415039000,2626.0,1369.0,668.0,448.0,690.7089215296895,360.08397318131944,175.70204096794842,690.7089215296895,360.08397318131944,175.70204096794842,117.83609933179775,0.7369729925629513,0.7369729925629513,0.0,619.1071535454521,26013.460409627052,2321.7220089088114,9539.199112778471,14036.813798995505,8879.130281205145,0.0,0.0,65.44483484244769,0.2630270074370485,0.2630270074370485,0.2630270074370485,134,충청남도 공주시 사곡면,44150,충청남도 공주시,False,0.5213252094440213,1.815875376051912,3.3658102183205445,3.948370428326853,False,2,초고령 산간 오지형,94.71180989192487
5272038000,2942.0,1200.0,512.0,307.0,882.7991091628825,360.08121379859244,153.6346512207328,882.7991091628825,360.08121379859244,153.6346512207328,92.12077719680656,0.6999323218345064,0.6999323218345064,0.0,657.1277459085425,24286.209717023896,2257.6593595678396,9074.590287602798,10675.419881923252,8945.323205420336,0.0,0.0,75.95268180270476,0.3000676781654937,0.3000676781654937,0.3000676781654937,144,전북특별자치도 진안군 부귀면,52720,전북특별자치도 진안군,False,0.4078857919782461,1.8805431129131436,3.353658415259428,3.951596036775358,False,2,초고령 산간 오지형,108.04873377555636
4887025000,16704.0,5042.0,2254.0,1370.0,1191.21767665088,359.5617532132266,160.74022049635315,1191.21767665088,359.5617532132266,160.74022049635315,97.69924670807625,0.9286866812349808,0.9286866812349808,0.0,355.704033259358,45514.485990247114,1191.3179746648311,1591.116796699106,2223.18170595832,1406.3993215715288,0.5592265528036756,0.2535140869929685,1617.7430463972173,0.0713133187650191,0.0713133187650191,0.0713133187650191,121,경상남도 함양군 함양읍,48870,경상남도 함양군,False,0.3018438697318008,3.2089095417547564,3.0760276944897145,3.148108648231821,False,1,도시 외곽 도농복합형,25.64154192260396
4713059000,13464.0,3179.0,1302.0,734.0,3233.7997859686143,763.5360605759229,312.715932956858,1522.5304522883516,359.48635679030525,147.2322228817167,83.00188294560681,0.7598187918918141,0.7598187918918141,0.0,400.0643854744239,4279.628522709083,1774.6145355276192,1778.7480202658207,3644.949406503419,1200.6368139293168,0.354375112063996,0.4348303763967808,1577.4804810467467,0.2401812081081858,0.1130815843945596,0.1130815843945596,55,경상북도 경주시 선도동,47130,경상북도 경주시,True,0.2361111111111111,3.197963994207053,3.249104034420375,3.07941165556262,False,1,도시 외곽 도농복합형,40.651286794075666
4311455000,17310.0,2721.0,1032.0,609.0,3012.492614927101,473.54086685249234,179.60094619322751,2285.7163310816422,359.2971771734921,136.27147623779635,80.41601650079261,0.8259680753941594,0.8244823186163832,0.0721116762039171,379.93451608764894,3211.4625137151083,945.6231978573352,1388.6255174192916,1733.537078828104,1273.285752265354,0.4665678880499631,0.3891289646041275,1802.177262698811,0.1740319246058406,0.1320460041063918,0.1320460041063918,50,충청북도 청주시청원구 오근장동,43110,충청북도 청주시,True,0.15719237435008665,3.2557975060801816,2.9757181177015797,3.1049258794632304,False,1,도시 외곽 도농복합형,47.443756532465926
5221042000,5950.0,2118.0,978.0,598.0,1053.6377623082544,375.0596269863668,173.18617336764248,1009.0621167299284,359.19219550151064,165.85928574149077,101.41498248815078,0.8229180231414699,0.8229180231414699,0.0,501.8032956513447,12360.21228498122,2033.2761465623505,2217.071276748359,9345.790154051074,1708.288521341865,0.1706173850872744,0.5927878761320712,256.4335852996654,0.1770819768585301,0.1695902717193157,0.1695902717193157,96,전북특별자치도 김제시 금구면,52210,전북특별자치도 김제시,False,0.35596638655462187,2.4089749044470614,3.3081963657427442,3.2325612227022513,False,0,농촌 생활권 외곽형,60.915502034558756
4723025000,9735.0,4189.0,1890.0,1124.0,833.8146962327643,358.7929905001592,161.88081929942726,833.8146962327643,358.7929905001592,161.88081929942726,96.27197930823084,0.914348772857446,0.914348772857446,0.0,401.8428255596827,6336.201982226113,2075.231416575817,2509.0702217973353,6081.791640633248,1863.408901750931,0.2298068261121315,0.3946899089847848,357.02945564922953,0.0856512271425541,0.0856512271425541,0.0856512271425541,110,경상북도 영천시 금호읍,47230,경상북도 영천시,False,0.4303030303030303,2.5527040477598297,3.3170665335001437,3.2703081658400843,False,0,농촌 생활권 외곽형,30.731059926485393
4725043000,2369.0,1267.0,625.0,379.0,670.8148777091315,358.7684466262007,176.97733160329554,670.8148777091315,358.7684466262007,176.97733160329554,107.3190538842384,0.7168362694347271,0.7168362694347271,0.0326097157584108,729.2565641546366,8742.087173439848,3376.135111711959,6973.317151812822,12359.298404226724,8890.647436428948,0.0,0.0,65.44538181767645,0.2831637305652729,0.2831637305652729,0.2831637305652729,139,경상북도 상주시 외서면,47250,경상북도 상주시,False,0.5348248205994091,1.8158790057857401,3.5284198186102484,3.9489333883976854,False,2,초고령 산간 오지형,101.59021175578299
5274032000,2188.0,1178.0,577.0,365.0,666.1454801909284,358.646881016871,175.66999180537738,666.1454801909284,358.646881016871,175.66999180537738,111.12573138468412,0.6955459414118242,0.6955459414118242,0.0,656.9456408502687,24908.005828807072,2441.359997474665,11143.740442811808,20418.47639407635,8287.690279455814,0.0,0.0582286338948485,63.89998036855716,0.3044540585881757,0.3044540585881757,0.3044540585881757,139,전북특별자치도 장수군 번암면,52740,전북특별자치도 장수군,False,0.5383912248628885,1.8055007247338524,3.387631824230398,3.918433512618745,False,2,초고령 산간 오지형,109.19149852557693
4889040000,1215.0,733.0,404.0,272.0,593.9659607605568,358.3350199485499,197.4997927137983,592.6212846612875,357.52378737178907,197.05267407667503,132.66912710112774,0.5111391269460438,0.5111391269460438,0.0,841.4518779095982,41009.716420734614,1563.5086261693018,3230.9859631481836,14408.283792128796,3249.7958775678976,0.0024649879859407,0.4604505401767147,84.06500570692457,0.4888608730539562,0.4877541437541461,0.487754143754146,43,경상남도 합천군 적중면,48890,경상남도 합천군,False,0.6032921810699589,1.9246152467944408,3.1941002816693858,3.5118560834312116,False,0,농촌 생활권 외곽형,174.38370878126636
4873025000,16313.0,4671.0,1860.0,1088.0,1295.1978670005635,370.86184250350226,147.67780497891547,1248.597010690994,357.518337334496,142.36439893859185,83.2755193791333,0.9206033306564972,0.9206033306564972,0.2264365986379138,384.27842997383294,1793.138423490555,1396.9378599129784,1363.388423499188,3822.1050804099696,999.9280584544382,0.4264537619873786,0.4373883947079285,1404.603842626635,0.0793966693435029,0.0765399994293504,0.0765399994293504,92,경상남도 함안군 가야읍,48730,경상남도 함안군,False,0.2863360510022681,3.147553852197355,3.1451770877912586,2.999968755059825,False,1,도시 외곽 도농복합형,27.364453335564626
4721036000,2436.0,1251.0,518.0,300.0,707.6783855212199,363.42596891914866,150.48333485221343,695.9836598813457,357.42018001295713,147.99652537706777,85.71227338440218,0.7094916315594335,0.7094916315594335,0.0130522864630928,693.1440129577924,5456.940868261993,1859.7271955524816,4499.985365655521,11012.792934528115,4038.541727349438,0.2692277496694721,0.3006617766454878,131.37160118256867,0.2905083684405664,0.2857075779480073,0.2857075779480073,93,경상북도 영주시 봉현면,47210,경상북도 영주시,False,0.5135467980295566,2.118501493209469,3.2694492419837577,3.606224574493312,False,0,농촌 생활권 외곽형,102.11765394124274
4373035000,2849.0,1622.0,733.0,467.0,627.7365762969448,357.3846004751297,161.50611106551793,627.7365762969448,357.3846004751297,161.50611106551793,102.89679927366558,0.7796642413840138,0.7796642413840138,0.0,549.4250211921302,17398.315040238693,1649.706945272059,2963.361033648329,20984.91380147547,11345.864947837445,0.0,0.0,143.6541745441436,0.2203357586159862,0.2203357586159862,0.2203357586159862,115,충청북도 옥천군 청산면,43730,충청북도 옥천군,False,0.5693225693225693,2.15731825096941,3.2174068027866913,4.054837609762965,False,2,초고령 산간 오지형,78.74460706335884
4165040000,2395.0,1220.0,561.0,355.0,702.8341262818949,358.01988896196735,164.63045713742923,700.7348905429675,356.9505496711567,164.13873636517943,103.86675830595134,0.7065410746213382,0.7065410746213382,0.0,680.5607329291306,15946.658725947167,2180.1215226179465,3494.1346684823307,7872.307922438523,3376.1454312616047,0.1431191470889681,0.3341167378338144,100.09224998433012,0.2934589253786617,0.2925824177632432,0.2925824177632432,119,경기도 포천시 관인면,41650,경기도 포천시,False,0.5093945720250522,2.0004004519114753,3.3384807023805028,3.5284211460798165,False,0,농촌 생활권 외곽형,104.43745484470566
1215032000,14924.0,3756.0,1590.0,912.0,1547.5740235596886,389.485930882484,164.87822952693008,1417.2132652361113,356.67736694095646,150.98962019066047,86.60536705275621,0.8963030002975283,0.8963030002975283,0.0,413.54299877994447,7347.6727972012995,2668.073111995236,2816.80808169983,5963.260190253209,2222.492227750578,0.2466947511288018,0.393061374039703,829.0685497963605,0.1036969997024717,0.0949620252771449,0.0949620252771449,147,전남광주통합특별시 순천시 서면,46150,전라남도 순천시,False,0.2516751541141785,2.9185904407643783,3.426197726181934,3.3468402508791746,False,0,농촌 생활권 외곽형,33.870805135232594
4155036000,4807.0,2148.0,942.0,624.0,800.045267715893,357.4989047334592,156.78024593059524,796.4015501190257,355.8707155514182,156.06620765802418,103.38143691996508,0.833566617908073,0.833566617908073,0.0,519.7697010034674,16364.435456915298,1967.5173100360073,2457.7404142573346,9892.942900062855,1603.3132136931715,0.1101563686441687,0.6520414693358498,187.5138432165668,0.1664333820919269,0.1656753796794312,0.1656753796794312,120,경기도 안성시 양성면,41550,경기도 안성시,False,0.4468483461618473,2.2730333350538285,3.293918561930746,3.205018371818291,False,0,농촌 생활권 외곽형,58.95901591577206
4136025900,19316.0,5647.0,2141.0,1252.0,1361.8777598698257,398.1426646295767,150.95155745916838,1216.4383106934413,355.62368712393163,134.83093928321898,78.84555627397954,0.929494835376381,0.929494835376381,0.0768488341990886,376.1157755995816,2110.8697865147496,1401.2567626066195,1328.706597890905,1596.6288157527963,967.4503517470928,0.2918601219508742,0.705226305843999,746.4302216181526,0.070505164623619,0.0629756839249037,0.0629756839249037,75,경기도 남양주시 진건읍,41360,경기도 남양주시,False,0.29234831227997515,2.8729892148974585,3.146517721557107,2.9856286868531923,False,1,도시 외곽 도농복합형,22.395644916525566
4313037000,3699.0,1978.0,816.0,523.0,684.1206623926971,365.82608007914433,150.91712909230623,663.8408201503614,354.98165511149364,146.44339260413489,93.86016462250312,0.8150525378770758,0.8141008705263825,0.0307719903001856,540.6721605120883,6595.3599313667955,2359.1050894269843,3522.049402518637,17221.170234968526,3630.153475883181,0.1888946135715227,0.2252361363017093,158.4754014185376,0.1849474621229243,0.1794649419168319,0.1794649419168319,144,충청북도 충주시 앙성면,43130,충청북도 충주시,False,0.5347391186807245,2.199961860514277,3.372747287533196,3.5599249865568163,False,0,농촌 생활권 외곽형,63.70676211612506
4885041000,4003.0,1866.0,864.0,551.0,1059.3672661690882,493.82446132188824,228.651840612064,760.3942426729252,354.4580706539292,164.1220648687003,104.66580757251609,0.7353566659582593,0.7353566659582593,0.0,624.3012680076293,10670.537952699353,2066.6680459907097,3524.9004965930535,19972.144806292476,3555.661633571531,0.2062716372776173,0.2630829723603173,164.05054590108722,0.2646433340417407,0.1899560935980327,0.1899560935980328,145,경상남도 하동군 옥종면,48850,경상남도 하동군,False,0.4661503872095928,2.214977679899972,3.3152707246330855,3.550920425620832,False,0,농촌 생활권 외곽형,67.33147044571587
4311451000,12136.0,3380.0,1475.0,914.0,2497.6728775238967,695.6274164494702,303.5652187168546,1271.06619180934,354.00492158170476,154.48439625237117,95.72795808452015,0.7941930720563697,0.7941930720563697,0.0,294.5018046957945,7248.126383917599,361.71218207208005,349.11999538871646,899.738939017927,186.92254138407228,0.8952648161000872,0.1047351838999126,3556.0258833244516,0.2058069279436302,0.1047351838999126,0.1047351838999126,7,충청북도 청주시청원구 우암동,43110,충청북도 청주시,True,0.27851021753460775,3.5509649134185564,2.558363135572763,2.2716616770258042,False,1,도시 외곽 도농복합형,37.07677056333399
2717061000,9324.0,2921.0,1161.0,623.0,1774.376876359568,555.8724641619797,220.94075004863348,1129.8211307332297,353.9476107756074,140.6823608731531,75.49105152797105,0.8096978897083261,0.716341836058025,0.5703973500732763,348.5971275962045,747.9389796541116,755.4365465062311,735.4575514621845,1794.1645700933109,211.70905273426587,0.7499449847405794,0.2500550152594206,2914.0973311832786,0.1903021102916739,0.1211734374445763,0.1211734374445763,12,대구광역시 서구 비산7동,27170,대구광역시 서구,True,0.3132775632775633,3.4645040531614555,2.8781979912964526,2.3257394289616866,False,3,역세권 라스트마일형,42.889048672975306
1278035000,1580.0,856.0,439.0,298.0,653.0405692649407,353.7991944878413,181.4460822198158,653.0405692649407,353.7991944878413,181.4460822198158,123.1684111651597,0.5866831840095312,0.5866831840095312,0.0,865.6507489029691,20032.88335200307,3023.7287733550697,7522.183553566579,15188.672204339771,7383.079548696536,0.0,0.0681344230376694,60.431856528143776,0.4133168159904688,0.4133168159904688,0.4133168159904688,79,전남광주통합특별시 강진군 신전면,46810,전라남도 강진군,False,0.5417721518987342,1.7812659364219356,3.480542832623472,3.868237547736271,False,2,초고령 산간 오지형,146.2311565657072
2871034000,4478.0,2262.0,975.0,594.0,712.2024620884904,359.7592606619395,155.0686468370429,697.8226662437141,352.4955049225729,151.93771763904005,92.56513259239978,0.8409552340132893,0.8409552340132893,0.0,474.5025099434544,19998.53504094815,2424.6910604993204,3204.6368672348062,18366.005160720288,1899.045112626306,0.1260331869949033,0.4234278598410496,164.0407588894748,0.1590447659867106,0.1558335565528615,0.1558335565528615,94,인천광역시 강화군 화도면,28710,인천광역시 강화군,False,0.5051362215274676,2.2149517697641237,3.3846564112815254,3.2785352817101385,False,0,농촌 생활권 외곽형,54.930628200981225
1274042000,2792.0,1701.0,1038.0,698.0,577.9727895897875,352.1245397894801,214.87670329305135,577.9727895897875,352.1245397894801,214.87670329305135,144.49319739744686,0.7929896885423399,0.7929896885423399,0.0,550.2747964120597,18650.07711684491,2751.1177312399977,8084.549322844334,22354.3771275815,7460.631879951865,0.0,0.0209401260014171,58.71485259700461,0.2070103114576602,0.2070103114576602,0.2070103114576602,127,전남광주통합특별시 고흥군 두원면,46770,전라남도 고흥군,False,0.6092406876790831,1.7687479749273538,3.4395091759708665,3.872775611702545,False,2,초고령 산간 오지형,72.89341065370553
4146556000,50780.0,8005.0,3234.0,1751.0,4853.841057168333,765.1634041479422,309.1241035620793,2232.871081566155,351.99159133393215,142.20372346957362,76.99403827928984,0.9044143155342984,0.9044143155342984,0.1713129574795642,207.69538390396684,2099.637218582698,503.7448038025306,669.2894710721445,2203.8261292031834,412.96944563015546,0.8352908393961126,0.1645145961492537,8341.467116336808,0.0955856844657017,0.0439714667500227,0.0439714667500227,39,경기도 용인시수지구 동천동,41460,경기도 용인시,True,0.15764080346593146,3.921242442063815,2.7022105793644973,2.615917920699747,False,3,역세권 라스트마일형,15.477586554627575
1150064100,21157.0,6426.0,2666.0,1469.0,1971.5031084023672,598.803184506008,248.42970586570456,1158.626609309783,351.9088051909375,145.99889116698404,80.44725098435842,0.9068155641914086,0.8167225415803232,0.7116022417448241,251.6163525051057,669.1609376396866,391.9966443559835,406.38710269862463,804.8101446714677,237.9609730730799,0.892644267059681,0.1073557329403189,8055.691575303678,0.0931844358085913,0.0547632750063706,0.0547632750063706,9,서울특별시 강서구 방화3동,11500,서울특별시 강서구,True,0.3037292621827291,3.906102830223336,2.593282349306383,2.376505736179155,False,3,역세권 라스트마일형,19.271678675834607
4183036000,3823.0,1750.0,681.0,420.0,772.0032870878456,353.38889678360704,137.51876497693507,768.731867976452,351.89138607344785,136.9360193805817,84.45393265762748,0.7980634875522244,0.7980634875522244,0.0,565.3199026794871,12702.04419294983,2271.2093925422014,6825.918823755467,17363.22873913463,4178.911527362863,0.0450910511299304,0.3244086960023583,108.50696951926732,0.2019365124477754,0.2010807920419701,0.2010807920419701,148,경기도 양평군 단월면,41830,경기도 양평군,False,0.4577556892492807,2.0354576342817756,3.3562571755378845,3.6210631766988213,False,0,농촌 생활권 외곽형,70.75859862439557
5213071000,15483.0,3481.0,1234.0,618.0,1702.9266154419736,382.8642736132216,135.72379018635894,1564.766669816473,351.80215575993947,124.71239879568093,62.4572629300898,0.8900131359916055,0.8900131359916055,0.0,374.1618085864155,15594.726207595231,2303.491518222476,3126.1652440374837,9993.387421615224,1404.3736667252433,0.2103892044179202,0.3639941437151059,539.7537679630885,0.1099868640083946,0.1010635322493362,0.1010635322493362,96,전북특별자치도 군산시 소룡동,52130,전북특별자치도 군산시,True,0.22482722986501325,2.732195682779989,3.3623866174586974,3.147482677455847,False,1,도시 외곽 도농복합형,35.55436851403064
4477038000,1870.0,1136.0,572.0,343.0,577.9514038588178,351.09775122118555,176.78513529799133,577.9514038588178,351.09775122118555,176.78513529799133,106.00926819442486,0.6909350781503649,0.689803551205155,0.0518703569997685,689.1001815493615,2559.65168120241,2041.6281340797248,8698.2438033693,10377.697427613735,7446.82426718464,0.0,0.0054725320491618,69.9798577788168,0.3090649218496352,0.3090649218496352,0.3090649218496352,82,충청남도 서천군 판교면,44770,충청남도 서천군,False,0.6074866310160428,1.8449730555241692,3.30997664175472,3.871971105328195,False,2,초고령 산간 오지형,108.51199904275836
2726068000,25478.0,5304.0,2071.0,1160.0,3673.2685922535297,764.6996080270319,298.58463201809633,1682.8377431980443,350.3324982307257,136.79083782726863,76.61872133251164,0.8558258657565928,0.8150474009902973,0.5139857966383699,328.0332356041041,936.1181498550244,825.3172464560223,776.5838312643178,1353.6300010677523,627.0146856475055,0.6824458182256848,0.3156837540172512,4082.525833369941,0.1441741342434072,0.0660506218383721,0.0660506218383721,50,대구광역시 수성구 고산2동,27260,대구광역시 수성구,True,0.20817960593453175,3.610928941542084,2.916620920551517,2.7972777127940085,False,3,역세권 라스트마일형,23.139679358329825
1227072000,20375.0,2737.0,907.0,463.0,3310.9112066524385,444.7589679807472,147.38632954276133,2607.184095129117,350.2263984475285,116.05967971936732,59.24545943778067,0.8375012904710459,0.8241283637984776,0.3670511507755622,273.5283428276692,1058.783827885086,645.0394323968642,2244.738407108623,2288.1222641976224,1548.956259187001,0.1159376284035482,0.8822982442860327,3506.0596466562274,0.162498709528954,0.1279599555891591,0.1279599555891591,19,전남광주통합특별시 남구 송암동,29155,광주광역시 남구,True,0.13433128834355829,3.544819300232766,2.8095862646335727,3.190039153936136,False,3,역세권 라스트마일형,44.81495439149688
5183034000,2883.0,1406.0,667.0,425.0,717.072694847986,349.70662814993693,165.8992325576159,717.072694847986,349.70662814993693,165.8992325576159,105.7079068020791,0.7512755134068727,0.7512755134068727,0.0,581.455053219777,30779.93718282032,2359.6381520173513,10815.306048304428,13915.886845729165,2293.79888735279,0.0799531604707812,0.5535756551382988,86.37818105950089,0.2487244865931273,0.2487244865931273,0.2487244865931272,97,강원특별자치도 양양군 현남면,51830,강원특별자치도 양양군,False,0.48768643773846687,1.93640405449107,3.3728454094824714,3.3605553377405997,False,0,농촌 생활권 외곽형,86.98060154480675
4136034000,8465.0,3390.0,1473.0,895.0,889.4325274697945,356.193298065281,154.77071623898493,871.4633333906962,348.9971293791447,151.64388542049562,92.13936011632288,0.8949282306592091,0.8949282306592091,0.0,455.3437512749318,7021.227925130246,2886.912943935967,2258.850240763876,8197.628987995718,1130.2305254596035,0.0915945659484019,0.5833117548105485,369.2809487913254,0.1050717693407908,0.1029490057165618,0.1029490057165618,105,경기도 남양주시 수동면,41360,경기도 남양주시,False,0.4004725339633786,2.567356902971258,3.4604336877469217,3.0531670326200264,False,0,농촌 생활권 외곽형,35.92890746751723
4373025000,30282.0,8122.0,3337.0,1906.0,1698.8322097904568,455.64742117159005,187.20702344860825,1300.908478588175,348.91944597758265,143.35683221216368,81.88136715504463,0.9438996034016756,0.9104475905438064,0.1805595614832974,340.54396787462304,2216.585391090651,1642.3776263444076,1724.7339904886353,2953.1916420147777,838.1891290380796,0.3550359149238188,0.485731971492937,1805.1195935736216,0.0561003965983243,0.0429597938903696,0.0429597938903696,93,충청북도 옥천군 옥천읍,43730,충청북도 옥천군,False,0.2682121392246219,3.2565059802630176,3.2154730201293718,2.9233420239168297,False,1,도시 외곽 도농복합형,14.989507483538901
2772033000,2111.0,1139.0,515.0,321.0,645.3551839349121,348.20443131305774,157.44098518544754,643.3637531050435,347.12994542238016,156.95515530511483,97.830300685324,0.6942893491544707,0.6942893491544707,0.0,753.788153379211,10581.078276909384,2426.484998462627,13267.348341544348,17729.0944453811,4838.67112772314,0.0383697441430954,0.2190869581725466,93.68594377002856,0.3057106508455292,0.3047672918545919,0.3047672918545919,103,대구광역시 군위군 부계면,27720,대구광역시 군위군,False,0.5395547134059687,1.971674436127484,3.3849776106708633,3.6847261052107543,False,2,초고령 산간 오지형,105.79385338801109
4150034000,17101.0,2760.0,1079.0,648.0,2258.881834603693,364.57013411532614,142.5257879385641,2149.910375988925,346.98278683874815,135.65015470978597,81.4655238664887,0.8679093716973456,0.8679093716973456,0.0,465.78848405040856,8293.879135300373,2240.176499097591,3010.049758359672,8371.706317700427,733.8503858651969,0.1354672379916721,0.6392027966519543,474.3626796694102,0.1320906283026544,0.1257184010285319,0.1257184010285319,114,경기도 이천시 마장면,41500,경기도 이천시,False,0.16139407052219168,2.6761105137221395,3.350282236889704,2.8656075269238657,False,1,도시 외곽 도농복합형,43.62212114579134
1233058000,27447.0,5265.0,1904.0,1089.0,5996.161761032424,1150.2091912353158,415.9540930887068,1808.267908752072,346.86962289429295,125.43965090042428,71.74568268411872,0.7815367158147548,0.7629820155378979,0.0235482072786665,322.514554028914,2188.3823423224094,560.9572729988244,529.0450565187084,829.5086556153159,296.06617122627995,0.9019711260338854,0.0980288739661145,6060.538410872576,0.2184632841852451,0.0658821695905589,0.0658821695905589,17,전남광주통합특별시 광산구 우산동,29200,광주광역시 광산구,True,0.19182424308667614,3.7825112080745558,2.7489297831679056,2.471388787365441,False,1,도시 외곽 도농복합형,22.85252332133502
5011060000,22785.0,4303.0,1642.0,961.0,5079.375031036556,959.2517339719244,366.044933112224,1835.21846476047,346.58525582024583,132.25493610430948,77.40377198309466,0.7770737313567453,0.7770737313567453,0.0,290.5236564291269,33588.72784852515,864.5673299148502,897.2893535592466,3441.044118999902,474.5434727089202,0.6938354692445684,0.3061645307554315,2692.5728159949645,0.2229262686432546,0.0805450280781421,0.0805450280781421,27,제주특별자치도 제주시 화북동,50110,제주특별자치도 제주시,True,0.18885231511959621,3.4301674568752007,2.9367988204807984,2.6762760041032037,False,1,도시 외곽 도농복합형,27.915719161511763
4882040000,3190.0,1437.0,616.0,367.0,1268.952263189729,571.6252044525518,245.03905771939588,768.9472416981691,346.38783270227873,148.4863639141292,88.46509018909971,0.6022093218840976,0.6022093218840976,0.0,714.7770821153283,19663.48172172827,1586.6055524234785,2285.65072118797,14641.3548016824,1804.8443960386385,0.366124122215776,0.3858217821888917,258.1781720766679,0.3977906781159024,0.2410492920683915,0.2410492920683916,61,경상남도 고성군 회화면,48820,경상남도 고성군,False,0.4504702194357367,2.4119195216353573,3.200468969793004,3.2564397653248895,False,0,농촌 생활권 외곽형,83.49654185398872
5177025600,4389.0,1422.0,482.0,265.0,1084.1209368197162,351.246291218418,119.05816622171412,1068.4199613743283,346.1593039586,117.3338850267547,64.50929363504149,0.7529913563864852,0.7432832753637202,0.4453726476879143,610.7698636839001,1552.888778132664,1409.29827429304,1251.1549939944916,1659.992123734506,987.5932750868296,0.5774484580982207,0.3189778399653724,1036.1731601193246,0.2470086436135147,0.2434312967360055,0.2434312967360056,56,강원특별자치도 정선군 사북읍,51770,강원특별자치도 정선군,False,0.3239917976760082,3.015432338614065,3.1490029201287397,2.994578123987087,False,3,역세권 라스트마일형,84.26600823987508
4713038000,5310.0,2014.0,918.0,540.0,928.9722936360574,352.3446703169529,160.60198974725063,911.5821258659952,345.74885150548295,157.59555396327374,92.70326703721985,0.8250522987502716,0.8250522987502716,0.0,520.9630171161716,7403.897413914277,1948.4979215360763,2392.6650703479277,9143.799102076558,1704.2197538859862,0.1138923905248501,0.588150214545685,223.90726766358117,0.1749477012497283,0.1716727167355923,0.1716727167355923,103,경상북도 경주시 천북면,47130,경상북도 경주시,False,0.37928436911487756,2.3500681902961578,3.289699946866767,3.231525594976799,False,0,농촌 생활권 외곽형,59.355644646157145
3171034000,7160.0,2884.0,1119.0,640.0,855.1492221433296,344.44837383538584,133.6469245221209,855.1492221433296,344.44837383538584,133.6469245221209,76.43791929772777,0.8805657510973004,0.8805657510973004,0.0,466.6009324226644,12099.816642533497,2209.7986015552397,3146.8412617500794,7172.511775279558,1594.84602207303,0.0670186288562553,0.7209011916470291,478.6075598239206,0.1194342489026996,0.1194342489026996,0.1194342489026996,87,울산광역시 울주군 웅촌면,31710,울산광역시 울주군,False,0.40279329608938547,2.679979554210312,3.3443526944005466,3.2027187594984947,False,0,농촌 생활권 외곽형,41.13893281478559
4148035000,9952.0,3758.0,1588.0,998.0,921.0732005399165,347.80879095950615,146.97188931444808,911.4947021926306,344.1918298673539,145.44348744793984,91.40591969335264,0.9074484324216322,0.9074484324216322,0.0,412.722915046745,8388.329826303716,2905.828055445654,2256.1108400399908,3754.370204074796,1053.2881996275587,0.1343339855838684,0.2859235083452834,260.0263653753589,0.0925515675783678,0.0915890978891308,0.0915890978891308,137,경기도 파주시 광탄면,41480,경기도 파주시,False,0.37761254019292606,2.415017385495851,3.463269912515191,3.0225472186525506,False,0,농촌 생활권 외곽형,31.52421919836013
5013061000,12045.0,2514.0,1080.0,635.0,1678.169776145712,350.2630815467264,150.47101355229296,1646.2849459901404,343.60816556406917,147.6120997649939,86.7904475470103,0.8606749874515806,0.8606749874515806,0.0,403.21500001812456,56577.675808055355,2056.228023578599,1068.1762572624611,15457.636654902162,837.9345091394677,0.104949947308576,0.6731239581831854,790.641444991728,0.1393250125484194,0.1366778701527721,0.1366778701527721,90,제주특별자치도 서귀포시 중문동,50130,제주특별자치도 서귀포시,True,0.2087173100871731,2.8979795760826463,3.3130712736942685,2.9232100765887425,False,1,도시 외곽 도농복합형,46.96363223639806
4311131000,2050.0,1097.0,468.0,308.0,641.1557001309608,343.09648928959217,146.37115495672666,641.1557001309608,343.09648928959217,146.37115495672666,96.32973445870044,0.6872411218873362,0.6872411218873362,0.0,697.8356477256781,15913.994677132245,2245.366620421627,3142.893508818823,10594.68983362666,5138.0122257609855,0.0,0.0960369543947613,49.17242134816918,0.3127588781126638,0.3127588781126638,0.3127588781126638,111,충청북도 청주시상당구 낭성면,43110,충청북도 청주시,False,0.5351219512195122,1.6917215943437982,3.3512872621440835,3.7107951333235185,False,2,초고령 산간 오지형,107.30647307460642
4711334000,4630.0,2579.0,1215.0,768.0,646.147811351842,359.91689103162,169.56146669384194,615.7544563867427,342.98720151650315,161.58567268032232,102.13810421274697,0.8604432372890191,0.8604432372890191,0.0,497.1630049371186,13384.342643746562,2350.1341915826565,3589.8071125375704,17169.75826687217,3375.57556789957,0.1975970475274767,0.3395743026894316,142.94903284888707,0.139556762710981,0.1329923231936809,0.1329923231936809,137,경상북도 포항시북구 기계면,47110,경상북도 포항시,False,0.5570194384449244,2.155181221395215,3.371092660995137,3.528347834841337,False,0,농촌 생활권 외곽형,45.614664755378946
4373034000,2292.0,1363.0,605.0,414.0,575.9659106690883,342.5137592678741,152.03288654223317,575.9659106690883,342.5137592678741,152.03288654223317,104.03572731980915,0.7487059726574659,0.7487059726574659,0.0,618.4375204990532,14484.278745417778,1873.2525408963877,5981.420954393576,17133.183342185202,8908.365611855304,0.0,0.0107951713924434,55.90306690325341,0.2512940273425341,0.2512940273425341,0.2512940273425342,150,충청북도 옥천군 청성면,43730,충청북도 옥천군,False,0.5946771378708552,1.7474356344091961,3.2725963303514316,3.949798032784193,False,2,초고령 산간 오지형,86.07166198665529
4480038000,3201.0,1799.0,918.0,599.0,617.338027642466,346.95130013395703,177.0435205797513,609.2407070208419,342.40050981896115,174.72132741178785,114.0066177774084,0.8071421344447154,0.8071421344447154,0.0,540.3538687839186,14592.489699930788,2184.527450085495,3219.973740924886,14420.786216249902,3199.8046657534073,0.1129776175737589,0.2821933080131795,92.484488174315,0.1928578655552846,0.1903282433679606,0.1903282433679606,126,충청남도 홍성군 갈산면,44800,충청남도 홍성군,False,0.5620118712902218,1.966068897439365,3.339357506287866,3.505123467327812,False,0,농촌 생활권 외곽형,65.16848756213702
4183032000,4734.0,2190.0,821.0,434.0,746.4774214216588,345.3285916589423,129.45880079999617,737.3502630199142,341.1062686974255,127.87591168976545,67.59822859117929,0.8423157115712592,0.8423157115712592,0.0010477803864556,494.1597308951363,5313.426046979121,1870.3233375549469,3112.2918045911338,11033.332955758666,2692.108538104351,0.0472360331311243,0.5230814986022715,188.6474135158867,0.1576842884287407,0.1557562870764499,0.15575628707645,73,경기도 양평군 강하면,41830,경기도 양평군,False,0.46261089987325726,2.2756508551056416,3.2719166929413803,3.430092565414331,False,0,농촌 생활권 외곽형,53.12944591081286
1274034000,3484.0,1968.0,1084.0,709.0,619.2418630081587,349.78989276695074,192.6688230484627,600.7653089724223,339.3530792358574,186.92009039210845,122.2567749889344,0.8222612333501267,0.8222612333501267,0.0,539.9111161979329,41448.18174295808,3441.6214151063496,3703.507140116899,21929.156246801125,3644.9088588592567,0.1685554108322976,0.2142347368866607,114.04942586735902,0.1777387666498733,0.1724355077417974,0.1724355077417974,127,전남광주통합특별시 고흥군 도화면,46770,전라남도 고흥군,False,0.5648679678530425,2.057093103349928,3.53676309540089,3.5616866732330412,False,2,초고령 산간 오지형,58.51652052177747
4728037000,2395.0,1368.0,649.0,435.0,599.7336051482794,342.5618254041112,162.5165385140849,593.8134863614912,339.1803128778789,160.91229755682997,107.85338896336062,0.7495893089151234,0.7495893089151234,0.0,624.2951152264638,12969.33491486821,2746.190318767345,4386.990048318878,22089.090410008877,3821.01756799401,0.1056310311693941,0.2441867426947864,67.38257758532524,0.2504106910848765,0.2479388252031278,0.2479388252031278,136,경상북도 문경시 농암면,47280,경상북도 문경시,False,0.5711899791231733,1.8285476200269999,3.4387306317814,3.582179034460279,False,2,초고령 산간 오지형,84.09596830697062
4824051000,4862.0,2533.0,1192.0,668.0000000000001,1114.794843830622,580.784726331338,273.31045945004144,650.8048402924022,339.0556685439438,159.5556087265618,89.41539146756986,0.7707127018036565,0.7707127018036565,0.0,433.6350626922123,30805.48568449117,1351.8939289733587,1098.3549893512336,2357.153731598364,753.4979433885123,0.4345053572962509,0.4328480725600002,1594.616508334241,0.2292872981963435,0.1338553764484578,0.1338553764484578,37,경상남도 사천시 동서동,48240,경상남도 사천시,True,0.5209790209790209,3.2026562558324385,3.130942617738229,2.8770820712807246,False,1,도시 외곽 도농복합형,45.384424149933125
4420059000,41797.0,6090.0,2412.0,1333.0,5044.938954510002,735.0689818160613,291.13076915276514,2317.5180118172616,337.6721939844277,133.73814973570435,73.91084311678851,0.8792990177641935,0.8792990177641935,0.0073718611683385,225.64855932856503,1840.6286634503583,562.5632344050008,511.6282551695775,661.9125611100685,235.0329242488693,0.845274093129882,0.154725906870118,8196.246644855617,0.1207009822358064,0.0554469940861129,0.0554469940861129,21,충청남도 아산시 온양3동,44200,충청남도 아산시,True,0.14570423714620667,3.9136150188955887,2.7501713460005734,2.3711287040506437,False,1,도시 외곽 도농복합형,18.72290814289933
5179025000,8203.0,2100.0,921.0,606.0,1462.9633494712118,374.524324501956,164.25566803157213,1316.9601458739592,337.14693482083555,147.86301284285216,97.29097261972684,0.8216550835704971,0.8216550835704971,0.0,658.7334461098696,34536.53639164228,2094.488594435954,3670.29535452008,25655.126691557845,2793.135054635239,0.5051678170529504,0.1660283635783829,1003.5379744354442,0.1783449164295028,0.1605461594384931,0.1605461594384931,243,강원특별자치도 화천군 화천읍,51790,강원특별자치도 화천군,False,0.25600390101182496,3.001533811079337,3.321077999747601,3.446091935366168,False,0,농촌 생활권 외곽형,54.12764555194511
2632057200,25202.0,6576.0,2198.0,1063.0,1466.7149799182862,382.71239218882033,127.91998753513184,1291.8092284975294,337.07394201252896,112.66552988800768,54.48746964101555,0.941801643523598,0.941801643523598,0.5187754787584105,150.18278185141003,858.7809261523902,284.52166086077847,284.52166086077847,2918.8090975724003,182.4370577198297,0.9001814887624141,0.0998185112375859,10305.665972852154,0.0581983564764021,0.051258202860786,0.051258202860786,8,부산광역시 북구 만덕2동,26320,부산광역시 북구,True,0.26093167208951673,4.013076062004541,2.4541153351747167,2.2611130594779874,False,3,역세권 라스트마일형,17.277804498763025
4376037000,3390.0,1642.0,670.0,423.0,695.8550589275226,337.0483795749239,137.5288759532272,695.8550589275226,337.0483795749239,137.5288759532272,86.82793213166433,0.7947330209653326,0.7947330209653326,0.0,557.2334882586315,9168.315645453506,2102.36616294488,7254.568141839248,9976.558541920853,4538.633822276762,0.0,0.31187253940955,94.20579113412836,0.2052669790346674,0.2052669790346674,0.2052669790346674,134,충청북도 괴산군 청안면,43760,충청북도 괴산군,False,0.48436578171091443,1.974077601097442,3.3227083580753773,3.65692514520602,False,0,농촌 생활권 외곽형,69.18490266387452
4148036000,3334.0,1517.0,729.0,459.0,746.1322846804419,339.4969033773936,163.14650135934076,740.3006679729249,336.84346530141784,161.8713818093168,101.9190181762365,0.7762050735811512,0.7762050735811512,0.0,568.0586960261833,10527.169607535929,2351.881256314265,6851.650278842914,11023.953596103904,2820.40960264317,0.0598329020803618,0.2728487557093103,117.57961999544024,0.2237949264188488,0.2220457912336307,0.2220457912336307,93,경기도 파주시 파평면,41480,경기도 파주시,False,0.45500899820035995,2.070332052262741,3.3714153909460647,3.4503121846491123,False,0,농촌 생활권 외곽형,74.79467377473135
4418025000,5336.0,2791.0,1265.0,747.0,649.7700492571503,339.8628574731459,154.0403134014796,642.4967992603638,336.0585769744519,152.31605154879313,89.9447355786154,0.8782290012636524,0.8752356651766117,0.1861405014257525,445.0428756802592,3330.546463291812,2272.6259400531185,3275.661863895236,15307.429886259682,2459.713804219514,0.255146102827321,0.3144803331932883,232.25680237896697,0.1217709987363475,0.120407945888374,0.120407945888374,126,충청남도 보령시 웅천읍,44180,충청남도 보령시,False,0.5230509745127436,2.3659684425467846,3.356527959464785,3.3908845784534227,False,0,농촌 생활권 외곽형,40.464122951663775
5179032000,2842.0,983.0,419.0,293.0,993.122626673363,343.50441309638137,146.41744566366611,971.1666212927148,335.91020011637534,143.18044135174085,100.12379311708848,0.6505550222824197,0.6505550222824197,0.0,719.1114218077112,28598.007738999677,2202.4870916465043,5853.761827847375,21519.788734246897,5019.793174558538,0.0743795980550197,0.2365738994515591,102.47459502083883,0.3494449777175802,0.341719430433749,0.3417194304337491,113,강원특별자치도 화천군 하남면,51790,강원특별자치도 화천군,False,0.3458831808585503,2.010616210661996,3.3429133717750634,3.7006858237190503,False,0,농촌 생활권 외곽형,114.78704226065443
4139063000,23523.0,3617.0,1404.0,859.0,3961.0582801376113,609.0697529761399,236.42077223624565,2183.8407232194154,335.79696024676383,130.3452950474029,79.74829661376005,0.8316091365838706,0.8129092402931191,0.2028155514981683,285.44925867322377,1420.3933834405627,617.759396715634,501.7909100838322,2603.527470462446,344.4685553746926,0.789589972073459,0.210410027926541,4424.103502193925,0.1683908634161293,0.0928385292360419,0.0928385292360419,30,경기도 시흥시 연성동,41390,경기도 시흥시,True,0.1537644007992178,3.645825278763611,2.7908193601618714,2.5371495837166833,False,3,역세권 라스트마일형,31.174895911243183
4167036000,4477.0,1913.0,812.0,541.0,785.4865215951928,335.63451324806874,142.4648325966711,785.4865215951928,335.63451324806874,142.4648325966711,94.91807196403826,0.8245506987725725,0.8245506987725725,0.0,521.4141085313637,9154.830856014778,2437.2148919631604,4318.089720404902,9753.578845391074,3675.751277416616,0.091198963199874,0.2610718583621705,112.07753179721716,0.1754493012274274,0.1754493012274274,0.1754493012274274,118,경기도 여주시 북내면,41670,경기도 여주시,False,0.4272950636587,2.0495185582283617,3.3868938231032057,3.565346116832682,False,0,농촌 생활권 외곽형,58.88684081718139
4723032000,3434.0,1792.0,854.0,527.0,731.3192853067127,381.63196251299627,181.87148213509977,643.0578589936322,335.5735827945803,159.92178555054218,98.68709717229008,0.7870357352048012,0.7866233714057532,0.1138968603465322,542.6194672884845,3289.308444707658,1573.151344002876,2781.452192041852,19659.33516337726,1628.3176163124506,0.3960706248334233,0.4092767666542202,293.26798332474334,0.2129642647951988,0.1872620439701899,0.1872620439701899,122,경상북도 영천시 신녕면,47230,경상북도 영천시,False,0.5218404193360513,2.467264652737232,3.196770505651617,3.2117391214118642,False,0,농촌 생활권 외곽형,62.84019501651286
4122025900,25920.0,3610.0,1341.0,787.0,2519.807458518154,350.94540606676446,130.3650386525017,2407.075584463071,335.2447091015311,124.53272989062415,73.08520389554154,0.9027852060756886,0.9027852060756886,0.0,430.9461474207577,9366.934605070091,2317.1011268282195,2245.347066986022,6878.179009385446,1471.5688008185496,0.2062169514210734,0.4967235530281564,670.2787874755384,0.0972147939243115,0.0928655703882357,0.0928655703882357,125,경기도 평택시 청북읍,41220,경기도 평택시,False,0.1392746913580247,2.8262554753565867,3.3649449884145177,3.1677805716461935,False,1,도시 외곽 도농복합형,31.132691130351837
4415036000,4222.0,1606.0,680.0,414.0,880.6421888203967,334.9861097218278,141.83720710513256,880.6421888203967,334.9861097218278,141.83720710513256,86.35382903165424,0.7914158719042168,0.7914158719042168,0.0,555.534665380095,19785.285061543585,2780.4917819176294,4136.773442509456,8160.112555761688,3585.250182316529,0.0594420411888415,0.3323119698620894,114.05208525912306,0.2085841280957832,0.2085841280957832,0.2085841280957832,115,충청남도 공주시 의당면,44150,충청남도 공주시,False,0.3803884414969209,2.0571032300620455,3.4441216158045393,3.5545194665612807,False,0,농촌 생활권 외곽형,69.87278562052582
4146154000,12286.0,3248.0,1240.0,716.0,1656.882906904297,438.0234154016894,167.22568814596517,1265.641458852521,334.5925002729113,127.7385161140425,73.75869156262453,0.8651405740758346,0.8572874095926251,0.2879159935199887,307.2377165774566,2614.4800776905245,1447.6838185229635,1375.541759878274,1650.525820986672,632.5463398223567,0.5746490485999718,0.1948485291621856,3476.1001230909906,0.1348594259241654,0.1030149323500342,0.1030149323500342,55,경기도 용인시처인구 동부동,41460,경기도 용인시,True,0.2643659449780238,3.541092277063078,3.1606737201035964,2.801092347068328,False,3,역세권 라스트마일형,34.468023780442756
4481025000,28824.0,9588.0,4100.0,2385.0,1241.604533558822,413.00667040528674,176.60902676905252,1004.3048991962556,334.071446485349,142.85491558092727,83.0997496732955,0.9569246276173043,0.956400386795447,0.1930974420635009,316.72456008471664,1677.0562899218448,930.6611495188456,820.3340731616448,1637.102896971317,695.6865579894109,0.6634386791127659,0.325150748159364,1552.1964870516897,0.0430753723826957,0.0348426623368115,0.0348426623368115,90,충청남도 예산군 예산읍,44810,충청남도 예산군,False,0.33263946711074105,3.1909466962012094,2.9687915846534274,2.842413612028883,False,1,도시 외곽 도농복합형,11.639938606259207
4728025000,6490.0,3021.0,1426.0,899.0,717.4539130522329,333.96429450397466,157.6408751945276,717.4539130522329,333.96429450397466,157.6408751945276,99.38229088350651,0.8894524016868669,0.8759233125506614,0.0439846045350155,456.018796898814,3756.904443887048,2186.9087654199775,3667.432819904964,19827.851250548956,3805.148330380446,0.3292884444125417,0.2245834583350099,463.3244164422672,0.1105475983131329,0.1105475983131329,0.1105475983131329,173,경상북도 문경시 문경읍,47280,경상북도 문경시,False,0.4654853620955316,2.6658851874182092,3.339830665295913,3.5803715908858647,False,0,농촌 생활권 외곽형,36.91895067975421
4723031000,3723.0,1891.0,853.0,498.0,690.8836672663471,350.9162005910992,158.2927123766301,657.4369234303387,333.927806125912,150.62951804622048,87.94079717118147,0.8144282387143844,0.8144282387143844,0.0002742716514413,511.66485965638134,6628.664482981478,2144.4430888077604,3076.552326431223,10674.002846843596,2259.0880716639476,0.1393533001140759,0.572058981874304,92.97621320785896,0.1855717612856156,0.1765879461268704,0.1765879461268704,134,경상북도 영천시 청통면,47230,경상북도 영천시,False,0.5079237174321783,1.9683718539956885,3.3313145250238136,3.353933162435226,False,0,농촌 생활권 외곽형,58.96762543842657
4380032000,1933.0,1016.0,405.0,244.0,634.321967027296,333.404613812588,132.90242971860056,634.321967027296,333.404613812588,132.90242971860056,80.06961197861366,0.6718458525466654,0.6718458525466654,0.0,711.251837713762,10901.460693162966,1783.4444810811658,6996.9205730668455,24134.549196354044,7725.435377095265,0.0,0.0363147238990966,51.10304947019792,0.3281541474533347,0.3281541474533347,0.3281541474533346,130,충청북도 단양군 가곡면,43800,충청북도 단양군,False,0.5256078634247284,1.7084468165449753,3.2512595942264415,3.8879229640246318,False,2,초고령 산간 오지형,109.40810680267812
5115059000,9361.0,2197.0,792.0,450.0,1481.0272875776516,347.5928801205107,125.30430635204571,1419.049273703709,333.0468170416675,120.06057309831618,68.21623471495238,0.8417874919797402,0.8417874919797402,0.0,271.2567234135766,4086.1641340891792,2166.7767138346767,651.9919417487572,2921.497692170585,373.27494164618184,0.0931191281434707,0.8547836905168438,2918.0543654450603,0.1582125080202597,0.1515916326998941,0.1515916326998941,14,강원특별자치도 강릉시 송정동,51150,강원특별자치도 강릉시,True,0.234697147740626,3.4650933788503915,3.3358141596143316,2.572028836242767,False,1,도시 외곽 도농복합형,50.48711076084929
4831051000,5026.0,1275.0,434.0,230.0,1446.869002962705,367.0429722995322,124.93854900235056,1311.1115087103108,332.6038944698859,113.21575701955332,59.999133904371575,0.7121231589807591,0.7121231589807591,0.0,407.3786453185538,12972.271125325116,1630.891962675232,820.4964282857885,5407.615987632621,394.82750177814296,0.1654426287894775,0.7678611704521763,1052.191676339554,0.2878768410192409,0.2608657995842242,0.2608657995842242,15,경상남도 거제시 장승포동,48310,경상남도 거제시,True,0.2536808595304417,3.0220948618651517,3.212425192451653,2.5964073959087037,False,1,도시 외곽 도농복합형,86.7649808757137
2823767000,11066.0,2883.0,988.0,523.0,1507.208485573447,392.6696244269155,134.56732186395857,1276.496380205604,332.5627204168405,113.96877133952076,60.32962288519166,0.8637982572227141,0.8637982572227141,0.2542131137991268,252.7354506875621,1325.6195443463555,846.0236363825704,462.9749102680375,938.38032664429,386.5257718049304,0.494134512813874,0.505865487186126,2377.517582756423,0.136201742777286,0.1153530074286647,0.1153530074286647,14,인천광역시 부평구 일신동,28237,인천광역시 부평구,True,0.2605277426350985,3.3761237374142277,2.927382496617187,2.587178456028023,False,3,역세권 라스트마일형,38.36210995874074
4477041000,3857.0,1766.0,797.0,455.0,728.9283753460121,333.75356776278386,150.62377888275128,725.7299549782609,332.2891108352628,149.96286598850764,85.61242663082933,0.8110115697832481,0.8110115697832481,0.0,519.5077992557127,14773.410546650086,1965.6007374205535,2785.656718941563,21144.447654906668,1392.0899200455017,0.1068739687935709,0.60834700917163,256.43360807948415,0.1889884302167519,0.1881591794084161,0.1881591794084161,83,충청남도 서천군 서면,44770,충청남도 서천군,False,0.45786880995592427,2.4089749430268332,3.29349530640325,3.1436672888078045,False,0,농촌 생활권 외곽형,62.523246421115275
4889035000,1983.0,1141.0,568.0,372.0,579.1916148815211,333.26153937459185,165.90057350111147,577.1253010318117,332.0726013501246,165.3087095239884,108.26556327979524,0.7079215255262122,0.7079215255262122,0.0,625.3140324089744,45216.69425298511,2460.6988386129474,5006.184275323434,6090.226255873685,4846.513173104834,0.0030034522451355,0.2321438961621555,81.52218589902557,0.2920784744737877,0.291036460429557,0.291036460429557,122,경상남도 합천군 율곡면,48890,경상남도 합천군,False,0.5753908219868885,1.9112758161303292,3.3910584642789914,3.685429397512604,False,2,초고령 산간 오지형,96.6452345025756
5178032000,1824.0,743.0,332.0,198.0,818.168226848995,333.2779564412299,148.9209711150583,814.686446298177,331.859665350628,148.2872259709401,88.43635765736789,0.5514428580871737,0.5514428580871737,0.0,929.7171228875168,38874.835874019394,2294.486526133172,9180.704548871656,27686.525132400424,6906.552185131455,0.027107276166188,0.1449345175038838,87.07208707616968,0.4485571419128262,0.4466482709968075,0.4466482709968075,178,강원특별자치도 철원군 근남면,51780,강원특별자치도 철원군,False,0.40734649122807015,1.9398789544147257,3.3606855117394625,3.8392612976405385,False,2,초고령 산간 오지형,148.22454574243713
4180031000,2945.0,1405.0,641.0,387.0,694.6485395329973,331.4027837160819,151.1951490121057,694.6485395329973,331.4027837160819,151.1951490121057,91.283186689056,0.7641261325864186,0.7641261325864186,0.0,570.4806391983584,4892.34120411505,2444.468784135227,3193.212023808283,24733.71079567603,2671.731062881221,0.0020635977811992,0.3520703601663489,84.3305066394498,0.2358738674135814,0.2358738674135814,0.2358738674135814,114,경기도 연천군 군남면,41800,경기도 연천군,False,0.4770797962648557,1.9259847094822842,3.3881844956950156,3.4267927398121456,False,0,농촌 생활권 외곽형,78.1692562667389
4313035000,2595.0,1428.0,620.0,427.0,611.6092689762465,336.5618636216108,146.1262993315117,601.7808877041485,331.1534133493349,143.77809263066362,99.02136379563446,0.7643124204330457,0.7643124204330457,0.0,615.1318405709067,9272.62959756592,2172.6478340239296,8014.553393870836,14138.896035157852,4086.2045994345544,0.0627732082223753,0.2273002761410532,66.99635817076248,0.2356875795669543,0.2319001494042961,0.2319001494042961,109,충청북도 충주시 신니면,43130,충청북도 충주시,False,0.5502890173410404,1.8260511956959216,3.336989336934961,3.611320108302507,False,2,초고령 산간 오지형,76.79452603145339
4313042000,2885.0,1566.0,649.0,453.0,606.1634364827145,329.0301357129743,136.3605096281739,606.1634364827145,329.0301357129743,136.3605096281739,95.1792155031784,0.7898913565051249,0.7898913565051249,0.0,562.2391924577605,10967.35936065055,1973.5832596750895,3018.532486570881,15905.275638596093,4118.184048953733,0.0,0.4365691649714185,105.76364155964328,0.210108643494875,0.210108643494875,0.210108643494875,97,충청북도 충주시 엄정면,43130,충청북도 충주시,False,0.5428076256499134,2.024336395640352,3.295255452725312,3.614705752106889,False,0,농촌 생활권 외곽형,69.13207548358766
4793035000,2238.0,1248.0,635.0,438.0,598.7512107849798,333.88807464685203,169.88696105829408,589.7221386202579,328.8530960670607,167.3250929507881,115.41478852353572,0.7324614786483558,0.731723656017683,0.0453617845786385,612.648775296969,4035.64611342337,1725.3465820950294,8185.389356106632,28101.396631300184,4492.362338047308,0.1374362536343107,0.1967465218683095,65.29999312300808,0.2675385213516442,0.2635040833870679,0.2635040833870678,131,경상북도 울진군 기성면,47930,경상북도 울진군,False,0.5576407506702413,1.814913135537864,3.2368763478571356,3.6524747776580426,False,2,초고령 산간 오지형,86.6541336481502
1215036000,1318.0,776.0,438.0,292.0,558.395570586065,328.7670430764692,185.56696503542975,558.395570586065,328.7670430764692,185.56696503542975,123.71131002361986,0.5763311300560964,0.5763311300560964,0.0,905.7287903844424,22441.692511259553,2467.467698175809,13103.644725634658,23444.666442413545,4040.2979935543894,0.0993856446456118,0.2901434886520896,66.60366116307297,0.4236688699439036,0.4236688699439036,0.4236688699439035,120,전남광주통합특별시 순천시 송광면,46150,전라남도 순천시,False,0.5887708649468892,1.8234981027321304,3.392251475993822,3.6064133978293182,False,2,초고령 산간 오지형,139.28836161500638
4117159000,18057.0,4573.0,1687.0,915.0,2457.763484707718,622.4374157151461,229.61992571866423,1298.0072629819963,328.7249938315705,121.26810946727736,65.77375231924054,0.8638886036048226,0.8406445233737196,0.4821511333507087,261.66144975559683,908.402764469307,812.4696003693151,1147.0354703565276,1597.5252133158704,435.00904118629035,0.7558675022382758,0.2368178324734176,3916.2819360983776,0.1361113963951774,0.0718838823161098,0.0718838823161098,20,경기도 안양시만안구 석수1동,41170,경기도 안양시,True,0.25325358586697677,3.592873949444756,2.909807120249253,2.6384982833833983,False,3,역세권 라스트마일형,23.630028770952535
5117051000,28329.0,6800.0,2325.0,1271.0,7110.548998265041,1706.792798482201,583.5725377163408,1368.1938915140402,328.41676240938517,112.28955479438535,61.384956620930666,0.7490010590467352,0.7484010579102525,0.0241896906453981,294.6559414624149,2328.0315969448666,534.5355760770051,547.004651331429,1466.3059666194551,291.93475578762354,0.8794970313933772,0.1202302381861501,4287.667032825685,0.2509989409532648,0.0482965827072625,0.0482965827072625,27,강원특별자치도 동해시 천곡동,51170,강원특별자치도 동해시,True,0.2400367114970525,3.6322210520062765,2.7279766150261158,2.4652858022447246,False,1,도시 외곽 도농복합형,15.86140732815625
4777034000,1885.0,1114.0,547.0,367.0,555.6253251868928,328.3642505348534,161.23451081020178,555.6253251868928,328.3642505348534,161.23451081020178,108.17745058015367,0.7052385542775104,0.7052385542775104,0.0,724.6536610952259,15444.246045884223,3300.673728327136,12093.198497018357,20418.462967959054,12055.113085316369,0.0,0.0,48.13191296901581,0.2947614457224896,0.2947614457224896,0.2947614457224896,154,경상북도 영덕군 지품면,47770,경상북도 영덕군,False,0.5909814323607427,1.6824331227489933,3.5186025964326078,4.081171288715839,False,2,초고령 산간 오지형,96.78912121123516
5115060000,17929.0,3706.0,1398.0,836.0,1833.5269093136328,378.9977536904636,142.96785203973775,1588.0257316434495,328.2516237085517,123.8250863315044,74.04704733414711,0.8977340114164967,0.8977340114164967,0.0,236.91866872235164,4284.7513490338315,917.7986149740068,790.7328348575385,1904.8440238510068,356.798928083497,0.5523360320308331,0.4476639679691668,3493.6543057626855,0.1022659885835034,0.0885730231269702,0.0885730231269702,18,강원특별자치도 강릉시 내곡동,51150,강원특별자치도 강릉시,True,0.20670422220982765,3.543279929688921,2.96274739797664,2.552423540972803,False,1,도시 외곽 도농복합형,29.07423865820307
4721025000,9858.0,4120.0,1826.0,1112.0,784.8443831689984,328.01368012337934,145.37693687021618,784.8443831689984,328.01368012337934,145.37693687021618,88.53184764495093,0.9203850290962672,0.9203850290962672,0.2504921140422125,377.0168681840466,2062.1301788832475,1863.3293905545304,1927.4187357779244,11800.558241606634,1000.4176089216976,0.5568242479090373,0.2103989493181612,1148.938291171309,0.0796149709037328,0.0796149709037328,0.0796149709037328,101,경상북도 영주시 풍기읍,47210,경상북도 영주시,False,0.4179346723473321,3.0602967036025817,3.270289634206713,3.0001813273909534,False,3,역세권 라스트마일형,26.114799599049167
4128761000,17990.0,3517.0,1445.0,887.0,1848.9279890696373,361.4607969737584,148.5103359758547,1676.4133796191468,327.73462235244796,134.65354827958126,82.65584589895404,0.8972246809855676,0.8972246809855676,0.0,283.0612451019424,3589.4417079743225,1257.613874347239,1247.0528190134833,2806.3550972099306,693.7781062036304,0.577577546443819,0.3522567115302873,2745.7467324736103,0.1027753190144323,0.0931858465602638,0.0931858465602638,34,경기도 고양시일산서구 가좌동,41280,경기도 고양시,True,0.19549749861033908,3.4386604754492214,3.09954731997969,2.8412205905406633,False,1,도시 외곽 도농복합형,30.540228231021217
4773046000,2058.0,1263.0,584.0,386.0,533.7708279882215,327.57655770122636,151.4684954057927,533.7708279882215,327.57655770122636,151.4684954057927,100.11445073054108,0.7406361380037796,0.7406361380037796,0.0,656.4860897611023,13387.522465147324,3104.8969164122836,10678.348431306566,11362.958406367956,9760.52029044151,0.0,0.0,51.00561066465248,0.2593638619962203,0.2593638619962203,0.2593638619962204,143,경상북도 의성군 안평면,47730,경상북도 의성군,False,0.6137026239067055,1.7076179515229344,3.492047186033862,3.989472968613944,False,2,초고령 산간 오지형,84.96152110481778
4167037000,4240.0,1774.0,718.0,448.0,793.2967385904344,331.9123618536393,134.3365703556443,782.8714844340951,327.5504748552087,132.571161750868,82.71849646850816,0.8129017125965956,0.8129017125965956,0.0,540.1035369733835,9734.475608137156,2471.1333087472526,6716.834316190244,9698.03885583182,3145.4546063900157,0.0475977047522628,0.3971779978667974,94.99585263049065,0.1870982874034043,0.1846395010457771,0.1846395010457771,128,경기도 여주시 강천면,41670,경기도 여주시,False,0.41839622641509433,1.9777046450887414,3.3928961746581185,3.4976834220479422,False,0,농촌 생활권 외곽형,60.478756244573084
4372025000,14597.0,4787.0,2030.0,1260.0,1077.515242343097,353.3647643417418,149.84969116643742,998.6390417374027,327.4977798723674,138.88040383139875,86.20162996431647,0.926182418144612,0.926182418144612,0.0,374.3396230782929,32918.49822180849,1326.0527009088037,1890.3972151516505,2344.133455405025,1496.2080099686018,0.5119662586682433,0.2577503877670791,1161.208909791248,0.0738175818553878,0.0684139920351718,0.0684139920351718,130,충청북도 보은군 보은읍,43720,충청북도 보은군,False,0.3279440981023498,3.0649103594523757,3.122560784445126,3.1749919754145877,False,1,도시 외곽 도농복합형,22.40543050372459
4313061000,8939.0,2530.0,974.0,544.0,1244.919599624316,352.34887426440537,135.64735317530864,1156.1711226841471,327.2304441649952,125.97725399869776,70.36101250029937,0.8607316702512232,0.8470613120158849,0.2185997474871094,335.1389124969825,1252.9362324173926,695.0477156981244,856.8096534172214,1919.182860691663,437.9677255451033,0.7876013780612101,0.2123982619832306,1931.1941484500803,0.1392683297487768,0.1293400965079032,0.1293400965079032,15,충청북도 충주시 봉방동,43130,충청북도 충주시,True,0.2830294216355297,3.2858259368358698,2.842014620349918,2.641442107914813,False,3,역세권 라스트마일형,42.32401722862451
5173031000,4276.0,2054.0,801.0,511.0,680.9982659328883,327.12124373857637,127.56772942288202,680.9982659328883,327.12124373857637,127.56772942288202,81.38215946952899,0.840739413953955,0.840739413953955,0.0,535.1281628076291,8298.894743691568,2323.096248126152,3648.041610979803,11609.976899625406,3570.280826252175,0.0004619779401825,0.4500641521482865,129.89886927512958,0.1592605860460449,0.1592605860460449,0.1592605860460449,160,강원특별자치도 횡성군 우천면,51730,강원특별자치도 횡성군,False,0.480355472404116,2.1136053707057525,3.3660672034137358,3.5527023775953963,False,0,농촌 생활권 외곽형,52.097520985916766
4146125000,31016.0,6117.0,2379.0,1426.0,1686.3637920707647,332.58599806863776,129.34806104385962,1656.656602173627,326.7271226301289,127.06944985075636,76.1668917558548,0.94562923033045,0.9446051541629664,0.1828868060723894,349.8765129436075,1881.4415453728825,1335.6987456438803,1174.2671735611557,2501.9474528943088,592.2106028880958,0.4878720676173071,0.4615695568970542,1434.4212342276303,0.05437076966955,0.0534129675707256,0.0534129675707256,88,경기도 용인시처인구 포곡읍,41460,경기도 용인시,False,0.19722078927005415,3.156676705611314,3.1257085181264324,2.77247617869423,False,1,도시 외곽 도농복합형,17.45146520551956
4874034000,2249.0,1121.0,546.0,368.0,669.2240038223828,333.5705239150249,162.47056740196575,655.3787816818885,326.66945943325794,159.1092995990712,107.23850229387948,0.702434858238158,0.702434858238158,0.0,633.8613902711783,34195.41841677538,2344.4348372363615,4408.662983572848,14077.87974318979,2982.4461284799127,0.1149964332121239,0.3744950676864988,68.68801164748322,0.297565141761842,0.2914089736246725,0.2914089736246725,95,경상남도 창녕군 이방면,48740,경상남도 창녕군,False,0.49844375277901287,1.836880944779046,3.3700381661761853,3.4745726078108774,False,0,농촌 생활권 외곽형,95.19441188797228
1273033000,2444.0,1185.0,548.0,376.0,673.5936031496507,326.5991897431817,151.03489956055998,673.5936031496507,326.5991897431817,151.03489956055998,103.62978509994625,0.7243888694150366,0.7243888694150366,0.0,638.9114319652637,13336.22070482161,2797.767478603196,7086.559311207125,31329.996535374496,6755.786893847532,0.0,0.0290634685278287,142.1860523348861,0.2756111305849634,0.2756111305849634,0.2756111305849634,91,전남광주통합특별시 구례군 토지면,46730,전라남도 구례군,False,0.484860883797054,2.152856996597101,3.4468116176055017,3.8296759416263564,False,2,초고령 산간 오지형,90.01437193325128
4183037000,3642.0,1851.0,782.0,499.0,642.0548242775135,326.316166869214,137.86020664058637,642.0548242775135,326.316166869214,137.86020664058637,87.96962034993938,0.8237081756514241,0.8237081756514241,0.0,519.2233033009991,15155.110178099983,1693.438161131397,3985.372443845619,23734.002164076646,6564.818274626561,0.0,0.0386917788576662,198.0036592040162,0.1762918243485759,0.1762918243485759,0.1762918243485759,111,경기도 양평군 청운면,41830,경기도 양평군,False,0.5082372322899505,2.2966732163091472,3.2287693422444534,3.817222708579459,False,2,초고령 산간 오지형,57.526872371808054
4824031000,13272.0,2278.0,934.0,559.0,3000.0661464882787,514.9299790310654,211.12581229807503,1901.077696605477,326.30010494780566,133.78590782320038,80.07100907191544,0.7739552330855727,0.7739552330855727,0.0,448.339765681033,12666.7622670191,1220.2954594343903,2592.4513348629534,3128.7597148261125,2176.4983158096347,0.3688588007853668,0.3652692159662081,2747.5726706551263,0.2260447669144272,0.1432397300034265,0.1432397300034265,71,경상남도 사천시 정동면,48240,경상남도 사천시,False,0.17163954189270644,3.438949187918874,3.0864649953195564,3.337758335433291,False,1,도시 외곽 도농복합형,46.73913893281341
2772034000,1925.0,1146.0,522.0,329.0,546.5829707206476,325.3943295822661,148.2162653071055,546.5829707206476,325.3943295822661,148.2162653071055,93.41599863225612,0.7160607944308324,0.7157342459878159,0.0039529604375248,668.4368704610372,7829.018513243021,1925.612405355675,3746.223044601775,20180.57925678985,6290.659935648961,0.0,0.001257851931216,81.9836417388129,0.2839392055691676,0.2839392055691676,0.2839392055691676,99,대구광역시 군위군 우보면,27720,대구광역시 군위군,False,0.5953246753246754,1.9137272059046493,3.2845688751274644,3.7986962084622307,False,2,초고령 산간 오지형,92.39220743830052
4775036000,1691.0,946.0,446.0,292.0,581.3819078796946,325.2438112680018,153.3390484413624,581.3819078796946,325.2438112680018,153.3390484413624,100.39238149075744,0.6561904743467211,0.6561904743467211,0.0,760.8884723419134,37070.87285360325,2812.9343437991947,5282.817273169396,27865.652903256712,3494.470151185998,0.0,0.2547703002731032,51.0192683601153,0.3438095256532789,0.3438095256532789,0.3438095256532789,141,경상북도 청송군 파천면,47750,경상북도 청송군,False,0.5594322885866351,1.7077342263348654,3.4491595954931493,3.543381335200292,False,2,초고령 산간 오지형,111.82192047371626
4155032000,6696.0,2441.0,968.0,601.0,931.0376457061116,339.4060473668785,134.5944505740018,890.3542103092534,324.57506382390795,128.71309372451572,79.9138112897045,0.8609561461012377,0.8609561461012377,0.0,476.28638141094433,25230.328889487977,1711.2440019697865,4100.053659363659,7164.718634953877,2194.601398755847,0.2931831171817893,0.3980070979558542,228.9238296171263,0.1390438538987622,0.1329680720294584,0.1329680720294584,123,경기도 안성시 금광면,41550,경기도 안성시,False,0.36454599761051376,2.3596910025153752,3.2333119389121037,3.3413556516666545,False,0,농촌 생활권 외곽형,43.15812046550345
1281032000,2717.0,1398.0,742.0,500.0,630.7924752415482,324.56675759576166,172.26647649217108,630.7924752415482,324.56675759576166,172.26647649217108,116.08253132895624,0.7678349373420875,0.7665385279773039,0.1162537811728061,584.5713675891623,2660.557176991606,2986.168896396396,6202.5782364166525,9180.667788228166,6754.529339010691,0.0,0.0004295513486265,68.70779532076146,0.2321650626579124,0.2321650626579124,0.2321650626579124,125,전남광주통합특별시 무안군 몽탄면,46840,전라남도 무안군,False,0.5145380934854619,1.8370060132274286,3.475114367588131,3.829595092426605,False,2,초고령 산간 오지형,75.35306161389546
4122032000,3286.0,1263.0,549.0,340.0,848.7530883391895,326.2249393099197,141.80323965253044,844.3213817445073,324.52157794988216,141.0628236694262,87.36131156212188,0.7417063030008553,0.7417063030008553,0.0023090792216053,592.1395063915969,3728.698688703477,2036.5606988456536,2166.8666396010026,4211.002604913779,1053.3208271287976,0.0705359761691718,0.81880591513267,145.75457829515574,0.2582936969991447,0.2569450340062408,0.2569450340062408,72,경기도 평택시 서탄면,41220,경기도 평택시,False,0.384357881923311,2.163622205263605,3.308897358581545,3.0225606714988715,False,0,농촌 생활권 외곽형,83.3842078820914
1168066000,26489.0,4649.0,1574.0,740.0,2631.478370796937,461.8423853612805,156.36479125804593,1848.3908253004297,324.4051850512173,109.83303103261264,51.63687608903009,0.9006576929745579,0.8957965118870599,0.3438252302399772,200.7520436842545,1081.336368267143,290.1581498278241,299.5823281615077,2138.36290695089,295.8650630787732,0.8870772080272299,0.1129227919727701,9451.12076676147,0.0993423070254421,0.069779562282473,0.069779562282473,8,서울특별시 강남구 개포1동,11680,서울특별시 강남구,True,0.1755068141492695,3.975483312631858,2.4626347733342735,2.471093684971694,False,3,역세권 라스트마일형,22.6368518150386
4482534000,5076.0,2810.0,1318.0,828.0,617.5051648409981,341.8419056743902,160.33723547289904,585.7195918857461,324.2458733646467,152.08400750697663,95.5429121515756,0.878348076272459,0.878348076272459,0.0,465.7189911260456,63407.95982934995,2178.1244076966245,5346.998650043101,14286.94601118518,3477.01229356184,0.1033713239682757,0.2771266379704395,98.03064247850426,0.121651923727541,0.1153899905212265,0.1153899905212265,190,충청남도 태안군 소원면,44825,충청남도 태안군,False,0.553585500394011,1.9913618489498426,3.3380826816792237,3.5412062262071675,False,0,농촌 생활권 외곽형,37.41472825409339
4825033000,5330.0,2203.0,913.0,532.0,790.2529150549851,326.62798721691036,135.36602466138862,784.2161115090272,324.13285059181743,134.33195305961385,78.27447867219558,0.8517349127476576,0.8517349127476576,0.0351469266882742,468.1166967636509,2781.0999568182337,2920.8761311369835,3275.4152752571904,6440.382074946151,1081.1317641529115,0.0609383749276495,0.4555434361985499,244.47943704852077,0.1482650872523424,0.1471324787071345,0.1471324787071345,75,경상남도 김해시 진례면,48250,경상남도 김해시,False,0.41332082551594745,2.3882423368669534,3.4655131397519283,3.033878627308753,False,0,농촌 생활권 외곽형,47.690469737983385
4145058200,39590.0,4551.0,1473.0,754.0,6254.924464229686,719.0240271964967,232.7230041881871,2817.380628165305,323.86711893862855,104.8244926821797,53.65761539875322,0.8420074649095811,0.8355932451280862,0.0501151236725038,256.30428066303625,1680.7793246033204,713.7669019197009,718.051164377062,2754.8305341094574,388.20264821340993,0.7229856422860765,0.2770143577139234,6922.22760084446,0.1579925350904189,0.0711639461521926,0.0711639461521926,19,경기도 하남시 감일동,41450,경기도 하남시,True,0.11495327102803739,3.8402458746700123,2.8535564054199973,2.589058493701875,False,1,도시 외곽 도농복합형,23.047662212614316
4480035000,1945.0,1187.0,623.0,415.0,529.7002504084738,323.2669394523694,169.66748380693016,529.7002504084738,323.2669394523694,169.66748380693016,113.02087605116536,0.7276605396357462,0.7276605396357462,0.0,633.2547568347832,6240.1854150935815,2313.097222396012,5631.095591453883,14608.26232197312,2776.572715205878,0.0183426827015463,0.5805519589860252,69.3220643081187,0.2723394603642539,0.2723394603642539,0.2723394603642539,81,충청남도 홍성군 은하면,44800,충청남도 홍성군,False,0.6102827763496144,1.8408714868791023,3.36419388709952,3.4435090516242313,False,0,농촌 생활권 외곽형,88.03834384406221
3171038000,7860.0,3274.0,1240.0,704.0,775.7373282059741,323.12519243592357,122.3809525414005,775.7373282059741,323.12519243592357,122.3809525414005,69.48079886221448,0.9013056834343544,0.9013056834343544,0.0,416.6678048939143,9518.341097384517,3987.287870752795,3637.955450657664,3645.929871480927,2523.2196390145104,0.0380783657776855,0.3676058217310453,255.52315855929652,0.0986943165656455,0.0986943165656455,0.0986943165656455,154,울산광역시 울주군 상북면,31710,울산광역시 울주군,False,0.4165394402035623,2.4074302672054717,3.600677591610793,3.4019550562489522,False,0,농촌 생활권 외곽형,31.890620032606165
4825034000,6272.0,2937.0,1230.0,711.0,717.0666928868235,335.78202758427943,140.62372963182284,689.6908236727388,322.9626832153753,135.25505630061684,78.18402034938094,0.8856717645269734,0.8849709481896457,0.0291184352203273,459.9388969795728,3412.98815087009,3685.496364386333,3702.408109379878,6197.233161367326,1651.535145191884,0.0373531447890756,0.1710358824515844,180.6798233799081,0.1143282354730267,0.1099634604070055,0.1099634604070055,115,경상남도 김해시 한림면,48250,경상남도 김해시,False,0.4682716836734694,2.2569096573533325,3.566495987119609,3.2178878200501364,False,0,농촌 생활권 외곽형,35.514094228694184
5123051000,6351.0,2714.0,1196.0,713.0,1187.721645752417,507.5541720315007,223.66794021727148,755.2541083184312,322.7459691349744,142.22703724592094,84.78919528122209,0.8129866720591375,0.772393876141124,0.1816892029471039,353.3670498607818,1724.569798236927,1304.187216907585,1129.232296238331,1256.8416897961229,900.4814969924614,0.4701958875998124,0.4330163604301058,1170.8580112144843,0.1870133279408624,0.1189189274631445,0.1189189274631445,35,강원특별자치도 삼척시 남양동,51230,강원특별자치도 삼척시,True,0.42733427806644625,3.068504231805998,3.115339939121169,2.954474793405823,False,1,도시 외곽 도농복합형,38.3806044925843
5279043000,2459.0,1324.0,736.0,452.0,598.6554854124151,322.33422638716456,179.18277237232107,598.6554854124151,322.33422638716456,179.18277237232107,110.04159390256676,0.7565451462332594,0.7565451462332594,0.0,624.717384228721,22547.246550739295,2131.499769031026,3968.813096853351,14357.668951674756,3719.5815403955007,0.0689489396269118,0.2162099386240086,68.39755231028592,0.2434548537667406,0.2434548537667406,0.2434548537667406,112,전북특별자치도 고창군 부안면,52790,전북특별자치도 고창군,False,0.538430256201708,1.835040560241217,3.3286852899230728,3.570494083720744,False,2,초고령 산간 오지형,78.4738319491026
3120052000,41707.0,5042.0,1519.0,824.0,8897.760527094362,1075.6589679816284,324.0630647290943,2664.9976449458454,322.17417042263776,97.06119890360706,52.6520262650245,0.7866602602178445,0.7866602602178445,0.0,279.4650036498303,3980.8068426858513,535.9572471189106,541.2325007470423,1609.660178069416,304.1384143158907,0.8487438297641383,0.1509760931327504,4951.656029456618,0.2133397397821555,0.0638980901274569,0.0638980901274569,28,울산광역시 북구 농소2동,31200,울산광역시 북구,True,0.12089097753374733,3.694750468464129,2.7291301477508414,2.483071277335151,False,1,도시 외곽 도농복합형,20.586314178404365
5172032000,2382.0,1307.0,527.0,350.0,587.1041450515645,322.1432063738013,129.89247877505227,587.1041450515645,322.1432063738013,129.89247877505227,86.26635212764381,0.7535247082067319,0.7535247082067319,0.0,646.6385964471398,35076.61107281148,3708.844069883734,11179.842829770329,8936.989377737216,11427.59946031133,0.0,0.0,59.74938734298353,0.246475291793268,0.246475291793268,0.246475291793268,162,강원특별자치도 홍천군 두촌면,51720,강원특별자치도 홍천군,False,0.5486985726280437,1.776333456483344,3.569238574764955,4.0579550098674195,False,2,초고령 산간 오지형,79.40034079020162
5113067500,53055.0,5470.0,1706.0,1066.0,5676.062991734618,585.2052504907805,182.51556806897105,3124.417973406011,322.129230318177,100.46663015042228,62.776921301494816,0.8930154935117404,0.8930154935117404,0.0,236.65876148255825,5608.596671138832,761.2127180336515,664.4546411075381,1481.7196618619698,326.5314272139604,0.7959705999573474,0.1947763800723641,4628.987496761641,0.1069845064882596,0.0588901700764491,0.0588901700764491,39,강원특별자치도 원주시 반곡관설동,51130,강원특별자치도 원주시,True,0.10310055602676468,3.6654860077228064,2.8815060356918276,2.5139249865567943,False,1,도시 외곽 도농복합형,18.970245160033087
4427033000,2127.0,1271.0,610.0,369.0,538.3283143319906,321.68090621342736,154.38658756112562,538.3283143319906,321.68090621342736,154.38658756112562,93.39123083615632,0.7469072335063515,0.7469072335063515,0.0,592.8446855627606,36278.68964717894,2538.146667883119,8175.094634486857,12913.129006935298,6179.447730580698,0.0,0.045630080430071,36.194013217469355,0.2530927664936486,0.2530927664936486,0.2530927664936486,133,충청남도 당진시 대호지면,44270,충청남도 당진시,False,0.5975552421250587,1.5586367406536554,3.404516714374878,3.790949663069587,False,2,초고령 산간 오지형,81.41511048174024
2771026500,20879.0,4199.0,1603.0,868.0,1781.527519733051,358.2850737755199,136.7780360233766,1599.4675456974448,321.67078041973133,122.80025268226468,66.49445996768917,0.9146737142711312,0.9146737142711312,0.0,319.4703578708512,16303.520605663398,837.1279893904293,789.9423146369455,1538.7991120007775,466.6432595944198,0.7277254655168507,0.245686545097967,3866.199084248596,0.0853262857288687,0.0766065207001027,0.0766065207001027,58,대구광역시 달성군 현풍읍,27710,대구광역시 달성군,False,0.20111116432779347,3.5872842136254013,2.9227918628159095,2.6689849970644364,False,1,도시 외곽 도농복합형,24.642079298842336
4165035000,1897.0,984.0,404.0,256.0,619.5359144370558,321.3618027443663,131.94122795602033,619.5359144370558,321.3618027443663,131.94122795602033,83.60632266520099,0.6734128020890586,0.6734128020890586,0.0,749.4251753770204,12771.0439636486,2330.876024961553,6493.148916080972,15224.809128212648,3768.483561647683,0.0,0.1885286097731788,54.243089460804214,0.3265871979109414,0.3265871979109414,0.3265871979109414,127,경기도 포천시 창수면,41650,경기도 포천시,False,0.5187137585661571,1.7343444171711153,3.3675191748046025,3.5761666251932476,False,2,초고령 산간 오지형,104.95265067389126
4713033000,4273.0,2312.0,1095.0,695.0,602.8134254531088,326.16537319157214,154.47711230310185,593.4310000226849,321.0888069394916,152.0727697226398,96.52107302030564,0.8589250115953408,0.8589250115953408,0.0,502.03157781604295,9194.897085880531,3204.8130672061543,4326.445998645525,14228.909593495227,3640.446127363251,0.0953609349166389,0.2981199050338273,90.06552290069118,0.1410749884046592,0.1388792417558354,0.1388792417558354,192,경상북도 경주시 내남면,47130,경상북도 경주시,False,0.5410718464778844,1.9545585747804968,3.5058027027320637,3.5611546085885553,False,0,농촌 생활권 외곽형,44.59257004404241
5183033000,2621.0,1216.0,515.0,328.0,691.216457846638,320.68646041263327,135.81704532278465,691.216457846638,320.68646041263327,135.81704532278465,86.50095313761818,0.7362775818975056,0.7362775818975056,0.0,831.2099264849952,41862.16500896823,3018.117764162131,14150.740450457788,25176.906391860062,4485.533989391996,0.1869020537778462,0.2881551117534585,138.55827233206216,0.2637224181024944,0.2637224181024944,0.2637224181024944,140,강원특별자치도 양양군 현북면,51830,강원특별자치도 양양군,False,0.4639450591377337,2.1416324595366536,3.479736181538963,3.651814151915624,False,0,농촌 생활권 외곽형,84.57220879274949
4128554000,42226.0,7806.0,2881.0,1755.0,2705.958132819231,500.2299338035077,184.6223980640412,1731.403526221206,320.0714234282843,118.13038315358531,71.9607158745374,0.9359172516265044,0.9027633868156124,0.2560278027136174,209.3411742331972,1166.8970648982297,641.3838302325171,643.3045819571536,871.0455657586475,238.0492966042944,0.8197166412994763,0.1802833587005236,6164.577243667357,0.0640827483734957,0.0410032569085683,0.0410032569085683,19,경기도 고양시일산동구 풍산동,41280,경기도 고양시,True,0.18486240704779047,3.789903298768275,2.807118006840767,2.3766669025451446,False,3,역세권 라스트마일형,13.123970803921086
4420036000,23635.0,3934.0,1498.0,886.0,2117.505927594807,352.45476281607654,134.2087531007836,1920.507534907297,319.664761680783,121.7228807823622,71.99363976847324,0.910408041988796,0.910408041988796,0.0,402.4770517617054,9494.153688634186,1318.941844056626,1725.2775526378614,12271.020080732818,807.0108167272342,0.344154350689384,0.6267115224079585,778.8108639679759,0.089591958011204,0.0812569297612564,0.0812569297612564,104,충청남도 아산시 둔포면,44200,충청남도 아산시,False,0.16644806431140258,2.891432001050916,3.120225646674408,2.9068793558044344,False,1,도시 외곽 도농복합형,25.97497708704415
4159131000,6417.0,2121.0,837.0,497.0,983.9874520703178,325.23568425138603,128.34618940047625,966.9888853637616,319.6171771632442,126.12898504744716,74.89379398874699,0.8466592719229674,0.8466592719229674,0.0,480.9189667943209,5910.609785801412,2743.7801331912506,1977.9786829469365,6261.35931595968,1080.0764376145708,0.1037832724700078,0.4518080177179545,211.9783720555687,0.1533407280770325,0.1506917384079416,0.1506917384079416,86,경기도 화성시만세구 마도면,41590,경기도 화성시,False,0.33052828424497427,2.3262915525510195,3.4383493071923272,3.033454491838362,False,0,농촌 생활권 외곽형,48.16366805176832
4874025000,14888.0,4626.0,1916.0,1110.0,1263.3516408201372,392.54867614413985,162.5860924107592,1028.3786362821245,319.5378540731533,132.34641772679674,76.67250713817556,0.9151429580319628,0.9151429580319628,0.0,355.9713627887937,31256.37461288519,1073.665766604795,1358.9479398232293,1571.8468905508194,1079.5764077042347,0.5414920372337947,0.3256665783928068,1540.6863102143004,0.0848570419680371,0.0690743307551131,0.0690743307551131,104,경상남도 창녕군 창녕읍,48740,경상남도 창녕군,False,0.31072004298764105,3.1877142236562,3.030869106027938,3.033253385225142,False,1,도시 외곽 도농복합형,22.071863421028056
5172038000,3990.0,1921.0,787.0,522.0,661.61523964285,318.53706149220926,130.49904601476766,661.61523964285,318.53706149220926,130.49904601476766,86.55718172771121,0.8341816441997869,0.8341816441997869,0.0,509.0456086370302,21797.81522036519,2399.2211112737323,4118.17453321613,7941.877769006459,3300.6324720967423,0.0359664341397251,0.5229491520358753,162.9646831444698,0.165818355800213,0.165818355800213,0.165818355800213,173,강원특별자치도 홍천군 북방면,51720,강원특별자치도 홍천군,False,0.481453634085213,2.212093496567569,3.380070274220856,3.518597168005972,False,0,농촌 생활권 외곽형,52.819291798069486
1273025000,10809.0,3512.0,1682.0,1061.0,1148.8476453850335,373.277170005758,178.7734054526438,978.4404149613724,317.9094030293589,152.2561548677055,96.04267557350506,0.8937137898616861,0.8937093715885244,0.0100143506512159,403.2868568984677,6388.069310093955,1174.1170529772146,1191.1531525059129,23024.066924405684,1045.4270110718703,0.6277072946969638,0.2663813079069361,1871.0849468731635,0.1062862101383137,0.0905209006347832,0.0905209006347832,80,전남광주통합특별시 구례군 구례읍,46730,전라남도 구례군,False,0.32491442316588026,3.272093504828077,3.069711395828123,3.019293716928669,False,1,도시 외곽 도농복합형,28.77744548248384
4713025000,4985.0,2339.0,1101.0,674.0,696.1494875445071,326.6386462119563,153.75337728916796,677.144510401389,317.7213660639616,149.5558888569567,91.5537412257846,0.8603511559589756,0.8603511559589756,0.0,451.4213356427343,23762.756656989004,1882.302728397785,2158.7019095333776,24307.68985797144,1856.1008890339715,0.4764100547347076,0.2766556357652891,654.7946547594051,0.1396488440410244,0.1358364113142204,0.1358364113142204,75,경상북도 경주시 감포읍,47130,경상북도 경주시,False,0.46920762286860584,2.8161051255078178,3.2746894717478616,3.268601578757796,False,0,농촌 생활권 외곽형,43.158130163980275
4713036000,21389.0,4048.0,1466.0,808.0,1761.1586125676424,333.31011565168154,120.709641686108,1678.4081015155757,317.6490717160714,115.03792962839935,63.404261350441125,0.9176605445524502,0.8669451415733337,0.2474260694282175,391.78674177428144,2000.9740993097985,1430.9464898490355,1298.3416146720035,3779.0624815864257,1123.116832952372,0.3502283396655071,0.5486830760991998,1936.593209438071,0.0823394554475498,0.0784706204832192,0.0784706204832192,96,경상북도 경주시 현곡면,47130,경상북도 경주시,False,0.18925615970826126,3.2870384046892216,3.1556233936495053,3.050424936374817,False,3,역세권 라스트마일형,24.926119753478716
1150062000,28686.0,5090.0,1928.0,1060.0,2365.1679587792237,419.671787986692,158.964087866079,1788.7076322397163,317.3855486334852,120.21990918769342,66.0960081633584,0.917549746957428,0.9094906926336792,0.6539877093810026,230.60970477453589,818.4083527150964,559.4842091836351,526.6663995761199,1289.4206870530747,419.5632797416001,0.8674427839387373,0.1325572160612627,6051.002223762279,0.0824502530425721,0.0623547246824135,0.0623547246824136,35,서울특별시 강서구 공항동,11500,서울특별시 강서구,True,0.17743847172836924,3.78182731253704,2.747787833561082,2.622797471648697,False,3,역세권 라스트마일형,19.79048850321773
4725052000,10678.0,3095.0,1298.0,704.0,2430.183143085081,704.3844191654173,295.4090391201007,1094.3799344713152,317.20414845371045,133.03101282485176,72.15241373551282,0.772412142434437,0.7494713501714448,0.2686791029019786,357.62241365558083,1710.4176772394735,847.9457969385874,892.2307256874245,1191.3733720921678,604.7264893902841,0.7029197767702589,0.2161374592824929,2612.102217321211,0.2275878575655629,0.1024892240561261,0.1024892240561261,53,경상북도 상주시 남원동,47250,경상북도 상주시,True,0.28984828619591685,3.416990167836558,2.928368091828846,2.78155899282301,False,3,역세권 라스트마일형,32.510007042405014
1285035000,2040.0,1044.0,568.0,374.0,619.6821220104711,317.13143891124105,172.53894377546447,619.6821220104711,317.13143891124105,172.53894377546447,113.60838903525304,0.6962342539164358,0.6962342539164358,0.0,1627.8121035696802,65477.442525510465,3050.885996838415,22264.08733322441,56363.187921650315,22511.546267841713,0.0,0.0,143.8022315823444,0.3037657460835642,0.3037657460835642,0.3037657460835642,85,전남광주통합특별시 완도군 청산면,46890,전라남도 완도군,False,0.5117647058823529,2.1577656256600632,3.4844259795634076,4.352405326743192,False,2,초고령 산간 오지형,96.3336681474274
2772031000,2205.0,1267.0,623.0,400.0,551.4849538937397,316.88500525322814,155.81638379854866,551.4849538937397,316.88500525322814,155.81638379854866,100.04262202154008,0.7498934449461498,0.7498934449461498,0.0,678.6266961186227,23220.85103224011,3010.4448335621987,10350.521678096766,13557.764900101753,8898.105336847102,0.0,0.0,46.294765724432686,0.2501065550538502,0.2501065550538502,0.2501065550538501,141,대구광역시 군위군 소보면,27720,대구광역시 군위군,False,0.5746031746031746,1.665531890683171,3.4786306731644783,3.9492975426730568,False,2,초고령 산간 오지형,79.25501701210612
4822035000,1896.0,819.0,351.0,202.0,733.4596869616724,316.8267318679376,135.78288508625897,733.4596869616724,316.8267318679376,135.78288508625897,78.14285694422881,0.6131541735434216,0.6131541735434216,0.0,2273.6290789337363,52876.72962154134,1877.495518645501,26983.29044932955,34925.12332104741,24504.8930252888,0.0,0.0,187.8248470082636,0.3868458264565783,0.3868458264565783,0.3868458264565783,96,경상남도 통영시 욕지면,48220,경상남도 통영시,False,0.4319620253164557,2.2737530437596645,3.273578909069094,4.389252810965026,False,2,초고령 산간 오지형,122.56309893298905
2820065500,37336.0,6136.0,1923.0,933.0,5751.598400594859,945.2487622147542,296.237511365543,1927.6756391066583,316.8046314966375,99.28541498827148,48.17123878526121,0.8459503321032018,0.8459503321032018,0.0008261838476806,234.0364769666453,2404.859215666775,543.5708180730012,485.579788942567,3587.740917719658,215.91080398536715,0.8755969589588644,0.1244030410411356,10325.98543625068,0.1540496678967982,0.0516304810131416,0.0516304810131417,11,인천광역시 남동구 서창2동,28200,인천광역시 남동구,True,0.16434540389972144,4.013931508183562,2.735256133325257,2.334274374589122,False,1,도시 외곽 도농복합형,16.356775511362464
4155031000,4693.0,2079.0,880.0,559.0,716.883882813023,317.5797128421638,134.42527527710638,714.3690410090766,316.46563738714474,133.95370894693957,85.0910492060673,0.8472440053669246,0.8472440053669246,0.0,495.57867317426275,26186.67080424821,2150.8100328192136,3445.445124202625,7147.372684236702,2320.981315801644,0.0155126673919607,0.5944870713319932,96.41757171258676,0.1527559946330754,0.1522201238033404,0.1522201238033404,117,경기도 안성시 보개면,41550,경기도 안성시,False,0.44300021308331555,1.9841561895292332,3.3326020536502834,3.365671644343507,False,0,농촌 생활권 외곽형,48.1724385025742
4812964000,7430.0,1844.0,681.0,389.0,1544.9792762054033,383.43765616726296,141.60577215287748,1274.2701807661474,316.25224943913537,116.7938079544746,66.71481834697595,0.792062008586083,0.792062008586083,0.0,344.0089114638816,7097.795080492202,1169.775840313392,1177.427040381069,4233.899481681402,671.1460210256598,0.402926141639861,0.586241768996131,1766.5701821983096,0.207937991413917,0.1715033890667762,0.1715033890667762,39,경상남도 창원시진해구 웅동1동,48120,경상남도 창원시,True,0.24818304172274563,3.2471308957397276,3.0681026475223208,2.8268170197613505,False,1,도시 외곽 도농복합형,54.23833257880319
5279033000,2592.0,1249.0,695.0,459.0,655.6655682404431,315.9437865479604,175.80538963237188,655.6655682404431,315.9437865479604,175.80538963237188,116.1074443759118,0.7470426048455081,0.7470426048455081,0.0,598.7772179613817,27573.717873157824,1849.8099149758727,3218.494859782558,14580.775318050397,12039.267679467575,0.0,0.0,73.46987677395194,0.2529573951544919,0.2529573951544919,0.2529573951544919,104,전북특별자치도 고창군 무장면,52790,전북특별자치도 고창군,False,0.4818672839506173,1.8661093114322684,3.2671271029335758,4.080600070606281,False,2,초고령 산간 오지형,79.92031726041887
4775035000,2496.0,1329.0,649.0,421.0,667.4486962518079,355.3843418744602,173.5473573186792,592.5979497534752,315.5299179576797,154.08496369791882,99.95342021082251,0.7325926697709103,0.7325926697709103,0.0,682.9705471602493,33643.39481189276,1917.866494325464,6479.7222721364315,39060.64634831571,4207.298949984067,0.2018602401030475,0.2825946307311865,105.7915541600834,0.2674073302290897,0.2374190503820012,0.2374190503820012,132,경상북도 청송군 안덕면,47750,경상북도 청송군,False,0.5324519230769231,2.024450997301406,3.2828183719713637,3.6240033719446676,False,0,농촌 생활권 외곽형,74.91281348862306
4827031000,5234.0,2493.0,1069.0,643.0,774.0548088106176,368.6890787857986,158.0941136069068,661.8396054895235,315.2399955073332,135.17511239363787,81.30738752956889,0.8521102772620142,0.8521102772620142,0.0,486.1820074637095,5387.21639185157,1719.043190697665,3304.035736783813,4316.0057497070975,2231.8823603165283,0.1750426541255455,0.5209160003243795,296.3314806996672,0.1478897227379857,0.126450058366359,0.126450058366359,106,경상남도 밀양시 부북면,48270,경상남도 밀양시,False,0.47630875047764615,2.471777791095006,3.235286788406671,3.3486712997584567,False,0,농촌 생활권 외곽형,39.862115831313034
4889031000,1328.0,800.0,364.0,244.0,522.8201489088497,314.95189693304195,143.30311310453408,522.8201489088497,314.95189693304195,143.30311310453408,96.0603285645778,0.6063101288336975,0.6063101288336975,0.0,788.9470960857999,58032.72335586053,2873.357290598116,13198.323532507766,15405.448389788706,11966.835056641528,0.0,0.0,46.26080962707525,0.3936898711663024,0.3936898711663024,0.3936898711663024,110,경상남도 합천군 봉산면,48890,경상남도 합천군,False,0.6024096385542169,1.6652132292451125,3.4583896321483873,4.0779793050276565,False,2,초고령 산간 오지형,123.99337172715184
4719036000,2633.0,1247.0,573.0,347.0,704.0131677108869,333.4236308907998,153.2090942264862,663.3739104873429,314.176705802399,144.36507812732526,87.42527418879908,0.732619381803689,0.732619381803689,0.0,611.000289738958,17465.070359980473,1944.5210549438784,2678.4481859699536,10937.895837958362,2518.350042449362,0.2549425244482352,0.3772736952573396,126.32988050225794,0.267380618196311,0.2519460351262221,0.2519460351262221,105,경상북도 구미시 장천면,47190,경상북도 구미시,False,0.47360425370300036,2.1015060853330367,3.288812649975861,3.401116095485288,False,0,농촌 생활권 외곽형,79.15557535593196
4873032000,5518.0,2548.0,1179.0,769.0,797.8174486465836,368.4013880303542,170.46516345674556,679.7657439441297,313.8896548694531,145.2417202084322,94.73357323179334,0.8554154678059834,0.8551865887885383,0.0548222521624179,513.2015973863982,4905.023359429528,1591.3878965685728,4464.518471061353,9124.191222283984,1251.5113907633972,0.2840522890699715,0.607280791137516,376.82589613597,0.1445845321940166,0.1231906023820459,0.1231906023820459,139,경상남도 함안군 군북면,48730,경상남도 함안군,False,0.4617615077926785,2.576140740624301,3.201776050675249,3.0974348067394284,False,0,농촌 생활권 외곽형,38.66825566486042
5175035500,2551.0,1268.0,539.0,343.0,638.4760924992432,317.360911520596,134.90341585930696,631.2298522138711,313.7590954947819,133.37235999344435,84.87331999582823,0.7497153694632525,0.7495194288657341,0.0801461184111089,637.3693161594032,4062.4009206912474,1979.2774066260629,4227.691901666483,12463.74859989115,3206.1376910177382,0.0526077600407172,0.3002353771404119,245.1513678317009,0.2502846305367476,0.2474440816204904,0.2474440816204904,126,강원특별자치도 영월군 한반도면,51750,강원특별자치도 영월군,False,0.4970599764798118,2.3894343207521036,3.296506667235122,3.5059821696604025,False,0,농촌 생활권 외곽형,77.63783123478206
3023052500,11950.0,3542.0,1341.0,764.0,3560.0880101898183,1055.2160445265554,399.5044369593763,1058.1980327248802,313.65166794238706,118.7484152204238,67.65383238508858,0.7020846853397642,0.7020846853397642,0.0,388.0770544349113,6113.10120983322,716.8446779114232,788.4410174479079,2961.6106467145187,718.4061807300588,0.7372229593443119,0.2596741586539915,1282.0391481613012,0.2979153146602358,0.088552136629697,0.088552136629697,42,대전광역시 대덕구 회덕동,30230,대전광역시 대덕구,True,0.29640167364016734,3.1079012869385276,2.8554250652446327,2.856370060081035,False,1,도시 외곽 도농복합형,27.774525353766617
4785025000,29602.0,7483.0,3054.0,1866.0,2427.5241671020926,613.6464881570488,250.4445242324772,1238.3384909368035,313.03583972975144,127.7577782352881,78.0602534993607,0.9179945893148403,0.9179945893148403,0.1097817524861809,401.4624438563981,3057.590979507367,1777.2082358313576,2324.990866601516,3255.937634969988,719.995035084579,0.4549630516844856,0.2813475882223588,1375.5452573197383,0.0820054106851595,0.0418329332794001,0.0418329332794001,110,경상북도 칠곡군 왜관읍,47850,경상북도 칠곡군,False,0.25278697385311805,3.1384748838430316,3.2497383171548253,2.8573295016495948,False,1,도시 외곽 도농복합형,13.095207397475676
2771038000,18827.0,2733.0,1023.0,611.0,2358.90444305765,342.4276753001837,128.17545255473397,2156.2623881097024,313.0113723218684,117.16452026537556,69.97802725527318,0.874706302488041,0.874706302488041,0.0,438.6051419438712,23464.48923815786,1361.6586603257838,2308.5304281749077,7875.370633772562,1927.721685804319,0.2610980535815333,0.4989085854494419,1191.5426511943178,0.1252936975119589,0.1145303228400543,0.1145303228400543,94,대구광역시 달성군 구지면,27710,대구광역시 달성군,False,0.1451638604132363,3.076109592504394,3.1340682525723547,3.2850443329670678,False,1,도시 외곽 도농복합형,35.849293524632024
4128560000,20729.0,5788.0,2312.0,1491.0,1417.0173050762812,395.6628955464092,158.04640886373497,1120.391953172489,312.83846905120197,124.96242924090858,80.58779498191812,0.9316408266160316,0.9316408266160316,0.0,332.9511313309138,4926.310547276644,1719.204103683711,1728.8910636948135,4594.175720300926,708.7716978786801,0.2157580877024187,0.7341473709393694,660.6134514752795,0.0683591733839684,0.0540494936163099,0.0540494936163099,67,경기도 고양시일산동구 고봉동,41280,경기도 고양시,True,0.27922234550629554,2.8199474125918624,3.2353274391312836,2.8505063673150572,False,1,도시 외곽 도농복합형,16.908760835919104
3611037000,4710.0,1907.0,894.0,587.0,772.5138178708571,312.7778876177759,146.6300112901372,772.5138178708571,312.7778876177759,146.6300112901372,96.27719980683506,0.8359843274159539,0.8359843274159539,0.1078632220125225,497.82180383223766,3611.7927856590054,2306.4507942746072,3025.918182267606,12996.13268910289,1935.2892019047003,0.1685440578288407,0.3866204726786958,231.16318392478263,0.1640156725840461,0.1640156725840461,0.1640156725840461,138,세종특별자치시 세종시 전의면,36110,세종특별자치시 세종시,False,0.40488322717622083,2.363918667588086,3.362944193822688,3.286745873440929,False,0,농촌 생활권 외곽형,51.30047560704669
4150032000,12545.0,3228.0,1223.0,725.0,1331.9502361483922,342.72900456652127,129.85054912789823,1214.7769442227932,312.57871470316275,118.4274374479455,70.20432718704863,0.893826206763779,0.893826206763779,0.0,439.6335310698782,7729.874410720989,1901.254706566956,1574.6646661469465,7542.859004130038,1466.24125542544,0.0803439322208359,0.7145817722223312,443.32005920137567,0.1061737932362209,0.0968335547407567,0.0968335547407567,75,경기도 이천시 백사면,41500,경기도 이천시,False,0.25731367078517337,2.646717382558924,3.279040302160872,3.1662054350251694,False,1,도시 외곽 도농복합형,30.26810808100408
4374032000,3865.0,1829.0,800.0,484.0,659.9772967149556,312.31525891116524,136.6059087637683,659.9772967149556,312.31525891116524,136.6059087637683,82.64657480207983,0.8292426140452896,0.8292426140452896,0.170924372473241,519.2444622861739,3450.5794921921233,2376.8408323143017,3245.322460302864,15016.532826839555,2875.2957101840047,0.2696970840963532,0.2502288907273599,179.94965785183058,0.1707573859547103,0.1707573859547103,0.1707573859547103,135,충청북도 영동군 황간면,43740,충청북도 영동군,False,0.47322121604139716,2.25515102524176,3.376000099707953,3.4586825163985084,False,0,농촌 생활권 외곽형,53.330137205439115
4812954000,7490.0,2997.0,1506.0,938.0,1085.389253466037,434.30061316925406,218.23714495592145,779.7041768130518,311.9857700812705,156.77363021100882,97.64519597471865,0.8550882171607427,0.8550882171607427,0.0,267.4995985022615,13179.439025404845,875.8529659415942,870.7377395937028,1286.4972883354048,454.9501859027477,0.6179977234624191,0.3802134215761252,2572.7219339908597,0.1449117828392572,0.1040993560498066,0.1040993560498066,12,경상남도 창원시진해구 여좌동,48120,경상남도 창원시,True,0.40013351134846464,3.410392849148826,2.942431204981042,2.6579638468287494,False,1,도시 외곽 도농복합형,32.477517762163274
4782034000,4405.0,2191.0,1030.0,590.0,708.2271620716562,352.2646338476728,165.60135685216932,627.2268705949551,311.97595311544757,146.66144760790095,84.00995542588501,0.8392219836386706,0.839103670599885,0.0001229400966207,513.3139769423641,7403.719321984833,1910.8625861570815,3423.341955691069,9722.282323119913,2639.9319963154117,0.109930115049765,0.485660017312691,123.92319935460276,0.1607780163613294,0.1423897549591271,0.1423897549591271,96,경상북도 청도군 이서면,47820,경상북도 청도군,False,0.4973893303064699,2.0931526171794377,3.2812294572175205,3.4215927397465924,False,0,농촌 생활권 외곽형,44.4221795172487
4420035000,22923.0,3585.0,1310.0,785.0,2524.2155947149986,394.7700085963125,144.25347594453814,1994.614999699965,311.94410739974586,113.98794440548592,68.3057529452721,0.8898828427904288,0.8898828427904288,0.0,432.0013252960665,8100.282702330807,1528.286407477491,1646.4120868386738,6925.2404417411935,1141.066705605169,0.3911289555129485,0.4317951268393081,593.2914390819018,0.1101171572095711,0.0870136980194549,0.0870136980194549,145,충청남도 아산시 음봉면,44200,충청남도 아산시,False,0.15639314225886664,2.7732680817163278,3.184204750529698,3.0573110335763616,False,1,도시 외곽 도농복합형,27.143410360229893
4113560000,24433.0,4132.0,1667.9999999999998,981.0,2989.6749522227333,505.6004953376309,204.10010315178323,1844.0249637168065,311.8532783562331,125.88849668397796,74.03873815766329,0.8776378278466528,0.8460292025083622,0.6506466571814966,229.95965452358743,672.4807252153574,495.1600504462992,492.3366466156109,1088.8760848760814,304.8555749941864,0.812010405881304,0.1879895941186959,6577.37990154357,0.1223621721533472,0.0754727198345191,0.0754727198345191,11,경기도 성남시분당구 이매1동,41130,경기도 성남시,True,0.16911554045757787,3.8180529269100636,2.694745598510845,2.4840941415166173,False,3,역세권 라스트마일형,23.53641510685628
3171025600,28014.0,5352.0,1866.0,1034.0,4106.047935041083,784.4495091147239,273.5020149491919,1629.8070430276548,311.37028965103195,108.56071758012436,60.15636761942583,0.8534287165331234,0.83798107435,0.214563590847326,367.47802058385224,1887.4196917698457,908.496325900746,1516.7510610899244,3445.518589392265,869.0212922303259,0.6958796209286491,0.1883766498201466,3058.1512511129135,0.1465712834668766,0.0581783052412242,0.0581783052412242,112,울산광역시 울주군 온양읍,31710,울산광역시 울주군,False,0.19104733347611907,3.4854589610956914,2.958323175293741,2.939030417397865,False,3,역세권 라스트마일형,18.11499575436613
4311325000,49604.0,5313.0,1874.0,1089.0,3554.2700350678065,380.6918130859458,134.27751886374222,2905.524428426436,311.2057755066054,109.76842147550884,63.78751920321726,0.9283471083971492,0.9266327436237152,0.1141261802298024,316.89125251611233,2287.1045365767586,1192.1886042048982,1254.638382798376,2698.897919301975,875.478366745396,0.4824329492227863,0.4588335765127023,2308.5628699409713,0.0716528916028507,0.0585743977990975,0.0585743977990975,96,충청북도 청주시흥덕구 오송읍,43110,충청북도 청주시,False,0.10710829771792597,3.3633417063494284,3.0763449662146605,2.9422454190440477,False,1,도시 외곽 도농복합형,18.228690891900538
1213025000,11764.0,5068.0,2411.0,1436.0,1029.4836004351166,443.5075558487905,210.9898810480335,721.1525234015338,310.67672463439084,147.79826027891008,88.02915875591658,0.912488643281612,0.912488643281612,0.0,338.76669087681836,10129.8477473184,2943.1016838571472,6240.621521917043,12240.872412067782,1844.7427856718236,0.4758490438338542,0.1456038741647346,1084.5423000567596,0.087511356718388,0.0613016425876856,0.0613016425876856,155,전남광주통합특별시 여수시 돌산읍,46130,전라남도 여수시,False,0.4308058483509011,3.0352464953294445,3.4688052671880154,3.2659358206030875,False,0,농촌 생활권 외곽형,19.044993533850246
5181035000,2011.0,696.0,259.0,151.0,912.9318549098522,315.96249180370813,117.57799623155232,897.3702342579037,310.5766698376434,115.57378949418052,67.38085796764965,0.5460309025808792,0.5460309025808792,0.0,1346.9430329312554,48865.96103143251,4649.386771661735,11499.133311905684,27736.213935907177,3612.715910870179,0.0901362093267331,0.1908381143593583,67.9417450669141,0.4539690974191209,0.4462308474678785,0.4462308474678784,168,강원특별자치도 인제군 상남면,51810,강원특별자치도 인제군,False,0.3460964694181999,1.8321366974235938,3.66739567563278,3.5578338117777357,False,2,초고령 산간 오지형,138.5888905854031
4150036000,3952.0,1712.0,740.0,471.0,746.6277048739876,323.4379126377193,139.80377064948146,716.6381869071265,310.4465020204961,134.18832447147614,85.40905517035846,0.8110759856088088,0.8110759856088088,0.0,553.814179111435,8674.561288324001,1881.561557516525,2855.528745399166,8533.081138851949,1660.5882669394596,0.1859403349689649,0.6603922162410251,130.22002832720472,0.1889240143911912,0.1813355736101028,0.1813355736101028,92,경기도 이천시 모가면,41500,경기도 이천시,False,0.4331983805668016,2.1146777854844405,3.274518431347046,3.220261965044868,False,0,농촌 생활권 외곽형,56.2949945191366
5175034000,2066.0,1067.0,423.0,272.0,600.6301616499856,310.19960429841944,122.97510086057304,600.6301616499856,310.19960429841944,122.97510086057304,79.07618778741339,0.7092787213698036,0.7075652720110528,0.0215351265931637,631.5085763396644,3225.688947789859,3082.424607205145,6472.843293571708,8561.844321853465,5291.279119378652,0.0,0.0203401974449559,46.62501283633976,0.2907212786301963,0.2907212786301963,0.2907212786301963,160,강원특별자치도 영월군 남면,51750,강원특별자치도 영월군,False,0.5164569215876089,1.6686189643824438,3.48889246302115,3.723560671531803,False,2,초고령 산간 오지형,90.18162559221744
4773043000,4247.0,1814.0,928.0,583.0,909.1099324641752,388.3036066611758,198.64704905268533,726.2123607203883,310.1834759469707,158.6826161404569,99.6896176830672,0.7859406799001236,0.7859406799001236,0.0,558.2298713966925,29594.757916499308,1380.665788598967,1540.776559096583,1877.4224305490015,1226.2855692239789,0.5338524068332137,0.2695197631920914,580.2380450699319,0.2140593200998764,0.1709941984272164,0.1709941984272164,81,경상북도 의성군 안계면,47730,경상북도 의성군,False,0.4271250294325406,2.763606201237139,3.1400885636378115,3.088591617569383,False,0,농촌 생활권 외곽형,53.03957483492001
4713060500,5168.0,2017.0,926.0,540.0,800.3599629934714,312.3695908200139,143.40815126392312,794.2718617340072,309.99348783233216,142.3172879190578,82.99280289016329,0.8451315861080744,0.8451315861080744,0.0270948778962225,450.27746745029145,3810.438107708136,3541.0325165820636,3566.7368108271594,4139.659480068057,1399.4308254817518,0.1061790872075745,0.3405995161370029,308.63400862818446,0.1548684138919255,0.1536903757225246,0.1536903757225246,63,경상북도 경주시 월성동,47130,경상북도 경주시,True,0.39028637770897834,2.4894437796201365,3.549129914814401,3.145951435953986,False,0,농촌 생활권 외곽형,47.64301561648699
4159134000,9129.0,3071.0,1138.0,717.0,991.2156748130262,333.44543075373025,123.56265066680072,921.2285970947896,309.9017440769086,114.83822362732724,72.35413562459898,0.8914212208551839,0.8914212208551839,0.0,443.6686820091616,6151.58854533402,2046.1932580456205,1448.6348832060044,5561.096937738287,750.1669753243531,0.1827496055451209,0.6342684149698408,204.04239307164863,0.1085787791448161,0.1009123230468605,0.1009123230468605,130,경기도 화성시만세구 팔탄면,41590,경기도 화성시,False,0.3364004819805017,2.3097204084276513,3.3109466493854938,2.875157941246196,False,0,농촌 생활권 외곽형,31.272904911074487
4146153500,14221.0,2573.0,939.0,517.0,2434.298637671676,440.4367059088125,160.73457708836958,1712.6027080259198,309.86054199779846,113.08163580875735,62.26113494475779,0.8288236665725564,0.7754007829205832,0.3927041517237328,313.87048633553104,1211.483540166236,926.3808878491589,1085.9991047218705,2648.13521059419,694.1903352057001,0.5797975338281838,0.4202024661718162,1915.731944671882,0.1711763334274436,0.1204277271658758,0.1204277271658758,24,경기도 용인시처인구 유림1동,41460,경기도 용인시,True,0.1809296111384572,3.2823347411235058,2.966789586552544,2.841478562956753,False,3,역세권 라스트마일형,37.31580081118127
3611036000,6336.0,2489.0,1163.0,732.0,796.865377402948,313.036288566278,146.26806090903227,788.0794802791963,309.5848842195265,144.65537177473254,91.04706116861928,0.8742321058391812,0.8742321058391812,0.0,431.6421471860768,6212.019302554619,2027.4040753725965,2928.307964964006,8007.689716628897,2789.1106528728474,0.0196880407215603,0.5730032671524472,217.87253432646483,0.1257678941608188,0.1243812311046711,0.1243812311046711,119,세종특별자치시 세종시 연서면,36110,세종특별자치시 세종시,False,0.39283459595959597,2.3382024852151475,3.3069403151535344,3.445465744448483,False,0,농촌 생활권 외곽형,38.50654903062177
1280034000,3153.0,1623.0,795.0,502.0,600.7252472724539,309.22203498991206,151.46735540171292,600.7252472724539,309.22203498991206,151.46735540171292,95.64353762472942,0.8094750246519334,0.8094750246519334,0.0,545.1517908354668,13615.425538615968,2103.0907927894027,3528.433350962153,17886.276849295944,3962.847796999049,0.0669773294727009,0.2887020792726407,64.01390967428803,0.1905249753480665,0.1905249753480665,0.1905249753480666,127,전남광주통합특별시 영암군 시종면,46830,전라남도 영암군,False,0.5147478591817317,1.806274352709254,3.3228580220711454,3.5980073924974976,False,0,농촌 생활권 외곽형,58.914520593531954
4728034000,2483.0,1371.0,690.0,466.0,559.201084854752,308.76548019970403,155.39619353595606,559.201084854752,308.76548019970403,155.39619353595606,104.9487336054428,0.7747881253102086,0.7747881253102086,0.0,591.1343927677881,8533.423350331015,3304.9830692084406,11477.781340505828,16557.685552100585,11336.799178312644,0.0,0.0,54.856131449844966,0.2252118746897914,0.2252118746897914,0.2252118746897914,159,경상북도 문경시 산북면,47280,경상북도 문경시,False,0.5521546516310915,1.7392251771433676,3.5191692390203935,4.054490453550046,False,2,초고령 산간 오지형,69.53765263526901
4377031000,2682.0,1451.0,681.0,447.0,569.4615760213002,308.0867810614864,144.59482970563215,569.4615760213002,308.0867810614864,144.59482970563215,94.9102626702167,0.7876727904469426,0.7876727904469426,0.1000641453578196,546.375001492709,2682.8232196732533,1919.6935999648183,6995.668999663943,15591.088077910665,6859.241730127252,0.0,0.0013539422626375,121.4488853744547,0.2123272095530574,0.2123272095530574,0.2123272095530574,96,충청북도 음성군 소이면,43770,충청북도 음성군,False,0.5410141685309471,2.084393533320276,3.2832319170038775,3.8362761083272856,False,2,초고령 산간 오지형,65.41520652296914
4418038000,2112.0,1288.0,695.0,472.0,504.5134885135212,307.67678655559433,166.0212474038339,504.5134885135212,307.67678655559433,166.0212474038339,112.75112053900662,0.761120507332613,0.761120507332613,0.0,572.8801614704073,5608.866348866728,2308.3314348537865,5131.800857706411,18122.53221348404,5315.338946588212,0.0,0.0430726852519822,135.8327978182003,0.2388794926673869,0.2388794926673869,0.2388794926673869,80,충청남도 보령시 주산면,44180,충청남도 보령시,False,0.6098484848484849,2.1330046461718495,3.3632981658329117,3.7255309636738856,False,2,초고령 산간 오지형,73.49767467793225
3120058000,12069.0,1588.0,441.0,228.0,4632.846984866796,609.5750279201651,169.28374515918944,2333.763379737103,307.06904027032226,85.27547025139303,44.08799822521001,0.6161366322920875,0.6161366322920875,0.0,437.6966950146316,3648.1540455286295,871.4512512930341,840.4515087360953,4049.652622578872,470.336126270405,0.6086086349505033,0.390527164431412,2637.4138386480713,0.3838633677079125,0.1933684132684649,0.1933684132684649,20,울산광역시 북구 양정동,31200,울산광역시 북구,True,0.13157676692352308,3.4211782806238857,2.940243097829739,2.672408337957911,False,1,도시 외곽 도농복합형,59.377453080942566
3611052500,24098.0,1167.0,357.0,184.0,8028.940988340584,388.81957562426186,118.9448059107639,6338.63590286699,306.9627395902472,93.90376866642524,48.39858104936203,0.6668212719586445,0.6668212719586445,0.0,415.1963750025648,10121.604596920635,1443.24760969403,1319.6338755953268,2699.5426491701937,1244.4806107989357,0.3570818243367946,0.598710496839228,2090.4538328144927,0.3331787280413554,0.2630357665726197,0.2630357665726197,31,세종특별자치시 세종시 해밀동,36110,세종특별자치시 세종시,True,0.04842725537388995,3.320240580699966,3.1593408468929605,3.09498813462189,False,1,도시 외곽 도농복합형,80.74217951735211
5271036000,4274.0,1783.0,886.0,544.0,740.3016574481316,308.8343133434765,153.46449894689857,735.2194578303411,306.71415379305057,152.41095920394997,93.57964086563068,0.8267895045746065,0.8267895045746065,0.0,504.46764216092134,18840.92940913757,1763.3289744066133,2394.971119361119,17482.27115102824,2382.583216416995,0.2943954554735116,0.3981564230395101,355.2306505708508,0.1732104954253934,0.1720213986500564,0.1720213986500564,101,전북특별자치도 완주군 고산면,52710,전북특별자치도 완주군,False,0.41717360786148805,2.55051043120424,3.246333343746434,3.3770480781664225,False,0,농촌 생활권 외곽형,52.761397721249054
5279025000,20526.0,5594.0,2540.0,1481.0,1322.1188984187625,360.32023374035646,163.60625557749472,1124.9263000834171,306.5788620611242,139.2045601779148,81.16612347381569,0.9355880883553171,0.9355880883553171,0.0,346.35810628999036,12986.127343388336,988.2227421209496,1163.841281160746,1560.9169426719116,808.5824119141041,0.6345936877419344,0.2587181419891255,2001.0635542132704,0.0644119116446829,0.0548049449519349,0.0548049449519349,91,전북특별자치도 고창군 고창읍,52790,전북특별자치도 고창군,False,0.2725323979343272,3.3012608821423632,2.9948548441536675,2.9077242904335625,False,1,도시 외곽 도농복합형,16.802037658686753
1215039000,4916.0,2566.0,1353.0,907.0,599.0687794895829,312.6953800183624,164.87796148279205,586.4821045843127,306.12552489083527,161.41380950011697,108.20570969446126,0.8781389789484167,0.8781389789484167,0.0,444.04060127938715,10346.019874219744,2817.589305469103,3219.210849850702,6779.976856846745,3476.244168655502,0.1022165871706966,0.3937160140932146,119.09149795896404,0.1218610210515831,0.1193006722099903,0.1193006722099903,135,전남광주통합특별시 순천시 별량면,46150,전라남도 순천시,False,0.5219690805532954,2.0758807579453715,3.449877690204487,3.541110273350717,False,0,농촌 생활권 외곽형,36.52098090011276
4477031000,4335.0,2231.0,1142.0,734.0,593.4960198420943,305.4416655750202,156.34889380845945,593.4960198420943,305.4416655750202,156.34889380845945,100.49044488214469,0.8630920369453069,0.8630920369453069,0.0741631331084875,468.611893522651,3681.134927779199,1865.514113351521,3670.467851177308,6003.497302738187,3124.312416301205,0.0,0.4246279551493767,92.26402464113784,0.136907963054693,0.136907963054693,0.136907963054693,99,충청남도 서천군 마서면,44770,충청남도 서천군,False,0.5146482122260669,1.9650323950079427,3.270798538998666,3.4947544547480716,False,0,농촌 생활권 외곽형,41.817396265908755
4812531000,3714.0,1977.0,849.0,483.0,591.3929390793834,314.80448049540684,135.18917751168456,573.6468441225737,305.3580535353603,131.13251767906976,74.6018916831457,0.8407665753690405,0.8407665753690405,0.0,508.6416143550055,20158.235839833837,2680.8882372573303,7935.006202394878,7233.437666028231,3070.9236184498995,0.0822566891366224,0.3614438975936614,87.52887524234454,0.1592334246309594,0.1544552622839455,0.1544552622839455,112,경상남도 창원시마산합포구 구산면,48120,경상남도 창원시,False,0.5323101777059773,1.9421513477616557,3.4282787091883433,3.487269014587562,False,0,농촌 생활권 외곽형,47.164158249319144
1213031000,20864.0,4372.0,1752.0,1032.0,1590.0769364760638,333.1967200092672,133.52256483445476,1455.8758546763752,305.07521264595056,122.253378901122,72.01226428422255,0.923788490391293,0.923788490391293,0.0,386.3686187945482,5676.255592175543,2480.479138943093,2297.31514212382,7510.642489230146,1885.0677139797035,0.3726733059300326,0.2808830271236276,917.4883263321484,0.076211509608707,0.0697793258568048,0.0697793258568048,132,전남광주통합특별시 여수시 소라면,46130,전라남도 여수시,False,0.20954754601226994,2.9626005472110104,3.394535578931165,3.275326955220615,False,1,도시 외곽 도농복합형,21.2879426740558
1219035000,2409.0,1312.0,709.0,436.0,558.799702981612,304.33591129592156,164.46201304025027,558.799702981612,304.33591129592156,164.46201304025027,101.13601930260808,0.7680366529756696,0.7680366529756696,0.0,563.4793749178355,5118.110724904034,2758.5986548177493,4051.379777221938,11224.14907050599,3122.261805365336,0.0,0.2781609344238226,92.80448059037728,0.2319633470243304,0.2319633470243304,0.2319633470243304,81,전남광주통합특별시 광양시 진월면,46230,전라남도 광양시,False,0.5446243254462433,1.9675689444160813,3.4406885200961232,3.494469316362016,False,0,농촌 생활권 외곽형,70.59477660390169
4773040000,1628.0,954.0,465.0,306.0,518.9973382189121,304.1298898408121,148.23941171486123,518.9973382189121,304.1298898408121,148.23941171486123,97.55109674139256,0.6812055662045995,0.6812055662045995,0.0,687.1240479016212,29518.730139481,2186.866785876857,6086.58297636266,6735.184147686953,5561.463668589067,0.0,0.0147509416922782,60.39032517623377,0.3187944337954005,0.3187944337954005,0.3187944337954005,72,경상북도 의성군 구천면,47730,경상북도 의성군,False,0.585995085995086,1.7809673681058127,3.339822328570026,3.7451891044484533,False,2,초고령 산간 오지형,96.95491603205922
4717069000,9968.0,1587.0,629.0,357.0,2620.3662800885504,417.18712745791834,165.35015952805963,1909.868186077579,304.0691022577366,120.51636126031272,68.40117801260992,0.7371221629124648,0.737120767006907,1.983229605045234e-05,446.61661252046207,2991.6331939175134,1428.416219004237,961.0366999617884,1985.0320454792427,800.5533585837,0.3588761751764137,0.6391956017175343,1190.7810476507268,0.2628778370875351,0.191599938410672,0.191599938410672,54,경상북도 안동시 강남동,47170,경상북도 안동시,True,0.15920947030497593,3.0758319138431713,3.15485477276133,2.9033902838707712,False,1,도시 외곽 도농복합형,58.25962126517065
4784039000,3080.0,1498.0,638.0,357.0,624.4526264661374,303.7110501448941,129.35090119655703,624.4526264661374,303.7110501448941,129.35090119655703,72.37973624948411,0.7972556407577475,0.7972556407577475,0.0,545.8038941412552,11408.904084854628,1922.5051433818512,4825.918499640299,7647.357706034681,3971.4044945035344,0.017581337093701,0.2472669241404563,137.17513726872292,0.2027443592422524,0.2027443592422524,0.2027443592422524,88,경상북도 성주군 월항면,47840,경상북도 성주군,False,0.4863636363636364,2.1372754034591073,3.283867510366508,3.5989441229703063,False,0,농촌 생활권 외곽형,61.57570225641814
4315038000,4536.0,2199.0,871.0,545.0,630.2578458050716,305.5416673115856,121.02173361909554,626.0657656958924,303.50939567135526,120.21677291030034,75.22174653974017,0.8610542667978237,0.8599075394892042,0.0660249468619603,476.2325770502205,4795.112126213235,2576.0078973570144,4047.130271565579,6315.341415404258,4916.32320095756,0.0452848159942187,0.082380086013906,165.4043278649173,0.1389457332021763,0.1380215532839269,0.1380215532839269,135,충청북도 제천시 송학면,43150,충청북도 제천시,False,0.48478835978835977,2.2185468688396353,3.410947190121515,3.691640425837384,False,2,초고령 산간 오지형,41.89083822682641
5173037000,2005.0,1063.0,394.0,248.0,572.1449388592117,303.3366932704948,112.43147426959072,572.1449388592117,303.3366932704948,112.43147426959072,70.76904979405711,0.7146409282497697,0.7146409282497697,0.0,663.2027490361808,13809.99786461334,3279.3170099100143,11584.673267148786,13691.293043184867,9829.222409525986,0.0,0.0042692234982874,47.3244095206116,0.2853590717502303,0.2853590717502303,0.2853590717502303,138,강원특별자치도 횡성군 서원면,51730,강원특별자치도 횡성군,False,0.5301745635910224,1.6750852038605593,3.515783401725753,3.992519162124144,False,2,초고령 산간 오지형,86.55987721945272
1213033000,5779.0,2863.0,1449.0,878.0,614.3351050113048,304.35047683809756,154.0355714070567,611.7364287479043,303.06305511424983,153.38399121919247,92.94074830258866,0.8936952578281182,0.8936952578281182,0.0,432.4932702171579,13220.965708148651,3122.5262739731393,10767.861153840951,12974.7487677252,3747.075110774121,0.0560793722661575,0.2908869528830046,117.0203852126342,0.1063047421718817,0.1058550664038595,0.1058550664038595,155,전남광주통합특별시 여수시 화양면,46130,전라남도 여수시,False,0.4954144315625541,2.0682615234059254,3.4945061013595584,3.5736923986896856,False,0,농촌 생활권 외곽형,32.08075982367545
4122056000,20310.0,4394.0,1668.0,966.0,3261.869609094143,705.6944885455276,267.8876665666682,1398.9897489515906,302.6667137810581,114.8948745076934,66.5398373947433,0.8393958833533164,0.8393958833533164,0.0513111536223536,248.709181462468,1964.2006776382136,776.2421967666954,621.0586208863449,894.2175964261394,336.4305332032287,0.7243690405671033,0.2598051628423894,4408.9766710347585,0.1606041166466835,0.0688818192492166,0.0688818192492166,24,경기도 평택시 송북동,41220,경기도 평택시,True,0.21634662727720336,3.6443378008749328,2.889997247428503,2.5268954038914098,False,1,도시 외곽 도농복합형,20.84823387142122
5279039000,2217.0,1050.0,527.0,338.0,639.0555500025636,302.6650101500639,151.90900985627016,639.0555500025636,302.6650101500639,151.90900985627016,97.42930802925866,0.7117476093808915,0.7117476093808915,0.0,694.3777277262375,33745.75166763942,1490.104233007631,8411.813274136022,21630.00898937226,3862.5862345441446,0.0834950674520048,0.1952779120736836,115.3073915826544,0.2882523906191085,0.2882523906191085,0.2882523906191084,77,전북특별자치도 고창군 심원면,52790,전북특별자치도 고창군,False,0.4736129905277402,2.061857147890253,3.1732166484369477,3.586878188424764,False,2,초고령 산간 오지형,87.24391273251265
4146126200,22482.0,4549.0,1561.0,936.0,1681.6081077166036,340.25599510732275,116.75964131952756,1495.384854637923,302.57564735112135,103.8295417707409,62.2578162059023,0.9252020234980606,0.9252020234980606,0.0,388.5041418430149,8573.379065715802,1606.3400120536005,2081.579227411009,3930.554286392926,593.1014925539681,0.2793675572827966,0.6525083180625582,834.2367167668459,0.0747979765019394,0.0665147609037417,0.0665147609037417,125,경기도 용인시처인구 양지읍,41460,경기도 용인시,False,0.20233964949737568,2.9212893002764404,3.2058374772623894,2.7731290169470704,False,1,도시 외곽 도농복합형,20.125746838854703
4480037000,2893.0,1626.0,780.0,489.0,561.9102024280315,315.81956071482176,151.50015827648275,538.2436166370871,302.5178432948163,145.11926062112963,90.97861338940048,0.8057690278506632,0.8057690278506632,0.0,547.6477740952678,18092.521369133476,2575.865859025121,8104.5650920828675,21648.776752715075,4874.478119832557,0.0378007837839135,0.1409223263418842,65.12632375122838,0.1942309721493368,0.1860503341296533,0.1860503341296533,120,충청남도 홍성군 서부면,44800,충청남도 홍성군,False,0.5620463187003111,1.8137565638240676,3.410923242926109,3.6879281253044036,False,2,초고령 산간 오지형,56.28354582518267
4885025000,9028.0,3067.0,1388.0,832.0,1435.946130644069,487.82086649151086,220.7679695762038,890.0553211805945,302.3703666438728,136.84058327411,82.02547931128208,0.8409452668759337,0.8407006734596263,0.139330955938815,429.74434876463584,2504.5130961875366,1101.3091542795323,2032.7047573086595,18059.466163793983,1747.781588903839,0.541790364432877,0.1897615105210308,1199.2459826285046,0.1590547331240661,0.0985883164799063,0.0985883164799063,65,경상남도 하동군 하동읍,48850,경상남도 하동군,False,0.339720868409393,3.0789082722909935,3.041909249172404,3.242487160186055,False,1,도시 외곽 도농복합형,29.810185400831436
3120054000,15829.0,2661.0,845.0,457.0,2749.25054347951,462.1742179669579,146.76332738898137,1798.2967517487014,302.31016845052085,95.9985315072116,51.918732424610305,0.8263155888887794,0.8263155888887794,0.0,436.8539085232895,8246.647534842785,1183.5515024594113,1753.785883604804,9530.363026768302,1108.241348154368,0.638549497280701,0.2309598693102665,1399.770510785043,0.1736844111112205,0.1136077295943332,0.1136077295943332,104,울산광역시 북구 강동동,31200,울산광역시 북구,True,0.16810916671931264,3.1460568399144773,3.0731871610798565,3.044634349523835,False,1,도시 외곽 도농복합형,34.34477187094409
4784038000,4019.0,1897.0,814.0,472.0,642.5750716116165,303.30055009883966,130.14583435975513,640.4624386806935,302.30337053428104,129.71794602788864,75.21728565744894,0.8401156826047234,0.8401156826047234,0.0,513.0100993308821,13924.788627210048,2066.419529159265,3851.172891596018,10396.117523714787,2212.130838375476,0.1938486093014247,0.3203628067919309,158.8582885834358,0.1598843173952765,0.1593586560539172,0.1593586560539172,104,경상북도 성주군 초전면,47840,경상북도 성주군,False,0.4720079621796467,2.2010098794850976,3.3152184975816503,3.344810810111889,False,0,농촌 생활권 외곽형,48.17465884891238
4874040000,2381.0,1142.0,477.0,275.0,677.2432156333122,324.82643941757345,135.67619229613183,627.4431567825416,300.9408169028402,125.69944804085355,72.46823524367868,0.7155635381632457,0.7155635381632457,0.0,621.2776604623022,24415.65492618972,1765.105543046409,4154.963827074539,15068.846550419952,1574.9197852420118,0.177844498452432,0.4998071245479001,166.64154910701194,0.2844364618367543,0.2635208554315588,0.2635208554315588,59,경상남도 창녕군 도천면,48740,경상남도 창녕군,False,0.47963040739185214,2.2217832941786484,3.246770678784604,3.1972584389421836,False,0,농촌 생활권 외곽형,79.30418150450855
4167052000,25350.0,4709.0,1634.0,912.0,3397.7985279587283,631.1729099864951,219.01391695008132,1616.638265370377,300.30570381179905,104.2046124503036,58.16071392575084,0.8659645551101093,0.8579221185682318,0.0962876898542892,320.01557118270136,2147.0364822458555,1546.2977291915083,1227.614590509567,2113.714021460726,447.49527568462526,0.5325890277873785,0.2969703943479501,2251.556949857887,0.1340354448898906,0.0637727126378847,0.0637727126378847,43,경기도 여주시 중앙동,41670,경기도 여주시,True,0.1857593688362919,3.352482936285063,3.1892931181049757,2.6507884547247165,False,1,도시 외곽 도농복합형,19.151309352707575
4423034000,3179.0,1587.0,710.0,456.0,601.3713283096074,300.2127392347741,134.31067728839926,601.3713283096074,300.2127392347741,134.31067728839926,86.26150541339446,0.8108300319881702,0.8108300319881702,0.0,529.8691026406826,8446.56547247179,1595.6504578626914,8186.623647862127,15015.85201046333,4943.327697578356,0.0,0.1148990492490199,87.05215578449153,0.1891699680118299,0.1891699680118299,0.1891699680118299,97,충청남도 논산시 상월면,44230,충청남도 논산시,False,0.4992135891789871,1.939779530579324,3.2029377611705514,3.6940194011815417,False,2,초고령 산간 오지형,56.791234277786046
4793039000,1197.0,632.0,295.0,194.0,567.9888748759544,299.89053376909203,139.9805497814591,567.9888748759544,299.89053376909203,139.9805497814591,92.05500561899343,0.5254896617577658,0.5078557644312311,0.0176338973265347,1742.6648465337207,12990.648233490989,3279.6889285834627,17511.315703637305,22850.599925097187,17321.193555716065,0.0,0.0,44.057476859805995,0.4745103382422342,0.4745103382422342,0.4745103382422342,170,경상북도 울진군 금강송면,47930,경상북도 울진군,False,0.5279866332497911,1.6440196217925027,3.5158326537707376,4.238577814748402,False,2,초고령 산간 오지형,142.301158614416
4725039000,2222.0,1179.0,525.0,347.0,564.0027184036734,299.2615684059095,133.2589681196798,564.0027184036734,299.2615684059095,133.2589681196798,88.07783226195978,0.7461733940577527,0.7461733940577527,0.0,630.1664975310748,16375.888275808997,2454.941844127827,13217.62818374806,23313.33394187521,12881.148865266305,0.0,0.0,92.08746096699696,0.2538266059422472,0.2538266059422472,0.2538266059422472,124,경상북도 상주시 모서면,47250,경상북도 상주시,False,0.5306030603060305,1.9642004987790918,3.3900412084453295,4.109954599327717,False,2,초고령 산간 오지형,75.96054819742564
4725037000,1751.0,989.0,444.0,297.0,528.7046457814838,298.6230123802898,134.06331395030202,528.7046457814838,298.6230123802898,134.06331395030202,89.67748703432365,0.6980555992110316,0.6980555992110316,0.0,720.1907211379054,13333.030727900134,2233.3677955013286,9980.033198582414,12447.81783478358,9788.813383178594,0.0,0.0,52.30962210371897,0.3019444007889685,0.3019444007889685,0.3019444007889684,120,경상북도 상주시 내서면,47250,경상북도 상주시,False,0.5648201027984009,1.718581582599365,3.348960249450084,3.9907300490685436,False,2,초고령 산간 오지형,90.16754653496334
4784034000,1859.0,1002.0,424.0,268.0,553.7283286970227,298.459271304151,126.29414274746507,553.7283286970227,298.459271304151,126.29414274746507,79.82742984981284,0.7021364557842805,0.7021364557842805,0.0,689.3584171103732,33647.12430641563,3464.9934948297646,3750.551094341852,17910.77347635993,14974.797262839767,0.0,0.0,99.53588227677396,0.2978635442157196,0.2978635442157196,0.2978635442157196,72,경상북도 성주군 가천면,47840,경상북도 성주군,False,0.5389994620763852,1.9979796703494856,3.5397024236052026,4.175360951380148,False,2,초고령 산간 오지형,88.90013635469543
4471032000,2667.0,1379.0,622.0,374.0,580.3929037627114,300.09816808728124,135.3597248370478,576.6866773163316,298.1818252790481,134.49535556458875,80.87019771890064,0.7823798636060325,0.7823798636060325,0.0,550.1495748226037,20421.967634719214,2211.8211061626994,5997.497340385539,6210.361729942692,2254.791660066001,0.1184790550475574,0.5824333918281386,142.8811798870947,0.2176201363939675,0.2162304751842263,0.2162304751842263,104,충청남도 금산군 제원면,44710,충청남도 금산군,False,0.5170603674540682,2.154975027885028,3.3447499979725244,3.3531064197999094,False,0,농촌 생활권 외곽형,64.47599777138852
5011062000,5186.0,1113.0,474.0,309.0,1387.598978691898,297.8013234253919,126.82643962590814,1387.598978691898,297.8013234253919,126.82643962590814,82.67799545233252,0.7324336716752993,0.7324336716752993,0.0,591.1780675372919,28103.76413111322,2646.4764861875124,2449.036907084386,7252.23197586068,1935.0748101879044,0.0,0.5928694282805547,318.3035208238418,0.2675663283247007,0.2675663283247007,0.2675663283247007,84,제주특별자치도 제주시 봉개동,50110,제주특별자치도 제주시,True,0.2146162745854223,2.502841442472431,3.4226680396594698,3.286697759548089,False,0,농촌 생활권 외곽형,79.68160667916878
4775034000,2513.0,1270.0,557.0,335.0,587.622872233223,296.96818453489584,130.24510140624955,584.625086887708,295.4531875636248,129.58064997869212,77.93450223134984,0.7661667838307907,0.7661667838307907,0.0,624.7058074799759,26590.64275620712,2345.7790102479653,5575.9985169881975,36088.142445018995,5545.63796006827,0.1949490665203588,0.1595019127544378,103.21242341036498,0.2338332161692093,0.2326403051682085,0.2326403051682085,138,경상북도 청송군 현서면,47750,경상북도 청송군,False,0.5053720652606446,2.0137319753322647,3.3702870959506597,3.743951513803543,False,2,초고령 산간 오지형,68.73431971772162
5214036000,2270.0,1270.0,658.0,416.0,524.5131651256443,293.45009678835606,152.03949896593565,524.5131651256443,293.45009678835606,152.03949896593565,96.12223642831192,0.7689369316627118,0.7689369316627118,0.0,573.2891178552086,5728.565902013555,1463.6628392512164,2260.0642899231625,16936.03217020902,4123.0155382264,0.0,0.2060491828017556,141.20669586898177,0.2310630683372882,0.2310630683372882,0.2310630683372882,65,전북특별자치도 익산시 용안면,52140,전북특별자치도 익산시,False,0.5594713656387665,2.14985529097926,3.165441046724796,3.6152149715108584,False,2,초고령 산간 오지형,67.80547976779175
4155041000,4104.0,1386.0,615.0,399.0,883.9718553004249,298.534354640933,132.46654264370403,868.4821033097942,293.3031664686586,130.14534442873378,84.43576004400778,0.7846072477338146,0.7846072477338146,0.0,540.6254619933688,26486.484794037096,1791.351302975469,2732.587786391225,10092.817960068984,1366.560363355664,0.1649617241723051,0.64133443350346,175.2039283466479,0.2153927522661854,0.2116184462255833,0.2116184462255834,82,경기도 안성시 삼죽면,41550,경기도 안성시,False,0.33771929824561403,2.243543839504127,3.253180763952075,3.1356288199974127,False,0,농촌 생활권 외곽형,62.06836036114114
4889046000,2009.0,1161.0,602.0,391.0,506.4787364258283,292.69378446510035,151.76714750042242,506.4787364258283,292.69378446510035,151.76714750042242,98.57301440642054,0.7478951038198962,0.7478951038198962,0.0,605.4005257137973,50762.71937237735,3550.1590661559862,8016.070255050951,8272.82851683727,7479.666003046421,0.0,0.0211748296033462,50.05236171903881,0.2521048961801037,0.2521048961801037,0.2521048961801037,133,경상남도 합천군 용주면,48890,경상남도 합천군,False,0.5778994524639124,1.6994245744696352,3.550247812211761,3.873882205314667,False,2,초고령 산간 오지형,73.78953614513577
4374036000,2903.0,1346.0,599.0,400.0,631.1336726975887,292.63035599412825,130.22703063928887,631.1336726975887,292.63035599412825,130.22703063928887,86.96295869067704,0.7825926032733074,0.7825926032733074,0.0,588.3975241545692,6490.573293679693,2385.4788449021853,5113.25154867234,7841.3226040532945,4425.602673873881,0.0,0.2621737869315639,89.87998320404198,0.2174073967266926,0.2174073967266926,0.2174073967266926,126,충청북도 영동군 양강면,43740,충청북도 영동군,False,0.4636582845332415,1.9536629825900755,3.3775755694663205,3.6459724208226367,False,0,농촌 생활권 외곽형,63.62000389988873
4721038000,1666.0,967.0,468.0,292.0,504.06246229027914,292.5740702489195,141.59737836245537,504.06246229027914,292.5740702489195,141.59737836245537,88.34708222614736,0.6974414992255227,0.6974414992255227,0.0,676.4302837177579,12264.438760457831,2154.351315886469,12476.053099018152,13903.789889873877,10545.867039413317,0.0,0.0,52.707152621309866,0.3025585007744772,0.3025585007744772,0.3025585007744772,114,경상북도 영주시 단산면,47210,경상북도 영주시,False,0.5804321728691476,1.7218695551211494,3.333316526311011,4.023082291515347,False,2,초고령 산간 오지형,88.52077205999966
5273031000,2095.0,1039.0,488.0,313.0,589.4735586596192,292.3451204999257,137.30935399804017,587.1130092285547,291.1744231925863,136.75949809237932,87.71664529285805,0.7186283729548357,0.7186283729548357,0.0,655.6762277255492,33950.37579682045,2655.8548988171847,9970.144463068798,34033.854819211534,3838.772316210622,0.0810990921518847,0.2819166752555289,69.61654996170348,0.2813716270451643,0.2802448731401216,0.2802448731401215,103,전북특별자치도 무주군 무풍면,52730,전북특별자치도 무주군,False,0.49594272076372314,1.842712496832198,3.424204343902146,3.5841923541737457,False,0,농촌 생활권 외곽형,81.60013928925441
5277037000,2052.0,962.0,476.0,315.0,620.0112101604469,290.6680234767787,143.82326317562024,620.0112101604469,290.6680234767787,143.82326317562024,95.17715945445455,0.697850287446176,0.697850287446176,0.0,674.158273478605,15644.700491545296,1877.660823607521,3866.911068514565,17629.208569762784,13302.535633666554,0.0,0.0,64.59712873468573,0.302149712553824,0.302149712553824,0.302149712553824,114,전북특별자치도 순창군 복흥면,52770,전북특별자치도 순창군,False,0.46881091617933723,1.810213214552438,3.273617145044558,4.123934430948313,False,2,초고령 산간 오지형,87.82525974209686
4790039000,1396.0,922.0,483.0,333.0,438.91778927746014,289.88696397837987,151.86052451361982,438.91778927746014,289.88696397837987,151.86052451361982,104.69887093796147,0.6855889761622778,0.6851610156792713,0.0413114184039161,664.2127549917792,4399.584958109957,1920.9831070935572,8223.342298322405,12631.183128328064,7754.098589218344,0.0,0.0,41.89927688995008,0.3144110238377222,0.3144110238377222,0.3144110238377222,88,경상북도 예천군 개포면,47900,경상북도 예천군,False,0.660458452722063,1.6222065278490068,3.283523545742324,3.8895313185284657,False,2,초고령 산간 오지형,91.1436571416513
5183032000,2126.0,974.0,462.0,312.0,631.1798652073392,289.1670690084423,137.1613818089326,631.1798652073392,289.1670690084423,137.1613818089326,92.62846563720124,0.7031138921884575,0.7031138921884575,0.0,660.6475240172517,51135.707653728714,2666.992200735089,4923.299691094759,21796.741731286307,3007.7892329652177,0.0280839138109952,0.3083854080229095,58.6188556153564,0.2968861078115424,0.2968861078115424,0.2968861078115424,100,강원특별자치도 양양군 손양면,51830,강원특별자치도 양양군,False,0.458137347130762,1.7680373356857126,3.4260217456551305,3.4782474003480632,False,0,농촌 생활권 외곽형,85.84968562518812
3611038000,2895.0,1415.0,621.0,371.0,592.6500945992144,289.67180789564367,127.12805138034962,591.5933040199819,289.15527640354907,126.90136158770598,75.81385692276798,0.7952849414165063,0.7952849414165063,5.062810648413215e-05,555.1639903852416,6320.123681551456,2440.239727464934,5447.777565451705,8837.399450631061,2931.6169652395274,0.062512868033601,0.5269338724907439,87.18626890699869,0.2047150585834937,0.2043500186597519,0.204350018659752,118,세종특별자치시 세종시 전동면,36110,세종특별자치시 세종시,False,0.48877374784110533,1.94044809264491,3.387432493224407,3.4671072262863745,False,0,농촌 생활권 외곽형,59.08888612863097
4423038000,2198.0,1234.0,569.0,370.0,513.7746990683464,288.443120405068,133.0017305595492,513.7746990683464,288.443120405068,133.0017305595492,86.4861868313413,0.766253549104483,0.766253549104483,0.0,634.5453376396891,9127.69226780989,1704.943365550709,5707.063998299259,15055.496609649292,3489.230912492608,0.0685506913200875,0.3765979936807956,86.26384854447284,0.233746450895517,0.233746450895517,0.233746450895517,113,충청남도 논산시 벌곡면,44230,충청남도 논산시,False,0.5614194722474978,1.935828829700771,3.2317099572655716,3.5427297114094007,False,0,농촌 생활권 외곽형,67.42255567991292
5180032000,1794.0,709.0,325.0,230.0,745.35065909832,294.567233723918,135.02729331491304,729.276849240893,288.21476371894823,132.11537123929222,93.49703195396064,0.584531405184883,0.584531405184883,0.0,984.410121275487,58801.92816399578,2140.6628615672507,14823.54782038308,12574.171652836656,2873.673506501295,0.0783988306928261,0.4771152739068253,78.17006823048332,0.415468594815117,0.4065088345824375,0.4065088345824376,111,강원특별자치도 양구군 동면,51800,강원특별자치도 양구군,False,0.39520624303233,1.8930404910297733,3.330548274538625,3.458437424069756,False,0,농촌 생활권 외곽형,117.16184770884223
4376041000,2684.0,1394.0,591.0,378.0,551.4010990613289,286.38343222484815,121.4150706204342,551.4010990613289,286.38343222484815,121.4150706204342,77.65633958464319,0.7945599481887745,0.7945599481887745,0.0,560.1818075227804,10028.91393063974,1540.9015059870694,4072.194964230569,11470.73297633581,9281.058278120485,0.0,0.0,107.6507405019928,0.2054400518112253,0.2054400518112253,0.2054400518112253,114,충청북도 괴산군 불정면,43760,충청북도 괴산군,False,0.5193740685543964,2.032017021570776,3.1877748796182352,3.967597499725729,False,2,초고령 산간 오지형,58.83462715414933
4380035000,1437.0,826.0,322.0,187.0,497.19007286785126,285.7891441815206,111.4093273927962,497.19007286785126,285.7891441815206,111.4093273927962,64.70044789581641,0.6540083000223721,0.6515502441775529,0.0050095619627681,750.5521184208867,8144.687461121557,2151.050197615557,4887.741269939989,21288.996515798444,3350.2732392033176,0.0,0.399407228273951,127.9373526410778,0.3459916999776278,0.3459916999776278,0.3459916999776278,106,충청북도 단양군 적성면,43800,충청북도 단양군,False,0.5748086290883786,2.1069973597841782,3.332650545344723,3.5250802283619374,False,0,농촌 생활권 외곽형,98.8806718305157
1279038000,2004.0,1090.0,589.0,415.0,524.9946314511151,285.5509721964648,154.302314333686,524.9946314511151,285.5509721964648,154.302314333686,108.71894812984668,0.7380266310124176,0.7284301421184602,0.0306965461466237,645.9949507024866,4587.357330080197,3978.706598528976,8556.986980826065,9879.143320421836,8673.166571132886,0.0,0.0,63.16352756402943,0.2619733689875824,0.2619733689875824,0.2619733689875824,121,전남광주통합특별시 해남군 계곡면,46820,전라남도 해남군,False,0.5439121756487026,1.8004663765422737,3.599741914180821,3.938177687244602,False,2,초고령 산간 오지형,74.80675020398735
4889044000,1622.0,922.0,492.0,327.0,501.8763163834351,285.2835781168478,152.2337531816585,501.8763163834351,285.2835781168478,152.2337531816585,101.17975059024864,0.6905818024763039,0.6905818024763039,0.0,692.601802306269,39817.16584022297,2541.663026448567,12494.108283405683,22765.019739594816,18046.19996932832,0.0,0.0,46.802507586894286,0.3094181975236961,0.3094181975236961,0.3094181975236961,108,경상남도 합천군 가회면,48890,경상남도 합천군,False,0.5684340320591862,1.6702691223471258,3.405117971294794,4.256385765460693,False,2,초고령 산간 오지형,88.2719305240256
5111036000,2242.0,1177.0,472.0,322.0,542.280279770698,284.68505320700785,114.16426942541013,542.280279770698,284.68505320700785,114.16426942541013,77.88325159953826,0.758126547827521,0.758126547827521,0.0,649.7626655316494,20086.473886801763,2521.2061333628126,12350.487854670517,14173.565614801908,10805.893264308274,0.0,0.0,47.874237548149715,0.241873452172479,0.241873452172479,0.241873452172479,163,강원특별자치도 춘천시 사북면,51110,강원특별자치도 춘천시,False,0.5249776984834968,1.680101870396667,3.401608354967295,4.033660673461286,False,2,초고령 산간 오지형,68.85775660108484
1281035000,1843.0,898.0,432.0,252.0,583.577412061002,284.3475398973303,136.79079870339274,583.577412061002,284.3475398973303,136.79079870339274,79.7946325769791,0.6833546326310352,0.6833546326310352,0.0,694.6378221378556,17141.45106101139,1605.1479538921535,2350.309428259439,11711.978756474413,3968.180847332368,0.0,0.374935239937846,103.27699151273757,0.3166453673689647,0.3166453673689647,0.3166453673689647,52,전남광주통합특별시 무안군 망운면,46840,전라남도 무안군,False,0.48724905046120454,2.0140035783245227,3.2055150695119075,3.5985914566295096,False,0,농촌 생활권 외곽형,90.0373312312515
5180034000,1197.0,501.0,210.0,130.0,677.122991224046,283.40736725417463,118.79350723228876,677.122991224046,283.40736725417463,118.79350723228876,73.53883781046447,0.4343166322271963,0.4343166322271963,0.0,1131.9405788089225,50296.189409587576,2428.55409321224,24683.031344909858,27955.93200769727,10247.94186862194,0.0,0.0,65.97488910481594,0.5656833677728037,0.5656833677728037,0.5656833677728037,81,강원특별자치도 양구군 해안면,51800,강원특별자치도 양구군,False,0.41854636591478694,1.819378668900318,3.385347781320255,4.010636653211228,False,2,초고령 산간 오지형,160.3188339599653
2772037000,1327.0,798.0,356.0,211.0,470.7837351372022,283.10883243367545,126.29917837893292,470.7837351372022,283.10883243367545,126.29917837893292,74.85709729762597,0.6452270270254694,0.6452270270254694,0.0,933.7358522777514,13355.992828563274,3054.3963188603307,13096.11751523058,29325.41888775101,11236.064198098868,0.0,0.0,43.84307118949561,0.3547729729745307,0.3547729729745307,0.3547729729745306,136,대구광역시 군위군 삼국유사면,27720,대구광역시 군위군,False,0.6013564431047476,1.6419009686956019,3.484925387640867,4.050614211910854,False,2,초고령 산간 오지형,100.43936215784328
4873036000,1738.0,1023.0,457.0,298.0,480.7669693892134,282.9830895771952,126.41571059313608,480.7669693892134,282.9830895771952,126.41571059313608,82.43300165591805,0.7233791890741005,0.7233791890741005,0.0,600.5572273985636,14938.30461253405,1635.2088027687275,5617.491170326583,6564.967907981644,3965.2270287741594,0.0,0.0803286551718158,118.80050390124016,0.2766208109258995,0.2766208109258995,0.2766208109258995,69,경상남도 함안군 칠북면,48730,경상남도 함안군,False,0.5886075949367089,2.0748182827416723,3.2135732163848987,3.598268057863258,False,2,초고령 산간 오지형,78.2790117171602
4793025300,2466.0,1280.0,710.0,492.0,544.1961824878648,282.47003794990553,156.68259917533825,544.1961824878648,282.47003794990553,156.68259917533825,108.57442083699492,0.7793202828516362,0.7760820581068558,0.1555630699216774,565.2269460938035,2160.529676241963,1364.9068519303694,2043.5106235302792,29745.15428713054,5146.417116352555,0.0001147138691327,0.1218811748215925,230.36314785592728,0.2206797171483636,0.2206797171483636,0.2206797171483637,68,경상북도 울진군 평해읍,47930,경상북도 울진군,False,0.519059205190592,2.3624130044260165,3.1351030139606646,3.711504982804931,False,2,초고령 산간 오지형,62.33540807767268
4889036000,2069.0,1074.0,509.0,311.0,590.5228887007265,306.53532260250375,145.2760514010004,542.4104208010735,281.56055676189123,133.43977969441588,81.53196755395547,0.7145853607053038,0.7145853607053038,0.0,603.2712122178835,42805.725992327054,1281.6421316576716,2431.166579763908,11121.645525041387,2612.4849466893174,0.2492662463109431,0.3184626339588401,188.26468296307297,0.2854146392946962,0.2621606673760626,0.2621606673760626,36,경상남도 합천군 초계면,48890,경상남도 합천군,False,0.5190913484775254,2.2747688572826728,3.1077667756172596,3.4170537966928527,False,0,농촌 생활권 외곽형,73.81410346747316
4721031000,2077.0,1070.0,475.0,316.0,546.3335992643515,281.4525523412884,124.9438900580486,546.3335992643515,281.4525523412884,124.9438900580486,83.12056685967023,0.7369602314567397,0.7368461375736031,0.0022865516381976,633.7578523231848,5049.584825095789,2325.5753248658984,4202.653597014424,6977.289334649535,5385.630331370317,0.0,0.1638237814957473,45.206946242365866,0.2630397685432602,0.2630397685432602,0.2630397685432602,126,경상북도 영주시 이산면,47210,경상북도 영주시,False,0.5151661049590756,1.655205171159877,3.3665304107767193,3.7312365402088434,False,2,초고령 산간 오지형,74.03321422376234
1279035000,2397.0,1280.0,688.0,450.0,555.4349615683509,296.60273291926956,159.4239689441074,526.7016170874365,281.2591029920395,151.17676785822124,98.8801533956389,0.7682791149068207,0.7682791149068207,0.0,569.4824979151882,35665.44976844567,4483.568000357494,4404.582923074381,25705.15037344107,4438.071924359067,0.1230595105621387,0.2465230110705269,105.76946515007864,0.2317208850931793,0.2197336742125308,0.2197336742125308,97,전남광주통합특별시 해남군 북평면,46820,전라남도 해남군,False,0.5340008343763037,2.0243603082394808,3.6516237609034987,3.6471943362238726,False,2,초고령 산간 오지형,61.80209610616146
5273033000,2551.0,1317.0,678.0,468.0,544.394771211291,281.05367059399066,144.68822221922983,544.394771211291,281.05367059399066,144.68822221922983,99.87328613362766,0.7865955424495135,0.7865955424495135,0.0,595.1084807463415,37574.375648201014,2854.568904321462,7936.559898614121,31463.817196763925,6383.010113345994,0.0,0.0123379781018731,73.77962990554583,0.2134044575504864,0.2134044575504864,0.2134044575504864,156,전북특별자치도 무주군 적상면,52730,전북특별자치도 무주군,False,0.5162681301450411,1.8679364723819427,3.455540530581595,3.805025532533656,False,2,초고령 산간 오지형,59.978106115683666
4315034000,2045.0,1077.0,474.0,281.0,532.7259043830089,280.5602929195602,123.47778908437468,532.7259043830089,280.5602929195602,123.47778908437468,73.20096779052592,0.7394983352650323,0.7394983352650323,0.0,620.6736124759584,19508.878958987138,2264.1714803261566,3635.066341099256,21064.080999808422,5927.2620209505,0.0,0.0065081862197971,81.26388198512458,0.2605016647349676,0.2605016647349676,0.2605016647349676,103,충청북도 제천시 덕산면,43150,충청북도 제천시,False,0.5266503667481662,1.9098975647840106,3.354909315687247,3.7728541261149604,False,2,초고령 산간 오지형,73.08642336407557
4885035000,1905.0,1026.0,499.0,332.0,518.9889938500819,279.5184817271307,135.94514852031014,518.9889938500819,279.5184817271307,135.94514852031014,90.44847556862318,0.7275648326246289,0.7275648326246289,0.0,614.1746162403755,8718.410168206057,1766.2826502615403,4336.30750323233,17445.486078627993,4164.118445254927,0.0372016379014698,0.2475478362462669,68.17156432439013,0.2724351673753711,0.2724351673753711,0.272435167375371,76,경상남도 하동군 고전면,48850,경상남도 하동군,False,0.5385826771653544,1.8336032598141476,3.2470602029938322,3.6195230741980153,False,2,초고령 산간 오지형,76.15066435384045
4376040000,2301.0,1119.0,455.0,261.0,572.2785731135482,278.30496449980893,113.16242971171856,572.2785731135482,278.30496449980893,113.16242971171856,64.91295418628252,0.7512913632709483,0.7512913632709483,0.0,598.4547362535035,10762.632944881603,2454.014039595424,7424.067064907141,7939.280766216487,6938.076876791625,0.0,0.0010186899738619,75.66832918100194,0.2487086367290518,0.2487086367290518,0.2487086367290517,84,충청북도 괴산군 소수면,43760,충청북도 괴산군,False,0.4863102998696219,1.8789141444937694,3.389877043028874,3.841239107697078,False,2,초고령 산간 오지형,69.21684831567464
4782035000,1905.0,1052.0,482.0,319.0,548.0741003243849,302.66349267257374,138.67281698496248,503.5281896169841,278.0638611428175,127.40188314718442,84.3178438256262,0.7122970601971732,0.7122970601971732,0.0,742.8903125374563,21910.0974011461,3825.1661963805823,8341.077718429096,19908.530366240426,6397.406748277476,0.2436708121372762,0.068410452055611,100.22833188234516,0.2877029398028267,0.2643192596414614,0.2643192596414614,130,경상북도 청도군 운문면,47820,경상북도 청도군,False,0.552230971128609,2.000990502378933,3.58265030918976,3.8060039641170684,False,2,초고령 산간 오지형,73.49763391031564
1278040000,1586.0,748.0,377.0,229.0,639.830163930548,301.7610104792244,152.09077667201552,586.3842897285831,276.55450738775545,139.3864295256468,84.66708849170587,0.5965761891988979,0.5965761891988979,0.0,773.4367717799817,24713.072715890215,1927.402235897383,2142.2581311825843,26426.194676489184,2520.9049657056535,0.2307226573010395,0.4392346638243896,135.58509285502473,0.4034238108011021,0.3697252772563575,0.3697252772563575,43,전남광주통합특별시 강진군 마량면,46810,전라남도 강진군,False,0.47162673392181587,2.132211942874014,3.2849723584547244,3.4015564737416666,False,0,농촌 생활권 외곽형,102.24919192043326
4715040000,1979.0,1063.0,475.0,288.0,514.2139247064805,276.204851926725,123.421735338847,513.9418516826015,276.05871063092746,123.35643231391396,74.79295264506784,0.7401647677076905,0.7401647677076905,0.0,637.9661332663891,13013.12431023021,2354.7528346273957,9928.605586698468,13103.037424456585,5972.454813369207,0.000673652257204,0.2284317444805884,62.606419678321274,0.2598352322923095,0.2596977522398188,0.2596977522398189,96,경상북도 김천시 조마면,47150,경상북도 김천시,False,0.5371399696816574,1.7966188681612754,3.3719453283690255,3.776152872632272,False,2,초고령 산간 오지형,71.69182663707443
1273037000,2829.0,1368.0,703.0,463.0,570.3018775881633,275.7769418665986,141.71870623700204,570.3018775881633,275.7769418665986,141.71870623700204,93.336786611283,0.7984086682261706,0.7984086682261706,0.0,571.37234202556,16146.48756251853,2806.1617951956664,13227.525683730582,15786.870829189693,13453.799578411225,0.0,0.0,123.59470910257428,0.2015913317738293,0.2015913317738293,0.2015913317738293,108,전남광주통합특별시 구례군 산동면,46730,전라남도 구례군,False,0.4835630965005302,2.0919998796788617,3.4481127075814886,4.128844953699215,False,2,초고령 산간 오지형,55.594240983401505
5279032000,2386.0,1215.0,636.0,406.0,541.556560629351,275.7716769340576,144.35455681486474,541.556560629351,275.7716769340576,144.35455681486474,92.15086488496082,0.7730274263917222,0.7730274263917222,0.0,598.3514822729414,23524.94607911935,2624.4020030149272,6817.635733417316,10422.538874794309,6678.778579637758,0.0,0.0337662185722586,60.62178786045197,0.2269725736082778,0.2269725736082778,0.2269725736082778,126,전북특별자치도 고창군 아산면,52790,전북특별자치도 고창군,False,0.5092204526404024,1.782628740452569,3.419030360550739,3.8246970456154306,False,2,초고령 산간 오지형,62.5926072419936
4372031500,1772.0,902.0,388.0,234.0,540.8291298726004,275.2978979374072,118.42082527684478,540.8291298726004,275.2978979374072,118.42082527684478,71.4187451411899,0.6947916874308123,0.6947916874308123,0.0,732.7586753447112,34206.572591392054,2337.968232792053,3312.765162283836,13238.635051612122,9008.06752841075,0.0,0.0,162.28621146012253,0.3052083125691876,0.3052083125691876,0.3052083125691875,101,충청북도 보은군 속리산면,43720,충청북도 보은군,False,0.5090293453724605,2.2102816218522916,3.368838605877641,3.9546316331806985,False,2,초고령 산간 오지형,84.02320688332048
4887031000,1911.0,979.0,468.0,315.0,537.3293525018995,275.2723370483305,131.59086183719987,536.1231466495436,274.6544011354805,131.29546448560254,88.37194724992477,0.718822944792308,0.718822944792308,0.0,631.6735760149692,36567.53400406063,1860.670887131563,12906.036204183698,19635.65675041903,3393.952577305264,0.0607530703845598,0.3965900704420221,73.63790851373386,0.281177055207692,0.2805458642854754,0.2805458642854755,89,경상남도 함양군 마천면,48870,경상남도 함양군,False,0.5122972265829409,1.8671014450432286,3.2696695625220955,3.5307057697558095,False,0,농촌 생활권 외곽형,77.05315634636304
1278032000,1983.0,1047.0,587.0,373.0,519.0639301712381,274.05947296484436,153.65129955144567,519.0639301712381,274.05947296484436,153.65129955144567,97.63532322434284,0.7382431012752203,0.7382431012752203,0.0,629.8350171541408,8603.444900242428,5182.701983187722,5271.19831298212,10587.50177373064,8896.829032730599,0.0,0.002278719186441,107.4298351854628,0.2617568987247797,0.2617568987247797,0.2617568987247797,92,전남광주통합특별시 강진군 칠량면,46810,전라남도 강진군,False,0.5279878971255674,2.0311249094549297,3.714556236665465,3.9492352449624315,False,2,초고령 산간 오지형,71.73695770942527
4725056000,3094.0,1235.0,561.0,332.0,911.0840770974384,363.66801396746496,165.19656342975532,685.9170947671547,273.7904369868895,124.36958311712146,73.60196362724479,0.7055319724959799,0.6893275488008446,0.1871854795436239,556.312675521073,1940.8308247407444,1741.152213332274,1784.441184011551,2517.4698213214406,1347.3369314700312,0.457856140396043,0.4051739480635635,474.79650700513224,0.2944680275040202,0.2216926615278457,0.2216926615278457,31,경상북도 상주시 동성동,47250,경상북도 상주시,True,0.39915966386554624,2.676507515265754,3.240836739250986,3.129476214268252,False,0,농촌 생활권 외곽형,60.69733067649546
5214039000,2905.0,1321.0,642.0,410.0,607.4180990607247,276.2131872148769,134.23835442237015,601.8312640567138,273.67266775177933,133.00367350237877,84.94004071024189,0.7909059899963082,0.7909059899963082,0.0,547.3811102654145,8763.42474505116,1715.7093683790242,2556.6652406793164,8141.729248077105,1786.1738090597023,0.1136749378904713,0.6614142465323286,103.16809015787882,0.2090940100036918,0.2071708310005899,0.2071708310005899,80,전북특별자치도 익산시 여산면,52140,전북특별자치도 익산시,False,0.4547332185886403,2.0135453909800622,3.234443722674044,3.2519237169505115,False,0,농촌 생활권 외곽형,56.69699400028446
5274034000,1999.0,1058.0,498.0,312.0,516.4291755378472,273.32769770837535,128.6551923050765,516.4291755378472,273.32769770837535,128.6551923050765,80.60325301040938,0.741656240351252,0.741656240351252,0.0,643.580116395363,30945.060526712492,2871.530039984206,6989.768472227062,15356.317952333822,7029.1326083213135,0.0,0.0,86.36544072629322,0.2583437596487479,0.2583437596487479,0.2583437596487479,133,전북특별자치도 장수군 천천면,52740,전북특별자치도 장수군,False,0.5292646323161581,1.9363399935855206,3.4581133639329216,3.8469017365900573,False,2,초고령 산간 오지형,70.61250504211814
4874039000,1687.0,932.0,482.0,311.0,493.6339715378905,272.7130180636123,141.03827758225444,493.6339715378905,272.7130180636123,141.03827758225444,91.00187619933844,0.7073894655969826,0.7073894655969826,0.0,630.5226289929096,28047.589920461018,1882.219231701505,7057.432877633324,10538.575194246465,5006.011031383454,0.0,0.0841631770189764,55.72376277809171,0.2926105344030175,0.2926105344030175,0.2926105344030175,65,경상남도 창녕군 장마면,48740,경상남도 창녕군,False,0.5524599881446355,1.746040434718671,3.2746702065371167,3.699491802296512,False,2,초고령 산간 오지형,79.79870195425336
4380031000,2286.0,1227.0,521.0,328.0,505.336265367234,271.2369193375311,115.17068865106252,505.336265367234,271.2369193375311,115.17068865106252,72.5066907438551,0.778943016024832,0.778943016024832,0.0,640.4779142527564,11851.51047641718,2202.19784274319,12463.580343143278,28667.45994812047,5354.957562795412,0.1138689900204096,0.3100188653513351,141.60338592998735,0.2210569839751679,0.2210569839751679,0.221056983975168,131,충청북도 단양군 대강면,43800,충청북도 단양군,False,0.536745406824147,2.1510736380509874,3.342856332870053,3.7287560334653893,False,0,농촌 생활권 외곽형,59.958815331470525
4372033000,2136.0,1204.0,563.0,364.0,478.65414799402214,269.8031807981286,126.16211859580264,478.65414799402214,269.8031807981286,126.16211859580264,81.56840349710865,0.7759109794035477,0.7759109794035477,0.0,582.8622906086642,28869.377448146966,1995.9376287520824,4314.077529772351,16716.849585504508,6215.576425005733,0.0,0.0856265755008082,70.7518382437742,0.2240890205964523,0.2240890205964523,0.2240890205964523,107,충청북도 보은군 마로면,43720,충청북도 보은군,False,0.5636704119850188,1.8497377279950047,3.300146965853143,3.793481410787934,False,2,초고령 산간 오지형,60.459930538860185
4719032000,1559.0,866.0,403.0,260.0,485.3902409284599,269.6266508300489,125.47291025924908,485.3902409284599,269.6266508300489,125.47291025924908,80.95026468338651,0.6886528281408211,0.6886528281408211,0.0,677.2590791005598,17169.94409485705,2138.8990100447613,7415.55964585113,19962.10890405122,3815.2309058834344,0.0,0.266785936406784,44.61495383198076,0.3113471718591789,0.3113471718591789,0.3113471718591789,117,경상북도 구미시 옥성면,47190,경상북도 구미시,False,0.5554842847979474,1.6494804479097915,3.3301902794683484,3.581520827511434,False,2,초고령 산간 오지형,83.94749519379805
1277037000,2368.0,1203.0,664.0,400.0,531.7702153573268,270.15184504850686,149.111242819791,529.7511181296182,269.1260959079099,148.54507704310242,89.48498617054362,0.7754348752713991,0.7754348752713991,0.0,569.3226275791202,27839.028143257343,2334.079595619301,2503.7188255320325,22156.44120442501,2352.049191586795,0.2224618054904013,0.4409661172128944,138.77748556515533,0.2245651247286008,0.223712465426359,0.223712465426359,66,전남광주통합특별시 장흥군 회진면,46800,전라남도 장흥군,False,0.5080236486486487,2.14231901447671,3.3681156620558936,3.371446400487135,False,0,농촌 생활권 외곽형,60.20686242612928
4728033000,2131.0,1058.0,507.0,333.0,538.685493874906,267.4468571185596,128.16215175719256,538.685493874906,267.4468571185596,128.16215175719256,84.17750795886612,0.7472146908142159,0.7472146908142159,0.0,642.3257514347121,8108.900483433466,3600.9201903398325,7848.024430275616,8784.382531491721,5802.091244648743,0.0,0.0465285382905186,71.73497281661491,0.2527853091857841,0.2527853091857841,0.2527853091857841,96,경상북도 문경시 호계면,47280,경상북도 문경시,False,0.4964805255748475,1.855730938070309,3.556413495911936,3.7635845543073656,False,2,초고령 산간 오지형,67.60663646748132
1276039500,1504.0,850.0,460.0,307.0,472.53946235062193,267.0602014614552,144.5266972614934,472.53946235062193,267.0602014614552,144.5266972614934,96.45586099843148,0.6858115276924056,0.6858115276924056,0.0,706.2006268126195,20573.88844873339,5099.179577630973,13467.599652127514,16208.466894169913,12638.35384511228,0.0,0.0,49.53802509543536,0.3141884723075944,0.3141884723075944,0.3141884723075944,111,전남광주통합특별시 화순군 백아면,46790,전라남도 화순군,False,0.5651595744680851,1.6949386888212552,3.7075003067705548,4.10169051045418,False,2,초고령 산간 오지형,83.907236711333
4717041000,1597.0,962.0,443.0,277.0,442.6264841684618,266.6291031747403,122.782424850738,442.6264841684618,266.6291031747403,122.782424850738,76.77366068545017,0.7228387700886276,0.7228387700886276,0.0,667.0229429314818,24520.534866261125,3008.978864394961,21223.258202217683,20872.09548597386,16780.461255655202,0.0,0.0,27.639294565259473,0.2771612299113724,0.2771612299113724,0.2771612299113724,196,경상북도 안동시 예안면,47170,경상북도 안동시,False,0.6023794614902943,1.441526954392291,3.478419137188775,4.224803894396889,False,2,초고령 산간 오지형,73.89925016607722
1280039000,2033.0,1014.0,516.0,343.0,540.578371711482,269.62443134060146,137.2053319248031,531.5448003081641,265.1187543101222,134.9125021933166,89.68020979129379,0.7340981939441801,0.7340981939441801,0.0,606.7931405795483,9062.835152119063,1402.323377227662,4058.0587641667985,18139.41951375135,4173.518245466329,0.0495879247663211,0.1871442368437193,66.66919911605167,0.26590180605582,0.2614583375839469,0.2614583375839469,74,전남광주통합특별시 영암군 미암면,46830,전라남도 영암군,False,0.4987702902115101,1.823925238062889,3.1468481739383347,3.6205023164566517,False,2,초고령 산간 오지형,69.3175087642514
1215037000,724.0,446.0,252.0,175.0,429.26008672276566,264.43369983197994,149.41096941179137,429.26008672276566,264.43369983197994,149.41096941179137,103.75761764707734,0.4070993277309866,0.4070993277309866,0.0,1656.4059034888037,13599.87757252961,2636.946756056078,12902.739808340068,14712.041152779702,9047.595822691675,0.0,0.0,29.50695475519417,0.5929006722690133,0.5929006722690133,0.5929006722690133,62,전남광주통합특별시 순천시 외서면,46150,전라남도 순천시,False,0.6160220994475138,1.469924390751792,3.4211013608194154,3.9565331913984587,False,2,초고령 산간 오지형,156.78291840096338
1280032000,1922.0,984.0,513.0,349.0,517.4545755758417,264.91951215745485,138.11352615525848,515.2122148565901,263.77149813677664,137.51501884569757,93.55310248956812,0.7307728534985215,0.7307728534985215,0.0,647.5401517430367,22303.65510592083,2401.9157440590657,3716.260661955748,22879.39860410857,3982.8113676199314,0.0285836824254232,0.3851809997187826,52.69586702400997,0.2692271465014785,0.2680604655861551,0.2680604655861551,127,전남광주통합특별시 영암군 금정면,46830,전라남도 영암군,False,0.5119667013527576,1.7217765545094486,3.3805577688737127,3.600189738008193,False,0,농촌 생활권 외곽형,70.70671059890199
4376033000,2223.0,1187.0,493.0,319.0,492.2683276156681,262.8531286008988,109.17151845007844,492.2683276156681,262.8531286008988,109.17151845007844,70.64039429122722,0.7785567577077517,0.777803522791718,0.0440737901354174,580.4424493275272,4712.117512287992,2224.768733279065,2791.954055581941,10808.018604894483,9816.218721683486,0.0,0.0,129.78345570543965,0.2214432422922483,0.2214432422922483,0.2214432422922483,101,충청북도 괴산군 연풍면,43760,충청북도 괴산군,False,0.5339631129104814,2.1132193338065752,3.347284872359255,3.9919442266303107,False,2,초고령 산간 오지형,58.20704904404433
1284031000,3558.0,1296.0,637.0,421.0,721.6008956654125,262.8428220298973,129.190492000806,721.6008956654125,262.8428220298973,129.190492000806,85.38335499582311,0.7971891805324867,0.7971891805324867,0.0,551.5992009310166,9202.067457350438,3138.3790561290416,2607.1441691036457,6117.928485950969,4494.624575640382,0.0044251013041703,0.1723732738774593,131.15677055088582,0.2028108194675133,0.2028108194675133,0.2028108194675133,61,전남광주통합특별시 장성군 진원면,46880,전라남도 장성군,False,0.3642495784148398,2.1177907145755763,3.4967053968809947,3.6526934220899556,False,0,농촌 생활권 외곽형,53.307368127037236
5279042000,1982.0,1034.0,557.0,377.0,502.93439795117865,262.37849015212856,141.3392833798217,502.93439795117865,262.37849015212856,141.3392833798217,95.6641110129134,0.7462490424060653,0.7462490424060653,0.0,635.2159569468869,13516.058515072453,2089.2532422050717,4729.066468263131,7066.041576625132,4236.579700314601,0.0,0.0932056251892966,54.61207533424454,0.2537509575939347,0.2537509575939347,0.2537509575939348,80,전북특별자치도 고창군 신림면,52790,전북특별자치도 고창군,False,0.5216952573158425,1.73728868063891,3.319991084799091,3.6270153809497363,False,2,초고령 산간 오지형,66.57879312815338
4315033000,1969.0,1107.0,447.0,280.0,489.9698392589737,275.4680609749537,111.2323606646832,465.2380439651131,261.56349145219923,105.61777839126744,66.15878735918318,0.7511580298329235,0.7511580298329235,0.0,605.8797064117991,17611.477746570923,2305.4513327206605,3958.096055586634,25245.149984598535,3737.854547368741,0.1696975492051855,0.2125399537692289,57.51197529185834,0.2488419701670765,0.2362813834256542,0.2362813834256542,128,충청북도 제천시 수산면,43150,충청북도 제천시,False,0.5622143219908583,1.75975828402308,3.362755958846057,3.572622397496483,False,2,초고령 산간 오지형,61.80258361396991
5117052000,3318.0,1264.0,565.0,352.0,693.6291632360743,264.23968123279025,118.11346510801148,685.331296455612,261.0785891259475,116.7004769431648,72.70542988317524,0.7909496192778558,0.7906179795577625,0.2593253600617068,507.78416310440537,1201.5994524911396,1658.5183702039262,913.371866210574,5489.2045719492035,715.5335562100666,0.030039135780882,0.969960864219118,577.9949785004459,0.2090503807221441,0.206549516713566,0.206549516713566,18,강원특별자치도 동해시 송정동,51170,강원특별자치도 동해시,True,0.38095238095238093,2.761924065377241,3.2197202862468264,2.854630005580268,False,1,도시 외곽 도농복합형,53.92565640822412
4888039000,1441.0,886.0,475.0,315.0,423.6367883447781,260.47341740005095,139.64432648422596,423.6367883447781,260.47341740005095,139.64432648422596,92.60623756322352,0.7060119442437348,0.7060119442437348,0.0,693.3709098220046,58624.15122932836,2202.452996221444,13888.050182948697,17109.971473127225,12479.69129454558,0.0,0.0,45.74600531352251,0.2939880557562652,0.2939880557562652,0.2939880557562652,113,경상남도 거창군 신원면,48880,경상남도 거창군,False,0.6148507980569049,1.6603531760846726,3.3429066486620735,4.096203842499163,False,2,초고령 산간 오지형,76.57607355763112
4889042000,1526.0,949.0,492.0,348.0,417.56903712812175,259.6808756452081,134.6290735694862,417.56903712812175,259.6808756452081,134.6290735694862,95.22544228085609,0.7263636716067353,0.7263636716067353,0.0,617.9145509840879,35253.98838926814,2509.8261371639364,7153.861769544392,16797.845458202686,15320.721195694628,0.0,0.0,58.0520273897265,0.2736363283932645,0.2736363283932645,0.2736363283932646,100,경상남도 합천군 쌍백면,48890,경상남도 합천군,False,0.6218872870249017,1.7638173914957096,3.399643637701928,4.185279209417898,False,2,초고령 산간 오지형,71.05812136550266
5176031000,1462.0,727.0,281.0,165.0,542.4636357534076,269.7476492426316,104.26284654357562,521.0219042616757,259.08544760481414,100.14169295316748,58.80206169847913,0.6289578414819373,0.6289578414819373,0.0,891.2165389737971,19418.657738790032,3245.7060280404203,13482.419951977572,18449.255429064073,3472.1750038675323,0.2752667769388752,0.2150621541672216,112.13366169846442,0.3710421585180626,0.3563761315059341,0.3563761315059341,130,강원특별자치도 평창군 미탄면,51760,강원특별자치도 평창군,False,0.49726402188782487,2.0497360041685995,3.5113091821009883,3.5406016062793966,False,2,초고령 산간 오지형,92.33186954688705
1283038000,683.0,259.0,85.0,38.0,683.0,259.0,85.0,683.0,259.0,85.0,38.0,0.0,0.0,0.0,23208.105540204517,66428.08481527088,3508.2981918002024,30020.854756208995,49824.08591485041,33194.36319303867,0.0,0.0,89.49099003677348,1.0,1.0,1.0,42,전남광주통합특별시 영광군 낙월면,46870,전라남도 영광군,False,0.37920937042459735,1.9517793126982101,3.5450964996169194,4.5210643414751175,False,2,초고령 산간 오지형,259.0
3171040000,1692.0,886.0,377.0,231.0,493.3279660662066,258.3265827036993,109.92000189536638,493.3279660662066,258.3265827036993,109.92000189536638,67.35151309769134,0.7084350082351024,0.7084350082351024,0.0,653.2594593323439,7760.13464131136,3126.2543357650056,4400.6253523544665,5639.348931742188,3314.6251021878024,0.0,0.2396324233641817,97.08114954863136,0.2915649917648976,0.2915649917648976,0.2915649917648976,107,울산광역시 울주군 삼동면,31710,울산광역시 울주군,False,0.5236406619385343,1.9871349102193478,3.495024307056835,3.520434415015799,False,2,초고령 산간 오지형,75.31898795865821
1274036000,1772.0,977.0,539.0,338.0,652.6772717785127,359.8564867537285,198.52880896648892,468.4431410316157,258.27818780354886,142.489194704312,89.3531499258951,0.631671968522284,0.631671968522284,0.0,931.0647757610712,50094.29696770776,3542.765910495269,3738.2955659361783,42006.12772171906,3890.460279246325,0.2810908297910018,0.2515614754576113,160.8287733187872,0.368328031477716,0.2643584317334174,0.2643584317334174,63,전남광주통합특별시 고흥군 봉래면,46770,전라남도 고흥군,False,0.551354401805869,2.2063637494851456,3.5493424571204093,3.590000985621719,False,2,초고령 산간 오지형,68.27801667869522
4728035000,1823.0,970.0,414.0,260.0,485.2259829821212,258.18387465313083,110.193942377728,485.2259829821212,258.18387465313083,110.193942377728,69.20392516475673,0.733831057058628,0.733831057058628,0.0,636.6058566469816,17341.338812310158,3450.381969928606,20193.386462986564,23857.307050257023,19407.174382251444,0.0,0.0,47.17150986054746,0.266168942941372,0.266168942941372,0.266168942941372,143,경상북도 문경시 동로면,47280,경상북도 문경시,False,0.5320899616017554,1.6736797773186278,3.537867175725371,4.287962308210298,False,2,초고령 산간 오지형,68.72052900093152
4376031000,2014.0,1011.0,408.0,277.0,510.3039858083923,256.16550628216714,103.37836455304074,510.3039858083923,256.16550628216714,103.37836455304074,70.18580142449089,0.746621655507253,0.746621655507253,0.0,605.313667352607,13156.411597542032,1962.820765878385,5182.847148638757,10779.18273265122,9279.815158414194,0.0,0.0,81.59637410237168,0.2533783444927469,0.2533783444927469,0.2533783444927469,83,충청북도 괴산군 감물면,43760,충청북도 괴산군,False,0.5019860973187686,1.9116708604411279,3.292880643999467,3.967539325736079,False,2,초고령 산간 오지형,64.90679189792186
4711157000,2250.0,637.0,228.0,111.0,923.27196773757,261.3885526439254,93.55822606407376,898.6455614021851,254.41654338364083,91.06275022208808,44.33318102917446,0.5896569032277467,0.5896569032277467,0.0,851.7740699461956,6326.058709823955,1771.168226395367,1862.3963395533733,3493.8832367615005,1517.9052002425433,0.091281107736857,0.8970631518792375,96.4461407116488,0.4103430967722533,0.39939802728986,0.39939802728986,54,경상북도 포항시남구 제철동,47110,경상북도 포항시,True,0.2831111111111111,1.9842848540517701,3.2482598126443274,3.1812446488340487,False,0,농촌 생활권 외곽형,101.61346553733124
5279035000,2145.0,1084.0,611.0,387.0,500.7446275651284,253.05695863897395,142.63634845794567,500.7446275651284,253.05695863897395,142.63634845794567,90.34413560265952,0.7665526211817583,0.7665526211817583,0.0,586.8377747375629,39583.69650080083,1736.810506396337,6663.691668855712,23541.69886201036,4748.100382591409,0.0,0.2764689244341413,73.25700888649025,0.2334473788182416,0.2334473788182416,0.2334473788182416,78,전북특별자치도 고창군 상하면,52790,전북특별자치도 고창군,False,0.5053613053613054,1.864849182269947,3.2397524376090496,3.6765198920737676,False,0,농촌 생활권 외곽형,59.07548368598465
4375034000,2005.0,1088.0,463.0,299.0,465.6559863091723,252.68514369295735,107.53053449433756,465.6559863091723,252.68514369295735,107.53053449433756,69.44196504061972,0.7677526252822082,0.7677526252822082,0.0,567.1815866343138,24033.749406022125,3171.484651069553,9592.188272277785,11394.175932350305,8251.053714201233,0.0,0.0,56.26334756061194,0.2322473747177917,0.2322473747177917,0.2322473747177917,126,충청북도 진천군 백곡면,43750,충청북도 진천군,False,0.542643391521197,1.7502255682815602,3.501262613897781,3.916509414373096,False,2,초고령 산간 오지형,58.6854612528773
4889045000,1790.0,1012.0,475.0,316.0,445.7449290669468,252.00774760656432,118.28426888648028,445.7449290669468,252.00774760656432,118.28426888648028,78.69016624869005,0.7509804865547783,0.7509804865547783,0.0,593.6254001722604,49818.60101639412,1561.3240073331945,17179.11264557701,17960.643907225975,16664.09402929931,0.0,0.0,101.82514067662962,0.2490195134452216,0.2490195134452216,0.2490195134452216,94,경상남도 합천군 대병면,48890,경상남도 합천군,False,0.5653631284916201,2.0078550187584456,3.1934930375885444,4.221781707509217,False,2,초고령 산간 오지형,62.75484669341286
4313031000,1855.0,1045.0,420.0,266.0,444.1690711702648,250.2192341633028,100.56658215175808,444.1690711702648,250.2192341633028,100.56658215175808,63.69216869611344,0.7605557567815283,0.7595773990687781,0.0580888470150802,594.6580570956128,3931.630359362275,2473.7918223395945,7527.031842087499,8812.244511798395,6942.658132665804,0.0,0.0013415326181586,49.71107777247521,0.2394442432184716,0.2394442432184716,0.2394442432184716,133,충청북도 충주시 살미면,43130,충청북도 충주시,False,0.5633423180592992,1.6964531790626491,3.393363149531894,3.841525780444196,False,2,초고령 산간 오지형,59.91355516293757
5274031000,1913.0,944.0,522.0,341.0,505.8459274572565,249.61764533175645,138.03009625336531,505.8459274572565,249.61764533175645,138.03009625336531,90.16908586666202,0.735574528250258,0.735574528250258,0.0,605.0276632248509,11011.608424425944,1613.9739658985502,2718.2435258095365,21533.36437516201,10179.350515181928,0.0,0.0,67.53378683808093,0.264425471749742,0.264425471749742,0.264425471749742,82,전북특별자치도 장수군 산서면,52740,전북특별자치도 장수군,False,0.49346576058546787,1.8295211027006717,3.2078965250838274,4.00772006909397,False,2,초고령 산간 오지형,66.00526362390949
1285038000,2369.0,899.0,454.0,299.0,738.827662852425,280.3740265531153,141.59044277543308,656.3420857103599,249.07198609270307,125.78273824926274,82.83929237121048,0.6881267780276805,0.6881267780276805,0.0,689.3099457802397,70269.94526018982,2314.667544608854,4582.966521525728,58129.75196263189,4046.476671520939,0.1638948962567925,0.0643113865520769,167.54817938627193,0.3118732219723195,0.277054489535821,0.277054489535821,69,전남광주통합특별시 완도군 보길면,46890,전라남도 완도군,False,0.3794850147741663,2.224139713061821,3.3644886221745973,3.6070770409700312,False,2,초고령 산간 오지형,69.00651196458696
4790035000,1467.0,880.0,445.0,309.0,414.5283642633424,248.66050480691297,125.74309618076848,414.5283642633424,248.66050480691297,125.74309618076848,87.31374543788193,0.7174312445375989,0.7154992354451282,0.0469736596356309,638.1600038244312,5691.868211142184,2321.8996996627643,9253.37958806892,9614.72761636096,9057.122798318109,0.0,0.0101975777579196,37.26241836623497,0.282568755462401,0.282568755462401,0.282568755462401,115,경상북도 예천군 보문면,47900,경상북도 예천군,False,0.59986366734833,1.5712710375980163,3.3658434553578434,3.956990256035838,False,2,초고령 산간 오지형,70.26368937594178
5218042000,2068.0,1000.0,559.0,376.0,510.09312125103054,246.66011665910565,137.88300521244005,510.09312125103054,246.66011665910565,137.88300521244005,92.74420386382371,0.7533398833408943,0.7533398833408943,0.0,568.6300583785375,15664.74895793938,1399.6288014840634,2966.9296900243216,13186.165812112236,8383.402368085115,0.0,0.0,111.55037499050586,0.2466601166591056,0.2466601166591056,0.2466601166591056,80,전북특별자치도 정읍시 칠보면,52180,전북특별자치도 정읍시,False,0.4835589941972921,2.047471034557407,3.146012870790649,3.9234203109691004,False,2,초고령 산간 오지형,60.84121315028359
1217034000,1988.0,1048.0,550.0,364.0,467.3484105981474,246.36877983242377,129.29659246930638,467.3484105981474,246.36877983242377,129.29659246930638,85.57083574332276,0.764915286419443,0.764915286419443,0.0,569.8194687254789,9869.306778787826,1516.344294041705,2607.851978174332,14974.297870186978,10263.600317288076,0.0,0.0,67.34715431482148,0.235084713580557,0.235084713580557,0.235084713580557,71,전남광주통합특별시 나주시 공산면,46170,전라남도 나주시,False,0.5271629778672032,1.8283192497771927,3.1807978213659265,4.011299731502491,False,2,초고령 산간 오지형,57.91753404209665
1284040000,1903.0,949.0,470.0,293.0,493.4594337031777,246.08145169958783,121.87384857619207,493.4594337031777,246.08145169958783,121.87384857619207,75.97667581451974,0.7406939391995914,0.7406939391995914,0.0,662.5913954311544,9662.49462943566,3291.637359889875,7181.140558584307,15040.134963985887,8931.105561466542,0.0,0.0,130.34578888177472,0.2593060608004087,0.2593060608004087,0.2593060608004087,106,전남광주통합특별시 장성군 북하면,46880,전라남도 장성군,False,0.49868628481345245,2.1150970048564735,3.51741198289688,3.950905222553207,False,2,초고령 산간 오지형,63.81041187626616
4887039000,1514.0,811.0,362.0,213.0,458.6523250178839,245.68496406175947,109.66455855777674,458.6523250178839,245.68496406175947,109.66455855777674,64.52638390278024,0.6970592305033793,0.6970592305033793,0.0,659.0669042460102,37059.65460010538,3140.2250318657175,11854.909497710962,12561.008073226372,11058.531093871035,0.0,0.0,55.30319669778532,0.3029407694966208,0.3029407694966208,0.3029407694966208,86,경상남도 함양군 백전면,48870,경상남도 함양군,False,0.535667107001321,1.7427502356100042,3.4969607711928736,4.043697443406921,False,2,초고령 산간 오지형,74.42799206661904
4885031000,2678.0,1188.0,559.0,352.0,571.0664434720138,253.3334334745155,119.2031896567796,553.5764924067302,245.5746351677354,115.5523746285893,72.7628548645142,0.7867563691291958,0.7867563691291958,0.0,576.367325236361,23001.052716226324,2411.734486869496,5605.342469141707,33988.54820903935,5567.058556932834,0.0932793339291772,0.1865554021423262,100.50440973032778,0.2132436308708042,0.2067126558650971,0.2067126558650971,96,경상남도 하동군 화개면,48850,경상남도 하동군,False,0.4436146377893951,2.0021851172742537,3.3823294936693444,3.7456257894440066,False,2,초고령 산간 오지형,50.76338504862486
4874032000,1453.0,794.0,366.0,235.0,478.79753988565386,261.6416012864481,120.60557439652396,448.83717945631946,245.2695942796405,113.05878023469576,72.5923862162664,0.670476572687093,0.670476572687093,0.0,681.1458366497808,24337.842486511472,1458.4371603044094,4661.223773826016,9783.754697290777,4711.3895334574045,0.0459255978551393,0.288542043167173,62.075503850348206,0.329523427312907,0.3089037711330485,0.3089037711330485,75,경상남도 창녕군 성산면,48740,경상남도 창녕군,False,0.5464556090846524,1.792920253293664,3.163887721410461,3.6731490128006135,False,2,초고령 산간 오지형,75.76470261725373
1272032000,1665.0,882.0,491.0,323.0,461.00244295931066,244.20669951358076,135.94726696277567,461.00244295931066,244.20669951358076,135.94726696277567,89.43170515066507,0.7231216558802939,0.7231216558802939,0.0,630.5368338897491,13314.817316760991,1852.6196031966497,10051.261091135586,11240.889176999675,9329.476798358664,0.0,0.0,108.47461883343364,0.2768783441197061,0.2768783441197061,0.2768783441197061,55,전남광주통합특별시 곡성군 삼기면,46720,전라남도 곡성군,False,0.5297297297297298,2.0353281327461463,3.2677862551569494,3.9698572889815438,False,2,초고령 산간 오지형,67.61554658425887
4792032000,1845.0,1025.0,477.0,294.0,438.9307731828135,243.8504295460075,113.4796633106786,438.9307731828135,243.8504295460075,113.4796633106786,69.94344027953775,0.7620971419063342,0.7458862635652632,0.0162108783410709,624.5650133017726,4902.71138751001,3979.577945944756,4326.2221584093795,8140.797022400092,7274.535287380881,0.0,0.0,90.81623503626128,0.2379028580936658,0.2379028580936658,0.2379028580936658,110,경상북도 봉화군 봉성면,47920,경상북도 봉화군,False,0.5555555555555556,1.958163493415322,3.5998370154237813,3.861805254898848,False,2,초고령 산간 오지형,58.012714136363265
4380036000,1536.0,821.0,298.0,187.0,455.4642487252443,243.44801315327183,88.36480867195496,455.4642487252443,243.44801315327183,88.36480867195496,55.45040007266972,0.7034737964028358,0.7034737964028358,0.0,689.798848308884,10076.363226761036,1655.8612425013634,9946.79686566262,32853.351497195465,6210.307918160716,0.0,0.182567020634658,75.04257954489871,0.2965262035971642,0.2965262035971642,0.2965262035971642,84,충청북도 단양군 단성면,43800,충청북도 단양군,False,0.5345052083333334,1.875307754247082,3.2190239410594863,3.7931131338066617,False,2,초고령 산간 오지형,72.18871511361219
4827039000,1641.0,1023.0,458.0,274.0,389.7693455194006,242.982352508438,108.78388802430555,389.7693455194006,242.982352508438,108.78388802430555,65.08031728965005,0.762480593833394,0.762480593833394,0.0,606.4820836971135,15277.094171334997,1883.32461481765,11347.986771359338,14600.438656689032,11163.615985075252,0.0,0.0,80.79236716958654,0.237519406166606,0.237519406166606,0.237519406166606,74,경상남도 밀양시 청도면,48270,경상남도 밀양시,False,0.623400365630713,1.9073703328944902,3.2749251826155197,4.047804888867185,False,2,초고령 산간 오지형,57.71302407676912
1213036000,1946.0,861.0,364.0,204.0,546.0036461710163,241.57715280228416,102.13017842047783,546.0036461710163,241.57715280228416,102.13017842047783,57.23779230158649,0.7194225867569289,0.7194225867569289,0.0,2717.3859711296,90194.53388747683,10360.320566917526,46469.13285771468,62070.042768463616,46399.40537707502,0.0,0.0,197.60629830100507,0.280577413243071,0.280577413243071,0.280577413243071,79,전남광주통합특별시 여수시 삼산면,46130,전라남도 여수시,False,0.44244604316546765,2.2958007827302533,4.015373193468044,4.666512414970617,False,2,초고령 산간 오지형,67.78109263189098
5277032000,1927.0,982.0,545.0,366.0,473.34250507990737,241.2155370983233,133.8721667195379,473.34250507990737,241.2155370983233,133.8721667195379,89.90314315477224,0.7543629968448846,0.7543629968448846,0.0,584.2082789330836,11313.573357911408,1758.4982674727935,3358.3475590295825,15398.74406866981,12716.385887213955,0.0,0.0,63.643927776496994,0.2456370031551153,0.2456370031551153,0.2456370031551153,94,전북특별자치도 순창군 동계면,52770,전북특별자치도 순창군,False,0.5096004151530877,1.8037569742275412,3.245141944772736,4.104363698398511,False,2,초고령 산간 오지형,59.25146164728367
4887032000,1401.0,757.0,405.0,264.0,446.2227866759051,241.1068162124627,128.99373918896617,446.2227866759051,241.1068162124627,128.99373918896617,84.08480776762238,0.6814969402741576,0.6814969402741576,0.0,684.5551746544918,45475.449314875776,2245.131538748575,8554.892257925989,9010.707147705702,7198.515544598753,0.0,0.0,54.61258987580705,0.3185030597258423,0.3185030597258423,0.3185030597258423,84,경상남도 함양군 휴천면,48870,경상남도 함양군,False,0.5403283369022127,1.7372927724355913,3.351241790719811,3.857242946812118,False,2,초고령 산간 오지형,76.7932586844257
4725045000,1875.0,1138.0,587.0,371.0,395.84994170779834,240.25452462051973,123.92742175065472,395.84994170779834,240.25452462051973,123.92742175065472,78.32550846591636,0.7888800310891743,0.7888800310891743,0.0,553.2390689298654,6148.204933341117,1943.433727433257,2903.539596045483,10687.516039881011,9968.328654782972,0.0,0.0,70.49423294344955,0.2111199689108257,0.2111199689108257,0.2111199689108257,83,경상북도 상주시 공검면,47250,경상북도 상주시,False,0.6069333333333333,1.8481535892852536,3.2885697354479784,3.998622348196086,False,2,초고령 산간 오지형,50.722527768569336
5175033000,1922.0,960.0,394.0,246.0,479.4786194666335,239.4898411487868,98.29062230481458,479.4786194666335,239.4898411487868,98.29062230481458,61.369271794376616,0.7505314154700138,0.7505314154700138,0.0,658.6761427963874,11083.214678205162,4599.8951204916275,9894.050064342142,11324.013382397688,9093.282961775532,0.0,0.0,57.44705834043891,0.2494685845299862,0.2494685845299862,0.2494685845299862,157,강원특별자치도 영월군 북면,51750,강원특별자치도 영월군,False,0.4994797086368366,1.759267794917711,3.66274792970092,3.9587207055297875,False,2,초고령 산간 오지형,59.74519168069909
4874035000,1558.0,899.0,456.0,281.0,414.9299237180286,239.4236209387084,121.44290450283764,414.9299237180286,239.4236209387084,121.44290450283764,74.83652667828372,0.733677841002549,0.733677841002549,0.0,616.4723398553716,34335.91332939205,1474.9043510569618,8184.744939619873,9594.382633840472,6741.1417710476335,0.0,0.0342631908937865,62.340601682883744,0.2663221589974509,0.2663221589974509,0.2663221589974509,73,경상남도 창녕군 유어면,48740,경상남도 창녕군,False,0.5770218228498074,1.7947709895721211,3.1687638568192122,3.8287334607593584,False,2,초고령 산간 오지형,63.76381564338411
4887038000,1648.0,914.0,448.0,280.0,431.4751015467776,239.3011182122298,117.2942023622308,431.4751015467776,239.3011182122298,117.2942023622308,73.30887647639425,0.7381825840128777,0.7381825840128777,0.0,622.3358998805782,47116.34841121122,1794.1412747878026,3092.031773816412,23846.012431768184,13633.851907652634,0.0,0.0,70.25923028451261,0.2618174159871223,0.2618174159871223,0.2618174159871223,87,경상남도 함양군 서상면,48870,경상남도 함양군,False,0.5546116504854369,1.8467033876276564,3.2538566373954203,4.134618572335272,False,2,초고령 산간 오지형,62.653200413154906
4717040000,1521.0,917.0,423.0,289.0,396.2118840873047,238.87330552798056,110.18910385859954,396.2118840873047,238.87330552798056,110.18910385859954,75.28286291994152,0.7395056646368805,0.7395056646368805,0.0,639.9631833699098,25419.201535843204,4293.82944810718,13068.183192719727,16617.690405820595,12398.159610433551,0.0,0.0,33.277978011163874,0.2604943353631195,0.2604943353631195,0.2604943353631195,174,경상북도 안동시 임동면,47170,경상북도 안동시,False,0.6028928336620645,1.5221569304410554,3.632844790166149,4.093357223037039,False,2,초고령 산간 오지형,62.225142959502676
4715044000,2029.0,1042.0,505.0,327.0,463.3898201798034,237.97545225596608,115.33359250409104,463.3898201798034,237.97545225596608,115.33359250409104,74.68135593829261,0.7716166485067505,0.7716166485067505,0.0,568.2942551340867,35197.67763220984,2884.7004301550533,13182.566562369002,31757.85480339191,14679.12000502182,0.0,0.0,61.602750184024686,0.2283833514932495,0.2283833514932495,0.2283833514932496,108,경상북도 김천시 대덕면,47150,경상북도 김천시,False,0.5135534746180385,1.78960010117554,3.4601007192991156,4.166700020946645,False,2,초고령 산간 오지형,54.34963135933932
1272035000,1973.0,1009.0,495.0,335.0,464.98135566191627,237.7933035290793,116.65776535866628,464.5995224460239,237.5980325129438,116.56196837850068,78.88537253898531,0.7643277467501691,0.7643277467501691,0.0040824847084387,634.3225812967553,8105.568990833861,2397.2448923293487,8877.048388374722,18116.446125569397,7938.605830844847,0.0002709409540036,0.078714458615902,66.47430992956846,0.2356722532498308,0.235478723996971,0.235478723996971,119,전남광주통합특별시 곡성군 죽곡면,46720,전라남도 곡성군,False,0.5114039533705018,1.8226538376119372,3.3797124019747073,3.89974423880812,False,2,초고령 산간 오지형,55.949281520338836
4888031000,1404.0,837.0,435.0,296.0,398.0204749464157,237.28143698728627,123.31830954536385,398.0204749464157,237.28143698728627,123.31830954536385,83.91314856420159,0.7165096332290487,0.7165096332290487,0.0,631.8072353032372,57082.11924495104,2064.6152855693517,9162.539894061149,11407.538238486755,10183.747681272003,0.0,0.0,54.36806163329396,0.2834903667709513,0.2834903667709513,0.2834903667709513,80,경상남도 거창군 주상면,48880,경상남도 거창군,False,0.5961538461538461,1.73534384951871,3.3148391383556577,4.007907630434605,False,2,초고령 산간 오지형,67.26700159946415
4773041000,1595.0,854.0,454.0,304.0,442.2821517179776,236.8081238665535,125.89096983069706,442.2821517179776,236.8081238665535,125.89096983069706,84.2970370672509,0.7227071149103589,0.7227071149103589,0.0,652.3610788897171,23106.813927787734,1998.3232973012405,5405.645158114874,10199.87215524188,5204.685891631341,0.0,0.2724272002007823,56.82342589279458,0.2772928850896411,0.2772928850896411,0.2772928850896411,97,경상북도 의성군 단밀면,47730,경상북도 의성군,False,0.535423197492163,1.754527413855135,3.300665751595454,3.7163945245002425,False,2,초고령 산간 오지형,65.66520787962172
4889032000,1374.0,850.0,449.0,284.0,382.2905938860826,236.49709228760568,124.9261111025117,382.2905938860826,236.49709228760568,124.9261111025117,79.01785201138824,0.721768126720464,0.721768126720464,0.0,666.254518124991,47557.691249718424,2608.5019510094216,8728.062531514672,14688.804306706044,9619.241066874394,0.0,0.0,62.93182673728943,0.2782318732795361,0.2782318732795361,0.2782318732795361,67,경상남도 합천군 묘산면,48890,경상남도 합천군,False,0.61863173216885,1.7988703383009625,3.4163911658858077,3.983140808683286,False,2,초고령 산간 오지형,65.80102901234385
4817043000,1420.0,862.0,456.0,283.0,389.5847003158018,236.49437441705717,125.10607277746875,389.5847003158018,236.49437441705717,125.10607277746875,77.64258464040276,0.7256445772423931,0.7256445772423931,0.0,633.2061541066788,17273.441152968095,2729.346854847424,8057.4177908718675,14095.823261282383,7996.374875077619,0.0,0.0,37.06046037349843,0.2743554227576069,0.2743554227576069,0.2743554227576069,109,경상남도 진주시 미천면,48170,경상남도 진주시,False,0.6070422535211267,1.5689108099215765,3.436058730823472,3.9028931459214826,False,2,초고령 산간 오지형,64.8835140729875
4725044000,1433.0,864.0,463.0,307.0,391.2290814775113,235.8841077435937,126.40548829315262,391.2290814775113,235.8841077435937,126.40548829315262,83.81530217278154,0.7269859864078777,0.7269859864078777,0.0,628.0921716932853,13626.748050832946,2165.73123446636,10078.214591059485,16341.022590694683,10888.129253050984,0.0,0.0,59.038035904869254,0.2730140135921223,0.2730140135921223,0.2730140135921223,84,경상북도 상주시 은척면,47250,경상북도 상주시,False,0.6029309141660851,1.7711319008159012,3.335604560031441,4.036953267738411,False,2,초고령 산간 오지형,64.39966699767513
4180034000,1698.0,838.0,311.0,193.0,476.50513397834254,235.16566682794524,87.27508637648087,476.50513397834254,235.16566682794524,87.27508637648087,54.16106646514729,0.7193727126158171,0.7193727126158171,0.0,609.6210467950519,10913.558899538017,2345.2577582189733,4613.645010970036,23341.932077191366,6299.784199346272,0.0,0.0099945194372384,49.36025881119286,0.2806272873841829,0.2806272873841829,0.2806272873841828,97,경기도 연천군 미산면,41800,경기도 연천군,False,0.49352179034157834,1.6933774281722322,3.370190581302842,3.799325672844327,False,2,초고령 산간 오지형,65.9939031678188
4817035000,1676.0,907.0,423.0,280.0,434.1242323011094,234.9347724923068,109.56715409508904,434.1242323011094,234.9347724923068,109.56715409508904,72.52672138682018,0.7409759950470707,0.7409024058230044,0.0039538654164731,616.1276857320572,4452.053595894696,1530.2903078012855,5735.30743716971,9680.187569480247,5739.214829365783,0.0,0.0539116129844743,190.1196419296484,0.2590240049529292,0.2590240049529292,0.2590240049529292,76,경상남도 진주시 진성면,48170,경상남도 진주시,False,0.5411694510739857,2.279026987675507,3.1847738276256456,3.7588524814923683,False,2,초고령 산간 오지형,60.85374567366257
5181034000,2350.0,636.0,248.0,163.0,928.1897305225148,251.20368877119972,97.95363964663134,867.4612761255706,234.7682432407927,91.54484956559212,60.16859064190128,0.605025646586164,0.605025646586164,0.0,1621.6936109897676,51806.562896768286,2261.487761584425,16419.37927721907,25039.40705765062,2736.2037048258712,0.1642664456650122,0.577519108987484,211.2200235791444,0.394974353413836,0.3691324579257747,0.3691324579257747,147,강원특별자치도 인제군 서화면,51810,강원특별자치도 인제군,False,0.27063829787234045,2.324735086767657,3.354394241831779,3.437148426596545,False,0,농촌 생활권 외곽형,86.66057867038995
5013062000,3734.0,1108.0,515.0,332.0,792.1103374275888,235.04505995441036,109.24928328205895,790.5547386903942,234.58346290009553,109.03473230464728,70.2903516993066,0.7878654693552253,0.7878654693552253,0.0,626.9999082897838,61418.43854816458,4103.415830727881,3693.916438871789,21139.6333042882,3843.2776203475223,0.0057837180592562,0.3272535384009797,223.07219645124536,0.2121345306447747,0.2117179268051403,0.2117179268051403,67,제주특별자치도 서귀포시 예래동,50130,제주특별자치도 서귀포시,True,0.2967327262988752,2.3484454435233038,3.613145529601516,3.5847017569936797,False,0,농촌 생활권 외곽형,49.66552442797877
5274035000,2094.0,930.0,463.0,287.0,604.3129549441311,268.39114044796656,133.6183849757081,526.5751088873022,233.8657360387732,116.42993095263654,72.17146907863216,0.7114073758624015,0.7114073758624015,0.0,632.152543752357,35262.87745442102,1648.1417976490604,4604.052843658575,21997.199055251916,4627.742864372323,0.1013374813413824,0.2741049003539126,88.70049748750967,0.2885926241375984,0.2514685333750249,0.2514685333750249,77,전북특별자치도 장수군 계남면,52740,전북특별자치도 장수군,False,0.44412607449856734,1.9479260556318885,3.216994573433525,3.6653692198374848,False,0,농촌 생활권 외곽형,58.809873648341004
1278033000,990.0,538.0,298.0,195.0,429.4609394153959,233.383823641902,129.2720807533212,429.4609394153959,233.383823641902,129.2720807533212,84.59079109697193,0.5662010712975798,0.5662010712975798,0.0,900.8719666998086,18381.022282626225,2536.184623543654,7201.542258117266,20003.556063813063,7839.883227383463,0.0,0.0,71.08435514285708,0.4337989287024201,0.4337989287024201,0.4337989287024201,56,전남광주통합특별시 강진군 대구면,46810,전라남도 강진군,False,0.5434343434343434,1.8517740279763797,3.4041808651670094,3.8943095940516987,False,2,초고령 산간 오지형,101.24165267233164
4783032000,1710.0,929.0,433.0,285.0,429.2081121091461,233.17797435637232,108.68252195512297,429.2081121091461,233.17797435637232,108.68252195512297,71.53468535152435,0.7490011040297392,0.7490011040297392,0.0,605.1689004056275,21479.913022906225,2337.590962736956,6723.115844900212,7219.841763929272,2822.5033775452403,0.0995917495843638,0.4979950733919734,59.45600810753144,0.2509988959702608,0.2509988959702608,0.2509988959702608,77,경상북도 고령군 운수면,47830,경상북도 고령군,False,0.5432748538011696,1.7741957471987333,3.3687685195856623,3.450634470295281,False,0,농촌 생활권 외곽형,58.52741412803124
4773032000,1479.0,894.0,430.0,276.0,385.3802546097995,232.94790238077132,112.04429309142245,385.3802546097995,232.94790238077132,112.04429309142245,71.91680207728511,0.7394318765315757,0.7394318765315757,0.0,663.5321062849995,12324.49102883103,2186.7110145692095,11482.065160736503,18118.17498656735,9561.23535046286,0.0,0.0,53.40525121663043,0.2605681234684243,0.2605681234684243,0.2605681234684243,93,경상북도 의성군 점곡면,47730,경상북도 의성군,False,0.6044624746450304,1.7275839623147053,3.3397913925160836,3.9805140085133774,False,2,초고령 산간 오지형,60.69879778926327
4315031000,1658.0,894.0,354.0,246.0,443.25809146782905,239.0064739277679,94.6401473942168,430.7081827121297,232.2395146831387,91.96061319667908,63.90483289938716,0.7326549508637943,0.7326549508637943,0.0,619.7503617013074,8514.891990925718,2256.1986033244757,8202.880241581852,10587.491825959329,3232.108316325082,0.0437245967376748,0.4202969107976811,46.24785405864831,0.2673450491362057,0.2597757434934437,0.2597757434934437,119,충청북도 제천시 금성면,43150,충청북도 제천시,False,0.5392038600723763,1.6650915858943094,3.3533773260433914,3.509485906679912,False,0,농촌 생활권 외곽형,60.330192595368885
4887034000,2089.0,1074.0,547.0,357.0,450.5389999912095,231.63182670682573,117.97263427247084,450.5389999912095,231.63182670682573,117.97263427247084,76.99493681036945,0.7843279080942032,0.7843279080942032,0.0,567.3428870371821,55364.71250916892,2364.9236732402474,3791.5533835660754,10095.414366801544,4625.323169794729,0.0,0.1697988446513903,101.87427874347024,0.2156720919057967,0.2156720919057967,0.2156720919057967,86,경상남도 함양군 수동면,48870,경상남도 함양군,False,0.5141215892771661,2.0080645470109557,3.373817128657129,3.665142082146472,False,2,초고령 산간 오지형,49.95652061782209
4776035000,1912.0,1002.0,476.0,311.0,441.99377077354336,231.6306267338339,110.0361061130788,441.99377077354336,231.6306267338339,110.0361061130788,71.89333823774686,0.7688317098464731,0.7688317098464731,0.0,614.286736556512,29032.547834432924,2852.311151780805,9712.221594779092,16435.284092675694,10891.53376667239,0.0,0.0,74.5729445133633,0.2311682901535268,0.2311682901535268,0.2311682901535268,142,경상북도 영양군 석보면,47760,경상북도 영양군,False,0.5240585774058577,1.872581291550606,3.455196899907242,4.0370890422442,False,2,초고령 산간 오지형,53.54565592925018
4882032000,1678.0,939.0,478.0,281.0,427.94101795766505,239.4735493815539,121.90453312500829,413.8486415334958,231.58752943978104,117.89013745709832,69.30361637122307,0.744969595972786,0.744969595972786,0.0,636.4598771645436,33196.661189391096,2428.4124566958244,12697.804433676843,13139.801006000564,3177.996025507553,0.0626500819066029,0.4304531744349028,71.9953628677566,0.255030404027214,0.2466320867303312,0.2466320867303312,64,경상남도 고성군 하일면,48820,경상남도 고성군,False,0.5595947556615017,1.85730452496183,3.385322451947734,3.5021533497306376,False,0,농촌 생활권 외곽형,57.11691564645521
4775031500,1795.0,933.0,435.0,273.0,444.88537128384854,231.24125426620097,107.8134465228268,444.88537128384854,231.24125426620097,107.8134465228268,67.6622319557051,0.7521529964992487,0.7521529964992487,0.0,620.2046551111545,27192.30574530198,3693.4916412868815,9651.131546612354,38558.27407817499,13071.182326869555,0.0,0.0,55.67031926304731,0.2478470035007512,0.2478470035007512,0.2478470035007512,113,경상북도 청송군 주왕산면,47750,경상북도 청송군,False,0.5197771587743732,1.7456237119443039,3.5674371205095463,4.116314872569967,False,2,초고령 산간 오지형,57.31245195563321
4885038000,1545.0,911.0,495.0,329.0,391.4985489244197,230.8447754499329,125.43157392724126,391.4985489244197,230.8447754499329,125.43157392724126,83.36765216578257,0.7466028809550681,0.7466028809550681,0.0,608.4733102247452,6888.614435831082,2505.666652344942,8021.128446911911,24143.309731236077,7850.450800598545,0.0,0.0,54.15465961268942,0.2533971190449318,0.2533971190449318,0.2533971190449318,72,경상남도 하동군 양보면,48850,경상남도 하동군,False,0.5896440129449838,1.7336358304353268,3.398923293044121,3.8948945961836072,False,2,초고령 산간 오지형,58.495401045587194
5219036000,1361.0,829.0,445.0,309.0,377.360030046226,229.8541255755484,123.38369828844274,377.360030046226,229.8541255755484,123.38369828844274,85.67542195759283,0.7227332622731624,0.7227332622731624,0.0,637.3836995424128,9229.423253032832,1740.5925719812824,8687.258430261472,10958.231208652836,10303.625922566853,0.0,0.0,44.90387566101209,0.2772667377268376,0.2772667377268376,0.2772667377268376,78,전북특별자치도 남원시 대강면,52190,전북특별자치도 남원시,False,0.6091109478324761,1.6522838266503497,3.2406971258286013,4.01299008305979,False,2,초고령 산간 오지형,63.73090355138717
5271039000,2488.0,1135.0,568.0,355.0,502.8228461396456,229.38260866901035,114.79235394184836,502.8228461396456,229.38260866901035,114.79235394184836,71.74522121365523,0.7979007853136473,0.7979007853136473,0.0,552.9690356066109,16584.83150197045,2235.434457200736,8427.33259650365,15777.266851042716,7679.569552422925,0.0,0.0003236741860233,65.05989701019175,0.2020992146863527,0.2020992146863527,0.2020992146863527,121,전북특별자치도 완주군 화산면,52710,전북특별자치도 완주군,False,0.4561897106109325,1.8133133714582723,3.3493619409035187,3.8853368780723336,False,2,초고령 산간 오지형,46.35804507471395
4717043000,1517.0,929.0,451.0,305.0,372.4050041098438,228.0581732485464,110.71500122184544,372.4050041098438,228.0581732485464,110.71500122184544,74.87378131410834,0.7545121924127596,0.7545121924127596,0.0,585.9613355616893,16891.17790483456,2742.8591213240056,12474.934578794126,13668.244880151817,13139.95124921923,0.0,0.0,29.30795636686633,0.2454878075872404,0.2454878075872404,0.2454878075872404,137,경상북도 안동시 녹전면,47170,경상북도 안동시,False,0.6123928806855636,1.4669855362980009,3.4382035019527573,4.1185937539426085,False,2,초고령 산간 오지형,55.98550095313669
4889037000,1100.0,709.0,338.0,216.0,352.1524724007281,226.9782753928329,108.20685061040552,352.1524724007281,226.9782753928329,108.20685061040552,69.14994003505205,0.679861388726611,0.679861388726611,0.0,658.9319834816694,38813.95988754848,1777.846567141309,6074.016751239085,13694.347355646014,5375.178763341695,0.0,0.2044855968518509,62.43936607708942,0.3201386112733891,0.3201386112733891,0.3201386112733891,64,경상남도 합천군 쌍책면,48890,경상남도 합천군,False,0.6445454545454545,1.795458485187632,3.2498942774895494,3.7303929122419452,False,2,초고령 산간 오지형,72.66450987349039
1276040000,1428.0,793.0,431.0,293.0,407.7354219178266,226.4245025075886,123.06300199340566,407.7354219178266,226.4245025075886,123.06300199340566,83.65999903496024,0.7144709930547433,0.7144709930547433,0.0,634.8549698500101,20556.452896631487,2517.0290302729168,9470.559620429394,17424.8185803492,12116.038595488648,0.0,0.0,106.7852512487428,0.2855290069452568,0.2855290069452568,0.2855290069452567,87,전남광주통합특별시 화순군 동복면,46790,전라남도 화순군,False,0.5553221288515406,2.0285112738198516,3.4008882245331185,4.0833606481026345,False,2,초고령 산간 오지형,64.65076334906558
1278037000,1629.0,884.0,502.0,341.0,414.8147327274744,225.10510971828563,127.83118221558756,414.8147327274744,225.10510971828563,127.83118221558756,86.83353214246087,0.7453562107259212,0.7453562107259212,0.0,597.6614319110448,11537.383471264297,2183.804714997023,5242.431988824031,10467.773619840003,9128.647861138026,0.0,0.0,76.05554429381009,0.2546437892740788,0.2546437892740788,0.2546437892740787,76,전남광주통합특별시 강진군 작천면,46810,전라남도 강진군,False,0.5426642111724984,1.8811308787235568,3.339213799329785,3.960406454430851,False,2,초고령 산간 오지형,57.32161812362152
4372038500,1749.0,965.0,445.0,286.0,406.5267968854361,224.29866151769343,103.43306152888456,406.5267968854361,224.29866151769343,103.43306152888456,66.4760799938449,0.7675661538676751,0.7675661538676751,0.0,591.6954072692031,21510.75135905966,1937.3082990441987,2875.771218073337,12893.870251775208,10901.471732020023,0.0,0.0,75.76115834430513,0.2324338461323248,0.2324338461323248,0.2324338461323248,85,충청북도 보은군 회인면,43720,충청북도 보은군,False,0.551743853630646,1.8794466061574937,3.287198738901568,4.037485132981777,False,2,초고령 산간 오지형,52.13460057888995
5123032000,1150.0,612.0,226.0,138.0,420.81189512785687,223.94511288543345,82.69868547730057,420.81189512785687,223.94511288543345,82.69868547730057,50.49742741534283,0.6340766129322983,0.6340766129322983,0.0,1028.830444811398,11920.093975665462,3817.645478213818,17068.520287820487,19906.08996285432,14338.136636419587,0.0,0.0,35.08743135200369,0.3659233870677016,0.3659233870677016,0.3659233870677016,152,강원특별자치도 삼척시 하장면,51230,강원특별자치도 삼척시,False,0.5321739130434783,1.5451515759531431,3.581795595612331,4.15649271471373,False,2,초고령 산간 오지형,81.9467542242966
5111038000,924.0,547.0,229.0,141.0,377.96248106886065,223.750516390332,93.672519658841,377.96248106886065,223.750516390332,93.672519658841,57.67609289037809,0.5909496958129214,0.5909496958129214,0.0,1477.0876403549437,25804.47702024945,4300.258120388587,14525.370397573452,16489.54848462066,13982.941739059805,0.0,0.0,39.348817466510525,0.4090503041870786,0.4090503041870786,0.4090503041870786,117,강원특별자치도 춘천시 북산면,51110,강원특별자치도 춘천시,False,0.591991341991342,1.5949316852214852,3.633494524625165,4.145598548136583,False,2,초고령 산간 오지형,91.52521679148121
4717042000,1333.0,829.0,409.0,260.0,358.277132415385,222.81451070694231,109.92899261657348,358.277132415385,222.81451070694231,109.92899261657348,69.88151119879977,0.7312249569276932,0.7312249569276932,0.0,614.9058087604764,21110.80893556522,3404.9424341914005,16702.278368499123,19686.019756684236,16716.733146777893,0.0,0.0,30.92465954410165,0.2687750430723068,0.2687750430723068,0.2687750430723067,160,경상북도 안동시 도산면,47170,경상북도 안동시,False,0.6219054763690923,1.4903049270907498,3.5321097738921647,4.223151409768662,False,2,초고령 산간 오지형,59.88697971239339
4773035000,1461.0,858.0,363.0,229.0,379.2661606397136,222.73125655638208,94.23245469693089,379.2661606397136,222.73125655638208,94.23245469693089,59.44692045619056,0.7404064608899976,0.7404064608899976,0.0,651.0658908010695,14540.274393168953,2005.486159567378,10394.604977021729,27173.795173868508,10271.235557717302,0.0,0.0,70.98028304262418,0.2595935391100024,0.2595935391100024,0.2595935391100024,90,경상북도 의성군 춘산면,47730,경상북도 의성군,False,0.5872689938398358,1.8511377268177833,3.302219669137782,4.011622689324935,False,2,초고령 산간 오지형,57.81959515988915
4888038000,1332.0,795.0,401.0,277.0,371.46714137108694,221.7089920345451,111.83057334069508,371.46714137108694,221.7089920345451,111.83057334069508,77.24954816801132,0.7211207647364213,0.7211207647364213,0.0,625.4341041948223,61600.632121337425,3392.8145495621775,5617.8041113400695,6671.03778864787,4320.610605665639,0.0,0.1187296154103227,68.26829049590918,0.2788792352635788,0.2788792352635788,0.2788792352635788,82,경상남도 거창군 남하면,48880,경상남도 거창군,False,0.5968468468468469,1.8342190278335302,3.5305601218605838,3.6355451273547255,False,2,초고령 산간 오지형,61.83003414965282
5279037000,1609.0,905.0,488.0,325.0,391.448230384406,220.17442417519416,118.72388839502185,391.448230384406,220.17442417519416,118.72388839502185,79.06816337783216,0.756713343452824,0.756713343452824,0.0,585.8432042409713,19786.78285316834,2125.7271057207117,6039.874393564724,12082.786691724414,11057.854621268529,0.0,0.0,52.244226645753734,0.2432866565471758,0.2432866565471758,0.2432866565471758,74,전북특별자치도 고창군 성송면,52790,전북특별자치도 고창군,False,0.562461155997514,1.7180383048419385,3.32750751038168,4.043670875926836,False,2,초고령 산간 오지형,53.56549951478266
1280035000,2001.0,980.0,517.0,346.0,449.12127697461887,219.959445994566,116.03983018284757,449.12127697461887,219.959445994566,116.03983018284757,77.65915134093859,0.7755515857198306,0.7755515857198306,0.0,581.8451149956048,18129.17251940396,2322.1316149988993,4731.270544382313,21682.47498120109,4701.3693989869835,0.0,0.0644116337563836,57.17804658234404,0.2244484142801693,0.2244484142801693,0.2244484142801693,87,전남광주통합특별시 영암군 도포면,46830,전라남도 영암군,False,0.4897551224387806,1.7572293141384403,3.365886831271575,3.672224376191205,False,2,초고령 산간 오지형,49.369548859424874
4725046000,1842.0,1037.0,576.0,383.0,390.70286049631886,219.95595349331305,122.17418438972835,390.70286049631886,219.95595349331305,122.17418438972835,81.23734830080897,0.7878920409900549,0.7878920409900549,0.0,573.7115744682466,5824.349557085851,1955.6413620523952,5647.887410178065,7787.374910782384,6577.682858978464,0.0,0.0,51.856860148372974,0.212107959009945,0.212107959009945,0.212107959009945,101,경상북도 상주시 이안면,47250,경상북도 상주시,False,0.5629750271444083,1.7148062173790073,3.291289214069989,3.818072930272213,False,2,초고령 산간 오지형,46.65440836755301
4888035000,1795.0,950.0,471.0,324.0,414.77250136537225,219.5174798312555,108.83445579002247,414.77250136537225,219.5174798312555,108.83445579002247,74.8670141740282,0.7689289685986783,0.7689289685986783,0.0,589.094631590099,61086.442549572006,1819.7128975537692,2514.2256647495633,12481.18828384341,8135.947265414462,0.0,0.0,105.07255553405304,0.2310710314013216,0.2310710314013216,0.2310710314013216,71,경상남도 거창군 위천면,48880,경상남도 거창군,False,0.5292479108635098,2.021489295128382,3.2600028732357487,3.9104081249670815,False,2,초고령 산간 오지형,50.72413047522702
4373033000,1876.0,1061.0,488.0,313.0,388.084104223479,219.48679881722347,100.95151538435914,388.084104223479,219.48679881722347,100.95151538435914,64.7496399903779,0.7931321406058214,0.7931321406058214,0.0,552.2490990484296,18882.73561412333,2297.4639739627655,8138.299414251515,12934.211280216072,9063.988308888447,0.0,0.0,63.53782353794505,0.2068678593941786,0.2068678593941786,0.2068678593941785,111,충청북도 옥천군 안내면,43730,충청북도 옥천군,False,0.5655650319829424,1.8030323341667738,3.3612487100334065,3.957319336684499,False,2,초고령 산간 오지형,45.40476423659975
1279039000,2209.0,1078.0,612.0,398.0,449.4503193490962,219.3333835483593,124.51950902745446,449.4503193490962,219.3333835483593,124.51950902745446,80.97837351785437,0.7965367499551398,0.7965094100098998,8.201983571971231e-05,566.4468669447625,10085.256918569708,4243.665982338566,7715.616688675379,8586.225577070645,4297.997861680948,0.0,0.0056442957260854,52.68610355830922,0.2034632500448602,0.2034632500448602,0.2034632500448602,112,전남광주통합특별시 해남군 마산면,46820,전라남도 해남군,False,0.48800362154821186,1.7216960811748396,3.627741193387653,3.6332661950873937,False,2,초고령 산간 오지형,44.62628306008506
4874037000,2046.0,1040.0,509.0,337.0,433.96946229821737,220.59053802059927,107.96209985815868,429.4833027934322,218.3101832381082,106.84604160403566,70.74089591465622,0.7878937134417314,0.7878937134417314,0.0,565.2025258412715,29256.451828946218,1619.7057114877375,3514.460682562372,9490.743062058256,2148.15732712708,0.1230794658154118,0.6789910213564058,119.37970913014276,0.2121062865582685,0.2099136377289502,0.2099136377289502,56,경상남도 창녕군 계성면,48740,경상남도 창녕군,False,0.5083088954056696,2.0769305163940888,3.2094361136246485,3.332066085128559,False,0,농촌 생활권 외곽형,45.82628471678498
1279036000,1774.0,971.0,545.0,345.0,424.2608244557689,232.21942533627484,130.33943028658064,392.9134793528611,215.06143655672383,120.70904523523636,76.41214790120468,0.7608450820429713,0.7608450820429713,0.0,568.8517629387183,26125.997711871063,2461.723865140199,2796.843968137819,18333.74271935655,2727.511718425834,0.1954451942027804,0.4500198956891884,76.55689964363336,0.2391549179570287,0.2214844866701584,0.2214844866701584,78,전남광주통합특별시 해남군 북일면,46820,전라남도 해남군,False,0.5473506200676438,1.8839843373220027,3.3912393359341966,3.4357666251583607,False,0,농촌 생활권 외곽형,47.632771878312816
5272036000,1752.0,865.0,412.0,250.0,432.21532628758627,213.39398244221584,101.6396771863502,432.21532628758627,213.39398244221584,101.6396771863502,61.67456139948435,0.7533017544020626,0.7533017544020626,0.0,596.6408962395574,12920.325049987192,2115.9148586883653,8938.515485344413,17717.097192964135,8724.354327862287,0.0,0.0,50.53790861661542,0.2466982455979373,0.2466982455979373,0.2466982455979373,121,전북특별자치도 진안군 성수면,52720,전북특별자치도 진안군,False,0.4937214611872146,1.7036172657782656,3.3254981883415256,3.940733295548394,False,2,초고령 산간 오지형,52.643921089651684
4721032000,1310.0,765.0,392.0,254.0,359.3506000930777,209.84977791694993,107.53086659273774,359.3506000930777,209.84977791694993,107.53086659273774,69.67561253713109,0.7256865648144445,0.7256865648144445,0.0,681.640721290922,11581.564838921244,2650.3807206986353,12180.144741932738,11412.937418175788,10811.994690790854,0.0,0.0,57.90738963090274,0.2743134351855554,0.2743134351855554,0.2743134351855554,116,경상북도 영주시 평은면,47210,경상북도 영주시,False,0.583969465648855,1.7627339880995587,3.4233082637565437,4.033905823767272,False,2,초고령 산간 오지형,57.56461345332444
4773036000,1425.0,830.0,368.0,222.0,359.6701865659876,209.49210866650503,92.88324817984802,359.6701865659876,209.49210866650503,92.88324817984802,56.03282906501701,0.7475998690765,0.7475998690765,0.0,614.3917364474062,7458.338974312467,1835.837504675641,6734.441013888744,20313.660957924916,6417.391677134033,0.0,0.0,66.253302101478,0.2524001309235,0.2524001309235,0.2524001309235,68,경상북도 의성군 가음면,47730,경상북도 의성군,False,0.5824561403508772,1.8212075286271427,3.2638342378969085,3.807358546697592,False,2,초고령 산간 오지형,52.87583565486596
5177036000,1534.0,724.0,268.0,178.0,451.9540630628433,213.3081757871568,78.95937998751108,443.3175332952351,209.23200398028044,77.45052081038006,51.44101755316287,0.7053754478077945,0.7053754478077945,0.0,932.1615654337973,9184.58085761806,2828.3427444039576,11500.565653572676,13055.561984773394,4345.319402531028,0.1207583079343196,0.1958336038898556,57.601238667588795,0.2946245521922055,0.2889944806357464,0.2889944806357464,139,강원특별자치도 정선군 화암면,51770,강원특별자치도 정선군,False,0.47196870925684486,1.76043182267173,3.4515320370144944,3.638021704756721,False,2,초고령 산간 오지형,60.466894322657566
4887037000,1278.0,731.0,353.0,237.0,365.3425800747398,208.97138187373616,100.91230889388352,365.3425800747398,208.97138187373616,100.91230889388352,67.75132353498695,0.7141294365612365,0.7141294365612365,0.0,659.7598115985099,47456.97159351554,2814.6579281167255,6823.646441606304,16974.538806737695,11987.06102773528,0.0,0.0,69.56525398075686,0.2858705634387635,0.2858705634387635,0.2858705634387635,66,경상남도 함양군 서하면,48870,경상남도 함양군,False,0.5719874804381847,1.8423923750656084,3.44942562158226,4.078712716385355,False,2,초고령 산간 오지형,59.73876667882197
4888041000,1292.0,775.0,388.0,268.0,346.48905206209724,207.83979516108775,104.05398777097038,346.48905206209724,207.83979516108775,104.05398777097038,71.8723420686084,0.7318196191469836,0.7318196191469836,0.0,667.0191800548444,50418.388159641145,2488.882110130418,10679.33886973308,17492.629978268895,10631.980754820162,0.0,0.0,45.7182805628302,0.2681803808530164,0.2681803808530164,0.2681803808530164,102,경상남도 거창군 가북면,48880,경상남도 거창군,False,0.5998452012383901,1.6600898884748427,3.3960043260451656,4.0266141818094905,False,2,초고령 산간 오지형,55.738555422713425
1276034000,1644.0,919.0,506.0,335.0,371.7532918871704,207.81099467415424,114.42041708936024,371.7532918871704,207.81099467415424,114.42041708936024,75.7526476777385,0.773872693499288,0.7738587649733157,0.0686379746790097,611.0901607811178,4172.901903433507,3828.3288041597343,4023.457619447752,16557.23104623309,7176.568165768356,0.0,0.0,77.3386300092378,0.2261273065007119,0.2261273065007119,0.2261273065007119,122,전남광주통합특별시 화순군 이양면,46790,전라남도 화순군,False,0.5590024330900243,1.8883964746325983,3.5830092310117485,3.8559168143016644,False,2,초고령 산간 오지형,46.991740486900284
4783036000,1518.0,831.0,430.0,254.0,379.55528024160986,207.78026210854927,107.51565909347316,379.55528024160986,207.78026210854927,107.51565909347316,63.509249790098096,0.7499635835035509,0.7499635835035509,0.0,613.9320854059093,26758.054993086094,1915.605152211782,6326.118204111265,11439.92898580655,5718.109069473198,0.0,0.0692272486500117,62.257558624455626,0.2500364164964492,0.2500364164964492,0.2500364164964492,77,경상북도 고령군 우곡면,47830,경상북도 고령군,False,0.5474308300395256,1.7941920862032938,3.2823059964506167,3.757252435005634,False,2,초고령 산간 오지형,51.95263215631461
1272039000,1657.0,798.0,428.0,295.0,445.5997606505116,214.59783282987823,115.0975845252981,430.76971765913294,207.455784364507,111.2670121654248,76.69104810467364,0.7310804099876212,0.7310804099876212,0.0,645.3384384207443,16203.544131684976,1529.8862040985714,4707.94334422206,13402.373977936586,3097.184066954798,0.0270502526979223,0.5259379492907339,77.32069285350059,0.2689195900123787,0.259969654592114,0.259969654592114,71,전남광주통합특별시 곡성군 겸면,46720,전라남도 곡성군,False,0.4815932407966204,1.8882957369900373,3.184659128353533,3.4909670164279234,False,0,농촌 생활권 외곽형,53.932208604376974
4481034000,1628.0,976.0,443.0,265.0,348.15486678824476,208.72183660032363,94.73747296510592,345.83009155242786,207.3281138545268,94.10487134995428,56.292981733042616,0.7861456592209798,0.7861456592209798,0.0,559.3830236879668,7338.75545394797,1945.299464811876,5565.381891703687,6606.447963081322,2170.1260909669054,0.1272208042538857,0.6293371886444967,57.842437942381146,0.2138543407790201,0.2124263461624249,0.2124263461624249,78,충청남도 예산군 대흥면,44810,충청남도 예산군,False,0.5995085995085995,1.7622465893108552,3.288986467309142,3.3364849684200664,False,0,농촌 생활권 외곽형,44.04195368286435
4888034000,1478.0,807.0,412.0,286.0,378.375761418698,206.5962377976247,105.4741635348468,378.375761418698,206.5962377976247,105.4741635348468,73.21750187127715,0.7439947487018281,0.7439947487018281,0.0,621.9666795807424,55145.987655705416,1816.4056138523836,7966.220527803401,20192.116190613517,13046.30392375214,0.0,0.0,70.0568266285765,0.2560052512981718,0.2560052512981718,0.2560052512981718,101,경상남도 거창군 북상면,48880,경상남도 거창군,False,0.5460081190798376,1.8454504611445124,3.2592128354780727,4.115487491530561,False,2,초고령 산간 오지형,52.88972177463777
4775033000,2033.0,933.0,467.0,283.0,449.12420173776394,206.11553380291872,103.16822538688427,449.12420173776394,206.11553380291872,103.16822538688427,62.51950275051018,0.7790830291501407,0.7790830291501407,0.0,593.767671037701,38558.816097542905,3114.1215314444344,3475.8243411080116,42051.93494438366,8346.730810230414,0.0,0.0,120.35295538496293,0.2209169708498592,0.2209169708498592,0.2209169708498592,89,경상북도 청송군 현동면,47750,경상북도 청송군,False,0.4589276930644368,2.0804567592693144,3.4933355573026796,3.9215164073293622,False,2,초고령 산간 오지형,45.534419372842564
4476034000,1427.0,826.0,426.0,283.0,354.0198150165852,204.9196686781355,105.68496229647182,354.0198150165852,204.9196686781355,105.68496229647182,70.20855476502705,0.7519132340458408,0.7519132340458408,0.0,604.8572764213876,19190.974472984824,2115.429599637211,7065.156917906983,15596.631585486808,4083.2411766140553,0.0,0.30852665019488,47.05001122115282,0.2480867659541592,0.2480867659541592,0.2480867659541592,79,충청남도 부여군 내산면,44760,충청남도 부여군,False,0.5788367203924317,1.672559731339985,3.325398576820313,3.6110050322813865,False,2,초고령 산간 오지형,50.83785788275645
5272035000,2001.0,901.0,426.0,260.0,454.05356589657663,204.44890698291633,96.66507699747208,454.05356589657663,204.44890698291633,96.66507699747208,58.997464834137894,0.7730866737148543,0.7730866737148543,0.0,619.3755168088577,15555.187470464958,1880.4772360347588,12473.274381399278,16074.454533337224,11920.339082595365,0.0,0.0,68.61337361389324,0.2269133262851457,0.2269133262851457,0.2269133262851457,110,전북특별자치도 진안군 백운면,52720,전북특별자치도 진안군,False,0.45027486256871563,1.8364087734421073,3.2742680804734783,4.076288609397974,False,2,초고령 산간 오지형,46.3921815388559
5272037000,1711.0,854.0,468.0,281.0,407.7132076996502,203.49916971098847,111.5194513170288,407.7132076996502,203.49916971098847,111.5194513170288,66.9593286753955,0.7617105741089129,0.7617105741089129,0.0,579.5313859631074,17875.706841137264,1572.3624158914283,10934.537056729334,11812.989106816647,9688.885036928225,0.0,0.0,90.85017253951996,0.2382894258910872,0.2382894258910872,0.2382894258910872,70,전북특별자치도 진안군 마령면,52720,전북특별자치도 진안군,False,0.49912331969608414,1.9583257564419647,3.196552654350521,3.986273802833032,False,2,초고령 산간 오지형,48.49170031974437
4792036000,1350.0,682.0,303.0,197.0,400.9036805052155,202.53060007744963,89.98060384672617,400.9036805052155,202.53060007744963,89.98060384672617,58.502240784835166,0.7030343107368774,0.7030343107368774,0.0,741.7658362106963,13817.11159648103,2551.363802791171,18523.06108179801,26391.032976927017,25670.713105304025,0.0,0.0,61.176309910569785,0.2969656892631226,0.2969656892631226,0.2969656892631226,158,경상북도 봉화군 재산면,47920,경상북도 봉화군,False,0.5051851851851852,1.7865832772611243,3.406772389726849,4.409437933081143,False,2,초고령 산간 오지형,60.144639248873666
5219041000,1563.0,840.0,477.0,317.0,375.3303580185883,201.71305229405897,114.54419755269775,375.3303580185883,201.71305229405897,114.54419755269775,76.12266378240082,0.7598654139356441,0.7598654139356441,0.0,610.4544351204044,16717.473714637334,1516.8853654933707,9020.835596979196,11226.75510908322,6273.418757209439,0.0018358463801987,0.118806655537053,76.95045880920762,0.2401345860643559,0.2401345860643559,0.2401345860643559,71,전북특별자치도 남원시 산동면,52190,전북특별자치도 남원시,False,0.5374280230326296,1.8862112136114622,3.1809527613966146,3.7975042781120796,False,2,초고령 산간 오지형,48.43828031641162
1277034000,1871.0,993.0,583.0,412.0,378.8712577594056,201.0791870417369,118.0555549298415,378.8712577594056,201.0791870417369,118.0555549298415,83.4286254392705,0.7975033363124503,0.7975033363124503,0.0,572.8351137725468,8302.627575461907,2488.832286808953,13483.83575230384,15040.676880980807,12224.109907005906,0.0,0.0,76.13045622824515,0.2024966636875497,0.2024966636875497,0.2024966636875497,125,전남광주통합특별시 장흥군 장평면,46800,전라남도 장흥군,False,0.5307322287546766,1.8815584324048402,3.39599563209776,4.087217245992054,False,2,초고령 산간 오지형,40.7178645129565
4479035000,1765.0,909.0,442.0,282.0,389.98787399915017,200.84927901712604,97.66268572669937,389.98787399915017,200.84927901712604,97.66268572669937,62.309677318844386,0.7790436974509064,0.7790436974509064,0.0,542.1944706036954,18332.72818830684,1835.2309132042153,8014.964088417886,11096.438490011604,6986.703015512965,0.0,0.0,61.198338194458614,0.2209563025490935,0.2209563025490935,0.2209563025490935,82,충청남도 청양군 청남면,44790,충청남도 청양군,False,0.515014164305949,1.7867396292897544,3.2636907160110598,3.8442722830475096,False,2,초고령 산간 오지형,44.378914061275395
1276032000,1594.0,880.0,466.0,318.0,362.6754730569331,200.2223439712052,106.0268321483882,362.6754730569331,200.2223439712052,106.0268321483882,72.35307429868551,0.7724746091236305,0.7724746091236305,0.0,590.3623789003902,5998.25803932744,2587.536076763837,2622.6690383441055,16706.15756031213,4170.928174744898,0.0,0.2336471247766822,65.60422309564636,0.2275253908763695,0.2275253908763695,0.2275253908763695,84,전남광주통합특별시 화순군 춘양면,46790,전라남도 화순군,False,0.5520702634880803,1.8169317968162537,3.4128864136650643,3.6202327111643324,False,2,초고령 산간 오지형,45.555667074231366
1272040000,1534.0,724.0,318.0,209.0,422.8572349297748,199.57538336972425,87.65880098283468,422.8572349297748,199.57538336972425,87.65880098283468,57.61223083463034,0.7243433931357399,0.7243433931357399,0.0,621.2678618388226,22404.397698147994,2136.0650786006304,5596.6315133900935,10265.75229478595,4798.018323108214,0.0,0.1684350174637383,81.73259144911457,0.2756566068642599,0.2756566068642599,0.2756566068642599,71,전남광주통합특별시 곡성군 오산면,46720,전라남도 곡성군,False,0.47196870925684486,1.9123952690669512,3.3296144800262737,3.6810619021581967,False,2,초고령 산간 오지형,55.014272993332035
4476040000,1487.0,965.0,510.0,357.0,306.312260879936,198.78367972369753,105.05665975034792,306.312260879936,198.78367972369753,105.05665975034792,73.53966182524354,0.7940065495091216,0.7940065495091216,0.0,550.8860452569501,13246.220641408838,1942.5327294852536,7489.005564729968,19756.895077399466,8584.503765923197,0.0,0.0253057911701417,54.98190242366916,0.2059934504908782,0.2059934504908782,0.2059934504908782,71,충청남도 부여군 양화면,44760,충청남도 부여군,False,0.6489576328177539,1.7402197627502243,3.2883683449067194,3.9337151954841127,False,2,초고령 산간 오지형,40.948136087558076
4889039000,1415.0,848.0,418.0,284.0,329.4931195007076,197.46301437215553,97.33436321646346,329.4931195007076,197.46301437215553,97.33436321646346,66.13148122841058,0.7671426717309487,0.7671426717309487,0.0,592.7953803284405,36796.54399556521,2160.348243598598,6946.570733919393,17828.055606249116,4582.563765092058,0.0254067362752402,0.2877876949314964,47.19740807006219,0.2328573282690513,0.2328573282690513,0.2328573282690513,92,경상남도 합천군 청덕면,48890,경상남도 합천군,False,0.5992932862190813,1.673918149232017,3.334523764152212,3.6611085167624484,False,2,초고령 산간 오지형,45.980709958653414
5175032500,1758.0,846.0,302.0,188.0,409.80572557119785,197.21026384142968,70.39893579209428,409.80572557119785,197.21026384142968,70.39893579209428,43.82450307587326,0.7668909410857805,0.7668909410857805,0.0,703.4961622463079,11067.74850525559,4092.649615628005,12578.936368516655,17852.568248329688,12745.430572767473,0.0,0.0,47.286352569789216,0.2331090589142194,0.2331090589142194,0.2331090589142194,139,강원특별자치도 영월군 김삿갓면,51750,강원특별자치도 영월군,False,0.4812286689419795,1.6747358160263113,3.6120045649450523,4.105354511615278,False,2,초고령 산간 오지형,45.97149901230058
1273032000,1411.0,691.0,386.0,266.0,402.3018484290058,197.0167096133544,110.05564386505758,402.3018484290058,197.0167096133544,110.05564386505758,75.841454062449,0.7148817516449286,0.7148817516449286,0.0,644.2178951252322,12636.650960030616,2959.8072208819694,8662.654197311638,28116.66735904926,8140.04946597452,0.0112703778777955,0.0812854338236904,69.81195918531715,0.2851182483550714,0.2851182483550714,0.2851182483550714,82,전남광주통합특별시 구례군 간전면,46730,전라남도 구례군,False,0.4897236002834869,1.8439298261088555,3.471263425371891,3.910627044045774,False,2,초고령 산간 오지형,56.173059141639364
1217042000,1731.0,904.0,451.0,300.0,376.4571498978141,196.60153871035467,98.08328977695793,376.4571498978141,196.60153871035467,98.08328977695793,65.24387346582566,0.7825204217805811,0.7825204217805811,0.0,588.5856156172199,13846.342221944586,3368.2798982587783,6895.0590879773545,11275.626692364434,7396.015731763927,0.0,0.0,49.2080673242441,0.2174795782194188,0.2174795782194188,0.2174795782194188,127,전남광주통합특별시 나주시 다도면,46170,전라남도 나주시,False,0.5222414789139226,1.6920363081980947,3.527408173450682,3.8689978262582274,False,2,초고령 산간 오지형,42.75681971601667
4776032000,1599.0,939.0,460.0,320.0,334.0480197646199,196.16703599685937,96.09886747449978,334.0480197646199,196.16703599685937,96.09886747449978,66.85138606921724,0.7910894185336961,0.7910894185336961,0.0,614.0420641760958,30410.63979386726,3219.2805995742237,10371.528118020751,10624.978830435,10152.616658865883,0.0,0.0,61.07306168612117,0.2089105814663038,0.2089105814663038,0.2089105814663038,148,경상북도 영양군 청기면,47760,경상북도 영양군,False,0.5872420262664165,1.7858496923891505,3.507758832397213,4.006577988461078,False,2,초고령 산간 오지형,40.98136955462524
4721033000,1804.0,944.0,443.0,311.0,373.8325747241225,195.61970650752303,91.8003495580855,373.8325747241225,195.61970650752303,91.8003495580855,64.44674652949118,0.7927757346318612,0.7927757346318612,0.0099953566668713,559.1148069936056,4103.846419965113,2444.2416699755136,7370.350075399502,8937.519455265006,6021.413914980548,0.0,0.1150234871333218,53.14026425791017,0.2072242653681388,0.2072242653681388,0.2072242653681388,100,경상북도 영주시 문수면,47210,경상북도 영주시,False,0.5232815964523282,1.7254237097556067,3.388144143775088,3.779698481851469,False,2,초고령 산간 오지형,40.53714997255238
4812552000,5273.0,916.0,250.0,113.0,1274.156532141739,221.3402964994942,60.40946956863925,1125.1302274206853,195.45216922384748,53.343932648429984,24.11145755709035,0.758362121725443,0.758362121725443,0.0,360.33628565106966,10025.146214798246,1499.4970011116188,1499.351756080496,1140.197745482022,935.6867438014716,0.1538716929290018,0.7678383038475426,1077.4177199057958,0.241637878274557,0.2133757305937199,0.2133757305937199,15,경상남도 창원시마산합포구 가포동,48120,경상남도 창원시,True,0.17371515266451734,3.0323841139554557,3.175945601538041,2.971130476719883,False,1,도시 외곽 도농복합형,41.70474940426583
4790042000,1136.0,651.0,261.0,162.0,340.63330600105996,195.20447377349475,78.26170146679283,340.63330600105996,195.20447377349475,78.26170146679283,48.57622849663003,0.7001467376751233,0.7001467376751233,0.0,682.6337790590915,16026.268495487133,4103.476011061105,15018.886839234188,17912.344425340685,14473.574491016714,0.0,0.0,40.646850119986816,0.2998532623248767,0.2998532623248767,0.2998532623248767,89,경상북도 예천군 효자면,47900,경상북도 예천군,False,0.5730633802816901,1.6090268960921572,3.613151898879226,4.160575800643231,False,2,초고령 산간 오지형,58.53269828139324
4784035500,1151.0,611.0,304.0,174.0,367.32042171815976,194.98938112058696,97.01599322530024,367.32042171815976,194.98938112058696,97.01599322530024,55.528890859217896,0.6808684433378283,0.6808684433378283,0.0,754.305274577711,27264.371515290495,2887.0720756134565,7521.194223290612,16575.17080355932,15033.967865838613,0.0,0.0,50.07470678461381,0.3191315566621718,0.3191315566621718,0.3191315566621718,86,경상북도 성주군 금수강산면,47840,경상북도 성주군,False,0.5308427454387489,1.6996184149362168,3.4604576261566034,4.17707361763391,False,2,초고령 산간 오지형,62.22726472960641
4180035000,977.0,545.0,268.0,156.0,349.41357200267953,194.9134050577895,95.84732578988547,349.41357200267953,194.9134050577895,95.84732578988547,55.7917269523214,0.6423607246646064,0.6423607246646064,0.0,1097.6445279574712,11160.4097142098,2255.514690751764,5193.621942444043,28893.613293349295,8527.265679785009,0.0,0.0,38.74690186135834,0.3576392753353936,0.3576392753353936,0.3576392753353936,106,경기도 연천군 왕징면,41800,경기도 연천군,False,0.5578300921187308,1.5882369827569878,3.353245660115462,3.9308097942917435,False,2,초고령 산간 오지형,69.70868893802188
4777038000,1459.0,933.0,489.0,351.0,304.41806144358657,194.66898651601525,102.02908296498548,304.41806144358657,194.66898651601525,102.02908296498548,73.23559942885461,0.7913515685787618,0.7913515685787618,0.0,589.9060345429156,10491.667551290682,2784.223271783688,12294.696131920076,13194.879591460183,11158.084884335403,0.0,0.0005618663431441,42.69408529024198,0.2086484314212382,0.2086484314212382,0.2086484314212382,143,경상북도 영덕군 창수면,47770,경상북도 영덕군,False,0.6394790952707334,1.630367713345082,3.444704059176883,4.047589660951232,False,2,초고령 산간 오지형,40.61737868292875
5277036000,1942.0,925.0,432.0,287.0,408.13272023757736,194.39895273931975,90.78956495501204,408.13272023757736,194.39895273931975,90.78956495501204,60.31621560668625,0.7898389700115461,0.7898389700115461,0.0,573.1350159929133,20189.343875010825,1903.8109506710264,3621.3202717153854,16461.411088005505,12032.09807091178,0.0,0.0,56.1464317503519,0.2101610299884538,0.2101610299884538,0.2101610299884538,114,전북특별자치도 순창군 쌍치면,52770,전북특별자치도 순창군,False,0.476313079299691,1.7493221609470053,3.279623820541794,4.080341363098152,False,2,초고령 산간 오지형,40.85508413637219
5271037000,1734.0,850.0,418.0,267.0,395.54359496409353,193.89391910004585,95.35018609861078,395.54359496409353,193.89391910004585,95.35018609861078,60.90550164672028,0.7718895069411226,0.7718895069411226,0.0,568.8415296777116,16412.629710443198,2395.579498020543,5735.762237243372,15427.479988126775,4069.24259982208,0.0357013458156983,0.1864327218725959,55.28188508836403,0.2281104930588774,0.2281104930588774,0.2281104930588774,94,전북특별자치도 완주군 비봉면,52710,전북특별자치도 완주군,False,0.49019607843137253,1.7425828438725794,3.3794105876252925,3.609513582363315,False,2,초고령 산간 오지형,44.22923748702954
4885033000,1762.0,916.0,449.0,311.0,370.2462810431725,192.4776353209682,94.34766185492876,370.2462810431725,192.4776353209682,94.34766185492876,65.34993950307981,0.789871577160515,0.7888578384557352,0.0268784612208168,551.7587936915825,3364.6065441635983,1601.1662200870524,4427.312726494154,21384.334231223,3842.66872912851,0.006978457029854,0.4074637401020308,83.30367845402363,0.2101284228394849,0.2101284228394849,0.2101284228394849,73,경상남도 하동군 적량면,48850,경상남도 하동군,False,0.5198637911464246,1.9206641790419932,3.204436419189411,3.584632946183657,False,0,농촌 생활권 외곽형,40.44502194186858
4161035000,1348.0,710.0,305.0,192.0,364.34525863904065,191.9029181259042,82.4371690540856,364.34525863904065,191.9029181259042,82.4371690540856,51.89487363404733,0.7297141998226702,0.7297141998226702,0.0021213492327384,684.9690043548944,6441.275192359165,2198.635358496212,3592.6560527531074,12015.28429401171,3080.5684328775883,0.0,0.3313808861133051,63.20506827524269,0.2702858001773298,0.2702858001773298,0.2702858001773298,73,경기도 광주시 남종면,41610,경기도 광주시,False,0.526706231454006,1.8007519047968892,3.3421532080218563,3.4886308608135734,False,0,농촌 생활권 외곽형,51.86863378202462
4885040000,1267.0,654.0,247.0,140.0,371.07509244905464,191.54152364773617,72.34060602597987,371.07509244905464,191.54152364773617,72.34060602597987,41.00277264630438,0.7071230525263973,0.7071230525263973,0.0,695.6879697840934,13751.859197948825,2769.877092116029,11828.27739423536,33812.658887018886,8934.940581807356,0.0,0.0,52.0910216222948,0.2928769474736027,0.2928769474736027,0.2928769474736027,87,경상남도 하동군 청암면,48850,경상남도 하동군,False,0.516179952644041,1.716762875009475,3.442460498522914,3.95109166875224,False,2,초고령 산간 오지형,56.09809676039186
4773033000,1646.0,923.0,416.0,257.0,340.2863303185594,190.8166967703708,86.00189150213895,340.2863303185594,190.8166967703708,86.00189150213895,53.13097624050411,0.7932646838890891,0.7932646838890891,0.0,578.434551446829,15560.295119060733,2354.1902076483348,12025.262218809878,22306.00229888071,12795.096051738254,0.0,0.0,70.9798045492455,0.2067353161109109,0.2067353161109109,0.2067353161109109,124,경상북도 의성군 옥산면,47730,경상북도 의성군,False,0.5607533414337789,1.8511347991352562,3.37184154890457,4.1070435504485525,False,2,초고령 산간 오지형,39.448550126062436
4715042000,1369.0,795.0,415.0,280.0,327.30427825145466,190.07078247619177,99.2193392800246,327.30427825145466,190.07078247619177,99.2193392800246,66.94316867085998,0.7609172547469286,0.7609172547469286,0.0,579.0058227363661,23644.05196896821,2056.004561906739,3528.1766298036305,23862.70749586887,16958.854692684043,0.0,0.0,84.83305586099569,0.2390827452530713,0.2390827452530713,0.2390827452530713,87,경상북도 김천시 지례면,47150,경상북도 김천시,False,0.5807158509861212,1.9285651114631088,3.3130240739461594,4.2293965190620355,False,2,초고령 산간 오지형,45.44264446680729
4725040000,1792.0,904.0,416.0,260.0,376.0083941433555,189.68280597410345,87.2876629261361,376.0083941433555,189.68280597410345,87.2876629261361,54.55478932883506,0.7901738871967883,0.7901738871967883,0.0,588.1822612853939,21059.083492559806,1907.2966454882269,8828.486363025224,23209.475166658965,8701.008209997335,0.0,0.0014472386117842,86.84676511647307,0.2098261128032117,0.2098261128032117,0.2098261128032117,102,경상북도 상주시 화동면,47250,경상북도 상주시,False,0.5044642857142857,1.9387536464074138,3.2804182449492014,3.939569578442691,False,2,초고령 산간 오지형,39.80040584315195
4776034000,1630.0,803.0,401.0,256.0,384.8126324887958,189.57333980889757,94.66862921963629,384.8126324887958,189.57333980889757,94.66862921963629,60.43683062400719,0.7639186303749719,0.7639186303749719,0.0,674.1676265009539,25577.487411774644,2796.5121092573904,18059.48367218694,19227.59605998421,16530.321139846477,0.0,0.0,56.75514175176693,0.2360813696250281,0.2360813696250281,0.2360813696250281,160,경상북도 영양군 수비면,47760,경상북도 영양군,False,0.49263803680981594,1.7540052127068408,3.446616704219346,4.218281290831489,False,2,초고령 산간 오지형,44.7547337064754
4882031000,1679.0,912.0,424.0,249.0,348.1459756885108,189.10609280995945,87.91774490287587,348.1459756885108,189.10609280995945,87.91774490287587,51.6309398132455,0.792646828059255,0.792646828059255,0.0,592.0677970491872,33287.05173697775,2303.7395224109646,8237.934391097331,8378.313870507402,5737.809297902597,0.0,0.0885385569907932,57.54139416042126,0.2073531719407449,0.2073531719407449,0.2073531719407449,82,경상남도 고성군 삼산면,48820,경상남도 고성군,False,0.5431804645622395,1.7599803801271747,3.362433373026067,3.758746109918189,False,2,초고령 산간 오지형,39.211748177465985
4372040000,1757.0,904.0,381.0,255.0,366.75252264854635,188.69907824375977,79.52914691468193,366.75252264854635,188.69907824375977,79.52914691468193,53.228169194865856,0.7912620815887613,0.7912620815887613,0.0,558.4225078495673,32600.07443404031,2120.240404304569,9332.268305824937,12772.967313923906,9987.983491337847,0.0,0.0,53.29517295210163,0.2087379184112386,0.2087379184112386,0.2087379184112386,99,충청북도 보은군 산외면,43720,충청북도 보은군,False,0.514513375071144,1.7266878759083921,3.326385106373847,3.9994778158552413,False,2,초고령 산간 오지형,39.38865279872186
4725031000,1261.0,708.0,371.0,227.0,331.18681423150025,185.9478703218891,97.43878515454924,331.18681423150025,185.9478703218891,97.43878515454924,59.6188793263684,0.7373617650820775,0.7373617650820775,0.0,622.0543445625857,13684.89134308778,2091.588408046953,7915.944064283131,13518.098156787884,8498.197610123501,0.0,0.0,42.58643953247558,0.2626382349179225,0.2626382349179225,0.2626382349179224,92,경상북도 상주시 중동면,47250,경상북도 상주시,False,0.5614591593973037,1.629271332113279,3.320476226227424,3.929326825598917,False,2,초고령 산간 오지형,48.8370204480877
1282032000,1579.0,824.0,411.0,278.0,356.060021429896,185.809662861453,92.67933426705967,356.060021429896,185.809662861453,92.67933426705967,62.68821149937371,0.7745028363331881,0.7745028363331881,0.0,589.0752046664538,20502.070252590955,2878.121993326966,7432.169123728007,16820.79608896736,4764.766950962452,0.0,0.1311013960717214,49.79369917802482,0.2254971636668118,0.2254971636668118,0.2254971636668119,84,전남광주통합특별시 함평군 신광면,46860,전라남도 함평군,False,0.5218492716909436,1.6971743912468908,3.459109198184977,3.6780416637600406,False,2,초고령 산간 오지형,41.89955195714419
1272034000,1354.0,724.0,381.0,273.0,343.161731287606,183.4926834949976,96.56175747457746,343.161731287606,183.4926834949976,96.56175747457746,69.18992071013031,0.7465570669958597,0.7465570669958597,0.0,651.4470066003174,15581.529939009924,1423.1222745724533,5356.4753298436335,24034.60775896508,4159.488556894458,0.0140341366636461,0.3095642137159388,60.39564169008724,0.2534429330041403,0.2534429330041403,0.2534429330041403,72,전남광주통합특별시 곡성군 목사동면,46720,전라남도 곡성군,False,0.534711964549483,1.7810055999085777,3.153242216240797,3.6190399338542596,False,0,농촌 생활권 외곽형,46.5049238897726
1233069000,1770.0,911.0,522.0,369.0,354.3800075208456,182.3955857918025,104.51207001462224,354.3800075208456,182.3955857918025,104.51207001462224,73.87922190688815,0.799785306485398,0.799785306485398,0.0,580.7539704527783,11229.09225115808,2217.4358620709104,5779.9585949889115,10253.84434894215,6294.45070008831,0.0,0.0018338507846454,69.5514010867646,0.200214693514602,0.200214693514602,0.200214693514602,73,전남광주통합특별시 광산구 본량동,29200,광주광역시 광산구,True,0.5146892655367231,1.842305883114861,3.345851066992368,3.7989578363772556,False,2,초고령 산간 오지형,36.51827630772203
1219031000,1936.0,870.0,439.0,288.0,404.70858285547274,181.868009857573,91.77017968675234,402.31494378393455,180.79235593596232,91.22740719067524,59.84850403397373,0.7909563105085368,0.7909563105085368,0.0,564.4664192346831,7314.034559023325,2918.94157657015,5780.985444365729,6348.591772333588,5111.27285619809,0.0632554336422927,0.2611145498923103,101.07689674981728,0.2090436894914631,0.2078073056735199,0.2078073056735199,78,전남광주통합특별시 광양시 봉강면,46230,전라남도 광양시,False,0.4493801652892562,2.004651899797947,3.4652254025498097,3.7085290656115024,False,0,농촌 생활권 외곽형,37.569972373420335
4885039000,1445.0,802.0,417.0,268.0,324.1445259867466,179.90581995942614,93.54205352005074,324.1445259867466,179.90581995942614,93.54205352005074,60.11815430065611,0.7756785287288951,0.7719420049735679,0.202742015263797,606.3975374274819,2483.313611033849,1286.627206770033,7024.465139103226,23202.552471245406,8809.457214004846,0.0,0.0,73.20520290031021,0.2243214712711049,0.2243214712711049,0.2243214712711049,58,경상남도 하동군 북천면,48850,경상남도 하동군,False,0.5550173010380622,1.8645419486894705,3.1094527306685524,3.9449491506113095,False,2,초고령 산간 오지형,40.356738223532986
5219037000,1416.0,733.0,380.0,268.0,347.13627133839867,179.69695401910045,93.1580389184968,347.13627133839867,179.69695401910045,93.1580389184968,65.70093271093987,0.7548472660039557,0.7548472660039557,0.0,591.5683943330207,4764.7478971357195,1862.4746755673132,6500.454204694295,8079.162883049914,5867.666826868991,0.0,0.0397173609945678,46.61389330590135,0.2451527339960442,0.2451527339960442,0.2451527339960442,69,전북특별자치도 남원시 대산면,52190,전북특별자치도 남원시,False,0.5176553672316384,1.6685153777803814,3.270090376273407,3.7684654461119025,False,2,초고령 산간 오지형,44.05319956854392
2772036000,1195.0,730.0,353.0,220.0,291.8905705931057,178.30972094808965,86.22374177352827,291.8905705931057,178.30972094808965,86.22374177352827,53.73717617613661,0.7557401082902881,0.7484499763551201,0.1003445587353932,606.2929183637722,3929.189651662038,1847.6013846543524,11286.246018503223,25455.419421620867,3613.1901105778434,0.0,0.2559612310037247,62.52063969374682,0.2442598917097118,0.2442598917097118,0.2442598917097118,64,대구광역시 군위군 산성면,27720,대구광역시 군위군,False,0.6108786610878661,1.7960234129498858,3.26660827904946,3.557890812883491,False,2,초고령 산간 오지형,43.55391312956931
4817045000,939.0,494.0,242.0,162.0,333.74654652342167,175.5812502476787,86.01348696343774,333.74654652342167,175.5812502476787,86.01348696343774,57.579276397012045,0.6445723679196788,0.6445723679196788,0.0,684.700582613352,12870.59841981213,1541.731367255323,9108.44304772462,12349.47245211284,9656.948785595883,0.0,0.0028624053799502,191.01172346947757,0.3554276320803212,0.3554276320803212,0.3554276320803212,56,경상남도 진주시 대평면,48170,경상남도 진주시,False,0.5260915867944622,2.2810600231736675,3.188008708421777,3.984839928185634,False,2,초고령 산간 오지형,62.406428013234745
4887033000,1500.0,865.0,454.0,317.0,302.62024314075074,174.51100687783293,91.59306025726724,302.62024314075074,174.51100687783293,91.59306025726724,63.95374471707866,0.7982531712394995,0.7982531712394995,0.0,551.4120897198992,51114.89957859691,2389.92836291674,4612.166976084787,8382.459859739374,7952.278972599148,0.0,0.000401245319154,62.73802152562799,0.2017468287605004,0.2017468287605004,0.2017468287605004,63,경상남도 함양군 유림면,48870,경상남도 함양군,False,0.5766666666666667,1.7975308188875392,3.378384883351387,3.9004916070702498,False,2,초고령 산간 오지형,35.20704222140467
1285039000,717.0,323.0,169.0,100.0,381.74550741982546,171.97182551827564,89.97906660244143,381.74550741982546,171.97182551827564,89.97906660244143,53.242051244048184,0.4675794875595181,0.4675794875595181,0.0,1654.9695220210822,51335.99924495563,2291.07097192108,6839.467752385599,32447.91899431249,6496.60940667259,0.0,0.0,71.48239635781302,0.5324205124404818,0.5324205124404818,0.5324205124404818,37,전남광주통합특별시 완도군 생일면,46890,전라남도 완도군,False,0.4504881450488145,1.8541991032562446,3.3600385428062824,3.812686756618218,False,2,초고령 산간 오지형,91.56132746776544
1278038000,1416.0,720.0,392.0,262.0,337.2368801767697,171.47637975089987,93.35936230882326,337.2368801767697,171.47637975089987,93.35936230882326,62.39834929824412,0.7618383614570835,0.7618383614570835,0.0,588.2400025606902,12806.25943983763,1419.6785702948366,1530.0823411396343,12180.33268512354,10014.638464456451,0.0,0.0,214.07512209718956,0.2381616385429164,0.2381616385429164,0.2381616385429164,48,전남광주통합특별시 강진군 병영면,46810,전라남도 강진군,False,0.5084745762711864,2.3305662003926195,3.152190026813365,4.00063527557411,False,2,초고령 산간 오지형,40.83909557288168
4889041000,1598.0,721.0,366.0,242.0,379.78687940829735,171.35565710474492,86.9849798895099,379.78687940829735,171.35565710474492,86.9849798895099,57.51465883404754,0.7623361205204647,0.7623361205204647,0.0,594.1550329090835,42635.739474369824,2017.9090215981553,6809.543447658177,7013.375545678264,5520.348965134605,0.0,0.1757391484459121,68.74716398878613,0.2376638794795352,0.2376638794795352,0.2376638794795352,86,경상남도 합천군 대양면,48890,경상남도 합천군,False,0.45118898623279097,1.8372547870197515,3.3049015819660177,3.741966532229571,False,2,초고령 산간 오지형,40.725050238278655
5272031000,879.0,463.0,185.0,104.0,325.23483854628023,171.31254863131713,68.4510183516062,325.23483854628023,171.31254863131713,68.4510183516062,38.480572478740775,0.6299944953967233,0.6299944953967233,0.0,777.7884779309092,41503.00598370454,1912.6752382041389,17759.86822119863,20583.68714740487,16289.016746667608,0.0,0.0,119.3094766753442,0.3700055046032767,0.3700055046032767,0.3700055046032767,64,전북특별자치도 진안군 용담면,52720,전북특별자치도 진안군,False,0.5267349260523322,2.076674940773041,3.2816412354589217,4.211894869797494,False,2,초고령 산간 오지형,63.386586001203874
1276038000,984.0,496.0,258.0,181.0,336.83197061258863,169.78522095919104,88.31569961183727,336.83197061258863,169.78522095919104,88.31569961183727,61.95791329357576,0.6576910867758246,0.6576910867758246,0.0,935.2124056884596,12598.589840329185,3425.0023389843727,9671.345534078331,11099.909686057435,9866.106241276351,0.0,0.0,64.86262296631382,0.3423089132241754,0.3423089132241754,0.3423089132241755,63,전남광주통합특별시 화순군 이서면,46790,전라남도 화순군,False,0.5040650406504065,1.8119945070375905,3.5346608724146225,3.994145787768292,False,2,초고령 산간 오지형,58.11899446806717
4725036000,1467.0,812.0,418.0,284.0,305.5444682307959,169.1220914815312,87.06038699418725,305.5444682307959,169.1220914815312,87.06038699418725,59.151076330978896,0.791721562214863,0.791721562214863,0.0,569.842711300726,5706.590105216074,1385.8313551782262,8989.000664039313,11536.661652029548,5456.6565956776085,0.0,2.1488521126240547e-05,68.63465231521626,0.2082784377851369,0.2082784377851369,0.2082784377851369,59,경상북도 상주시 외남면,47250,경상북도 상주시,False,0.5535105657805044,1.836543438003993,3.141710383254304,3.7369266231445066,False,2,초고령 산간 오지형,35.22448500872833
5271040000,1031.0,491.0,181.0,121.0,354.4391920797669,168.79693822615474,62.22453323611815,354.4391920797669,168.79693822615474,62.22453323611815,41.597616141272354,0.6562180484192368,0.6562180484192368,0.0,724.0685646783705,22202.286620057603,3977.090389679333,11528.98988263148,21767.208897982167,11122.198962432622,0.0,0.0,40.43544509680835,0.3437819515807632,0.3437819515807632,0.3437819515807632,90,전북특별자치도 완주군 동상면,52710,전북특별자치도 완주군,False,0.47623666343355964,1.6067622280086202,3.599565461565024,4.046190659803435,False,2,초고령 산간 오지형,58.029340844245006
4725042000,1408.0,721.0,316.0,208.0,329.6792367296567,168.82012051284266,73.99051051603091,328.2679740173348,168.09744976313806,73.6737782595723,48.494132525288094,0.7658528148226871,0.7658528148226871,0.0,678.8616239683665,22687.745744214928,2517.1883379795077,11449.751525743652,25093.870920583537,6066.851264885155,0.088238799592695,0.1606286173189914,51.656456333202165,0.2341471851773129,0.2331448679100389,0.2331448679100389,106,경상북도 상주시 화북면,47250,경상북도 상주시,False,0.5120738636363636,1.713124609972745,3.4009157110132837,3.7829633478974944,False,2,초고령 산간 오지형,39.191057721041226
4882038000,1017.0,591.0,289.0,190.0,289.1539692024464,168.03342753062518,82.16863038299607,289.1539692024464,168.03342753062518,82.16863038299607,54.02089886771368,0.7156794796436122,0.7156794796436122,0.0,649.32746979346,10123.983774490767,2152.667123782629,8536.561765913642,17828.192690406784,5045.1291670595,0.031627931823013,0.2425966507325563,51.98501829036422,0.2843205203563878,0.2843205203563878,0.2843205203563878,75,경상남도 고성군 개천면,48820,경상남도 고성군,False,0.5811209439528023,1.7158782011099183,3.332976878183338,3.70287228966571,False,2,초고령 산간 오지형,47.77535155277472
5119061500,1559.0,806.0,403.0,238.0,326.8027578899614,168.95639695914616,84.47819847957308,322.6014821426184,166.7843454823287,83.39217274116434,49.248975465005245,0.7903766787107367,0.7895268100680313,0.2706653850276835,562.2110384032069,1477.1338608540775,1510.6749588815128,4991.253400336245,5356.414408096995,1294.322222925725,0.1412580781165449,0.7911558404149783,253.07092383455088,0.2096233212892632,0.2069284683403582,0.2069284683403581,24,강원특별자치도 태백시 철암동,51190,강원특별자치도 태백시,True,0.5169980756895446,2.403242250477905,3.1791710303551484,3.1120424078767903,False,0,농촌 생활권 외곽형,34.51242915380742
5277033000,1565.0,808.0,455.0,303.0,320.4853032308313,165.46461662013525,93.17623831950684,320.4853032308313,165.46461662013525,93.17623831950684,62.04923123255072,0.7952170586384465,0.7952170586384465,0.0,553.9300403923412,16684.429048846752,1493.6709735363663,5704.047026175326,6755.933387137143,5614.938543691272,0.0,0.0001525871669276,58.47406918519459,0.2047829413615535,0.2047829413615535,0.2047829413615535,63,전북특별자치도 순창군 풍산면,52770,전북특별자치도 순창군,False,0.51629392971246,1.766963317254151,3.1742549414453656,3.749345007208016,False,2,초고령 산간 오지형,33.88433088273309
5219046000,1949.0,759.0,380.0,238.0,424.2932111091572,165.232707661288,82.72520278167251,424.2932111091572,165.232707661288,82.72520278167251,51.81210068957384,0.782302097942967,0.782302097942967,0.0,574.5589279023,30917.276387516224,1985.51050448258,7383.531419385767,18922.7103392687,6084.394124267291,0.0,0.0032043917237469,115.10318615363288,0.2176979020570329,0.2176979020570329,0.2176979020570329,70,전북특별자치도 남원시 산내면,52190,전북특별자치도 남원시,False,0.38943047716777834,2.0610873454350886,3.2978721890713962,3.784217338262388,False,2,초고령 산간 오지형,35.970813809065426
5219038000,1398.0,725.0,417.0,299.0,318.08087948079566,164.956107026879,94.87820224856353,318.08087948079566,164.956107026879,94.87820224856353,68.03017379453354,0.7724743351353394,0.7724743351353394,0.0332750388915617,584.3753988325328,3846.1593559693138,1700.526445021633,7846.388282148803,9628.30315428345,7663.56006587186,0.0,0.0,50.70105490366053,0.2275256648646607,0.2275256648646607,0.2275256648646607,69,전북특별자치도 남원시 사매면,52190,전북특별자치도 남원시,False,0.5185979971387696,1.7050169955083374,3.230583390069192,3.88443056568842,False,2,초고령 산간 오지형,37.531747924776774
5275037000,1380.0,802.0,456.0,290.0,281.48045859022784,163.58502013721937,93.01093414285788,281.48045859022784,163.58502013721937,93.01093414285788,59.15169057330875,0.7960286531954871,0.7960286531954871,0.0002214230194625,569.764319084727,7065.427829787118,1718.7565100671036,6730.012815228594,19091.818148134676,6840.791786747037,0.0,0.1105761879959399,44.629082316051,0.2039713468045129,0.2039713468045129,0.2039713468045129,96,전북특별자치도 임실군 삼계면,52750,전북특별자치도 임실군,False,0.5811594202898551,1.6496179567672,3.2352143561377504,3.835106371999911,False,2,초고령 산간 오지형,33.366656874431996
5214044000,1327.0,780.0,421.0,271.0,281.4170854934298,165.41471490947643,89.28153202165332,277.4520142613297,163.0840777120099,88.02358553430278,56.6612628973778,0.7879298526801584,0.7879298526801584,0.0,551.6781236436652,5722.462301610228,1435.5591139780272,4673.447021390895,12382.318906276729,2907.0151598674356,0.0259417282587227,0.4498066582372446,57.76630407240719,0.2120701473198415,0.2090821509128332,0.2090821509128332,43,전북특별자치도 익산시 용동면,52140,전북특별자치도 익산시,False,0.587792012057272,1.7616745819726687,3.1570210807376937,3.4634472965896936,False,0,농촌 생활권 외곽형,34.09796974766267
5218043000,1150.0,626.0,315.0,218.0,299.5929070687537,163.08274767394764,82.0624049797021,299.5929070687537,163.08274767394764,82.0624049797021,56.79239455738113,0.7394844286358664,0.7394844286358664,0.0,684.3143383343933,23884.81683856457,2400.261602132053,7293.045067848551,20456.037942080915,13376.113328561592,0.0,0.0,42.36668343916875,0.2605155713641336,0.2605155713641336,0.2605155713641336,100,전북특별자치도 정읍시 산내면,52180,전북특별자치도 정읍시,False,0.5443478260869565,1.627024467766769,3.38025857761616,4.126329939652391,False,2,초고령 산간 오지형,42.4855951899113
4872042000,1080.0,654.0,330.0,228.0,268.24822232401385,162.43920129620838,81.96473459900423,268.24822232401385,162.43920129620838,81.96473459900423,56.63018026840293,0.7516220163666538,0.7516220163666538,0.0,582.2845915316135,24404.460145774305,1925.728894729065,7230.697119770951,16225.647817790294,7225.927105814724,0.0,0.0001870306146685,51.938073962605344,0.2483779836333461,0.2483779836333461,0.2483779836333461,70,경상남도 의령군 유곡면,48720,경상남도 의령군,False,0.6055555555555555,1.7154858405007973,3.2845951468536696,3.8588935761495087,False,2,초고령 산간 오지형,40.34632128096346
4792039000,1822.0,569.0,242.0,160.0,571.6234982734417,178.51469292952157,75.92364795948019,520.1187893367,162.43007197177954,69.08273711277793,45.67453693406806,0.6862659175228091,0.6844340463885931,0.4395580271963882,867.4483755732963,1507.5975538684809,1628.5454266141985,10071.596856965663,10644.68995790485,1513.5395794132864,0.5038544720916316,0.3451344436925359,410.1633799006051,0.3137340824771908,0.2854658558379254,0.2854658558379254,97,경상북도 봉화군 석포면,47920,경상북도 봉화군,False,0.31229418221734356,2.6129568831970547,3.2117998772716145,3.1799937823431605,False,3,역세권 라스트마일형,46.368239509239864
4476039000,1038.0,641.0,303.0,195.0,259.9399423818703,160.52167925508562,75.87842248719336,259.9399423818703,160.52167925508562,75.87842248719336,48.83264813532246,0.7495761634086028,0.7495761634086028,0.0,592.9032139012216,16788.746328067566,1953.336667835584,6952.59425499515,16177.498729629811,9477.492125006742,0.0,0.0,36.950692379401566,0.2504238365913972,0.2504238365913972,0.2504238365913972,81,충청남도 부여군 충화면,44760,충청남도 부여군,False,0.617533718689788,1.5676225805856823,3.29077710267455,3.9766934322366905,False,2,초고령 산간 오지형,40.198454775152236
4872036000,1292.0,748.0,359.0,234.0,274.42025258405147,158.87488307497716,76.25144789293691,274.42025258405147,158.87488307497716,76.25144789293691,49.70150085500623,0.7876004236965546,0.7876004236965546,0.0,558.7981540140638,14765.720171895244,1869.1978421370068,7683.315371948578,12082.569992484036,7372.159196569271,0.0,0.0,56.53041015040735,0.2123995763034454,0.2123995763034454,0.2123995763034454,75,경상남도 의령군 정곡면,48720,경상남도 의령군,False,0.5789473684210527,1.7522821364491947,3.271655270988841,3.8675947049307955,False,2,초고령 산간 오지형,33.74495785038457
4790043000,1210.0,712.0,360.0,232.0,267.0176866974339,157.12115118063878,79.44327868683983,267.0176866974339,157.12115118063878,79.44327868683983,51.19677959818567,0.7793242258698894,0.7793242258698894,0.0,565.8685924770173,13508.686676623356,1832.9010451443924,12441.278283081952,13138.207194130158,12272.68492308647,0.0,0.0,57.44725071659674,0.2206757741301106,0.2206757741301106,0.2206757741301106,65,경상북도 예천군 은풍면,47900,경상북도 예천군,False,0.5884297520661157,1.7592692492613504,3.2631390188586646,4.0889395847092445,False,2,초고령 산간 오지형,34.6728316690016
5275032000,1529.0,756.0,320.0,188.0,312.0088951522092,154.26993115439512,65.29944175847413,312.0088951522092,154.26993115439512,65.29944175847413,38.363422033103554,0.7959392445047683,0.7959392445047683,0.0,608.7111517980435,16876.530962220673,1891.3576306701325,10267.6837665671,25527.517502240567,10077.43865062938,0.0,0.0,66.85566474820365,0.2040607554952316,0.2040607554952316,0.2040607554952316,97,전북특별자치도 임실군 운암면,52750,전북특별자치도 임실군,False,0.4944408109875736,1.8251382113684889,3.2767736559425944,4.003350162937792,False,2,초고령 산간 오지형,31.480438701563234
5275040000,1090.0,568.0,293.0,198.0,294.16974520505516,153.29212410685443,79.07498655512032,294.16974520505516,153.29212410685443,79.07498655512032,53.43633903724855,0.730119499811876,0.730119499811876,0.0,615.8493423666451,18809.86659396461,1936.5724457322897,4430.610640175885,18713.613638418818,4464.413930147336,0.0,0.2200182786956169,62.789544169675096,0.269880500188124,0.269880500188124,0.269880500188124,62,전북특별자치도 임실군 덕치면,52750,전북특별자치도 임실군,False,0.5211009174311927,1.797887330242401,3.2870337482589793,3.6497644545775523,False,2,초고령 산간 오지형,41.37055512885785
1273036000,1292.0,662.0,365.0,250.0,298.975066298802,153.19001075062454,84.46277027791233,298.975066298802,153.19001075062454,84.46277027791233,57.85121251911803,0.768595149923528,0.768595149923528,0.0,606.8427541049783,10577.765436290369,1708.8308466572323,6414.552588245839,17420.732441302043,7055.688473565038,0.0,0.0922422263740811,76.50281229197641,0.2314048500764721,0.2314048500764721,0.2314048500764721,44,전남광주통합특별시 구례군 용방면,46730,전라남도 구례군,False,0.5123839009287926,1.8836774003880954,3.2326990750091062,3.848539397350745,False,2,초고령 산간 오지형,35.44891147096142
5275036000,1248.0,648.0,350.0,229.0,294.50020131720987,152.9135660685513,82.59220389505086,294.50020131720987,152.9135660685513,82.59220389505086,54.0388991199047,0.764022274585569,0.764022274585569,0.0,588.001910712874,15444.427077493352,1784.396926363107,7897.060759845051,16696.57986158142,7630.417918293497,0.0,0.0126213767554823,96.1751171812858,0.235977725414431,0.235977725414431,0.235977725414431,83,전북특별자치도 임실군 신덕면,52750,전북특별자치도 임실군,False,0.5192307692307693,1.9830627241304497,3.2514914664947687,3.882548324932376,False,2,초고령 산간 오지형,36.08419550586605
5272033000,1340.0,669.0,335.0,220.0,305.8185099206294,152.68103219171724,76.45462748015736,305.8185099206294,152.68103219171724,76.45462748015736,50.209009091446624,0.7717772314025154,0.7717772314025154,0.0,557.0998342329492,44927.33971880272,1574.067037188461,9880.741517987604,18134.41995057496,8886.42419150912,0.0,0.0,68.42023752862383,0.2282227685974846,0.2282227685974846,0.2282227685974846,86,전북특별자치도 진안군 동향면,52720,전북특별자치도 진안군,False,0.4992537313432836,1.8351845775542697,3.1970232243769616,3.948727040351472,False,2,초고령 산간 오지형,34.84528787911538
1276031000,1312.0,696.0,352.0,229.0,284.91435819311897,151.1435924561058,76.44043756400752,284.91435819311897,151.1435924561058,76.44043756400752,49.729716483402626,0.7828396660113423,0.782757106368154,0.008701718244883,650.1716690926819,6814.021740053895,4137.332028840225,5132.843868880224,12543.892222877985,7883.612695739606,0.0,0.0,64.08929356844565,0.2171603339886577,0.2171603339886577,0.2171603339886577,82,전남광주통합특별시 화순군 한천면,46790,전라남도 화순군,False,0.5304878048780488,1.8067854845499467,3.6167203752602433,3.8967252802148655,False,2,초고령 산간 오지형,32.8223930180135
4373032000,1326.0,739.0,326.0,201.0,270.94101916407305,150.99955743759426,66.6114421172608,270.94101916407305,150.99955743759426,66.6114421172608,41.070244986409264,0.7956704229531877,0.7956704229531877,0.0,550.0707058851232,16124.081432658257,1962.1842011975484,8016.792290356013,14499.589584700592,10066.20270485798,0.0,0.0,67.66142417518797,0.2043295770468122,0.2043295770468122,0.2043295770468122,51,충청북도 옥천군 안남면,43730,충청북도 옥천군,False,0.557315233785822,1.8303411348193275,3.2927397746079605,4.002865671611975,False,2,초고령 산간 오지형,30.85367570547946
5272032000,1050.0,528.0,263.0,179.0,298.7807552280007,150.2440369146518,74.83746535710875,298.7807552280007,150.2440369146518,74.83746535710875,50.935004938868694,0.7154468997828564,0.7154468997828564,0.0,607.3447432168849,45783.745285374374,2108.4518365776944,12624.814280966317,20304.83253181453,12530.7191911604,0.0,0.0,51.9810245033029,0.2845531002171435,0.2845531002171435,0.2845531002171435,61,전북특별자치도 진안군 안천면,52720,전북특별자치도 진안군,False,0.5028571428571429,1.7158448348369146,3.3239636848635974,4.09797599771314,False,2,초고령 산간 오지형,42.75240649320311
5277039000,1018.0,540.0,290.0,183.0,282.2132355597247,149.7005375267695,80.39473311622807,282.2132355597247,149.7005375267695,80.39473311622807,50.73184882851633,0.7227767823578343,0.7227767823578343,0.0,602.1905234320195,13850.506693549083,1909.9365523038923,5118.321563289773,5754.713636597717,5445.145501001817,0.0,0.1926922911264698,66.48113864669004,0.2772232176421657,0.2772232176421657,0.2772232176421657,41,전북특별자치도 순창군 유등면,52770,전북특별자치도 순창군,False,0.5304518664047151,1.822698449159621,3.2810189403147487,3.7360094891309,False,2,초고령 산간 오지형,41.50046469593281
1274044000,1144.0,669.0,390.0,253.0,255.6680980521526,149.51220069658223,87.15957888141565,255.6680980521526,149.51220069658223,87.15957888141565,56.54198322307221,0.7765139003040624,0.7765139003040624,0.0,598.2700556034494,33054.50227529091,3940.300414103519,13885.232192266049,32263.294481359004,10686.388877885462,0.0,0.0,76.89591671587607,0.2234860996959375,0.2234860996959375,0.2234860996959375,71,전남광주통합특별시 고흥군 영남면,46770,전라남도 고흥군,False,0.5847902097902098,1.885903278750119,3.5955293343163808,4.028830974118536,False,2,초고령 산간 오지형,33.41389859063539
5219040000,1244.0,708.0,420.0,287.0,258.7781504720219,147.27888306607034,87.36882893749936,258.7781504720219,147.27888306607034,87.36882893749936,59.70203310729123,0.7919789787202396,0.7919789787202396,0.0,570.4781645570964,9937.447723615427,1606.5046479599578,8550.47487815856,11808.221052225652,7743.095383426585,0.0,7.778294488658543e-05,43.202162069358906,0.2080210212797603,0.2080210212797603,0.2080210212797603,73,전북특별자치도 남원시 보절면,52190,전북특별자치도 남원시,False,0.5691318327974276,1.6355054817986157,3.2058819863957484,3.888914609159009,False,2,초고령 산간 오지형,30.637103668346345
5275039000,1379.0,669.0,361.0,245.0,312.8337115271735,151.7663183550972,81.89482948608385,300.892942437189,145.9734434303694,78.76892836825614,53.45813698122647,0.7731445166590476,0.7731445166590476,0.0,585.6368468881793,19294.255445436866,1446.8935834644024,3059.1037633164083,23898.975979479823,2698.9127768128187,0.3670523328484846,0.3028711234363133,149.7356960561807,0.2268554833409524,0.2181964774743937,0.2181964774743937,77,전북특별자치도 임실군 강진면,52750,전북특별자치도 임실군,False,0.4851341551849166,2.1753253457820403,3.1604365906810905,3.431188849298647,False,0,농촌 생활권 외곽형,31.85089116131428
5277031000,1494.0,697.0,355.0,244.0,309.5214253217663,144.4018965523903,73.54759437029922,309.5214253217663,144.4018965523903,73.54759437029922,50.5510226094451,0.7928236778301431,0.7928236778301431,0.0,566.5177210402524,19172.434554976466,2108.515966014111,5626.2488339104975,5969.411395022895,5599.069646391792,0.0,0.1641904848520952,60.85750168893687,0.2071763221698569,0.2071763221698569,0.2071763221698569,73,전북특별자치도 순창군 인계면,52770,전북특별자치도 순창군,False,0.46653279785809904,1.7843141198102002,3.323976893909371,3.7481158696838603,False,2,초고령 산간 오지형,29.91665384207636
4889038000,758.0,456.0,232.0,151.0,238.18785026698313,143.28978855111387,72.90182224530355,238.18785026698313,143.28978855111387,72.90182224530355,47.44903085793463,0.6857680075633469,0.6857680075633469,0.0,699.5919110200427,30722.78291287973,1915.639798075269,7194.325103711366,15101.223526937942,6703.712210330139,0.0,0.0083223163022347,58.86482050861345,0.3142319924366532,0.3142319924366532,0.3142319924366532,44,경상남도 합천군 덕곡면,48890,경상남도 합천군,False,0.6015831134564644,1.76985582410012,3.282313851081437,3.826315361805344,False,2,초고령 산간 오지형,45.026235752243245
5271041000,921.0,494.0,247.0,165.0,262.66173882794163,140.8847980249763,70.44239901248815,262.66173882794163,140.8847980249763,70.44239901248815,47.05666330793743,0.7148081011640155,0.7148081011640155,0.0,691.39396927054,22526.807863635957,1558.9631222581672,10849.411972014344,21807.718049799365,7649.614118708937,0.0,0.0,71.70175848569461,0.2851918988359844,0.2851918988359844,0.2851918988359844,51,전북특별자치도 완주군 경천면,52710,전북특별자치도 완주군,False,0.5363735070575462,1.85552980687099,3.1928358419436775,3.8836395279193416,False,2,초고령 산간 오지형,40.179203065867135
5180033000,1121.0,473.0,194.0,131.0,333.340433541292,140.65122664141936,57.687818115085314,333.340433541292,140.65122664141936,57.687818115085314,38.95414522204214,0.7026401128088386,0.7026401128088386,0.0,1025.115135298623,53792.89999599067,2387.232227145007,16208.947395909336,14660.758204670525,12031.806405372845,0.0,0.0,70.31724917369147,0.2973598871911614,0.2973598871911614,0.2973598871911614,116,강원특별자치도 양구군 방산면,51800,강원특별자치도 양구군,False,0.42194469223907227,1.847061872702035,3.3778946687185014,4.080330835402262,False,2,초고령 산간 오지형,41.824032887390935
4723036000,1214.0,641.0,290.0,190.0,264.8587044340377,139.84714130330983,63.26937750071741,264.8587044340377,139.84714130330983,63.26937750071741,41.45235077633209,0.7818297327561469,0.7818297327561469,0.0,597.4859277437507,25026.52108388141,2839.3582472941844,19010.71529303839,22531.2581782326,9546.166338888172,0.0,0.0339044487416302,51.98546480945287,0.2181702672438531,0.2181702672438531,0.2181702672438531,93,경상북도 영천시 자양면,47230,경상북도 영천시,False,0.5280065897858319,1.7158819314143372,3.4532201917535397,3.979828997538278,False,2,초고령 산간 오지형,30.510488191431993
4887040000,1211.0,627.0,321.0,233.0,269.80877877692217,139.69455350382344,71.51826423401488,269.80877877692217,139.69455350382344,71.51826423401488,51.91201111067124,0.7772016690529131,0.7772016690529131,0.0,594.7113108170541,42807.503804185144,1741.5975857099977,5979.809954653126,6316.303085667485,5261.955034858481,0.0,0.0156026892860463,65.4565267497025,0.2227983309470868,0.2227983309470868,0.2227983309470868,77,경상남도 함양군 병곡면,48870,경상남도 함양군,False,0.5177539223781998,1.8159529570755994,3.2409478139926424,3.7211471325759335,False,2,초고령 산간 오지형,31.123713363050378
4715045000,938.0,534.0,231.0,151.0,242.2746922732904,137.92610412999687,59.664663022526746,242.2746922732904,137.92610412999687,59.664663022526746,39.00157626147852,0.7417114154868972,0.7417114154868972,0.0,651.5304740457175,34457.78762044134,2282.2697031713524,12377.051284212166,29770.708828920397,21047.668818983308,0.0,0.0,45.550692959813446,0.2582885845131027,0.2582885845131027,0.2582885845131027,72,경상북도 김천시 증산면,47150,경상북도 김천시,False,0.5692963752665245,1.658494988253781,3.3583669650944428,4.323204001591347,False,2,초고령 산간 오지형,35.6247382031437
4479034000,1414.0,681.0,313.0,211.0,284.5199453830212,137.02834710455264,62.98072341222464,284.5199453830212,137.02834710455264,62.98072341222464,42.45665380185112,0.7987836312708478,0.7987836312708478,0.0,549.448424296153,16905.004937940575,1569.7636462148675,5789.118084368932,15124.884727236396,5787.209835349498,0.0,0.0253364886719448,54.03372844658313,0.2012163687291522,0.2012163687291522,0.2012163687291522,77,충청남도 청양군 목면,44790,충청남도 청양군,False,0.4816124469589816,1.7326649358514323,3.195834267140519,3.762469229500622,False,2,초고령 산간 오지형,27.57234641733592
4113163000,5340.0,678.0,226.0,129.0,2121.723553821583,269.38737256386395,89.7957908546213,1075.948549177804,136.6091978169571,45.53639927231904,25.99201551384582,0.602673491793711,0.602673491793711,7.161773782387554e-05,398.7863465785959,2496.4575369200493,1569.360983840534,717.0602462617501,3146.7642707359423,562.1986768688081,0.4348510834187533,0.5651489165812468,1526.3610527220378,0.397326508206289,0.2014884923553939,0.2014884923553939,14,경기도 성남시수정구 신촌동,41130,경기도 성남시,True,0.12696629213483146,3.1836572758586428,3.195722851335917,2.7498898191631835,False,1,도시 외곽 도농복합형,27.525181310018453
1277035000,899.0,479.0,232.0,162.0,252.46584799515884,134.5173984312359,65.15247690197647,252.46584799515884,134.5173984312359,65.15247690197647,45.494401974655986,0.7191703581811358,0.7191703581811358,0.0,676.3320447953942,18311.45856665036,3129.966852255729,12692.655935484534,20325.51136287893,12985.860733813908,0.0,0.000440380480589,63.81340179489832,0.2808296418188641,0.2808296418188641,0.2808296418188641,123,전남광주통합특별시 장흥군 유치면,46800,전라남도 장흥군,False,0.5328142380422692,1.8049118968144264,3.495539738198636,4.113470740993193,False,2,초고령 산간 오지형,37.77647281984941
4873039000,872.0,514.0,203.0,120.0,220.025289547979,129.6938059950243,51.22148369064189,220.025289547979,129.6938059950243,51.22148369064189,30.27870957082279,0.7476774202431434,0.7476774202431434,0.0,624.8410027413224,8113.518172298545,3016.097622200411,6704.7286454506475,8866.048256702117,7709.012525431584,0.0,0.0,60.01069671120754,0.2523225797568566,0.2523225797568566,0.2523225797568566,39,경상남도 함안군 여항면,48730,경상남도 함안군,False,0.5894495412844036,1.7782286688603555,3.479445394259014,3.886998751303659,False,2,초고령 산간 오지형,32.72467570714981
4148039000,687.0,264.0,142.0,99.0,334.6688091405681,128.60635460423578,69.17463012803591,334.6688091405681,128.60635460423578,69.17463012803591,48.22738297658842,0.5128547174081978,0.4815044407628803,0.09946413735375,1619.700305206328,5196.596632401648,4146.907295100813,10114.67892362604,10468.132386782694,8842.849352124535,0.0,0.0008870243595024,42.98972436668072,0.4871452825918022,0.4871452825918022,0.4871452825918022,194,경기도 파주시 장단면,41480,경기도 파주시,False,0.38427947598253276,1.6333646605993668,3.6177243267370147,3.9465922263836366,False,2,초고령 산간 오지형,62.64997895678196
4794031000,1376.0,584.0,262.0,164.0,534.3918573084466,226.80584641579415,101.75193794681176,301.2042957425293,127.83670691398046,57.351399334696715,35.899349201871225,0.6116338246304894,0.5952008174089941,0.1807518073093852,825.847837747259,4918.272581879518,1549.2836887527394,9673.644120010798,177816.0295721241,3790.4137354288814,0.3129216012736023,0.111335751305966,146.62802113358836,0.3883661753695105,0.2188984707431172,0.2188984707431172,40,경상북도 울릉군 서면,47940,경상북도 울릉군,False,0.42441860465116277,2.166216973448425,3.1901309485398666,3.5786866171466727,False,0,농촌 생활권 외곽형,27.9832596483064
4872032000,1132.0,630.0,290.0,192.0,228.0298976464669,126.90709851349308,58.41755328398887,228.0298976464669,126.90709851349308,58.41755328398887,38.67644907077885,0.7985601610896935,0.7985601610896935,0.0,536.975116271316,22388.354829974214,1753.0421571036245,8735.299548461913,9184.385751209782,8616.866779833255,0.0,0.0,105.7786587195482,0.2014398389103064,0.2014398389103064,0.2014398389103064,37,경상남도 의령군 칠곡면,48720,경상남도 의령군,False,0.5565371024734982,2.0243980558348658,3.2437923601196554,3.935349378633105,False,2,초고령 산간 오지형,25.56414548113243
5219032000,1006.0,531.0,283.0,189.0,235.4755517738353,124.29176738758105,66.24212838170516,235.4755517738353,124.29176738758105,66.24212838170516,44.239442629478,0.7659288749763069,0.7659288749763069,0.0,580.1176061721782,7845.251241923172,1623.5800360344024,8225.534630676373,10448.100903934335,8063.072185936419,0.0,0.0,48.47014941137243,0.2340711250236931,0.2340711250236931,0.2340711250236931,57,전북특별자치도 남원시 수지면,52190,전북특별자치도 남원시,False,0.5278330019880716,1.6854743584567096,3.2104737024793195,3.906500547907194,False,2,초고령 산간 오지형,29.093113823594262
5219039000,901.0,477.0,244.0,157.0,234.72146320887435,124.264304051757,63.56496894890715,234.72146320887435,124.264304051757,63.56496894890715,40.900410348272224,0.7394878321766101,0.7394878321766101,0.0,620.4017543783292,5262.79092842302,1394.6975508495862,4957.679167859445,14555.12447876893,4773.631326670771,0.0,0.15586674357494,40.64602868498494,0.26051216782339,0.26051216782339,0.2605121678233899,55,전북특별자치도 남원시 덕과면,52190,전북특별자치도 남원시,False,0.5294117647058824,1.6090181193162867,3.1444800382631537,3.678848874877019,False,2,초고령 산간 오지형,32.372363231588075
4725047000,744.0,385.0,187.0,122.0,230.42993686691747,119.2412979754882,57.91720187380856,230.42993686691747,119.2412979754882,57.91720187380856,37.7855541636612,0.6902823429208098,0.6902823429208098,0.0,743.6539408876131,28595.47942901839,2602.9035107064324,6798.647843197983,22540.90850020459,4950.4640343959945,0.0,0.2473903880355487,42.02394730618812,0.3097176570791901,0.3097176570791901,0.3097176570791901,70,경상북도 상주시 화남면,47250,경상북도 상주시,False,0.5174731182795699,1.6234968432337045,3.4154580691678404,3.6946459096673365,False,2,초고령 산간 오지형,36.93113543604977
5272039000,1096.0,479.0,210.0,144.0,271.9275400843128,118.84424425217684,52.10290457819862,271.9275400843128,118.84424425217684,52.10290457819862,35.72770599647905,0.7518909305800066,0.7518909305800066,0.0,636.7933789840912,32309.40231328093,3026.4968215463373,12214.375065013024,12142.308987338713,12399.06313419064,0.0,0.0,66.31931699950994,0.2481090694199934,0.2481090694199934,0.2481090694199934,81,전북특별자치도 진안군 정천면,52720,전북특별자치도 진안군,False,0.43704379562043794,1.8216400449114665,3.480940222148914,4.093388871370094,False,2,초고령 산간 오지형,29.486334847329992
1213083000,1032.0,488.0,265.0,169.0,249.97773180897352,118.20652434377818,64.19001834242053,249.97773180897352,118.20652434377818,64.19001834242053,40.93627584856253,0.7577735156889791,0.7577735156889791,0.0,593.1232635360928,15924.120239838116,1483.9483062470686,7370.354672806294,7469.538472217956,6478.323230731763,0.0,0.0,159.88944525286504,0.2422264843110208,0.2422264843110208,0.2422264843110208,26,전남광주통합특별시 여수시 묘도동,46130,전라남도 여수시,True,0.4728682170542636,2.2038197957053827,3.171418772437163,3.8114626129889344,False,2,초고령 산간 오지형,28.632750814418486
4139065000,12186.0,577.0,124.0,66.0,2475.538221001672,117.21529242720864,25.190114837043108,2475.538221001672,117.21529242720864,25.190114837043108,13.407641768103588,0.796853912604491,0.796853912604491,0.0,288.21014886349525,6096.166034117219,2030.5658240174232,1316.2635489732709,3487.58448652479,492.5038108472903,0.0008400319429946,0.9627621904634104,2863.8206562283967,0.2031460873955089,0.2031460873955089,0.2031460873955089,17,경기도 시흥시 거북섬동,41390,경기도 시흥시,True,0.04734941736418841,3.4569458172499425,3.3076170723999008,2.692409595287532,False,1,도시 외곽 도농복합형,23.81182803950786
4372037000,731.0,432.0,163.0,101.0,192.7063800743646,113.88393459935092,42.97009569373657,192.7063800743646,113.88393459935092,42.97009569373657,26.625642116977872,0.7363797810200211,0.7363797810200211,0.0,626.5186483790309,17020.18368222474,2437.390378237613,7894.058276674454,14794.380551379752,14262.070399425962,0.0,0.0,49.583154363325605,0.2636202189799789,0.2636202189799789,0.2636202189799789,59,충청북도 보은군 회남면,43720,충청북도 보은군,False,0.5909712722298222,1.6953341521012193,3.386925092392288,4.154182575850904,False,2,초고령 산간 오지형,30.022107777382484
1278039000,564.0,296.0,183.0,132.0,213.60768588732785,112.1061613876756,69.30887680386701,213.60768588732785,112.1061613876756,69.30887680386701,49.99328818639587,0.6212629682848797,0.6212629682848797,0.0,737.3615117632917,17793.48892314203,2310.764741235386,6729.195427308612,16774.04041141421,11949.682834016114,0.0,0.0,45.13689786904596,0.3787370317151203,0.3787370317151203,0.3787370317151202,39,전남광주통합특별시 강진군 옴천면,46810,전라남도 강진군,False,0.524822695035461,1.6545317079395643,3.3637557322449445,4.0773563784837705,False,2,초고령 산간 오지형,42.45875480094449
4374037000,884.0,469.0,233.0,163.0,202.84968953679817,107.6204800823058,53.46603807926919,199.68700744640492,105.94254128095466,52.63243522060221,36.82011562642987,0.7705320254108619,0.7705320254108619,0.0,609.196382842295,19917.29239458884,2676.452632120404,5418.489255058174,21675.56417683098,5407.235088131729,0.0144571361254999,0.1527188293040539,40.127715839477766,0.2294679745891381,0.2258902799167476,0.2258902799167476,69,충청북도 영동군 용화면,43740,충청북도 영동군,False,0.5305429864253394,1.6034444394113008,3.4275595616403303,3.7329752516283183,False,2,초고령 산간 오지형,23.931390305046435
4180038000,730.0,368.0,159.0,94.0,205.71258135880817,103.70168484937176,44.80589100828834,205.71258135880817,103.70168484937176,44.80589100828834,26.489017325654743,0.7182019433440984,0.7182019433440984,0.0,764.7646119103892,19453.236492191467,2159.0388071541497,6783.833481716215,20751.158143465134,5052.67772437674,0.0,0.0174888798722323,56.39453572839455,0.2817980566559016,0.2817980566559016,0.2817980566559016,61,경기도 연천군 장남면,41800,경기도 연천군,False,0.5041095890410959,1.7512370256505152,3.3342604485322105,3.703521598458226,False,2,초고령 산간 오지형,29.22293326249571
4773047000,833.0,499.0,253.0,166.0,169.79837972739418,101.71595616322892,51.57141665189763,169.79837972739418,101.71595616322892,51.57141665189763,33.83737219057315,0.7961604084905233,0.7961604084905233,0.0,594.6328190432772,24258.169042139725,2187.1159305649553,7990.578547412218,12484.72296446255,8596.392597163875,0.0,0.0,46.59121858148915,0.2038395915094768,0.2038395915094768,0.2038395915094768,70,경상북도 의성군 안사면,47730,경상북도 의성군,False,0.5990396158463386,1.6683040694586433,3.339871803920236,3.9343162414969757,False,2,초고령 산간 오지형,20.733738954308432
5123035000,632.0,330.0,148.0,88.0,166.28967309784076,86.82846854792318,38.94125256088676,166.28967309784076,86.82846854792318,38.94125256088676,23.154258279446186,0.736883428642657,0.736883428642657,0.0,798.0605666979886,14032.490875008218,4098.216031369728,16193.672876756227,21570.203809500686,14260.086786907978,0.0,0.0,33.96681234008305,0.2631165713573429,0.2631165713573429,0.2631165713573429,77,강원특별자치도 삼척시 가곡면,51230,강원특별자치도 삼척시,False,0.5221518987341772,1.5310547918488415,3.6125948478570074,4.1541221686407095,False,2,초고령 산간 오지형,22.846008940538432
5272034000,858.0,421.0,195.0,128.0,173.06126669451035,84.9170084829707,39.33210606693417,173.06126669451035,84.9170084829707,39.33210606693417,25.81799782855166,0.7982968919644402,0.7982968919644402,0.0,549.8708444135212,36965.361338755814,2076.27804111859,9802.991146811994,9824.431076951134,10063.728601236931,0.0,0.0,70.851492148204,0.2017031080355598,0.2017031080355598,0.2017031080355598,69,전북특별자치도 진안군 상전면,52720,전북특별자치도 진안군,False,0.49067599067599066,1.8503490010183032,3.3172855108517854,4.0027589161999115,False,2,초고령 산간 오지형,17.128024536097186
5123036000,611.0,331.0,157.0,97.0,127.16697148461584,68.89078160623215,32.676292181807995,127.16697148461584,68.89078160623215,32.676292181807995,20.18853720786863,0.791870750434344,0.7896200291153259,0.1738512297234125,576.5365070240738,2034.5819465011823,2535.6856704738498,15208.008475636469,18071.489877967502,14768.374415349332,0.0,0.0,55.51326199466407,0.208129249565656,0.208129249565656,0.208129249565656,60,강원특별자치도 삼척시 신기면,51230,강원특별자치도 삼척시,False,0.5417348608837971,1.7443967475022746,3.404095416386547,4.1693326942762905,False,2,초고령 산간 오지형,14.338186677696596
4425033000,7527.0,123.0,37.0,14.0,3732.552204522997,60.994276757848894,18.34787187024723,3650.046015650977,59.64602895244721,17.942301392199568,6.788978905156593,0.5041115710743993,0.5041115710743993,0.0,939.7642225263074,6234.77682343057,1193.3011651185566,2648.486850898417,10971.32976737927,1996.3527155105016,0.3572237166978541,0.3481322585006307,790.1729483770706,0.4958884289256007,0.4849270646540424,0.4849270646540423,35,충청남도 계룡시 신도안면,44250,충청남도 계룡시,False,0.01634117178158629,2.897722157499736,3.0767500646618053,3.300237274860654,False,1,도시 외곽 도농복합형,28.92397373818025
4180037000,162.0,66.0,26.0,14.0,107.64814935530735,43.856653441051144,17.276863476777724,107.64814935530735,43.856653441051144,17.276863476777724,9.302926487495698,0.3355052508931644,0.3355052508931644,0.0,2750.704806455417,8197.416911934648,5008.084749375986,7890.757183824005,32861.100058794924,6575.446341828657,0.0,0.0,9.230348492610956,0.6644947491068355,0.6644947491068355,0.6644947491068355,113,경기도 연천군 중면,41800,경기도 연천군,False,0.4074074074074074,0.9652180981614267,3.699671669618289,3.8179252381068927,False,2,초고령 산간 오지형,29.142515924976713
5178033000,87.0,50.0,34.0,22.0,41.62419381104571,23.92195046611822,16.26692631696039,41.62419381104571,23.92195046611822,16.26692631696039,10.525658205092018,0.5215609906776355,0.5215609906776355,0.0,1049.1480421354931,27286.521250413178,7191.693647233432,10550.679009623029,24745.59130306232,8643.0959863861,0.0,0.0,28.824832275421137,0.4784390093223644,0.4784390093223644,0.4784390093223644,26,강원특별자치도 철원군 근북면,51780,강원특별자치도 철원군,False,0.5747126436781609,1.4597667889217756,3.856831178982433,3.936669336108527,False,2,초고령 산간 오지형,11.445194282068273
