노선 아이디,노선명,기점노드 아이디,종점노드 아이디,기점정류장,종점정류장,지자체코드,지자체명
254000001,10,254000307,254000306,태백터미널,태백터미널,254,태백시
254000002,10-2,254000307,254000306,태백터미널,태백터미널,254,태백시
254000003,1,254000307,254000306,태백터미널,태백터미널,254,태백시
254000005,11,254000307,254000306,태백터미널,태백터미널,254,태백시
254000010,12,254000307,254000306,태백터미널,태백터미널,254,태백시
254000011,12,254000307,254000306,태백터미널,태백터미널,254,태백시
254000017,13-1,254000307,254000306,태백터미널,태백터미널,254,태백시
254000018,13-3,254000307,254000306,태백터미널,태백터미널,254,태백시
254000019,13-4,254000307,254000306,태백터미널,태백터미널,254,태백시
254000020,13-5,254000307,254000306,태백터미널,태백터미널,254,태백시
254000021,13-6,254000307,254000306,태백터미널,태백터미널,254,태백시
254000022,13-6,254000307,254000306,태백터미널,태백터미널,254,태백시
254000023,13-7,254000307,254000306,태백터미널,태백터미널,254,태백시
254000025,1-5,254000307,254000306,태백터미널,태백터미널,254,태백시
254000026,2,254000307,254000306,태백터미널,태백터미널,254,태백시
254000027,3,254000307,254000306,태백터미널,태백터미널,254,태백시
254000028,4,254000307,254000306,태백터미널,태백터미널,254,태백시
254000031,6,254000307,254000306,태백터미널,태백터미널,254,태백시
254000032,7,254000307,254000306,태백터미널,태백터미널,254,태백시
254000038,4-2,254000307,254000306,태백터미널,태백터미널,254,태백시
254000039,7-2,254000307,254000306,태백터미널,태백터미널,254,태백시
254000040,7-3,254000307,254000306,태백터미널,태백터미널,254,태백시
254000041,1-6,254000307,254000306,태백터미널,태백터미널,254,태백시
257000001,251,257000044,257000204,홍천터미널,홍천터미널,257,홍천군
257000002,252,257000044,257000204,홍천터미널,홍천터미널,257,홍천군
257000003,231,257000044,257000204,홍천터미널,홍천터미널,257,홍천군
257000004,232,257000044,257000204,홍천터미널,홍천터미널,257,홍천군
257000005,231-1,257000044,257000204,홍천터미널,홍천터미널,257,홍천군
257000006,230,257000044,257000204,홍천터미널,홍천터미널,257,홍천군
257000007,280,257000044,257000204,홍천터미널,홍천터미널,257,홍천군
257000008,280-1,257000044,257000204,홍천터미널,홍천터미널,257,홍천군
257000009,220-1,257000044,257000204,홍천터미널,홍천터미널,257,홍천군
257000010,220,257000044,257000204,홍천터미널,홍천터미널,257,홍천군
257000011,330,257000044,257000204,홍천터미널,홍천터미널,257,홍천군
257000012,330-1,257000044,257000204,홍천터미널,홍천터미널,257,홍천군
257000013,339,257000044,257000204,홍천터미널,홍천터미널,257,홍천군
257000014,390,257000044,257000204,홍천터미널,홍천터미널,257,홍천군
257000015,390-1,257000044,257000204,홍천터미널,홍천터미널,257,홍천군
257000018,110-1,257000044,257000204,홍천터미널,홍천터미널,257,홍천군
257000019,199,257000044,257000204,홍천터미널,홍천터미널,257,홍천군
257000020,335,257000044,257000204,홍천터미널,홍천터미널,257,홍천군
257000021,133-1,257000044,257000204,홍천터미널,홍천터미널,257,홍천군
257000022,133,257000044,257000204,홍천터미널,홍천터미널,257,홍천군
257000023,270-1,257000044,257000204,홍천터미널,홍천터미널,257,홍천군
257000024,201,257000044,257000204,홍천터미널,홍천터미널,257,홍천군
257000025,201-1,257000044,257000204,홍천터미널,홍천터미널,257,홍천군
257000026,212-1,257000044,257000204,홍천터미널,홍천터미널,257,홍천군
257000027,211,257000044,257000204,홍천터미널,홍천터미널,257,홍천군
257000028,120,257000044,257000204,홍천터미널,홍천터미널,257,홍천군
257000029,112,257000044,257000204,홍천터미널,홍천터미널,257,홍천군
257000030,111,257000044,257000204,홍천터미널,홍천터미널,257,홍천군
257000031,110,257000044,257000204,홍천터미널,홍천터미널,257,홍천군
257000032,113,257000044,257000204,홍천터미널,홍천터미널,257,홍천군
257000033,115-1,257000044,257000204,홍천터미널,홍천터미널,257,홍천군
257000034,115,257000044,257000204,홍천터미널,홍천터미널,257,홍천군
257000035,116,257000044,257000204,홍천터미널,홍천터미널,257,홍천군
257000036,380,257000044,257000204,홍천터미널,홍천터미널,257,홍천군
257000037,380-1,257000044,257000204,홍천터미널,홍천터미널,257,홍천군
257000038,150,257000044,257000204,홍천터미널,홍천터미널,257,홍천군
257000039,172,257000044,257000204,홍천터미널,홍천터미널,257,홍천군
257000040,173,257000044,257000204,홍천터미널,홍천터미널,257,홍천군
257000041,171,257000044,257000204,홍천터미널,홍천터미널,257,홍천군
257000042,150-2,257000044,257000204,홍천터미널,홍천터미널,257,홍천군
257000043,190,257000044,257000204,홍천터미널,홍천터미널,257,홍천군
257000045,155,257000044,257000204,홍천터미널,홍천터미널,257,홍천군
257000046,155-1,257000044,257000204,홍천터미널,홍천터미널,257,홍천군
257000047,320,257000044,257000204,홍천터미널,홍천터미널,257,홍천군
257000048,320-1,257000044,257000204,홍천터미널,홍천터미널,257,홍천군
257000050,313,257000044,257000204,홍천터미널,홍천터미널,257,홍천군
257000052,312,257000044,257000204,홍천터미널,홍천터미널,257,홍천군
257000055,311,257000044,257000204,홍천터미널,홍천터미널,257,홍천군
257000057,750,257000044,257001185,홍천터미널,서석환승정류장,257,홍천군
257000059,751,257000044,257001185,홍천터미널,서석환승정류장,257,홍천군
257000060,750,257001184,257000204,서석환승정류장,홍천터미널,257,홍천군
257000061,751,257001184,257000204,서석환승정류장,홍천터미널,257,홍천군
257000062,752,257001184,257000204,서석환승정류장,홍천터미널,257,홍천군
257000063,500,257000044,257001185,홍천터미널,서석환승정류장,257,홍천군
257000064,501-1,257000044,257001185,홍천터미널,서석환승정류장,257,홍천군
257000065,500-1,257001184,257000204,서석환승정류장,홍천터미널,257,홍천군
257000066,501,257001184,257000204,서석환승정류장,홍천터미널,257,홍천군
257000068,650,257000044,257000204,홍천터미널,홍천터미널,257,홍천군
257000069,651,257000044,257000204,홍천터미널,홍천터미널,257,홍천군
257000070,612,257000044,257000204,홍천터미널,홍천터미널,257,홍천군
257000071,613,257000044,257000204,홍천터미널,홍천터미널,257,홍천군
257000072,611,257000044,257000204,홍천터미널,홍천터미널,257,홍천군
257000074,601,257000044,257000204,홍천터미널,홍천터미널,257,홍천군
257000075,631,257000044,257000204,홍천터미널,홍천터미널,257,홍천군
257000076,633,257000044,257000204,홍천터미널,홍천터미널,257,홍천군
257000078,630,257000044,257000204,홍천터미널,홍천터미널,257,홍천군
257000079,235,257000044,257000204,홍천터미널,홍천터미널,257,홍천군
257000080,235-1,257000044,257000204,홍천터미널,홍천터미널,257,홍천군
257000081,600,257000044,257000204,홍천터미널,홍천터미널,257,홍천군
257000082,610,257000044,257000204,홍천터미널,홍천터미널,257,홍천군
257000084,260,257000044,257000204,홍천터미널,홍천터미널,257,홍천군
257000085,703,257000044,257000204,홍천터미널,홍천터미널,257,홍천군
257000087,580,257001184,257001185,서석환승정류장,서석환승정류장,257,홍천군
257000088,560,257001184,257001185,서석환승정류장,서석환승정류장,257,홍천군
257000089,561,257001184,257001185,서석환승정류장,서석환승정류장,257,홍천군
257000090,51,257001184,257001185,서석환승정류장,서석환승정류장,257,홍천군
257000091,590,257001184,257001185,서석환승정류장,서석환승정류장,257,홍천군
257000095,581,257000316,257001185,창촌환승정류장,서석환승정류장,257,홍천군
257000096,83,257000316,257000191,창촌환승정류장,창촌환승정류장,257,홍천군
257000097,82,257000191,257000316,창촌환승정류장,창촌환승정류장,257,홍천군
257000098,980,257000316,257000316,창촌환승정류장,창촌환승정류장,257,홍천군
257000100,81,257000191,257000316,창촌환승정류장,창촌환승정류장,257,홍천군
257000101,인제,257000044,265000218,홍천터미널,리빙스턴교,257,홍천군
257000102,인제,257000044,265000056,홍천터미널,현리시외버스터미널,257,홍천군
257000103,인제,265000056,257000204,현리시외버스터미널,홍천터미널,257,홍천군
257000104,인제,265000056,257000204,현리시외버스터미널,홍천터미널,257,홍천군
257000105,인제,257000316,265000056,창촌환승정류장,현리시외버스터미널,257,홍천군
257000106,250,257000044,257000204,홍천터미널,홍천터미널,257,홍천군
257000107,331,257000044,257000204,홍천터미널,홍천터미널,257,홍천군
257000108,270,257000044,257000204,홍천터미널,홍천터미널,257,홍천군
257000109,212,257000044,257000204,홍천터미널,홍천터미널,257,홍천군
257000110,150-1,257000044,257000331,홍천터미널,비발디파크,257,홍천군
257000111,310,257000044,257000204,홍천터미널,홍천터미널,257,홍천군
257000112,800,257000331,257000331,비발디파크,비발디파크,257,홍천군
257000113,59,257001184,257001185,서석환승정류장,서석환승정류장,257,홍천군
257000115,580,257001184,257000191,서석환승정류장,창촌환승정류장,257,홍천군
259000033,201,259000545,259000681,영월교통차고지,영월교통차고지,259,영월군
259000049,50,259000545,259000681,영월교통차고지,영월교통차고지,259,영월군
259000075,1,259000545,259000681,영월교통차고지,영월교통차고지,259,영월군
259000076,1,259000545,259000681,영월교통차고지,영월교통차고지,259,영월군
259000077,1,259000577,259000681,덕포보건소,영월교통차고지,259,영월군
259000078,2,259000302,259000681,영월역앞,영월교통차고지,259,영월군
259000079,3,259000545,259000681,영월교통차고지,영월교통차고지,259,영월군
259000080,5,259000302,259000681,영월역앞,영월교통차고지,259,영월군
259000081,5,259000577,259000681,덕포보건소,영월교통차고지,259,영월군
259000082,6,259000545,259000681,영월교통차고지,영월교통차고지,259,영월군
259000083,7,259000545,259000681,영월교통차고지,영월교통차고지,259,영월군
259000084,7,259000545,259000302,영월교통차고지,영월역앞,259,영월군
259000085,10,259000545,259000681,영월교통차고지,영월교통차고지,259,영월군
259000086,10,259000545,259000577,영월교통차고지,덕포보건소,259,영월군
259000087,10,259000545,259000681,영월교통차고지,영월교통차고지,259,영월군
259000088,12,259000545,259000681,영월교통차고지,영월교통차고지,259,영월군
259000089,12,259000545,259000681,영월교통차고지,영월교통차고지,259,영월군
259000090,12,259000545,259000681,영월교통차고지,영월교통차고지,259,영월군
259000091,15,259000545,259000681,영월교통차고지,영월교통차고지,259,영월군
259000092,15,259000545,259000577,영월교통차고지,덕포보건소,259,영월군
259000093,17,259000545,259000681,영월교통차고지,영월교통차고지,259,영월군
259000094,20,259000545,259000681,영월교통차고지,영월교통차고지,259,영월군
259000095,20,259000545,259000302,영월교통차고지,영월역앞,259,영월군
259000096,20,259000545,259000681,영월교통차고지,영월교통차고지,259,영월군
259000097,22,259000545,259000681,영월교통차고지,영월교통차고지,259,영월군
259000098,22,259000545,259000577,영월교통차고지,덕포보건소,259,영월군
259000099,30,259000545,259000681,영월교통차고지,영월교통차고지,259,영월군
259000100,31,259000545,259000681,영월교통차고지,영월교통차고지,259,영월군
259000101,31,259000545,259000681,영월교통차고지,영월교통차고지,259,영월군
259000102,33,259000545,259000681,영월교통차고지,영월교통차고지,259,영월군
259000103,35,259000545,259000681,영월교통차고지,영월교통차고지,259,영월군
259000104,37,259000545,259000681,영월교통차고지,영월교통차고지,259,영월군
259000105,50,259000545,259000681,영월교통차고지,영월교통차고지,259,영월군
259000106,50,259000545,259000681,영월교통차고지,영월교통차고지,259,영월군
259000107,50,259000545,259000681,영월교통차고지,영월교통차고지,259,영월군
259000108,50,259000545,259000681,영월교통차고지,영월교통차고지,259,영월군
259000109,70,259000545,259000681,영월교통차고지,영월교통차고지,259,영월군
259000110,71,259000545,259000681,영월교통차고지,영월교통차고지,259,영월군
259000111,71,259000545,259000681,영월교통차고지,영월교통차고지,259,영월군
259000112,72,259000545,259000681,영월교통차고지,영월교통차고지,259,영월군
259000113,72,259000545,259000681,영월교통차고지,영월교통차고지,259,영월군
259000114,73,259000545,259000681,영월교통차고지,영월교통차고지,259,영월군
259000115,75,259000545,259000681,영월교통차고지,영월교통차고지,259,영월군
259000116,77,259000545,259000681,영월교통차고지,영월교통차고지,259,영월군
259000117,78,259000545,259000681,영월교통차고지,영월교통차고지,259,영월군
259000118,121,259000545,259000681,영월교통차고지,영월교통차고지,259,영월군
259000119,121,259000545,259000681,영월교통차고지,영월교통차고지,259,영월군
259000120,171,259000545,259000681,영월교통차고지,영월교통차고지,259,영월군
259000121,171,259000545,259000681,영월교통차고지,영월교통차고지,259,영월군
259000122,201,259000545,259000681,영월교통차고지,영월교통차고지,259,영월군
259000124,22,259000545,259000681,영월교통차고지,영월교통차고지,259,영월군
259000125,10,259000545,259000681,영월교통차고지,영월교통차고지,259,영월군
259000126,12,259000545,259000681,영월교통차고지,영월교통차고지,259,영월군
259000127,12,259000545,259000681,영월교통차고지,영월교통차고지,259,영월군
262000001,1,262000229,262000273,신철원2리(철원우체국),차고지,262,철원군
262000002,1-1,262000229,262000273,신철원2리(철원우체국),차고지,262,철원군
262000005,2,262000273,262000229,차고지,신철원2리(철원우체국),262,철원군
262000006,2-1,262000273,262000229,차고지,신철원2리(철원우체국),262,철원군
262000009,3,262000229,262000148,신철원2리(철원우체국),와수리 차고지,262,철원군
262000010,3-1,262000229,262000148,신철원2리(철원우체국),와수리 차고지,262,철원군
262000011,3-2,262000229,262000148,신철원2리(철원우체국),와수리 차고지,262,철원군
262000012,3-3,262000229,262000148,신철원2리(철원우체국),와수리 차고지,262,철원군
262000013,3-4,262000229,262000148,신철원2리(철원우체국),와수리 차고지,262,철원군
262000014,3-5,262000229,262000148,신철원2리(철원우체국),와수리 차고지,262,철원군
262000015,4,262000148,262000229,와수리 차고지,신철원2리(철원우체국),262,철원군
262000016,4-1,262000148,262000229,와수리 차고지,신철원2리(철원우체국),262,철원군
262000017,4-2,262000148,262000229,와수리 차고지,신철원2리(철원우체국),262,철원군
262000018,4-3,262000148,262000229,와수리 차고지,신철원2리(철원우체국),262,철원군
262000019,4-4,262000148,262000229,와수리 차고지,신철원2리(철원우체국),262,철원군
262000020,4-5,262000148,262000229,와수리 차고지,신철원2리(철원우체국),262,철원군
262000021,공영10,262000229,262000229,신철원2리(철원우체국),신철원2리(철원우체국),262,철원군
262000024,8,262000299,262000229,신철원2리(철원우체국),신철원2리(철원우체국),262,철원군
262000026,10,262000057,262000056,이평리(정한약국 앞),이평리(롯데리아),262,철원군
262000027,11,262000056,262000057,이평리(롯데리아),이평리(정한약국 앞),262,철원군
262000028,11-1,262000056,262000057,이평리(롯데리아),이평리(정한약국 앞),262,철원군
262000029,공영21,262000056,262000057,이평리(롯데리아),이평리(정한약국 앞),262,철원군
262000030,공영20,262000056,262000057,이평리(롯데리아),이평리(정한약국 앞),262,철원군
262000031,13,262000057,262000056,이평리(정한약국 앞),이평리(롯데리아),262,철원군
262000032,14,262000148,262000148,와수리 차고지,와수리 차고지,262,철원군
262000033,14-1,262000148,262000148,와수리 차고지,와수리 차고지,262,철원군
262000034,15,262000148,262000148,와수리 차고지,와수리 차고지,262,철원군
262000035,16,262000333,262000331,와수3리,와수리(와수삼거리),262,철원군
262000036,16-1,262000148,262000148,와수리 차고지,와수리 차고지,262,철원군
262000037,공영30,262000332,262000331,와수리,와수리(와수삼거리),262,철원군
262000038,공영31,262000332,262000331,와수리,와수리(와수삼거리),262,철원군
262000039,18,262000333,262000331,와수3리,와수리(와수삼거리),262,철원군
262000040,5,262000057,262000148,이평리(정한약국 앞),와수리 차고지,262,철원군
262000041,6,262000148,262000056,와수리 차고지,이평리(롯데리아),262,철원군
262000042,1,262000229,262000273,신철원2리(철원우체국),차고지,262,철원군
262000043,1-1,262000229,262000273,신철원2리(철원우체국),차고지,262,철원군
262000044,2,262000057,262000229,이평리(정한약국 앞),신철원2리(철원우체국),262,철원군
262000045,2-1,262000057,262000229,이평리(정한약국 앞),신철원2리(철원우체국),262,철원군
262000046,3,262000229,262000148,신철원2리(철원우체국),와수리 차고지,262,철원군
262000047,4,262000148,262000229,와수리 차고지,신철원2리(철원우체국),262,철원군
262000048,4-3,262000148,262000229,와수리 차고지,신철원2리(철원우체국),262,철원군
262000049,12,262000229,262000229,신철원2리(철원우체국),신철원2리(철원우체국),262,철원군
262000050,10-1,262000229,262000299,신철원2리(철원우체국),신철원2리(철원우체국),262,철원군
262000051,22-1,262000056,262000057,이평리(롯데리아),이평리(정한약국 앞),262,철원군
262000052,22,262000056,262000057,이평리(롯데리아),이평리(정한약국 앞),262,철원군
262000053,32,262000331,262000331,와수리(와수삼거리),와수리(와수삼거리),262,철원군
277000001,101,277000395,277000214,영동역,영동역,277,영동군
277000002,102,277000395,277000214,영동역,영동역,277,영동군
277000003,103,277000395,277000214,영동역,영동역,277,영동군
277000004,104,277000395,277000214,영동역,영동역,277,영동군
277000005,110,277000395,277000214,영동역,영동역,277,영동군
277000006,111,277000395,277000214,영동역,영동역,277,영동군
277000007,112,277000395,277000214,영동역,영동역,277,영동군
277000008,120,277000395,277000214,영동역,영동역,277,영동군
277000009,121,277000395,277000214,영동역,영동역,277,영동군
277000010,122,277000395,277000214,영동역,영동역,277,영동군
277000011,123,277000395,277000214,영동역,영동역,277,영동군
277000012,125,277000395,277000214,영동역,영동역,277,영동군
277000013,126,277000395,277000214,영동역,영동역,277,영동군
277000014,127,277000395,277000214,영동역,영동역,277,영동군
277000015,128,277000395,277000214,영동역,영동역,277,영동군
277000016,129,277000395,277000214,영동역,영동역,277,영동군
277000017,131,277000395,277000214,영동역,영동역,277,영동군
277000018,132,277000395,277000214,영동역,영동역,277,영동군
277000019,133,277000395,277000214,영동역,영동역,277,영동군
277000020,133,277000395,277000214,영동역,영동역,277,영동군
277000021,141,277000395,277000214,영동역,영동역,277,영동군
277000022,142,277000395,277000214,영동역,영동역,277,영동군
277000023,143,277000395,277000214,영동역,영동역,277,영동군
277000024,144,277000395,277000214,영동역,영동역,277,영동군
277000025,145,277000395,277000214,영동역,영동역,277,영동군
277000026,202,277000395,277000214,영동역,영동역,277,영동군
277000027,301,277000395,277000214,영동역,영동역,277,영동군
277000028,302,277000395,277000214,영동역,영동역,277,영동군
277000029,303,277000395,277000214,영동역,영동역,277,영동군
277000030,401,277000395,277000214,영동역,영동역,277,영동군
277000031,402,277000395,277000214,영동역,영동역,277,영동군
277000032,410,277000395,277000214,영동역,영동역,277,영동군
277000033,411,277000395,277000214,영동역,영동역,277,영동군
277000034,412,277000395,277000214,영동역,영동역,277,영동군
277000035,413,277000395,277000214,영동역,영동역,277,영동군
277000036,414,277000395,277000214,영동역,영동역,277,영동군
277000037,420,277000395,277000214,영동역,영동역,277,영동군
277000038,421,277000395,277000214,영동역,영동역,277,영동군
277000039,422,277000395,277000214,영동역,영동역,277,영동군
277000040,430,277000395,277000214,영동역,영동역,277,영동군
277000041,431,277000395,277000214,영동역,영동역,277,영동군
277000042,432,277000395,277000214,영동역,영동역,277,영동군
277000043,510,277000395,277000214,영동역,영동역,277,영동군
277000044,511,277000395,277000214,영동역,영동역,277,영동군
277000048,520,277000395,277000214,영동역,영동역,277,영동군
277000049,521,277000395,277000214,영동역,영동역,277,영동군
277000050,522,277000395,277000214,영동역,영동역,277,영동군
277000051,531,277000395,277000214,영동역,영동역,277,영동군
277000052,532,277000395,277000214,영동역,영동역,277,영동군
277000053,533,277000395,277000214,영동역,영동역,277,영동군
277000054,534,277000395,277000551,영동역,황간버스정류소,277,영동군
277000055,541,277000492,277000214,영동로터리,영동역,277,영동군
277000056,542,277000395,277000551,영동역,황간버스정류소,277,영동군
277000057,543,277000552,277000395,황간버스정류소,영동역,277,영동군
277000058,544,277000492,277000741,영동로터리,영동로터리,277,영동군
277000059,545,277000492,277000741,영동로터리,영동로터리,277,영동군
277000060,600,277000492,277000741,영동로터리,영동로터리,277,영동군
277000061,610,277000492,277000395,영동로터리,영동역,277,영동군
277000062,611,277000283,277000552,운동장,황간버스정류소,277,영동군
277000063,612,277000492,277000741,영동로터리,영동로터리,277,영동군
277000064,613,277000552,277000214,황간버스정류소,영동역,277,영동군
277000065,614,277000492,277000269,영동로터리,운동장,277,영동군
277000066,620,277000492,277000741,영동로터리,영동로터리,277,영동군
277000067,621,277000552,277000741,황간버스정류소,영동로터리,277,영동군
277000068,622,277000492,277000741,영동로터리,영동로터리,277,영동군
277000069,623,277000492,277000741,영동로터리,영동로터리,277,영동군
277000070,624,277000492,277000955,영동로터리,순환버스 중앙시장,277,영동군
277000071,630,277000492,277000741,영동로터리,영동로터리,277,영동군
277000072,631,277000492,277000269,영동로터리,운동장,277,영동군
277000073,632,277000492,277000269,영동로터리,운동장,277,영동군
277000074,633,277000283,277000741,운동장,영동로터리,277,영동군
277000075,634,277000492,277000741,영동로터리,영동로터리,277,영동군
277000076,635,277000492,277000741,영동로터리,영동로터리,277,영동군
277000078,637,277000492,277000269,영동로터리,운동장,277,영동군
277000079,640,277000283,277000741,운동장,영동로터리,277,영동군
277000080,641,277000492,277000741,영동로터리,영동로터리,277,영동군
277000081,642,277000492,277000741,영동로터리,영동로터리,277,영동군
277000082,650,277000492,277000741,영동로터리,영동로터리,277,영동군
277000083,651,277000492,277000269,영동로터리,운동장,277,영동군
277000109,700,277000395,277000395,영동역,영동역,277,영동군
277000110,626,277000492,277000269,영동로터리,운동장,277,영동군
277000111,643,277000492,277000269,영동로터리,운동장,277,영동군
277000112,652,277000283,277000741,운동장,영동로터리,277,영동군
277000113,625,277000283,277000741,운동장,영동로터리,277,영동군
277000114,631,277000492,277000395,영동로터리,영동역,277,영동군
277000115,700,277000395,277000943,영동역,영동역 앞,277,영동군
279000001,70,279000682,279000208,진천종합터미널,진천종합터미널,279,진천군
279000002,71,279000682,279000208,진천종합터미널,진천종합터미널,279,진천군
279000003,72,279000682,281000861,진천종합터미널,혁신도시공용터미널,279,진천군
279000004,73,279000682,279000208,진천종합터미널,진천종합터미널,279,진천군
279000005,74,279000682,279000208,진천종합터미널,진천종합터미널,279,진천군
279000006,75,279000682,279000208,진천종합터미널,진천종합터미널,279,진천군
279000007,76,279000682,279000208,진천종합터미널,진천종합터미널,279,진천군
279000008,76,279000682,279000208,진천종합터미널,진천종합터미널,279,진천군
279000009,77,279000682,279000208,진천종합터미널,진천종합터미널,279,진천군
279000010,80,279000682,279000208,진천종합터미널,진천종합터미널,279,진천군
279000011,81,279000682,279000208,진천종합터미널,진천종합터미널,279,진천군
279000012,82,279000682,279000208,진천종합터미널,진천종합터미널,279,진천군
279000013,83,279000682,279000208,진천종합터미널,진천종합터미널,279,진천군
279000014,90,279000682,279000208,진천종합터미널,진천종합터미널,279,진천군
279000015,91,279000682,279000208,진천종합터미널,진천종합터미널,279,진천군
279000016,91,279000682,279000208,진천종합터미널,진천종합터미널,279,진천군
279000017,91,279000682,279000208,진천종합터미널,진천종합터미널,279,진천군
279000018,100,279000682,281000859,진천종합터미널,무극버스터미널,279,진천군
279000019,100,279000682,281000859,진천종합터미널,무극버스터미널,279,진천군
279000020,101,279000682,281000859,진천종합터미널,무극버스터미널,279,진천군
279000021,102,279000682,281000859,진천종합터미널,무극버스터미널,279,진천군
279000022,103,279000682,281000859,진천종합터미널,무극버스터미널,279,진천군
279000023,104,279000682,281000859,진천종합터미널,무극버스터미널,279,진천군
279000024,104,279000682,281000859,진천종합터미널,무극버스터미널,279,진천군
279000025,105,279000682,281000859,진천종합터미널,무극버스터미널,279,진천군
279000026,106,279000682,281000859,진천종합터미널,무극버스터미널,279,진천군
279000027,106,279000682,281000859,진천종합터미널,무극버스터미널,279,진천군
279000028,260,279000682,279000208,진천종합터미널,진천종합터미널,279,진천군
279000029,107,279000682,281000859,진천종합터미널,무극버스터미널,279,진천군
279000030,108,279000682,281000859,진천종합터미널,무극버스터미널,279,진천군
279000031,110,279000682,281000861,진천종합터미널,혁신도시공용터미널,279,진천군
279000032,111,279000682,281000861,진천종합터미널,혁신도시공용터미널,279,진천군
279000033,111,279000682,281000861,진천종합터미널,혁신도시공용터미널,279,진천군
279000034,114,279000682,279000775,진천종합터미널,광혜원시외버스터미널,279,진천군
279000035,120,279000682,279000208,진천종합터미널,진천종합터미널,279,진천군
279000036,121,279000682,281000859,진천종합터미널,무극버스터미널,279,진천군
279000037,122,279000682,281000859,진천종합터미널,무극버스터미널,279,진천군
279000038,123,279000682,279000208,진천종합터미널,진천종합터미널,279,진천군
279000039,124,279000682,281000861,진천종합터미널,혁신도시공용터미널,279,진천군
279000040,125,279000682,281000861,진천종합터미널,혁신도시공용터미널,279,진천군
279000041,150,279000682,279000208,진천종합터미널,진천종합터미널,279,진천군
279000042,150,279000682,279000208,진천종합터미널,진천종합터미널,279,진천군
279000043,150,279000682,279000208,진천종합터미널,진천종합터미널,279,진천군
279000044,151,279000682,279000208,진천종합터미널,진천종합터미널,279,진천군
279000045,170,279000682,279000208,진천종합터미널,진천종합터미널,279,진천군
279000046,172,279000682,279000208,진천종합터미널,진천종합터미널,279,진천군
279000047,173,279000682,279000208,진천종합터미널,진천종합터미널,279,진천군
279000048,186,279000717,281000861,광혜원시외버스터미널,혁신도시공용터미널,279,진천군
279000049,200,279000682,279000208,진천종합터미널,진천종합터미널,279,진천군
279000050,200,279000682,279000208,진천종합터미널,진천종합터미널,279,진천군
279000051,202,279000682,279000208,진천종합터미널,진천종합터미널,279,진천군
279000052,204,279000682,279000208,진천종합터미널,진천종합터미널,279,진천군
279000053,204,279000682,279000208,진천종합터미널,진천종합터미널,279,진천군
279000054,204,279000682,279000208,진천종합터미널,진천종합터미널,279,진천군
279000056,206,279000682,279000208,진천종합터미널,진천종합터미널,279,진천군
279000057,207,279000682,279000208,진천종합터미널,진천종합터미널,279,진천군
279000058,208,279000682,279000208,진천종합터미널,진천종합터미널,279,진천군
279000059,210,279000682,279000208,진천종합터미널,진천종합터미널,279,진천군
279000060,211,279000682,279000208,진천종합터미널,진천종합터미널,279,진천군
279000062,230,279000682,279000208,진천종합터미널,진천종합터미널,279,진천군
279000063,230,279000682,279000208,진천종합터미널,진천종합터미널,279,진천군
279000064,231,279000682,279000208,진천종합터미널,진천종합터미널,279,진천군
279000065,240,279000682,279000208,진천종합터미널,진천종합터미널,279,진천군
279000066,250,279000682,279000208,진천종합터미널,진천종합터미널,279,진천군
279000067,251,279000682,279000208,진천종합터미널,진천종합터미널,279,진천군
279000068,261,279000682,279000208,진천종합터미널,진천종합터미널,279,진천군
279000069,300,279000682,279000208,진천종합터미널,진천종합터미널,279,진천군
279000070,301,279000682,279000208,진천종합터미널,진천종합터미널,279,진천군
279000071,302,279000682,279000208,진천종합터미널,진천종합터미널,279,진천군
279000072,302,279000682,279000208,진천종합터미널,진천종합터미널,279,진천군
279000073,310,279000682,279000208,진천종합터미널,진천종합터미널,279,진천군
279000074,311,279000682,279000208,진천종합터미널,진천종합터미널,279,진천군
279000075,312,279000682,279000208,진천종합터미널,진천종합터미널,279,진천군
279000076,320,279000682,279000208,진천종합터미널,진천종합터미널,279,진천군
279000077,321,279000682,279000208,진천종합터미널,진천종합터미널,279,진천군
279000078,321,279000682,279000208,진천종합터미널,진천종합터미널,279,진천군
279000079,321,279000682,279000208,진천종합터미널,진천종합터미널,279,진천군
279000080,330,279000682,279000208,진천종합터미널,진천종합터미널,279,진천군
279000081,500,279000682,281000859,진천종합터미널,무극버스터미널,279,진천군
279000082,500,279000682,281000859,진천종합터미널,무극버스터미널,279,진천군
279000083,501,279000682,281000859,진천종합터미널,무극버스터미널,279,진천군
279000084,502,279000682,281000859,진천종합터미널,무극버스터미널,279,진천군
279000085,503,279000682,281000859,진천종합터미널,무극버스터미널,279,진천군
279000086,504,279000682,281000859,진천종합터미널,무극버스터미널,279,진천군
279000087,505,279000682,281000859,진천종합터미널,무극버스터미널,279,진천군
279000088,506,279000682,281000857,진천종합터미널,감곡장호원역,279,진천군
279000089,508,279000682,281000859,진천종합터미널,무극버스터미널,279,진천군
279000090,509,279000682,281000859,진천종합터미널,무극버스터미널,279,진천군
279000091,510,279000682,279000208,진천종합터미널,진천종합터미널,279,진천군
279000092,511,279000682,281000859,진천종합터미널,무극버스터미널,279,진천군
279000093,512,279000682,281000859,진천종합터미널,무극버스터미널,279,진천군
279000094,513,279000682,281000859,진천종합터미널,무극버스터미널,279,진천군
279000095,520,279000682,279000775,진천종합터미널,광혜원시외버스터미널,279,진천군
279000096,530,279000682,279000208,진천종합터미널,진천종합터미널,279,진천군
279000097,530,279000682,279000208,진천종합터미널,진천종합터미널,279,진천군
279000098,530,279000682,279000208,진천종합터미널,진천종합터미널,279,진천군
279000099,531,279000682,279000208,진천종합터미널,진천종합터미널,279,진천군
279000100,531,279000682,279000208,진천종합터미널,진천종합터미널,279,진천군
279000101,532,279000682,279000208,진천종합터미널,진천종합터미널,279,진천군
279000102,540,279000682,279000208,진천종합터미널,진천종합터미널,279,진천군
279000103,541,279000682,279000208,진천종합터미널,진천종합터미널,279,진천군
279000104,550,279000682,279000208,진천종합터미널,진천종합터미널,279,진천군
279000105,560,279000717,279000775,광혜원시외버스터미널,광혜원시외버스터미널,279,진천군
279000106,570,279000717,279000775,광혜원시외버스터미널,광혜원시외버스터미널,279,진천군
279000107,571,279000717,279000208,광혜원시외버스터미널,진천종합터미널,279,진천군
279000108,571,279000717,279000208,광혜원시외버스터미널,진천종합터미널,279,진천군
279000109,580,279000717,279000775,광혜원시외버스터미널,광혜원시외버스터미널,279,진천군
279000110,580,279000717,279000775,광혜원시외버스터미널,광혜원시외버스터미널,279,진천군
279000111,580,279000717,279000208,광혜원시외버스터미널,진천종합터미널,279,진천군
279000112,252,279000682,279000208,진천종합터미널,진천종합터미널,279,진천군
280000001,102,280000471,278000204,괴산시내버스터미널,증평역,280,괴산군
280000002,203-1,278000002,280000480,증평역,청천버스터미널,280,괴산군
280000003,302-1,280000119,278000204,청천버스터미널,증평역,280,괴산군
280000004,203-1,278000002,280000480,증평역,청천버스터미널,280,괴산군
280000005,302,280000119,278000204,청천버스터미널,증평역,280,괴산군
280000006,201,278000002,280000840,증평역,괴산시내버스터미널,280,괴산군
280000007,103-1,280000471,280000480,괴산시내버스터미널,청천버스터미널,280,괴산군
280000008,301-3,280000119,280000840,청천버스터미널,괴산시내버스터미널,280,괴산군
280000009,102-1,280000471,278000204,괴산시내버스터미널,증평역,280,괴산군
280000010,102,280000471,278000204,괴산시내버스터미널,증평역,280,괴산군
280000011,102,280000471,278000204,괴산시내버스터미널,증평역,280,괴산군
280000012,201,278000002,280000840,증평역,괴산시내버스터미널,280,괴산군
280000013,201,278000002,280000840,증평역,괴산시내버스터미널,280,괴산군
280000014,201,278000002,280000840,증평역,괴산시내버스터미널,280,괴산군
280000015,142,280000471,278000204,괴산시내버스터미널,증평역,280,괴산군
280000016,201,278000002,280000840,증평역,괴산시내버스터미널,280,괴산군
280000018,212-1,278000002,278000204,증평역,증평역,280,괴산군
280000019,212-1,278000002,278000204,증평역,증평역,280,괴산군
280000020,212,278000002,278000204,증평역,증평역,280,괴산군
280000021,212-1,278000002,278000204,증평역,증평역,280,괴산군
280000022,282,278000002,278000204,증평역,증평역,280,괴산군
280000023,202,278000002,278000204,증평역,증평역,280,괴산군
280000024,202-3,278000002,278000204,증평역,증평역,280,괴산군
280000025,271,278000002,280000840,증평역,괴산시내버스터미널,280,괴산군
280000026,272-1,278000002,278000204,증평역,증평역,280,괴산군
280000027,108,280000471,280000830,괴산시내버스터미널,삼송,280,괴산군
280000029,272-2,278000002,278000204,증평역,증평역,280,괴산군
280000030,108-1,280000471,280000830,괴산시내버스터미널,삼송,280,괴산군
280000031,108,280000831,280000840,삼송,괴산시내버스터미널,280,괴산군
280000032,108,280000471,280000830,괴산시내버스터미널,삼송,280,괴산군
280000033,108,280000831,280000840,삼송,괴산시내버스터미널,280,괴산군
280000034,108,280000471,280000830,괴산시내버스터미널,삼송,280,괴산군
280000035,108,280000471,280000830,괴산시내버스터미널,삼송,280,괴산군
280000036,105,280000471,280000049,괴산시내버스터미널,목도공동정류소,280,괴산군
280000037,105-1,280000471,280000049,괴산시내버스터미널,목도공동정류소,280,괴산군
280000038,111,280000471,280000840,괴산시내버스터미널,괴산시내버스터미널,280,괴산군
280000039,111,280000471,280000840,괴산시내버스터미널,괴산시내버스터미널,280,괴산군
280000040,501-1,280000048,280000840,목도공동정류소,괴산시내버스터미널,280,괴산군
280000041,501,280000048,280000049,목도공동정류소,목도공동정류소,280,괴산군
280000042,102,280000471,278000204,괴산시내버스터미널,증평역,280,괴산군
280000043,102,280000471,278000204,괴산시내버스터미널,증평역,280,괴산군
280000044,102,280000471,278000204,괴산시내버스터미널,증평역,280,괴산군
280000045,201,278000002,280000840,증평역,괴산시내버스터미널,280,괴산군
280000046,104,280000471,272000004,괴산시내버스터미널,수안보시외버스정류장,280,괴산군
280000047,104,280000471,272000004,괴산시내버스터미널,수안보시외버스정류장,280,괴산군
280000049,104,280000471,272000004,괴산시내버스터미널,수안보시외버스정류장,280,괴산군
280000050,104,280000471,272000004,괴산시내버스터미널,수안보시외버스정류장,280,괴산군
280000051,104,272000003,280000471,수안보시외버스정류장,괴산시내버스터미널,280,괴산군
280000052,104,272000003,280000471,수안보시외버스정류장,괴산시내버스터미널,280,괴산군
280000053,104,272000003,280000471,수안보시외버스정류장,괴산시내버스터미널,280,괴산군
280000054,104,272000003,280000471,수안보시외버스정류장,괴산시내버스터미널,280,괴산군
280000055,109,280000471,280000709,괴산시내버스터미널,수옥정,280,괴산군
280000056,109,280000235,280000840,수옥정,괴산시내버스터미널,280,괴산군
280000057,103-2,280000471,280000480,괴산시내버스터미널,청천버스터미널,280,괴산군
280000058,313,280000119,280000480,청천버스터미널,청천버스터미널,280,괴산군
280000059,323-2,280000119,280000480,청천버스터미널,청천버스터미널,280,괴산군
280000060,333,280000119,280000480,청천버스터미널,청천버스터미널,280,괴산군
280000061,333,280000119,280000480,청천버스터미널,청천버스터미널,280,괴산군
280000062,343-1,280000119,280000480,청천버스터미널,청천버스터미널,280,괴산군
280000063,351,280000119,280000840,청천버스터미널,괴산시내버스터미널,280,괴산군
280000064,353,280000119,280000480,청천버스터미널,청천버스터미널,280,괴산군
280000065,108,280000831,280000840,삼송,괴산시내버스터미널,280,괴산군
280000066,108,280000471,280000830,괴산시내버스터미널,삼송,280,괴산군
280000067,141-3,280000471,280000840,괴산시내버스터미널,괴산시내버스터미널,280,괴산군
280000068,102-1,280000471,278000204,괴산시내버스터미널,증평역,280,괴산군
280000069,201-1,278000002,280000840,증평역,괴산시내버스터미널,280,괴산군
280000072,292,278000002,278000204,증평역,증평역,280,괴산군
280000073,103,280000471,280000480,괴산시내버스터미널,청천버스터미널,280,괴산군
280000074,103,280000471,280000480,괴산시내버스터미널,청천버스터미널,280,괴산군
280000075,301,280000119,280000840,청천버스터미널,괴산시내버스터미널,280,괴산군
280000076,141-3,280000471,280000471,괴산시내버스터미널,괴산시내버스터미널,280,괴산군
280000077,102,280000471,278000204,괴산시내버스터미널,증평역,280,괴산군
280000078,201-2,278000002,280000840,증평역,괴산시내버스터미널,280,괴산군
280000079,222,278000002,278000204,증평역,증평역,280,괴산군
280000080,222,278000002,278000204,증평역,증평역,280,괴산군
280000081,222,278000002,278000204,증평역,증평역,280,괴산군
280000082,222,278000002,278000204,증평역,증평역,280,괴산군
280000083,103-1,280000471,280000480,괴산시내버스터미널,청천버스터미널,280,괴산군
280000084,301-1,280000119,280000840,청천버스터미널,괴산시내버스터미널,280,괴산군
280000085,301,280000119,280000840,청천버스터미널,괴산시내버스터미널,280,괴산군
280000086,141-1,280000471,280000840,괴산시내버스터미널,괴산시내버스터미널,280,괴산군
280000087,141-1,280000471,280000471,괴산시내버스터미널,괴산시내버스터미널,280,괴산군
280000089,323,280000119,280000480,청천버스터미널,청천버스터미널,280,괴산군
280000094,301-2,280000119,280000840,청천버스터미널,괴산시내버스터미널,280,괴산군
280000095,107-1,280000471,280000471,괴산시내버스터미널,괴산시내버스터미널,280,괴산군
280000096,107-1,280000471,280000471,괴산시내버스터미널,괴산시내버스터미널,280,괴산군
280000097,107-2,280000471,280000471,괴산시내버스터미널,괴산시내버스터미널,280,괴산군
280000098,171,280000840,280000840,괴산시내버스터미널,괴산시내버스터미널,280,괴산군
280000100,105,280000840,280000049,괴산시내버스터미널,목도공동정류소,280,괴산군
280000101,501,280000048,280000471,목도공동정류소,괴산시내버스터미널,280,괴산군
280000102,105,280000840,280000049,괴산시내버스터미널,목도공동정류소,280,괴산군
280000103,501,280000048,280000471,목도공동정류소,괴산시내버스터미널,280,괴산군
280000105,501,280000048,280000471,목도공동정류소,괴산시내버스터미널,280,괴산군
280000106,131,280000471,280000840,괴산시내버스터미널,괴산시내버스터미널,280,괴산군
280000107,525,280000049,280000048,목도공동정류소,목도공동정류소,280,괴산군
280000108,105,280000840,280000049,괴산시내버스터미널,목도공동정류소,280,괴산군
280000109,501,280000048,280000471,목도공동정류소,괴산시내버스터미널,280,괴산군
280000110,121-1,280000840,280000840,괴산시내버스터미널,괴산시내버스터미널,280,괴산군
280000111,161-1,280000840,280000840,괴산시내버스터미널,괴산시내버스터미널,280,괴산군
280000112,121-1,280000840,280000840,괴산시내버스터미널,괴산시내버스터미널,280,괴산군
280000113,121-2,280000840,280000840,괴산시내버스터미널,괴산시내버스터미널,280,괴산군
280000114,121-2,280000840,280000840,괴산시내버스터미널,괴산시내버스터미널,280,괴산군
280000115,161,280000840,280000840,괴산시내버스터미널,괴산시내버스터미널,280,괴산군
280000117,302-2,280000119,278000204,청천버스터미널,증평역,280,괴산군
280000118,203-2,278000002,280000480,증평역,청천버스터미널,280,괴산군
280000119,109,280000471,280000235,괴산시내버스터미널,수옥정,280,괴산군
280000120,401,272000003,280000471,수안보시외버스정류장,괴산시내버스터미널,280,괴산군
280000121,104,280000471,272000004,괴산시내버스터미널,수안보시외버스정류장,280,괴산군
280000122,401,272000003,280000471,수안보시외버스정류장,괴산시내버스터미널,280,괴산군
280000123,104,280000471,272000004,괴산시내버스터미널,수안보시외버스정류장,280,괴산군
280000124,401,272000003,280000471,수안보시외버스정류장,괴산시내버스터미널,280,괴산군
280000125,401,272000003,280000471,수안보시외버스정류장,괴산시내버스터미널,280,괴산군
280000126,102-2,280000840,278000204,괴산시내버스터미널,증평역,280,괴산군
280000127,262,278000002,278000204,증평역,증평역,280,괴산군
280000128,262,278000002,278000204,증평역,증평역,280,괴산군
280000129,252,278000002,278000204,증평역,증평역,280,괴산군
280000130,262,278000002,278000204,증평역,증평역,280,괴산군
280000131,262,278000002,278000204,증평역,증평역,280,괴산군
280000132,201-4,278000002,280000840,증평역,괴산시내버스터미널,280,괴산군
280000133,106-1,280000471,281000926,괴산시내버스터미널,음성공용버스터미널,280,괴산군
280000134,601-1,281000269,280000471,음성공용버스터미널,괴산시내버스터미널,280,괴산군
280000135,102-4,280000840,278000204,괴산시내버스터미널,증평역,280,괴산군
280000137,202-4,278000002,278000204,증평역,증평역,280,괴산군
280000138,202-5,278000002,278000204,증평역,증평역,280,괴산군
280000139,202-3,278000002,278000204,증평역,증평역,280,괴산군
280000140,202-4,278000002,278000204,증평역,증평역,280,괴산군
280000141,202-5,278000002,278000204,증평역,증평역,280,괴산군
280000142,202-2,278000002,278000204,증평역,증평역,280,괴산군
280000143,202-5,278000002,278000204,증평역,증평역,280,괴산군
280000144,201-2,278000002,280000840,증평역,괴산시내버스터미널,280,괴산군
280000146,191,280000840,280000840,괴산시내버스터미널,괴산시내버스터미널,280,괴산군
280000147,151,280000840,280000840,괴산시내버스터미널,괴산시내버스터미널,280,괴산군
280000148,181,280000471,280000471,괴산시내버스터미널,괴산시내버스터미널,280,괴산군
280000149,605,281000269,280000048,음성공용버스터미널,목도공동정류소,280,괴산군
280000150,605,281000269,280000048,음성공용버스터미널,목도공동정류소,280,괴산군
280000151,605,281000269,280000048,음성공용버스터미널,목도공동정류소,280,괴산군
280000153,105,280000840,280000049,괴산시내버스터미널,목도공동정류소,280,괴산군
280000154,506,280000049,281000926,목도공동정류소,음성공용버스터미널,280,괴산군
280000155,506,280000049,281000926,목도공동정류소,음성공용버스터미널,280,괴산군
280000156,506,280000049,281000926,목도공동정류소,음성공용버스터미널,280,괴산군
280000157,506,280000049,281000926,목도공동정류소,음성공용버스터미널,280,괴산군
280000159,601,281000269,280000840,음성공용버스터미널,괴산시내버스터미널,280,괴산군
280000160,106,280000840,281000926,괴산시내버스터미널,음성공용버스터미널,280,괴산군
280000161,602,281000269,278000204,음성공용버스터미널,증평역,280,괴산군
280000162,206,278000002,281000926,증평역,음성공용버스터미널,280,괴산군
280000163,602,281000269,278000204,음성공용버스터미널,증평역,280,괴산군
280000164,206,278000002,281000926,증평역,음성공용버스터미널,280,괴산군
280000165,100,280000471,280000131,괴산시내버스터미널,서부병원,280,괴산군
280000166,105,280000228,280000049,문무아파트,목도공동정류소,280,괴산군
280000168,105,280000840,280000049,괴산시내버스터미널,목도공동정류소,280,괴산군
280000169,501-1,280000048,280000840,목도공동정류소,괴산시내버스터미널,280,괴산군
280000170,141-3,280000840,280000270,괴산시내버스터미널,산막이옛길,280,괴산군
280000171,141-3,280000399,280000840,산막이옛길,괴산시내버스터미널,280,괴산군
280000172,141-3,280000840,280000270,괴산시내버스터미널,산막이옛길,280,괴산군
280000173,141-3,280000399,280000840,산막이옛길,괴산시내버스터미널,280,괴산군
280000174,707,280000002,280000001,오가리,오가리,280,괴산군
280000175,705,280000002,280000049,오가리,목도공동정류소,280,괴산군
280000177,507,280000048,280000001,목도공동정류소,오가리,280,괴산군
280000178,707,280000002,280000001,오가리,오가리,280,괴산군
280000179,707,280000001,280000002,오가리,오가리,280,괴산군
280000181,100-2,280000840,280000740,괴산시내버스터미널,쌍곡휴게소,280,괴산군
280000182,100-2,280000711,280000471,쌍곡휴게소,괴산시내버스터미널,280,괴산군
280000183,101-1,280000840,280000840,괴산시내버스터미널,괴산시내버스터미널,280,괴산군
280000184,100-2,280000840,280000740,괴산시내버스터미널,쌍곡휴게소,280,괴산군
280000185,100-2,280000711,280000471,쌍곡휴게소,괴산시내버스터미널,280,괴산군
280000186,101-1,280000840,280000840,괴산시내버스터미널,괴산시내버스터미널,280,괴산군
280000187,101-1,280000840,280000840,괴산시내버스터미널,괴산시내버스터미널,280,괴산군
280000188,101-1,280000840,280000840,괴산시내버스터미널,괴산시내버스터미널,280,괴산군
280000189,100-2,280000711,280000471,쌍곡휴게소,괴산시내버스터미널,280,괴산군
280000190,108,280000831,280000840,삼송,괴산시내버스터미널,280,괴산군
280000191,605,281000269,280000048,음성공용버스터미널,목도공동정류소,280,괴산군
280000192,106-1,280000471,281000926,괴산시내버스터미널,음성공용버스터미널,280,괴산군
280000193,601-1,281000269,280000471,음성공용버스터미널,괴산시내버스터미널,280,괴산군
281000001,112,281000117,281000859,혁신도시공용터미널,무극버스터미널,281,음성군
281000002,130,281000117,281000861,혁신도시공용터미널,혁신도시공용터미널,281,음성군
281000003,131,281000117,281000861,혁신도시공용터미널,혁신도시공용터미널,281,음성군
281000004,132,281000117,281000861,혁신도시공용터미널,혁신도시공용터미널,281,음성군
281000005,133,281000117,279000208,혁신도시공용터미널,진천종합터미널,281,음성군
281000006,134,281000117,281000861,혁신도시공용터미널,혁신도시공용터미널,281,음성군
281000007,135,281000117,279000208,혁신도시공용터미널,진천종합터미널,281,음성군
281000008,157,281000475,279000208,무극버스터미널,진천종합터미널,281,음성군
281000009,159,281000475,279000208,무극버스터미널,진천종합터미널,281,음성군
281000010,160,281000475,279000208,무극버스터미널,진천종합터미널,281,음성군
281000011,160,281000475,279000208,무극버스터미널,진천종합터미널,281,음성군
281000012,161,281000475,279000208,무극버스터미널,진천종합터미널,281,음성군
281000013,162,281000475,281000859,무극버스터미널,무극버스터미널,281,음성군
281000014,163,281000475,279000208,무극버스터미널,진천종합터미널,281,음성군
281000015,164,281000475,279000208,무극버스터미널,진천종합터미널,281,음성군
281000016,165,281000475,279000208,무극버스터미널,진천종합터미널,281,음성군
281000017,166,281000475,279000208,무극버스터미널,진천종합터미널,281,음성군
281000018,167,281000475,279000208,무극버스터미널,진천종합터미널,281,음성군
281000019,168,281000475,279000208,무극버스터미널,진천종합터미널,281,음성군
281000020,168,281000475,279000208,무극버스터미널,진천종합터미널,281,음성군
281000021,169,281000475,279000208,무극버스터미널,진천종합터미널,281,음성군
281000022,180,281000117,281000861,혁신도시공용터미널,혁신도시공용터미널,281,음성군
281000023,181,281000117,281000861,혁신도시공용터미널,혁신도시공용터미널,281,음성군
281000024,181,281000117,279000208,혁신도시공용터미널,진천종합터미널,281,음성군
281000025,183,281000117,279000775,혁신도시공용터미널,광혜원시외버스터미널,281,음성군
281000026,184,281000117,281000861,혁신도시공용터미널,혁신도시공용터미널,281,음성군
281000027,190,281000117,279000208,혁신도시공용터미널,진천종합터미널,281,음성군
281000028,191,281000117,279000208,혁신도시공용터미널,진천종합터미널,281,음성군
281000029,192,281000117,279000208,혁신도시공용터미널,진천종합터미널,281,음성군
281000030,640,281000269,281000926,음성공용버스터미널,음성공용버스터미널,281,음성군
281000031,600,281000475,281000926,무극버스터미널,음성공용버스터미널,281,음성군
281000032,601,281000475,281000926,무극버스터미널,음성공용버스터미널,281,음성군
281000033,610,281000269,281000859,음성공용버스터미널,무극버스터미널,281,음성군
281000034,612,281000269,281000859,음성공용버스터미널,무극버스터미널,281,음성군
281000035,641,281000269,281000926,음성공용버스터미널,음성공용버스터미널,281,음성군
281000036,644,281000269,281000926,음성공용버스터미널,음성공용버스터미널,281,음성군
281000037,643,281000269,281000926,음성공용버스터미널,음성공용버스터미널,281,음성군
281000038,645,281000269,281000859,음성공용버스터미널,무극버스터미널,281,음성군
281000040,650,281000269,281000926,음성공용버스터미널,음성공용버스터미널,281,음성군
281000041,651,281000269,281000926,음성공용버스터미널,음성공용버스터미널,281,음성군
281000042,652,281000269,281000926,음성공용버스터미널,음성공용버스터미널,281,음성군
281000043,653,281000269,281000926,음성공용버스터미널,음성공용버스터미널,281,음성군
281000044,670,281000269,281000926,음성공용버스터미널,음성공용버스터미널,281,음성군
281000045,680,281000269,281000926,음성공용버스터미널,음성공용버스터미널,281,음성군
281000046,681,281000269,281000926,음성공용버스터미널,음성공용버스터미널,281,음성군
281000047,690,281000269,281000926,음성공용버스터미널,음성공용버스터미널,281,음성군
281000048,700,281000475,281000857,무극버스터미널,감곡장호원역,281,음성군
281000049,701,281000475,281000857,무극버스터미널,감곡장호원역,281,음성군
281000050,702,281000475,281000857,무극버스터미널,감곡장호원역,281,음성군
281000051,703,281000475,281000857,무극버스터미널,감곡장호원역,281,음성군
281000052,704,281000475,281000857,무극버스터미널,감곡장호원역,281,음성군
281000053,705,281000475,281000857,무극버스터미널,감곡장호원역,281,음성군
281000054,706,281000475,281000857,무극버스터미널,감곡장호원역,281,음성군
281000055,708,281000475,281000857,무극버스터미널,감곡장호원역,281,음성군
281000056,710,281000858,281000859,감곡장호원역,무극버스터미널,281,음성군
281000057,711,281000858,281000859,감곡장호원역,무극버스터미널,281,음성군
281000058,712,281000858,281000859,감곡장호원역,무극버스터미널,281,음성군
281000059,713,281000858,281000859,감곡장호원역,무극버스터미널,281,음성군
281000060,714,281000858,281000859,감곡장호원역,무극버스터미널,281,음성군
281000061,720,281000857,281000858,감곡장호원역,감곡장호원역,281,음성군
281000062,730,281000858,281000857,감곡장호원역,감곡장호원역,281,음성군
281000063,731,281000858,281000857,감곡장호원역,감곡장호원역,281,음성군
281000064,732,281000858,281000859,감곡장호원역,무극버스터미널,281,음성군
281000065,733,281000858,281000857,감곡장호원역,감곡장호원역,281,음성군
281000066,734,281000475,281000857,무극버스터미널,감곡장호원역,281,음성군
281000067,735,281000858,281000857,감곡장호원역,감곡장호원역,281,음성군
281000068,740,281000859,281000475,무극버스터미널,무극버스터미널,281,음성군
281000069,750,281000475,281000859,무극버스터미널,무극버스터미널,281,음성군
281000070,751,281000475,281000859,무극버스터미널,무극버스터미널,281,음성군
281000071,752,281000475,281000859,무극버스터미널,무극버스터미널,281,음성군
281000072,760,281000475,281000859,무극버스터미널,무극버스터미널,281,음성군
281000073,761,281000475,281000859,무극버스터미널,무극버스터미널,281,음성군
281000074,770,281000475,281000859,무극버스터미널,무극버스터미널,281,음성군
281000075,771,281000475,281000859,무극버스터미널,무극버스터미널,281,음성군
281000076,772,281000475,279000208,무극버스터미널,진천종합터미널,281,음성군
281000077,773,281000475,281000859,무극버스터미널,무극버스터미널,281,음성군
281000078,774,281000475,281000859,무극버스터미널,무극버스터미널,281,음성군
281000079,775,281000475,281000859,무극버스터미널,무극버스터미널,281,음성군
281000080,776,281000475,281000859,무극버스터미널,무극버스터미널,281,음성군
281000081,777,281000475,281000859,무극버스터미널,무극버스터미널,281,음성군
281000082,780,281000858,281000857,감곡장호원역,감곡장호원역,281,음성군
281000083,781,281000858,281000857,감곡장호원역,감곡장호원역,281,음성군
281000084,789,281000475,281000859,무극버스터미널,무극버스터미널,281,음성군
281000085,790,281000475,279000208,무극버스터미널,진천종합터미널,281,음성군
281000086,791,281000475,279000208,무극버스터미널,진천종합터미널,281,음성군
281000087,792,281000475,279000208,무극버스터미널,진천종합터미널,281,음성군
281000088,793,281000475,279000208,무극버스터미널,진천종합터미널,281,음성군
281000089,794,281000475,279000208,무극버스터미널,진천종합터미널,281,음성군
281000090,795,281000475,279000208,무극버스터미널,진천종합터미널,281,음성군
281000091,796,281000475,281000859,무극버스터미널,무극버스터미널,281,음성군
281000092,797,281000475,281000859,무극버스터미널,무극버스터미널,281,음성군
281000093,798,281000475,281000859,무극버스터미널,무극버스터미널,281,음성군
281000094,799,281000475,281000859,무극버스터미널,무극버스터미널,281,음성군
281000095,800,281000269,281000926,음성공용버스터미널,음성공용버스터미널,281,음성군
281000096,801,281000269,281000926,음성공용버스터미널,음성공용버스터미널,281,음성군
281000097,802,281000269,281000926,음성공용버스터미널,음성공용버스터미널,281,음성군
281000098,803,281000269,281000926,음성공용버스터미널,음성공용버스터미널,281,음성군
281000099,804,281000269,281000926,음성공용버스터미널,음성공용버스터미널,281,음성군
281000100,805,281000269,281000926,음성공용버스터미널,음성공용버스터미널,281,음성군
281000101,806,281000269,281000926,음성공용버스터미널,음성공용버스터미널,281,음성군
281000102,811,281000269,281000926,음성공용버스터미널,음성공용버스터미널,281,음성군
281000103,811,281000269,281000926,음성공용버스터미널,음성공용버스터미널,281,음성군
281000104,812,281000269,281000926,음성공용버스터미널,음성공용버스터미널,281,음성군
281000105,813,281000269,281000926,음성공용버스터미널,음성공용버스터미널,281,음성군
281000106,814,281000269,281000926,음성공용버스터미널,음성공용버스터미널,281,음성군
281000107,815,281000269,281000926,음성공용버스터미널,음성공용버스터미널,281,음성군
281000108,816,281000269,281000926,음성공용버스터미널,음성공용버스터미널,281,음성군
281000109,817,281000269,281000926,음성공용버스터미널,음성공용버스터미널,281,음성군
281000110,820,281000269,281000926,음성공용버스터미널,음성공용버스터미널,281,음성군
281000111,821,281000269,281000926,음성공용버스터미널,음성공용버스터미널,281,음성군
281000112,822,281000269,281000926,음성공용버스터미널,음성공용버스터미널,281,음성군
281000113,823,281000269,281000926,음성공용버스터미널,음성공용버스터미널,281,음성군
281000114,824,281000269,281000926,음성공용버스터미널,음성공용버스터미널,281,음성군
281000115,905,281000475,281000859,무극버스터미널,무극버스터미널,281,음성군
281000116,826,281000269,281000926,음성공용버스터미널,음성공용버스터미널,281,음성군
281000117,827,281000269,281000926,음성공용버스터미널,음성공용버스터미널,281,음성군
281000118,828,281000269,281000926,음성공용버스터미널,음성공용버스터미널,281,음성군
281000119,829,281000269,281000926,음성공용버스터미널,음성공용버스터미널,281,음성군
281000120,830,281000269,281000926,음성공용버스터미널,음성공용버스터미널,281,음성군
281000121,900,281000475,279000208,무극버스터미널,진천종합터미널,281,음성군
281000122,900,281000475,279000208,무극버스터미널,진천종합터미널,281,음성군
281000123,901,281000475,279000208,무극버스터미널,진천종합터미널,281,음성군
281000124,902,281000475,281000859,무극버스터미널,무극버스터미널,281,음성군
281000125,903,281000475,279000208,무극버스터미널,진천종합터미널,281,음성군
281000126,904,281000475,279000208,무극버스터미널,진천종합터미널,281,음성군
281000127,906,281000475,281000859,무극버스터미널,무극버스터미널,281,음성군
281000128,907,281000475,281000859,무극버스터미널,무극버스터미널,281,음성군
281000129,908,281000475,281000859,무극버스터미널,무극버스터미널,281,음성군
281000130,909,281000475,281000859,무극버스터미널,무극버스터미널,281,음성군
281000131,910,281000475,281000859,무극버스터미널,무극버스터미널,281,음성군
281000132,911,281000475,281000859,무극버스터미널,무극버스터미널,281,음성군
281000133,912,281000475,281000859,무극버스터미널,무극버스터미널,281,음성군
281000134,913,281000475,281000859,무극버스터미널,무극버스터미널,281,음성군
281000135,920,281000475,281000859,무극버스터미널,무극버스터미널,281,음성군
281000136,1000,281000117,281000861,혁신도시공용터미널,혁신도시공용터미널,281,음성군
281000137,922,281000475,281000859,무극버스터미널,무극버스터미널,281,음성군
281000138,923,281000475,281000859,무극버스터미널,무극버스터미널,281,음성군
281000139,2000,281000117,281000861,혁신도시공용터미널,혁신도시공용터미널,281,음성군
281000140,925,281000475,281000859,무극버스터미널,무극버스터미널,281,음성군
281000141,926,281000475,281000859,무극버스터미널,무극버스터미널,281,음성군
281000142,927,281000475,281000859,무극버스터미널,무극버스터미널,281,음성군
281000143,929,281000475,281000859,무극버스터미널,무극버스터미널,281,음성군
281000144,930,281000475,281000859,무극버스터미널,무극버스터미널,281,음성군
281000145,931,281000475,281000859,무극버스터미널,무극버스터미널,281,음성군
281000146,825,281000269,281000926,음성공용버스터미널,음성공용버스터미널,281,음성군
281000149,600,281000859,281000926,무극버스터미널,음성공용버스터미널,281,음성군
281000150,610,281000269,281000475,음성공용버스터미널,무극버스터미널,281,음성군
281000151,1002,281000117,281000861,혁신도시공용터미널,혁신도시공용터미널,281,음성군
281000152,1001,281000117,281000861,혁신도시공용터미널,혁신도시공용터미널,281,음성군
281000153,2002,281000117,281000861,혁신도시공용터미널,혁신도시공용터미널,281,음성군
281000154,2001,281000117,281000861,혁신도시공용터미널,혁신도시공용터미널,281,음성군
281000155,790,281000475,279000208,무극버스터미널,진천종합터미널,281,음성군
281000156,794,281000475,279000208,무극버스터미널,진천종합터미널,281,음성군
281000157,804,281000269,281000926,음성공용버스터미널,음성공용버스터미널,281,음성군
281000158,813,281000269,281000926,음성공용버스터미널,음성공용버스터미널,281,음성군
281000159,819,281000269,281000926,음성공용버스터미널,음성공용버스터미널,281,음성군
281000160,910,281000475,281000859,무극버스터미널,무극버스터미널,281,음성군
281000161,912,281000475,281000859,무극버스터미널,무극버스터미널,281,음성군
281000162,929,281000475,281000859,무극버스터미널,무극버스터미널,281,음성군
281000163,932,281000475,279000208,무극버스터미널,진천종합터미널,281,음성군
281000164,611,281000269,281000859,음성공용버스터미널,무극버스터미널,281,음성군
281000165,654,281000269,281000859,음성공용버스터미널,무극버스터미널,281,음성군
281000166,710,281000858,281000859,감곡장호원역,무극버스터미널,281,음성군
281000167,776,281000475,281000859,무극버스터미널,무극버스터미널,281,음성군
281000168,921,281000475,281000859,무극버스터미널,무극버스터미널,281,음성군
281000169,924,281000475,281000859,무극버스터미널,무극버스터미널,281,음성군
281000170,3001,281000893,281000926,대소면행정복지센터,음성공용버스터미널,281,음성군
281000171,3002,281000893,281000857,대소면행정복지센터,감곡장호원역,281,음성군
281000172,3001,281000269,281000893,음성공용버스터미널,대소면행정복지센터,281,음성군
281000173,3002,281000858,281000893,감곡장호원역,대소면행정복지센터,281,음성군
281000174,3001,281000893,281000861,대소면행정복지센터,혁신도시공용터미널,281,음성군
281000175,3001,281000269,281000861,음성공용버스터미널,혁신도시공용터미널,281,음성군
281000176,3002,281000893,281000861,대소면행정복지센터,혁신도시공용터미널,281,음성군
281000177,3002,281000858,281000861,감곡장호원역,혁신도시공용터미널,281,음성군
281000180,707,281000475,281000857,무극버스터미널,감곡장호원역,281,음성군
281000181,164,281000475,279000208,무극버스터미널,진천종합터미널,281,음성군
282000101,101,282000132,282000128,다누리센터앞,단양공동물류센터,282,단양군
282000103,103,282000466,282000123,서울병원,상진1리(구군부대앞),282,단양군
282000104,104,282000128,282000123,단양공동물류센터,상진1리(구군부대앞),282,단양군
282000105,105,282000132,282000123,다누리센터앞,상진1리(구군부대앞),282,단양군
282000106,106,282000128,282000128,단양공동물류센터,단양공동물류센터,282,단양군
282000107,107,282000132,282000133,다누리센터앞,다누리센터앞,282,단양군
282000108,108,282000132,282000128,다누리센터앞,단양공동물류센터,282,단양군
282000111,111,282000147,282000148,어의곡리,어의곡입구앞,282,단양군
282000201,201,282000466,282000132,서울병원,다누리센터앞,282,단양군
282000202,202,282000132,282000128,다누리센터앞,단양공동물류센터,282,단양군
282000203,203,282000132,282000128,다누리센터앞,단양공동물류센터,282,단양군
282000204,204,282000123,282000124,상진1리(구군부대앞),상진1리(구군부대앞),282,단양군
282000211,211,282000132,282000128,다누리센터앞,단양공동물류센터,282,단양군
282000212,212,282000132,282000128,다누리센터앞,단양공동물류센터,282,단양군
282000213,213,282000147,282000133,어의곡리,다누리센터앞,282,단양군
282000214,214,282000147,282000128,어의곡리,단양공동물류센터,282,단양군
282000221,221,282000132,282000128,다누리센터앞,단양공동물류센터,282,단양군
282000222,222,282000128,282000128,단양공동물류센터,단양공동물류센터,282,단양군
282000223,223,282000220,282000128,평동리,단양공동물류센터,282,단양군
282000301,301,282000123,282000128,상진1리(구군부대앞),단양공동물류센터,282,단양군
282000302,302,282000128,282000132,단양공동물류센터,다누리센터앞,282,단양군
282000303,303,282000123,282000132,상진1리(구군부대앞),다누리센터앞,282,단양군
282000304,304,282000123,282000132,상진1리(구군부대앞),다누리센터앞,282,단양군
282000401,401,282000132,282000133,다누리센터앞,다누리센터앞,282,단양군
282000402,402,282000132,282000133,다누리센터앞,다누리센터앞,282,단양군
282000403,403,282000132,282000133,다누리센터앞,다누리센터앞,282,단양군
282000404,404,282000132,282000133,다누리센터앞,다누리센터앞,282,단양군
282000405,405,282000132,282000133,다누리센터앞,다누리센터앞,282,단양군
282000412,412,282000132,282000133,다누리센터앞,다누리센터앞,282,단양군
282000413,413,282000132,282000133,다누리센터앞,다누리센터앞,282,단양군
282000414,414,282000466,282000123,서울병원,상진1리(구군부대앞),282,단양군
282000415,415,282000128,282000123,단양공동물류센터,상진1리(구군부대앞),282,단양군
282000416,416,282000132,282000133,다누리센터앞,다누리센터앞,282,단양군
282000417,417,282000132,282000133,다누리센터앞,다누리센터앞,282,단양군
282000501,501,282000132,282000128,다누리센터앞,단양공동물류센터,282,단양군
282000502,502,282000132,282000133,다누리센터앞,다누리센터앞,282,단양군
282000503,503,282000128,282000123,단양공동물류센터,상진1리(구군부대앞),282,단양군
282000504,504,282000132,282000133,다누리센터앞,다누리센터앞,282,단양군
282000511,511,282000466,282000132,서울병원,다누리센터앞,282,단양군
282000512,512,282000132,282000133,다누리센터앞,다누리센터앞,282,단양군
282000513,513,282000466,282000123,서울병원,상진1리(구군부대앞),282,단양군
282000515,515,282000466,282000132,서울병원,다누리센터앞,282,단양군
282000516,516,282000466,282000123,서울병원,상진1리(구군부대앞),282,단양군
282000517,517,282000132,282000133,다누리센터앞,다누리센터앞,282,단양군
282000518,518,282000132,282000123,다누리센터앞,상진1리(구군부대앞),282,단양군
282000521,521,282000132,282000133,다누리센터앞,다누리센터앞,282,단양군
282000522,522,282000132,282000133,다누리센터앞,다누리센터앞,282,단양군
282000523,523,282000132,282000133,다누리센터앞,다누리센터앞,282,단양군
282000531,531,282000132,282000133,다누리센터앞,다누리센터앞,282,단양군
282000532,532,282000132,282000133,다누리센터앞,다누리센터앞,282,단양군
282000533,533,282000132,282000133,다누리센터앞,다누리센터앞,282,단양군
282000534,534,282000132,282000133,다누리센터앞,다누리센터앞,282,단양군
282000535,535,282000132,282000133,다누리센터앞,다누리센터앞,282,단양군
282000536,536,282000132,282000133,다누리센터앞,다누리센터앞,282,단양군
282000537,537,282000132,282000133,다누리센터앞,다누리센터앞,282,단양군
282000538,538,282000132,282000133,다누리센터앞,다누리센터앞,282,단양군
282000601,601,282000128,282000132,단양공동물류센터,다누리센터앞,282,단양군
282000602,602,282000128,282000128,단양공동물류센터,단양공동물류센터,282,단양군
282000603,603,282000128,282000128,단양공동물류센터,단양공동물류센터,282,단양군
282000605,605,282000128,282000128,단양공동물류센터,단양공동물류센터,282,단양군
282000611,611,282000123,282000128,상진1리(구군부대앞),단양공동물류센터,282,단양군
282000612,612,282000123,282000128,상진1리(구군부대앞),단양공동물류센터,282,단양군
282000613,613,282000123,282000128,상진1리(구군부대앞),단양공동물류센터,282,단양군
282000621,621,282000128,282000128,단양공동물류센터,단양공동물류센터,282,단양군
282000622,622,282000128,282000128,단양공동물류센터,단양공동물류센터,282,단양군
282000623,623,282000128,282000128,단양공동물류센터,단양공동물류센터,282,단양군
282000624,624,282000107,282000128,단양역앞,단양공동물류센터,282,단양군
282000625,625,282000128,282000466,단양공동물류센터,서울병원,282,단양군
282000631,631,282000128,282000128,단양공동물류센터,단양공동물류센터,282,단양군
282000632,632,282000128,282000128,단양공동물류센터,단양공동물류센터,282,단양군
282000633,633,282000128,282000128,단양공동물류센터,단양공동물류센터,282,단양군
282000634,634,282000128,282000128,단양공동물류센터,단양공동물류센터,282,단양군
282000635,635,282000128,282000128,단양공동물류센터,단양공동물류센터,282,단양군
282000636,636,282000128,282000128,단양공동물류센터,단양공동물류센터,282,단양군
282000637,637,282000208,282000128,매포시외버스터미널,단양공동물류센터,282,단양군
282000701,701,282000128,282000128,단양공동물류센터,단양공동물류센터,282,단양군
282000702,702,282000128,282000422,단양공동물류센터,단양소백농협,282,단양군
282000703,703,282000418,282000418,영춘공동정류소,영춘공동정류소,282,단양군
282000704,704,282000418,282000418,영춘공동정류소,영춘공동정류소,282,단양군
282000801,801,282000132,282000128,다누리센터앞,단양공동물류센터,282,단양군
282000802,802,282000128,282000128,단양공동물류센터,단양공동물류센터,282,단양군
282000803,803,282000128,282000132,단양공동물류센터,다누리센터앞,282,단양군
282000804,804,282000128,282000132,단양공동물류센터,다누리센터앞,282,단양군
282000805,805,282000132,282000218,다누리센터앞,평동,282,단양군
282000806,806,282000123,282000128,상진1리(구군부대앞),단양공동물류센터,282,단양군
282000807,807,282000128,282000128,단양공동물류센터,단양공동물류센터,282,단양군
282000811,811,282000128,282000123,단양공동물류센터,상진1리(구군부대앞),282,단양군
282000812,812,282000128,282000128,단양공동물류센터,단양공동물류센터,282,단양군
282000813,813,282000123,282000132,상진1리(구군부대앞),다누리센터앞,282,단양군
282000814,814,282000128,282000128,단양공동물류센터,단양공동물류센터,282,단양군
282000815,815,282000128,282000227,단양공동물류센터,평동,282,단양군
282000816,816,282000128,282000466,단양공동물류센터,서울병원,282,단양군
282000817,817,282000132,282000128,다누리센터앞,단양공동물류센터,282,단양군
282000818,818,282000132,282000128,다누리센터앞,단양공동물류센터,282,단양군
282000901,901,282000132,282000128,다누리센터앞,단양공동물류센터,282,단양군
282000911,911,282000128,282000128,단양공동물류센터,단양공동물류센터,282,단양군
282000912,912,282000128,282000128,단양공동물류센터,단양공동물류센터,282,단양군
282000921,921,282000466,282000123,서울병원,상진1리(구군부대앞),282,단양군
282000922,922,282000132,282000133,다누리센터앞,다누리센터앞,282,단양군
282000931,931,282000132,282000133,다누리센터앞,다누리센터앞,282,단양군
290000001,101,290001309,290001333,논산시내버스정류장.덕성여객,논산시내버스정류장.덕성여객,290,논산시
290000004,102,290001309,290001333,논산시내버스정류장.덕성여객,논산시내버스정류장.덕성여객,290,논산시
290000007,102-1,290001309,290000077,논산시내버스정류장.덕성여객,심암리,290,논산시
290000009,104,290001309,290001333,논산시내버스정류장.덕성여객,논산시내버스정류장.덕성여객,290,논산시
290000014,201,290001309,290001333,논산시내버스정류장.덕성여객,논산시내버스정류장.덕성여객,290,논산시
290000016,202,290001309,290001333,논산시내버스정류장.덕성여객,논산시내버스정류장.덕성여객,290,논산시
290000018,203,290001309,290001333,논산시내버스정류장.덕성여객,논산시내버스정류장.덕성여객,290,논산시
290000020,204,290001309,290001333,논산시내버스정류장.덕성여객,논산시내버스정류장.덕성여객,290,논산시
290000022,205,290001309,290001333,논산시내버스정류장.덕성여객,논산시내버스정류장.덕성여객,290,논산시
290000024,205-1,290001309,290000229,논산시내버스정류장.덕성여객,죽본1리.대밑,290,논산시
290000027,209,290001309,290001333,논산시내버스정류장.덕성여객,논산시내버스정류장.덕성여객,290,논산시
290000030,211,290001309,290001333,논산시내버스정류장.덕성여객,논산시내버스정류장.덕성여객,290,논산시
290000032,212,290001309,290001333,논산시내버스정류장.덕성여객,논산시내버스정류장.덕성여객,290,논산시
290000034,213,290001309,290001333,논산시내버스정류장.덕성여객,논산시내버스정류장.덕성여객,290,논산시
290000035,214,290001309,290001333,논산시내버스정류장.덕성여객,논산시내버스정류장.덕성여객,290,논산시
290000037,215-1,290001309,290001333,논산시내버스정류장.덕성여객,논산시내버스정류장.덕성여객,290,논산시
290000038,215,290001309,290001333,논산시내버스정류장.덕성여객,논산시내버스정류장.덕성여객,290,논산시
290000041,216,290001309,290001333,논산시내버스정류장.덕성여객,논산시내버스정류장.덕성여객,290,논산시
290000044,220,290001309,290001333,논산시내버스정류장.덕성여객,논산시내버스정류장.덕성여객,290,논산시
290000046,221,290001309,290001333,논산시내버스정류장.덕성여객,논산시내버스정류장.덕성여객,290,논산시
290000049,222,290001309,290001333,논산시내버스정류장.덕성여객,논산시내버스정류장.덕성여객,290,논산시
290000052,217,290001383,290001382,강경 터미널,강경 터미널,290,논산시
290000054,218,290001383,290001382,강경 터미널,강경 터미널,290,논산시
290000056,219,290001383,290001382,강경 터미널,강경 터미널,290,논산시
290000058,301,290001309,290001333,논산시내버스정류장.덕성여객,논산시내버스정류장.덕성여객,290,논산시
290000060,302,290001309,290001333,논산시내버스정류장.덕성여객,논산시내버스정류장.덕성여객,290,논산시
290000062,303,290001309,291000011,논산시내버스정류장.덕성여객,신도안아파트,290,논산시
290000065,303-2,290001309,291000011,논산시내버스정류장.덕성여객,신도안아파트,290,논산시
290000066,304,290001309,290001333,논산시내버스정류장.덕성여객,논산시내버스정류장.덕성여객,290,논산시
290000068,304-1,290001309,290001333,논산시내버스정류장.덕성여객,논산시내버스정류장.덕성여객,290,논산시
290000070,305,290001309,290001333,논산시내버스정류장.덕성여객,논산시내버스정류장.덕성여객,290,논산시
290000072,307,290001309,290001333,논산시내버스정류장.덕성여객,논산시내버스정류장.덕성여객,290,논산시
290000074,308,290001309,290001333,논산시내버스정류장.덕성여객,논산시내버스정류장.덕성여객,290,논산시
290000076,310,290001309,290001333,논산시내버스정류장.덕성여객,논산시내버스정류장.덕성여객,290,논산시
290000078,311,290001309,290000628,논산시내버스정류장.덕성여객,송산리,290,논산시
290000081,311-1,290000631,290001333,송산리,논산시내버스정류장.덕성여객,290,논산시
290000082,312,290001309,290001333,논산시내버스정류장.덕성여객,논산시내버스정류장.덕성여객,290,논산시
290000085,313,290001309,290001333,논산시내버스정류장.덕성여객,논산시내버스정류장.덕성여객,290,논산시
290000087,315,290001309,290001333,논산시내버스정류장.덕성여객,논산시내버스정류장.덕성여객,290,논산시
290000089,316,290001309,290001333,논산시내버스정류장.덕성여객,논산시내버스정류장.덕성여객,290,논산시
290000091,317-1,290000478,290001333,신기리,논산시내버스정류장.덕성여객,290,논산시
290000093,318-1,290001309,290000478,논산시내버스정류장.덕성여객,신기리,290,논산시
290000094,318,290001309,290000478,논산시내버스정류장.덕성여객,신기리,290,논산시
290000096,320,290001309,290001333,논산시내버스정류장.덕성여객,논산시내버스정류장.덕성여객,290,논산시
290000098,321,290001309,290001333,논산시내버스정류장.덕성여객,논산시내버스정류장.덕성여객,290,논산시
290000101,323,290001309,290001333,논산시내버스정류장.덕성여객,논산시내버스정류장.덕성여객,290,논산시
290000104,401,290001309,290001333,논산시내버스정류장.덕성여객,논산시내버스정류장.덕성여객,290,논산시
290000106,402,290001309,290001333,논산시내버스정류장.덕성여객,논산시내버스정류장.덕성여객,290,논산시
290000108,403,290001309,290001333,논산시내버스정류장.덕성여객,논산시내버스정류장.덕성여객,290,논산시
290000109,403-1,290000782,290001333,산노리종점,논산시내버스정류장.덕성여객,290,논산시
290000110,404,290001309,290001333,논산시내버스정류장.덕성여객,논산시내버스정류장.덕성여객,290,논산시
290000112,404-1,290000800,290001333,병암2리,논산시내버스정류장.덕성여객,290,논산시
290000116,405,290001309,290001333,논산시내버스정류장.덕성여객,논산시내버스정류장.덕성여객,290,논산시
290000117,405-1,290000649,290001333,임화2리,논산시내버스정류장.덕성여객,290,논산시
290000122,406,290001309,290001333,논산시내버스정류장.덕성여객,논산시내버스정류장.덕성여객,290,논산시
290000125,407,290001309,290001333,논산시내버스정류장.덕성여객,논산시내버스정류장.덕성여객,290,논산시
290000128,408,290001309,290001333,논산시내버스정류장.덕성여객,논산시내버스정류장.덕성여객,290,논산시
290000134,409,290001309,290001333,논산시내버스정류장.덕성여객,논산시내버스정류장.덕성여객,290,논산시
290000135,410,290001309,290001333,논산시내버스정류장.덕성여객,논산시내버스정류장.덕성여객,290,논산시
290000141,413,290001309,290000245,논산시내버스정류장.덕성여객,육곡사거리,290,논산시
290000143,414,290001309,290001333,논산시내버스정류장.덕성여객,논산시내버스정류장.덕성여객,290,논산시
290000145,415,290001309,290000843,논산시내버스정류장.덕성여객,삼전2리,290,논산시
290000146,415-1,290000284,290001333,삼전2리,논산시내버스정류장.덕성여객,290,논산시
290000150,418,290001309,290001333,논산시내버스정류장.덕성여객,논산시내버스정류장.덕성여객,290,논산시
290000151,419,290001309,290001333,논산시내버스정류장.덕성여객,논산시내버스정류장.덕성여객,290,논산시
290000153,420,290001373,290001333,중산2리,논산시내버스정류장.덕성여객,290,논산시
290000154,421,290001309,290000803,논산시내버스정류장.덕성여객,병암2리,290,논산시
290000157,503,290001309,290001333,논산시내버스정류장.덕성여객,논산시내버스정류장.덕성여객,290,논산시
290000158,503-1,290000983,290001333,가곡1리.원가곡,논산시내버스정류장.덕성여객,290,논산시
290000160,504,290001309,290001333,논산시내버스정류장.덕성여객,논산시내버스정류장.덕성여객,290,논산시
290000162,505,290001309,290001333,논산시내버스정류장.덕성여객,논산시내버스정류장.덕성여객,290,논산시
290000164,505-1,290001309,286000009,논산시내버스정류장.덕성여객,신원사,290,논산시
290000165,506,290001309,290001333,논산시내버스정류장.덕성여객,논산시내버스정류장.덕성여객,290,논산시
290000166,507,290001309,290001333,논산시내버스정류장.덕성여객,논산시내버스정류장.덕성여객,290,논산시
290000167,508,290001309,290001333,논산시내버스정류장.덕성여객,논산시내버스정류장.덕성여객,290,논산시
290000169,509,290001309,290001333,논산시내버스정류장.덕성여객,논산시내버스정류장.덕성여객,290,논산시
290000171,510,290001309,290001333,논산시내버스정류장.덕성여객,논산시내버스정류장.덕성여객,290,논산시
290000173,511,290001309,290001333,논산시내버스정류장.덕성여객,논산시내버스정류장.덕성여객,290,논산시
290000175,512,290001309,290001333,논산시내버스정류장.덕성여객,논산시내버스정류장.덕성여객,290,논산시
290000176,513,290001309,290001333,논산시내버스정류장.덕성여객,논산시내버스정류장.덕성여객,290,논산시
290000178,514,290001309,290001333,논산시내버스정류장.덕성여객,논산시내버스정류장.덕성여객,290,논산시
290000181,515,290001309,290001148,논산시내버스정류장.덕성여객,화곡리.지장정사,290,논산시
290000183,517,290001309,290001148,논산시내버스정류장.덕성여객,화곡리.지장정사,290,논산시
290000184,601,290001309,290001333,논산시내버스정류장.덕성여객,논산시내버스정류장.덕성여객,290,논산시
290000186,604,290001309,290001333,논산시내버스정류장.덕성여객,논산시내버스정류장.덕성여객,290,논산시
290000188,605,290001309,290001333,논산시내버스정류장.덕성여객,논산시내버스정류장.덕성여객,290,논산시
290000189,606,290001309,290001333,논산시내버스정류장.덕성여객,논산시내버스정류장.덕성여객,290,논산시
290000190,607,290001309,290001333,논산시내버스정류장.덕성여객,논산시내버스정류장.덕성여객,290,논산시
290000191,701,290001309,290001333,논산시내버스정류장.덕성여객,논산시내버스정류장.덕성여객,290,논산시
290000193,702,290001309,290001333,논산시내버스정류장.덕성여객,논산시내버스정류장.덕성여객,290,논산시
290000195,709,290001309,290001333,논산시내버스정류장.덕성여객,논산시내버스정류장.덕성여객,290,논산시
290000197,706,290001383,290001333,강경 터미널,논산시내버스정류장.덕성여객,290,논산시
290000198,707,290001309,290001333,논산시내버스정류장.덕성여객,논산시내버스정류장.덕성여객,290,논산시
290000199,708-1,290001270,290001333,삼호리,논산시내버스정류장.덕성여객,290,논산시
290000200,708,290001309,290001270,논산시내버스정류장.덕성여객,삼호리,290,논산시
290000202,710,290001309,290001333,논산시내버스정류장.덕성여객,논산시내버스정류장.덕성여객,290,논산시
290000203,801-1,290001309,290001333,논산시내버스정류장.덕성여객,논산시내버스정류장.덕성여객,290,논산시
290000205,801,290001309,290001333,논산시내버스정류장.덕성여객,논산시내버스정류장.덕성여객,290,논산시
290000207,802-1,290001309,290001333,논산시내버스정류장.덕성여객,논산시내버스정류장.덕성여객,290,논산시
290000208,802,290001309,290001333,논산시내버스정류장.덕성여객,논산시내버스정류장.덕성여객,290,논산시
290000209,802-2,290001309,290001333,논산시내버스정류장.덕성여객,논산시내버스정류장.덕성여객,290,논산시
290000211,803,290001309,290001333,논산시내버스정류장.덕성여객,논산시내버스정류장.덕성여객,290,논산시
290000212,804,290001309,290001333,논산시내버스정류장.덕성여객,논산시내버스정류장.덕성여객,290,논산시
290000213,805,290001309,290001333,논산시내버스정류장.덕성여객,논산시내버스정류장.덕성여객,290,논산시
290000214,806,290001309,290001333,논산시내버스정류장.덕성여객,논산시내버스정류장.덕성여객,290,논산시
290000215,807,290001309,290001333,논산시내버스정류장.덕성여객,논산시내버스정류장.덕성여객,290,논산시
290000216,808,290001309,290001333,논산시내버스정류장.덕성여객,논산시내버스정류장.덕성여객,290,논산시
290000302,501,290001309,290001333,논산시내버스정류장.덕성여객,논산시내버스정류장.덕성여객,290,논산시
290000304,801-2,290001309,290001333,논산시내버스정류장.덕성여객,논산시내버스정류장.덕성여객,290,논산시
290000305,408-2,290000284,290001333,삼전2리,논산시내버스정류장.덕성여객,290,논산시
290000306,408-1,290000284,290001333,삼전2리,논산시내버스정류장.덕성여객,290,논산시
290000356,222-1,290000196,290001333,봉동4리,논산시내버스정류장.덕성여객,290,논산시
290000358,404-2,290000800,290001333,병암2리,논산시내버스정류장.덕성여객,290,논산시
290000359,104-1,290001309,290000077,논산시내버스정류장.덕성여객,심암리,290,논산시
290000360,302-1,290000478,290001333,신기리,논산시내버스정류장.덕성여객,290,논산시
290000361,305-1,290000560,290001333,벌곡,논산시내버스정류장.덕성여객,290,논산시
290000362,306,290001309,290001333,논산시내버스정류장.덕성여객,논산시내버스정류장.덕성여객,290,논산시
290000363,317,290001309,290000478,논산시내버스정류장.덕성여객,신기리,290,논산시
290000364,404-3,290000800,290001333,병암2리,논산시내버스정류장.덕성여객,290,논산시
290000365,406-1,290001309,290000807,논산시내버스정류장.덕성여객,중산2리,290,논산시
290000366,408-3,290001309,290001333,논산시내버스정류장.덕성여객,논산시내버스정류장.덕성여객,290,논산시
290000367,507-1,290001309,290001333,논산시내버스정류장.덕성여객,논산시내버스정류장.덕성여객,290,논산시
290000368,512-1,290001309,290001333,논산시내버스정류장.덕성여객,논산시내버스정류장.덕성여객,290,논산시
290000371,809,290001309,290001333,논산시내버스정류장.덕성여객,논산시내버스정류장.덕성여객,290,논산시
290000372,501-1,290001309,290001333,논산시내버스정류장.덕성여객,논산시내버스정류장.덕성여객,290,논산시
290000373,413-1,290001309,290001333,논산시내버스정류장.덕성여객,논산시내버스정류장.덕성여객,290,논산시
290000374,404-4,290001309,290001333,논산시내버스정류장.덕성여객,논산시내버스정류장.덕성여객,290,논산시
290000375,419-1,290001309,290001333,논산시내버스정류장.덕성여객,논산시내버스정류장.덕성여객,290,논산시
290000376,303-1,291000011,290001333,신도안아파트,논산시내버스정류장.덕성여객,290,논산시
290000377,303-3,291000011,290001333,신도안아파트,논산시내버스정류장.덕성여객,290,논산시
290000378,314,290001309,290001333,논산시내버스정류장.덕성여객,논산시내버스정류장.덕성여객,290,논산시
290000379,422,290001309,290001333,논산시내버스정류장.덕성여객,논산시내버스정류장.덕성여객,290,논산시
294000001,701,294000067,290001333,서독안경원,논산시내버스정류장.덕성여객,294,부여군
294000002,701,290001309,294001320,논산시내버스정류장.덕성여객,수정상가,294,부여군
294000003,713,294000067,290001333,서독안경원,논산시내버스정류장.덕성여객,294,부여군
294000004,702,294000067,290001333,서독안경원,논산시내버스정류장.덕성여객,294,부여군
294000006,702,290001309,294001259,논산시내버스정류장.덕성여객,부여여객,294,부여군
294000014,714,294000067,294001151,서독안경원,왕궁마을아파트,294,부여군
294000026,507-3,294001301,294001320,가척리입구,수정상가,294,부여군
294000029,508,294000067,294001259,서독안경원,부여여객,294,부여군
294000030,500,294000067,294001259,서독안경원,부여여객,294,부여군
294000034,501,294000067,294001320,서독안경원,수정상가,294,부여군
294000037,301,294001147,290000019,부여여객,대흥시장,294,부여군
294000038,301,290000019,294001259,대흥시장,부여여객,294,부여군
294000041,307,294001147,290000019,부여여객,대흥시장,294,부여군
294000042,308,290000019,294001259,대흥시장,부여여객,294,부여군
294000043,303,294001147,290000019,부여여객,대흥시장,294,부여군
294000044,303,290000019,294001259,대흥시장,부여여객,294,부여군
294000045,303-1,294001147,290000019,부여여객,대흥시장,294,부여군
294000046,302,294001147,290000019,부여여객,대흥시장,294,부여군
294000047,302,290000019,294001259,대흥시장,부여여객,294,부여군
294000050,336,294001147,290000019,부여여객,대흥시장,294,부여군
294000052,337,294001147,290000019,부여여객,대흥시장,294,부여군
294000053,337,290000019,294001259,대흥시장,부여여객,294,부여군
294000054,331,294001147,290000019,부여여객,대흥시장,294,부여군
294000055,334,294001147,290000019,부여여객,대흥시장,294,부여군
294000056,334,290000019,294001259,대흥시장,부여여객,294,부여군
294000057,339,294001147,290000100,부여여객,강경대흥시장,294,부여군
294000058,339,290000019,294001259,대흥시장,부여여객,294,부여군
294000059,332,294001147,290000019,부여여객,대흥시장,294,부여군
294000061,335,294001147,290000019,부여여객,대흥시장,294,부여군
294000062,335,290000019,294001259,대흥시장,부여여객,294,부여군
294000063,709,294000067,290001382,서독안경원,강경 터미널,294,부여군
294000064,709,290001383,294001259,강경 터미널,부여여객,294,부여군
294000065,709,290001383,294001320,강경 터미널,수정상가,294,부여군
294000069,306,290000019,290000019,대흥시장,대흥시장,294,부여군
294000070,306-1,290000019,290000019,대흥시장,대흥시장,294,부여군
294000071,328-2,294001147,294000067,부여여객,서독안경원,294,부여군
294000072,328,294001147,294001259,부여여객,부여여객,294,부여군
294000073,330,294001147,294001259,부여여객,부여여객,294,부여군
294000077,300,294000469,294001259,임천,부여여객,294,부여군
294000080,315,294001147,294000619,부여여객,입포하나로마트,294,부여군
294000081,314,294001147,295000005,부여여객,한산공용터미널,294,부여군
294000082,314,295000022,294001259,한산공용터미널,부여여객,294,부여군
294000083,311,294001147,294000469,부여여객,임천,294,부여군
294000087,310-1,294001147,294000629,부여여객,송정1리,294,부여군
294000089,310-1,294000630,294001259,송정1리,부여여객,294,부여군
294000093,313,294001151,294001333,왕궁마을아파트,벽용1리,294,부여군
294000096,200,294001147,296000066,부여여객,정산터미널,294,부여군
294000099,201,294001147,296000066,부여여객,정산터미널,294,부여군
294000101,200,296000033,294001259,정산터미널,부여여객,294,부여군
294000102,201,296000033,294001259,정산터미널,부여여객,294,부여군
294000106,204,294001147,296000066,부여여객,정산터미널,294,부여군
294000107,204,296000033,294000067,정산터미널,서독안경원,294,부여군
294000110,205,294001147,294001259,부여여객,부여여객,294,부여군
294000111,205-1,294001147,294000067,부여여객,서독안경원,294,부여군
294000112,205-2,294001147,294000067,부여여객,서독안경원,294,부여군
294000113,231,294001147,294001259,부여여객,부여여객,294,부여군
294000114,231-1,294001147,294000067,부여여객,서독안경원,294,부여군
294000117,230,294001147,294001259,부여여객,부여여객,294,부여군
294000119,220-1,294001147,294000067,부여여객,서독안경원,294,부여군
294000120,220,294001147,294000067,부여여객,서독안경원,294,부여군
294000126,211-1,294000387,294000067,용두,서독안경원,294,부여군
294000128,212,294001147,294000386,부여여객,용두,294,부여군
294000129,211,294000387,294001259,용두,부여여객,294,부여군
294000130,211,294001147,294000386,부여여객,용두,294,부여군
294000131,212,294000387,294001259,용두,부여여객,294,부여군
294000133,209,294001147,294001259,부여여객,부여여객,294,부여군
294000134,209-1,294001147,294001259,부여여객,부여여객,294,부여군
294000135,209-2,294001151,294001259,왕궁마을아파트,부여여객,294,부여군
294000136,221-2,294001147,294001292,부여여객,각대리,294,부여군
294000137,221-2,294000413,294001259,각대리,부여여객,294,부여군
294000138,221-4,294000413,294000067,각대리,서독안경원,294,부여군
294000139,221-1,294001147,294001292,부여여객,각대리,294,부여군
294000140,221-1,294000413,294001259,각대리,부여여객,294,부여군
294000141,221-3,294000413,294000067,각대리,서독안경원,294,부여군
294000142,222,294001147,294001264,부여여객,현암1리,294,부여군
294000143,222,294000230,294000067,현암1리,서독안경원,294,부여군
294000144,602,294000067,294001320,서독안경원,수정상가,294,부여군
294000145,602,294000067,294001151,서독안경원,왕궁마을아파트,294,부여군
294000146,601,294000067,294000067,서독안경원,서독안경원,294,부여군
294000147,603,294000067,294001284,서독안경원,용정3리.독정이,294,부여군
294000154,604,294000067,294001320,서독안경원,수정상가,294,부여군
294000156,800-2,294001151,294001259,왕궁마을아파트,부여여객,294,부여군
294000158,800,294001147,294001259,부여여객,부여여객,294,부여군
294000160,851-1,294001147,294000067,부여여객,서독안경원,294,부여군
294000161,850,294001147,294001259,부여여객,부여여객,294,부여군
294000165,850-3,294001147,294001151,부여여객,왕궁마을아파트,294,부여군
294000166,850-2,294001147,294001259,부여여객,부여여객,294,부여군
294000167,403,294001147,294001259,부여여객,부여여객,294,부여군
294000172,403-7,294001147,294000067,부여여객,서독안경원,294,부여군
294000173,404-2,294001147,294001259,부여여객,부여여객,294,부여군
294000175,404,294001147,294001259,부여여객,부여여객,294,부여군
294000176,405,294001147,294001259,부여여객,부여여객,294,부여군
294000180,405-1,294001147,294000067,부여여객,서독안경원,294,부여군
294000183,406,294001147,294001259,부여여객,부여여객,294,부여군
294000185,406-1,294001147,294001259,부여여객,부여여객,294,부여군
294000187,406-3,294001147,294001259,부여여객,부여여객,294,부여군
294000189,506,294000067,294001259,서독안경원,부여여객,294,부여군
294000190,100,294001147,294001220,부여여객,홍산정류소,294,부여군
294000194,101,294001147,294001238,부여여객,상기1리,294,부여군
294000198,101,294001295,294001259,상기1리,부여여객,294,부여군
294000199,101-4,294001147,294001221,부여여객,홍산정류소,294,부여군
294000200,104,294001147,294001221,부여여객,홍산정류소,294,부여군
294000202,101-3,294001147,294001238,부여여객,상기1리,294,부여군
294000203,101-3,294001295,294001259,상기1리,부여여객,294,부여군
294000204,106,294001147,294001220,부여여객,홍산정류소,294,부여군
294000205,106-1,294001147,294001220,부여여객,홍산정류소,294,부여군
294000206,106,294001221,294001259,홍산정류소,부여여객,294,부여군
294000207,106-1,294001221,294001259,홍산정류소,부여여객,294,부여군
294000209,110,294001147,294001259,부여여객,부여여객,294,부여군
294000210,110-1,294001147,294001259,부여여객,부여여객,294,부여군
294000212,110-2,294001147,294001259,부여여객,부여여객,294,부여군
294000217,112-1,294001147,294001259,부여여객,부여여객,294,부여군
294000223,112-2,294001147,294001259,부여여객,부여여객,294,부여군
294000225,120-2,294001147,294000179,부여여객,외산정류소,294,부여군
294000229,123,294001261,294001259,외산종점,부여여객,294,부여군
294000231,122,294001261,294001259,외산종점,부여여객,294,부여군
294000234,121(마전.숙동),294001261,294001259,외산종점,부여여객,294,부여군
294000235,125,294001147,294001266,부여여객,화성3리,294,부여군
294000237,125-1,294001147,294001266,부여여객,화성3리,294,부여군
294000240,125,294001265,294001259,화성3리,부여여객,294,부여군
294000245,120,294001147,294000179,부여여객,외산정류소,294,부여군
294000247,120,294001261,294001259,외산종점,부여여객,294,부여군
294000248,127,294001147,294000179,부여여객,외산정류소,294,부여군
294000249,129,294000179,294001294,외산정류소,문신2리,294,부여군
294000252,124,294001147,294001294,부여여객,문신2리,294,부여군
294000254,124-2,294000294,294001259,문신2리,부여여객,294,부여군
294000256,124-3,294001147,294000179,부여여객,외산정류소,294,부여군
294000257,340,294001147,294001221,부여여객,홍산정류소,294,부여군
294000258,340,294001220,294001259,홍산정류소,부여여객,294,부여군
294000259,340-2,294001220,294000067,홍산정류소,서독안경원,294,부여군
294000260,341,294001147,294001221,부여여객,홍산정류소,294,부여군
294000264,342,294001221,294001259,홍산정류소,부여여객,294,부여군
294000265,342-1,294001147,294001220,부여여객,홍산정류소,294,부여군
294000266,342-1,294001221,294001259,홍산정류소,부여여객,294,부여군
294000267,105,294001147,294000161,부여여객,충화,294,부여군
294000269,105-2,294001147,294001221,부여여객,홍산정류소,294,부여군
294000271,105,294000143,294001259,충화,부여여객,294,부여군
294000273,105-3,294000154,294001259,오덕리,부여여객,294,부여군
294000276,114-2,294001147,294000259,부여여객,대덕1리,294,부여군
294000277,114,294000260,294001259,대덕1리,부여여객,294,부여군
294000278,114-1,294000260,294001259,대덕1리,부여여객,294,부여군
294000279,103,294001221,294000179,홍산정류소,외산정류소,294,부여군
294000280,103,294001261,294001220,외산종점,홍산정류소,294,부여군
294000287,322,294001147,294000143,부여여객,충화,294,부여군
294000288,322,294000161,294001259,충화,부여여객,294,부여군
294000299,600,294000067,294001320,서독안경원,수정상가,294,부여군
294000303,600-1,294000067,294001259,서독안경원,부여여객,294,부여군
294000305,600-2,294001147,294001151,부여여객,왕궁마을아파트,294,부여군
294000309,100,294001221,294001259,홍산정류소,부여여객,294,부여군
294000312,123-1,294001147,294000179,부여여객,외산정류소,294,부여군
294000320,101-1,294001147,294001238,부여여객,상기1리,294,부여군
294000321,125-2,294001147,294001261,부여여객,외산종점,294,부여군
294000323,105-1,294001147,294001282,부여여객,오덕리,294,부여군
294000324,126,294001147,294000291,부여여객,무술.구신입구,294,부여군
294000325,126,294000303,294001259,무술.구신입구,부여여객,294,부여군
294000326,340-1,294001147,294001221,부여여객,홍산정류소,294,부여군
294000327,121,294001147,294001220,부여여객,홍산정류소,294,부여군
294000329,112-3,294001147,294001259,부여여객,부여여객,294,부여군
294000330,112-4,294001147,294000067,부여여객,서독안경원,294,부여군
294000331,112,294001147,294001259,부여여객,부여여객,294,부여군
294000332,120-1,294001265,294001259,화성3리,부여여객,294,부여군
294000333,124-2,294001147,294001294,부여여객,문신2리,294,부여군
294000334,124-1,294001147,294001294,부여여객,문신2리,294,부여군
294000335,124,294000294,294001259,문신2리,부여여객,294,부여군
294000337,127-1,294001147,294000179,부여여객,외산정류소,294,부여군
294000339,105-3,294001147,294001282,부여여객,오덕리,294,부여군
294000340,114,294001147,294000259,부여여객,대덕1리,294,부여군
294000341,101-2,294001147,294001238,부여여객,상기1리,294,부여군
294000343,713,290001309,294001320,논산시내버스정류장.덕성여객,수정상가,294,부여군
294000345,211-2,294001147,294000386,부여여객,용두,294,부여군
294000347,501-1,294000067,294001259,서독안경원,부여여객,294,부여군
294000348,332,290000019,294000067,대흥시장,서독안경원,294,부여군
294000349,605,294000067,294001259,서독안경원,부여여객,294,부여군
294000352,603,294000236,294001320,용정3리.독정이,수정상가,294,부여군
294000353,313-1,294001334,294001259,벽용1리,부여여객,294,부여군
294000354,314-1,294001147,295000005,부여여객,한산공용터미널,294,부여군
294000355,315,294000619,294001259,입포하나로마트,부여여객,294,부여군
294000356,310,294001147,294000629,부여여객,송정1리,294,부여군
294000357,310,294000630,294001259,송정1리,부여여객,294,부여군
294000358,312,294001147,294000619,부여여객,입포하나로마트,294,부여군
294000359,301-1,294001147,290000019,부여여객,대흥시장,294,부여군
294000360,305,290000019,290000019,대흥시장,대흥시장,294,부여군
294000361,231-2,294000236,294001259,용정3리.독정이,부여여객,294,부여군
294000362,336,290000019,294001259,대흥시장,부여여객,294,부여군
294000363,100-1,294001147,294001221,부여여객,홍산정류소,294,부여군
294000365,313,294001334,294001259,벽용1리,부여여객,294,부여군
294000367,330-1,294000487,294001259,원문2리,부여여객,294,부여군
294000368,307,290000019,294001259,대흥시장,부여여객,294,부여군
294000369,311-1,294001147,294000654,부여여객,초왕2리,294,부여군
294000372,850-1,294001151,294001259,왕궁마을아파트,부여여객,294,부여군
294000373,7,294000067,294001320,서독안경원,수정상가,294,부여군
294000376,311-1,294001300,294001259,초왕2리,부여여객,294,부여군
294000378,310-2,294001147,294000629,부여여객,송정1리,294,부여군
294000379,310-2,294000630,294001259,송정1리,부여여객,294,부여군
294000382,602,294000067,294001259,서독안경원,부여여객,294,부여군
294000384,406-2,294001147,294001259,부여여객,부여여객,294,부여군
294000388,600,294000067,294001259,서독안경원,부여여객,294,부여군
294000389,800,294001147,294001259,부여여객,부여여객,294,부여군
294000391,404-1,294001147,294001259,부여여객,부여여객,294,부여군
294000392,507-2,294000067,294001259,서독안경원,부여여객,294,부여군
294000393,507-1,294000067,294001259,서독안경원,부여여객,294,부여군
294000396,506-1,294000067,294001259,서독안경원,부여여객,294,부여군
294000398,301-2,290000019,294001259,대흥시장,부여여객,294,부여군
294000400,315-1,294001147,294000619,부여여객,입포하나로마트,294,부여군
294000404,105-1,294000154,294001259,오덕리,부여여객,294,부여군
294000405,602-1,294000067,294001320,서독안경원,수정상가,294,부여군
294000406,123,294001147,294000179,부여여객,외산정류소,294,부여군
294000409,221,294001147,294001259,부여여객,부여여객,294,부여군
294000410,232,294001151,294001259,왕궁마을아파트,부여여객,294,부여군
294000413,701,290001309,294001259,논산시내버스정류장.덕성여객,부여여객,294,부여군
294000416,315-1,294000619,294000067,입포하나로마트,서독안경원,294,부여군
294000417,211-1,294001147,294000386,부여여객,용두,294,부여군
294000419,403-4,294001147,294001259,부여여객,부여여객,294,부여군
294000422,125-1,294001265,294000067,화성3리,서독안경원,294,부여군
294000423,341,294001220,294001259,홍산정류소,부여여객,294,부여군
294000424,212,294000387,294001259,용두,부여여객,294,부여군
294000426,851,294001147,294001259,부여여객,부여여객,294,부여군
294000427,300,294001147,294000468,부여여객,임천,294,부여군
294000430,800-1,294001147,294000067,부여여객,서독안경원,294,부여군
294000433,403-5,294001147,294001259,부여여객,부여여객,294,부여군
294000434,403-6,294001147,294001259,부여여객,부여여객,294,부여군
294000435,403-2,294001147,294001259,부여여객,부여여객,294,부여군
294000436,403-1,294001147,294001259,부여여객,부여여객,294,부여군
294000437,403-3,294001147,294000067,부여여객,서독안경원,294,부여군
294000438,212-1,294001147,294001259,부여여객,부여여객,294,부여군
294000440,501-2,294000067,294001151,서독안경원,왕궁마을아파트,294,부여군
294000443,800-3,294001147,294001151,부여여객,왕궁마을아파트,294,부여군
294000444,601,294000067,294001259,서독안경원,부여여객,294,부여군
300000001,142,300000146,300001254,당진버스터미널,장고항선착장입구,300,당진시
300000002,143,300000974,300000870,용무치항입구,당진버스터미널,300,당진시
300000003,360,300001793,300000615,송석리.양지편,당진보건소,300,당진시
300000004,103,300001124,300000870,도비도,당진버스터미널,300,당진시
300000005,152,300002096,300000870,성산2리B,당진버스터미널,300,당진시
300000006,153,300000146,300001567,당진버스터미널,성산3리뒷골,300,당진시
300000007,162,300000146,300002239,당진버스터미널,해창종점,300,당진시
300000008,162,300002240,300000870,해창종점,당진버스터미널,300,당진시
300000009,164,300002240,300000870,해창종점,당진버스터미널,300,당진시
300000010,161,300002240,300000870,해창종점,당진버스터미널,300,당진시
300000011,246,300002130,300000615,신평,당진보건소,300,당진시
300000012,181,300000869,300000870,구로지종점,당진버스터미널,300,당진시
300000013,183,300000146,300000838,당진버스터미널,구로지종점,300,당진시
300000014,순환10,300000146,300001366,당진버스터미널,우두2통종점,300,당진시
300000016,순환14,300001366,300000870,우두2통종점,당진버스터미널,300,당진시
300000017,149,300001471,300002188,장고항2리마을회관,호반써밋2차,300,당진시
300000018,105,300000146,300001394,당진버스터미널,도랭이하우스,300,당진시
300000019,105,300001393,300000870,도랭이하우스,당진버스터미널,300,당진시
300000020,130,300000146,289000023,당진버스터미널,삼길포,300,당진시
300000021,202,300000784,300000615,한진2리,당진보건소,300,당진시
300000022,100,300000146,300001836,당진버스터미널,도비도,300,당진시
300000023,100,300001124,300000870,도비도,당진버스터미널,300,당진시
300000025,212,300001136,300000697,구터미널(새마을금고),한진2리,300,당진시
300000026,110,300000146,300001124,당진버스터미널,도비도,300,당진시
300000028,110,300001836,300000870,도비도,당진버스터미널,300,당진시
300000029,120,300000146,300001836,당진버스터미널,도비도,300,당진시
300000030,261,300001862,300000615,내도리입구,당진보건소,300,당진시
300000031,120,300001124,300000870,도비도,당진버스터미널,300,당진시
300000032,144,300002189,300002216,호반써밋3차,현대철강,300,당진시
300000033,146,300000146,300001255,당진버스터미널,용무치항입구,300,당진시
300000034,140,300000146,300001960,당진버스터미널,장고항정미소,300,당진시
300000035,111,300000977,300000870,남진빌라,당진버스터미널,300,당진시
300000036,145,300002216,300000870,현대철강,당진버스터미널,300,당진시
300000037,147,300000974,300000870,용무치항입구,당진버스터미널,300,당진시
300000038,140,300000068,300000870,장고항정미소,당진버스터미널,300,당진시
300000039,152,300000146,300001480,당진버스터미널,성산2리B,300,당진시
300000040,153,300000461,300000870,성산3리뒷골,당진버스터미널,300,당진시
300000041,276,300001136,300000261,구터미널(새마을금고),신평면행정복지센터,300,당진시
300000042,273,300001718,300000615,신평면행정복지센터,당진보건소,300,당진시
300000043,150,300000146,300001480,당진버스터미널,성산2리B,300,당진시
300000044,150,300002096,300000870,성산2리B,당진버스터미널,300,당진시
300000045,270,300001136,300002025,구터미널(새마을금고),전대리,300,당진시
300000046,270,300000652,300000615,초대리.하초,당진보건소,300,당진시
300000047,275,300001136,300001718,구터미널(새마을금고),신평면행정복지센터,300,당진시
300000049,163,300000146,300002239,당진버스터미널,해창종점,300,당진시
300000050,163,300002240,300000870,해창종점,당진버스터미널,300,당진시
300000051,160,300002240,300000870,해창종점,당진버스터미널,300,당진시
300000052,160,300000146,300002239,당진버스터미널,해창종점,300,당진시
300000053,277,300001718,300000615,신평면행정복지센터,당진보건소,300,당진시
300000054,245,300001136,300000105,구터미널(새마을금고),삽교천시외버스터미널,300,당진시
300000055,279,300001768,300000615,신평면행정복지센터,당진보건소,300,당진시
300000056,310,300001136,300000866,구터미널(새마을금고),당진항항만운영지원센터앞,300,당진시
300000057,245,300000171,300000615,삽교천시외버스터미널,당진보건소,300,당진시
300000058,241,300001136,300000054,구터미널(새마을금고),합덕버스터미널,300,당진시
300000059,240,300001771,300000615,합덕버스터미널,당진보건소,300,당진시
300000060,243,300001136,300000054,구터미널(새마을금고),합덕버스터미널,300,당진시
300000061,343,300001188,300000615,명산리,당진보건소,300,당진시
300000062,242,300001136,300000054,구터미널(새마을금고),합덕버스터미널,300,당진시
300000063,242,300001771,300000615,합덕버스터미널,당진보건소,300,당진시
300000064,342,300002017,300000615,외나무다리,당진보건소,300,당진시
300000065,413,289000014,300000870,팔중리회관앞,당진버스터미널,300,당진시
300000066,182,300000869,300000870,구로지종점,당진버스터미널,300,당진시
300000067,413,300000146,289000011,당진버스터미널,팔중리회관앞,300,당진시
300000068,432,300000115,300000054,면천정류소,합덕버스터미널,300,당진시
300000070,180,300000869,300000870,구로지종점,당진버스터미널,300,당진시
300000071,463,300000146,300000722,당진버스터미널,수당1저수지,300,당진시
300000072,462,300001010,300000870,수당1저수지,당진버스터미널,300,당진시
300000073,441,300000146,298000913,당진버스터미널,대천리,300,당진시
300000074,442,300000146,298000913,당진버스터미널,대천리,300,당진시
300000075,541,300000115,300000054,면천정류소,합덕버스터미널,300,당진시
300000076,623,300000867,300000870,사성2리밤골고개,당진버스터미널,300,당진시
300000077,650,300000146,300000087,당진버스터미널,조금삼거리,300,당진시
300000078,204,300001136,300000240,구터미널(새마을금고),동광.신성미소2단지,300,당진시
300000079,203,300001136,300000322,구터미널(새마을금고),동광.신성미소2단지,300,당진시
300000080,472,300000146,300000343,당진버스터미널,석영에스텍입구,300,당진시
300000081,203,300000322,300000615,동광.신성미소2단지,당진보건소,300,당진시
300000082,201,300001136,300001463,구터미널(새마을금고),한진포구입구,300,당진시
300000083,201,300000693,300000615,한진포구입구,당진보건소,300,당진시
300000084,202,300001136,300000697,구터미널(새마을금고),한진2리,300,당진시
300000085,614,300000146,300001834,당진버스터미널,산성리종점,300,당진시
300000086,641,300000146,300001834,당진버스터미널,산성리종점,300,당진시
300000087,721,300001771,300000049,합덕버스터미널,하리종점,300,당진시
300000088,721,300000170,300000054,하리종점,합덕버스터미널,300,당진시
300000089,722,300000170,300000054,하리종점,합덕버스터미널,300,당진시
300000090,722,300001771,300000049,합덕버스터미널,하리종점,300,당진시
300000091,200,300000326,300000615,변전소,당진보건소,300,당진시
300000092,730,300001771,300000051,합덕버스터미널,후경종점,300,당진시
300000093,730,300000006,300000054,후경종점,합덕버스터미널,300,당진시
300000094,731,300001771,300000051,합덕버스터미널,후경종점,300,당진시
300000095,731,300000006,300000054,후경종점,합덕버스터미널,300,당진시
300000096,231,300001862,300000615,내도리입구,당진보건소,300,당진시
300000097,732,300000006,300000054,후경종점,합덕버스터미널,300,당진시
300000098,740,300002105,300000054,도촌,합덕버스터미널,300,당진시
300000099,214,300000322,300000615,동광.신성미소2단지,당진보건소,300,당진시
300000100,473,300000146,300001517,당진버스터미널,석영에스텍입구,300,당진시
300000101,474,300001517,300000870,석영에스텍입구,당진버스터미널,300,당진시
300000102,740,300001771,300000893,합덕버스터미널,도촌,300,당진시
300000103,790,298000469,300000054,대천리,합덕버스터미널,300,당진시
300000104,790,300001771,298000913,합덕버스터미널,대천리,300,당진시
300000105,861,300000171,300000054,삽교천시외버스터미널,합덕버스터미널,300,당진시
300000106,210,300000001,300000615,한진포구,당진보건소,300,당진시
300000107,871,300001771,300002250,합덕버스터미널,원마트,300,당진시
300000108,741,300002291,300000893,솔뫼성지주차장,도촌,300,당진시
300000109,970,300001718,300000615,신평면행정복지센터,당진보건소,300,당진시
300000110,216,300001136,300000780,구터미널(새마을금고),한진포구,300,당진시
300000111,210,300001136,300000782,구터미널(새마을금고),변전소,300,당진시
300000112,9602,300000146,289000022,당진버스터미널,서산터미널,300,당진시
300000113,9600,289000022,300000870,서산터미널,당진버스터미널,300,당진시
300000114,311,300001136,300002308,구터미널(새마을금고),내도1리.내도리,300,당진시
300000115,261,300001136,300002308,구터미널(새마을금고),내도1리.내도리,300,당진시
300000116,741,300002105,300002198,도촌,솔뫼성지주차장,300,당진시
300000117,대덕마을1,300002136,300000870,당진교육청,당진버스터미널,300,당진시
300000118,220,300001136,300002071,구터미널(새마을금고),현대제철,300,당진시
300000119,대덕마을2,300001510,300000870,당진대덕마을5단지,당진버스터미널,300,당진시
300000120,송악고1,300002169,300000230,힐스테이트,송악중고등학교,300,당진시
300000121,푸르지오1,300001028,300000870,당진푸르지오아파트,당진버스터미널,300,당진시
300000122,112,300000146,300001474,당진버스터미널,남진빌라,300,당진시
300000123,251,300001771,300000615,합덕버스터미널,당진보건소,300,당진시
300000124,251,300001136,300000054,구터미널(새마을금고),합덕버스터미널,300,당진시
300000125,250,300001136,300000054,구터미널(새마을금고),합덕버스터미널,300,당진시
300000126,250,300001771,300000615,합덕버스터미널,당진보건소,300,당진시
300000127,263,300001136,300000322,구터미널(새마을금고),동광.신성미소2단지,300,당진시
300000128,262,300001136,300000322,구터미널(새마을금고),동광.신성미소2단지,300,당진시
300000129,262,300000309,300000615,미소지움1차정문,당진보건소,300,당진시
300000130,264,300000171,300000615,삽교천시외버스터미널,당진보건소,300,당진시
300000131,9601,289000022,300000870,서산터미널,당진버스터미널,300,당진시
300000132,264,300001136,300000105,구터미널(새마을금고),삽교천시외버스터미널,300,당진시
300000133,9600,300000146,289000022,당진버스터미널,서산터미널,300,당진시
300000134,751,300002291,298000051,솔뫼성지주차장,상궁3리,300,당진시
300000135,751,298000068,300002198,상궁3리,솔뫼성지주차장,300,당진시
300000139,수청1,300000146,300002188,당진버스터미널,호반써밋2차,300,당진시
300000140,260,300001136,300001862,구터미널(새마을금고),내도리입구,300,당진시
300000141,수청2,300002229,300000870,호반1차정문,당진버스터미널,300,당진시
300000142,184,300000146,300000838,당진버스터미널,구로지종점,300,당진시
300000145,260,300001862,300000615,내도리입구,당진보건소,300,당진시
300000148,475,300002306,300000870,용연,당진버스터미널,300,당진시
300000151,278,300001136,300001768,구터미널(새마을금고),신평면행정복지센터,300,당진시
300000154,279,300001136,300000261,구터미널(새마을금고),신평면행정복지센터,300,당진시
300000158,275,300000261,300000615,신평면행정복지센터,당진보건소,300,당진시
300000162,274,300001136,300001768,구터미널(새마을금고),신평면행정복지센터,300,당진시
300000163,271,300001136,300002025,구터미널(새마을금고),전대리,300,당진시
300000171,280,300001136,300000168,구터미널(새마을금고),정곡리종점,300,당진시
300000172,280,300001401,300000615,정곡리종점,당진보건소,300,당진시
300000173,290,300001136,300000054,구터미널(새마을금고),합덕버스터미널,300,당진시
300000174,290,300001771,300000615,합덕버스터미널,당진보건소,300,당진시
300000184,313,300001862,300000615,내도리입구,당진보건소,300,당진시
300000185,310,300001862,300000615,내도리입구,당진보건소,300,당진시
300000194,320,300002142,300000615,현대제철서문,당진보건소,300,당진시
300000197,320,300001136,300001616,구터미널(새마을금고),현대제철서문,300,당진시
300000201,341,300001136,300001455,구터미널(새마을금고),명산리다리,300,당진시
300000203,341,300002017,300000615,외나무다리,당진보건소,300,당진시
300000204,830,300001771,300000573,합덕버스터미널,도문로,300,당진시
300000205,340,300001136,300001455,구터미널(새마을금고),명산리다리,300,당진시
300000206,340,300002017,300000615,외나무다리,당진보건소,300,당진시
300000208,331,300001769,300000615,무수리회관종점,당진보건소,300,당진시
300000209,330,300001136,300000883,구터미널(새마을금고),무수리회관종점,300,당진시
300000210,351,300001136,300001769,구터미널(새마을금고),무수리회관종점,300,당진시
300000211,361,300001136,300001243,구터미널(새마을금고),무수리회관종점,300,당진시
300000212,351,300001243,300000615,무수리회관종점,당진보건소,300,당진시
300000213,361,300001769,300000615,무수리회관종점,당진보건소,300,당진시
300000214,350,300001395,300000615,당산리,당진보건소,300,당진시
300000217,360,300001136,300000194,구터미널(새마을금고),당산2리회관,300,당진시
300000218,350,300001136,300001027,구터미널(새마을금고),당산리,300,당진시
300000220,412,300000288,300000870,대치리종점,당진버스터미널,300,당진시
300000221,415,289000014,300000870,팔중리회관앞,당진버스터미널,300,당진시
300000222,410,300000288,300000870,대치리종점,당진버스터미널,300,당진시
300000223,410,300000146,300001819,당진버스터미널,대치리종점,300,당진시
300000225,412,300000146,300001819,당진버스터미널,대치리종점,300,당진시
300000226,411,300000146,289000011,당진버스터미널,팔중리회관앞,300,당진시
300000228,420,300000146,300000054,당진버스터미널,합덕버스터미널,300,당진시
300000230,430,300001771,300001164,합덕버스터미널,율사리교차로,300,당진시
300000231,431,300001282,300000054,문봉리입구,합덕버스터미널,300,당진시
300000232,421,300000146,300001998,당진버스터미널,율사리교차로,300,당진시
300000234,440,300000146,298000913,당진버스터미널,대천리,300,당진시
300000236,440,298000469,300000870,대천리,당진버스터미널,300,당진시
300000239,451,300002305,300000870,신성대학교,당진버스터미널,300,당진시
300000240,452,300000146,300000054,당진버스터미널,합덕버스터미널,300,당진시
300000241,460,300000146,300000722,당진버스터미널,수당1저수지,300,당진시
300000242,460,300001010,300000870,수당1저수지,당진버스터미널,300,당진시
300000243,461,289000003,300000870,운산정류소,당진버스터미널,300,당진시
300000248,464,300000146,289000003,당진버스터미널,운산정류소,300,당진시
300000250,450,300000146,300000054,당진버스터미널,합덕버스터미널,300,당진시
300000251,451,300000146,300000107,당진버스터미널,신성대학교,300,당진시
300000252,452,300001771,300000870,합덕버스터미널,당진버스터미널,300,당진시
300000253,450,300001771,300000870,합덕버스터미널,당진버스터미널,300,당진시
300000254,400,300000146,300000054,당진버스터미널,합덕버스터미널,300,당진시
300000255,400,300001771,300000870,합덕버스터미널,당진버스터미널,300,당진시
300000256,471,300000146,300000338,당진버스터미널,용연유치원,300,당진시
300000257,470,300002306,300000870,용연,당진버스터미널,300,당진시
300000260,512,300000115,300000054,면천정류소,합덕버스터미널,300,당진시
300000261,511,300001771,300000092,합덕버스터미널,면천정류소,300,당진시
300000262,510,300000146,300000054,당진버스터미널,합덕버스터미널,300,당진시
300000263,510,300001771,300000870,합덕버스터미널,당진버스터미널,300,당진시
300000264,521,300001771,300000092,합덕버스터미널,면천정류소,300,당진시
300000266,520,300000146,300000054,당진버스터미널,합덕버스터미널,300,당진시
300000267,520,300001771,300000870,합덕버스터미널,당진버스터미널,300,당진시
300000268,551,300000146,300000054,당진버스터미널,합덕버스터미널,300,당진시
300000269,551,300001771,300000870,합덕버스터미널,당진버스터미널,300,당진시
300000270,552,300001771,300000870,합덕버스터미널,당진버스터미널,300,당진시
300000271,553,300000146,300000054,당진버스터미널,합덕버스터미널,300,당진시
300000272,553,300001771,300000870,합덕버스터미널,당진버스터미널,300,당진시
300000273,554,300001771,300000870,합덕버스터미널,당진버스터미널,300,당진시
300000275,550,300000146,300000054,당진버스터미널,합덕버스터미널,300,당진시
300000277,530,300001771,300000870,합덕버스터미널,당진버스터미널,300,당진시
300000279,531,300000115,300000870,면천정류소,당진버스터미널,300,당진시
300000280,532,300000146,300000092,당진버스터미널,면천정류소,300,당진시
300000281,531,300000146,300000092,당진버스터미널,면천정류소,300,당진시
300000282,500,300000146,300000054,당진버스터미널,합덕버스터미널,300,당진시
300000283,500,300001771,300000870,합덕버스터미널,당진버스터미널,300,당진시
300000286,611,300000146,300001902,당진버스터미널,사성2리밤골고개,300,당진시
300000287,612,300000146,300001767,당진버스터미널,적서리종점,300,당진시
300000288,632,300001904,300000870,한다리,당진버스터미널,300,당진시
300000290,620,300000146,300000087,당진버스터미널,조금삼거리,300,당진시
300000293,622,300000752,300000870,적서리종점,당진버스터미널,300,당진시
300000294,622,300000146,300001767,당진버스터미널,적서리종점,300,당진시
300000295,621,300000146,300001758,당진버스터미널,적서리,300,당진시
300000296,621,300002304,300000870,적서리,당진버스터미널,300,당진시
300000297,654,300000146,300001905,당진버스터미널,한다리,300,당진시
300000299,651,300000146,300001758,당진버스터미널,적서리,300,당진시
300000301,630,300001904,300000870,한다리,당진버스터미널,300,당진시
300000302,630,300000146,300001905,당진버스터미널,한다리,300,당진시
300000303,653,300000867,300000870,사성2리밤골고개,당진버스터미널,300,당진시
300000304,653,300000146,300000817,당진버스터미널,조금리,300,당진시
300000308,613,300000066,300000870,산성리종점,당진버스터미널,300,당진시
300000310,614,300000066,300000870,산성리종점,당진버스터미널,300,당진시
300000311,642,300000066,300000870,산성리종점,당진버스터미널,300,당진시
300000313,643,300000146,300001834,당진버스터미널,산성리종점,300,당진시
300000314,640,300000066,300000870,산성리종점,당진버스터미널,300,당진시
300000315,642,300000146,300001834,당진버스터미널,산성리종점,300,당진시
300000316,710,300001771,300000134,합덕버스터미널,원치리교차로,300,당진시
300000317,710,300000004,300000054,원치리교차로,합덕버스터미널,300,당진시
300000320,720,300001771,300000049,합덕버스터미널,하리종점,300,당진시
300000321,720,300000170,300000054,하리종점,합덕버스터미널,300,당진시
300000333,750,300001771,298000051,합덕버스터미널,상궁3리,300,당진시
300000336,792,298000469,300000054,대천리,합덕버스터미널,300,당진시
300000337,792,300001771,298000913,합덕버스터미널,대천리,300,당진시
300000338,791,300001771,300001444,합덕버스터미널,군계,300,당진시
300000339,791,300000103,300000054,군계,합덕버스터미널,300,당진시
300000344,556,300000261,300000870,신평면행정복지센터,당진버스터미널,300,당진시
300000345,860,300001771,300000105,합덕버스터미널,삽교천시외버스터미널,300,당진시
300000346,860,300000171,300000054,삽교천시외버스터미널,합덕버스터미널,300,당진시
300000348,870,300001771,300000054,합덕버스터미널,합덕버스터미널,300,당진시
300000351,873,300001771,300002250,합덕버스터미널,원마트,300,당진시
300000358,순환4,300000994,300000870,휴먼시아,당진버스터미널,300,당진시
300000359,순환2,300000146,300000994,당진버스터미널,휴먼시아,300,당진시
300000360,순환1,300000146,300000994,당진버스터미널,휴먼시아,300,당진시
300000361,순환3,300000994,300000870,휴먼시아,당진버스터미널,300,당진시
300000362,610,300000146,300001767,당진버스터미널,적서리종점,300,당진시
300000363,순환5,300002136,300002169,당진교육청,힐스테이트,300,당진시
300000364,순환5,300002169,300002176,힐스테이트,한성필하우스,300,당진시
300000365,141,300000146,300001339,당진버스터미널,장고항2리마을회관,300,당진시
300000366,141,300001471,300000870,장고항2리마을회관,당진버스터미널,300,당진시
300000367,순환6,300002136,300002169,당진교육청,힐스테이트,300,당진시
300000368,순환6,300002169,300002176,힐스테이트,한성필하우스,300,당진시
300000376,624,300000146,300001767,당진버스터미널,적서리종점,300,당진시
300000378,148,300000488,300000870,석문방조제,당진버스터미널,300,당진시
300000392,101,300001723,300000870,삼봉새마을금고,당진버스터미널,300,당진시
300000394,205,300001463,300001969,한진포구입구,구터미널(농협),300,당진시
300000395,200,300001136,300000782,구터미널(새마을금고),변전소,300,당진시
300000396,273,300001136,300001768,구터미널(새마을금고),신평면행정복지센터,300,당진시
300000398,316,300001136,300000958,구터미널(새마을금고),내도리입구,300,당진시
300000399,151,300000146,300001567,당진버스터미널,성산3리뒷골,300,당진시
300000400,151,300000461,300000870,성산3리뒷골,당진버스터미널,300,당진시
300000401,181,300000146,300000838,당진버스터미널,구로지종점,300,당진시
300000402,213,300001136,300000697,구터미널(새마을금고),한진2리,300,당진시
300000403,221,300001136,300000326,구터미널(새마을금고),변전소,300,당진시
300000404,232,300001136,300000781,구터미널(새마을금고),이화글로텍,300,당진시
300000405,265,300001136,300001862,구터미널(새마을금고),내도리입구,300,당진시
300000407,312,300001136,300000169,구터미널(새마을금고),현대제철,300,당진시
300000408,101,300000146,300001723,당진버스터미널,삼봉새마을금고,300,당진시
300000410,222,300001136,300000943,구터미널(새마을금고),현대제철,300,당진시
300000411,224,300001136,300000943,구터미널(새마을금고),현대제철,300,당진시
300000413,282,300001136,300000168,구터미널(새마을금고),정곡리종점,300,당진시
300000414,282,300001401,300000615,정곡리종점,당진보건소,300,당진시
300000415,470,300000146,300000340,당진버스터미널,용연저수지,300,당진시
300000416,522,300000146,300000054,당진버스터미널,합덕버스터미널,300,당진시
300000418,651,300000752,300000870,적서리종점,당진버스터미널,300,당진시
300000419,652,300000146,300000088,당진버스터미널,조금삼거리,300,당진시
300000420,652,300001899,300000870,조금초등학교,당진버스터미널,300,당진시
300000421,780,300001771,298000012,합덕버스터미널,신례원,300,당진시
300000422,780,298000058,300000054,구충남방적,합덕버스터미널,300,당진시
300000423,761,300001771,300000903,합덕버스터미널,원신흥,300,당진시
300000424,761,300000902,300000054,원신흥,합덕버스터미널,300,당진시
300000425,763,300001771,300000902,합덕버스터미널,원신흥,300,당진시
300000426,763,300000903,300000054,원신흥,합덕버스터미널,300,당진시
300000427,순환15,300002170,300000870,우두2통종점,당진버스터미널,300,당진시
300000428,순환16,300001366,300000870,우두2통종점,당진버스터미널,300,당진시
300000429,순환11,300000146,300001366,당진버스터미널,우두2통종점,300,당진시
300000430,순환12,300000146,300002170,당진버스터미널,우두2통종점,300,당진시
300000431,770,300001771,300000677,합덕버스터미널,성동리버그내길,300,당진시
300000432,772,300001771,300002310,합덕버스터미널,상개리,300,당진시
300000433,851,300001771,300001250,합덕버스터미널,신평만경마트,300,당진시
300000434,872,300001771,300001250,합덕버스터미널,신평만경마트,300,당진시
300000435,9200,300000146,300001273,당진버스터미널,모다아울렛,300,당진시
300000437,102,300000146,300001723,당진버스터미널,삼봉새마을금고,300,당진시
300000439,212,300000784,300000615,한진2리,당진보건소,300,당진시
300000440,224,300001863,300000615,현대제철,당진보건소,300,당진시
300000441,233,300001862,300000615,내도리입구,당진보건소,300,당진시
300000442,244,300001771,300000615,합덕버스터미널,당진보건소,300,당진시
300000443,263,300000322,300001969,동광.신성미소2단지,구터미널(농협),300,당진시
300000444,272,300000652,300000615,초대리.하초,당진보건소,300,당진시
300000445,274,300001718,300000615,신평면행정복지센터,당진보건소,300,당진시
300000446,276,300001768,300000615,신평면행정복지센터,당진보건소,300,당진시
300000447,850,300001771,300000054,합덕버스터미널,합덕버스터미널,300,당진시
300000448,311,300000944,300000101,내도1리.내도리,국일장,300,당진시
300000449,862,300001771,300000105,합덕버스터미널,삽교천시외버스터미널,300,당진시
300000450,852,300000269,300000054,신평면행정복지센터,합덕버스터미널,300,당진시
300000451,760,300001771,300001446,합덕버스터미널,구양도회관,300,당진시
300000452,760,300002055,300000054,구양도회관,합덕버스터미널,300,당진시
300000453,420,300001771,300000870,합덕버스터미널,당진버스터미널,300,당진시
300000454,422,300001998,300000870,율사리교차로,당진버스터미널,300,당진시
300000455,471,300000513,300000870,용연리,당진버스터미널,300,당진시
300000456,540,300000115,300000054,면천정류소,합덕버스터미널,300,당진시
300000457,631,300000752,300000870,적서리종점,당진버스터미널,300,당진시
300000458,650,300000918,300000870,조금삼거리,당진버스터미널,300,당진시
300000459,750,298000068,300000054,상궁3리,합덕버스터미널,300,당진시
300000460,762,300000903,300000054,원신흥,합덕버스터미널,300,당진시
300000461,771,300000675,300000054,내동입구,합덕버스터미널,300,당진시
300000462,773,300000045,300000054,신촌초등학교,합덕버스터미널,300,당진시
300000463,321,300000943,300000615,현대제철,당진보건소,300,당진시
300000464,9200,300001273,300000870,모다아울렛,당진버스터미널,300,당진시
300000465,순환20,300000146,300000870,당진버스터미널,당진버스터미널,300,당진시
300000467,순환20,300000146,300000870,당진버스터미널,당진버스터미널,300,당진시
300000469,힐스테이트1,300000137,300000615,가교2리,당진보건소,300,당진시
300000470,130,289000024,300000870,삼길포,당진버스터미널,300,당진시
300000471,송악고2,300000231,300001514,송악중고등학교,기지시,300,당진시
300000472,214,300000322,300001969,동광.신성미소2단지,구터미널(농협),300,당진시
300000473,대덕동1,300000146,300001407,당진버스터미널,대덕1통,300,당진시
300000474,대덕동2,300001407,300000870,대덕1통,당진버스터미널,300,당진시
300000475,325,300002142,300000615,현대제철서문,당진보건소,300,당진시
300000476,315,300001862,300000615,내도리입구,당진보건소,300,당진시
300000477,315,300000943,300000615,현대제철,당진보건소,300,당진시
300000478,206,300001136,300000943,구터미널(새마을금고),현대제철,300,당진시
300000479,220,300001863,300000615,현대제철,당진보건소,300,당진시
300000480,281,300001136,300001768,구터미널(새마을금고),신평면행정복지센터,300,당진시
300000481,414,300000288,300000870,대치리종점,당진버스터미널,300,당진시
300000482,수청초(등교),300002136,300002171,당진교육청,수청초등학교,300,당진시
300000483,수청초(하교),300002171,300002176,수청초등학교,한성필하우스,300,당진시
300000484,219,300001466,300000615,복운리,당진보건소,300,당진시
300000485,2500-1,300000146,300000054,당진버스터미널,합덕버스터미널,300,당진시
300000486,2500-2,300001771,300000870,합덕버스터미널,당진버스터미널,300,당진시
300000487,51-1,300001771,300002199,합덕버스터미널,합덕역,300,당진시
300000488,51-2,300002199,300000054,합덕역,합덕버스터미널,300,당진시
300000489,81,300001771,300000054,합덕버스터미널,합덕버스터미널,300,당진시
300000490,502,300001771,300000870,합덕버스터미널,당진버스터미널,300,당진시
300000491,523,300000146,300000054,당진버스터미널,합덕버스터미널,300,당진시
300000492,대덕마을3,300001510,300002191,당진대덕마을5단지,수청하이앤,300,당진시
300000493,순환5,300002136,300002169,당진교육청,힐스테이트,300,당진시
300000494,순환5,300002169,300002176,힐스테이트,한성필하우스,300,당진시
300000495,순환5,300002169,300002176,힐스테이트,한성필하우스,300,당진시
300000496,순환5,300002169,300002176,힐스테이트,한성필하우스,300,당진시
300000498,213,300001136,300000692,구터미널(새마을금고),풍한금속,300,당진시
300000499,212,300001463,300000615,한진포구입구,당진보건소,300,당진시
300000500,202,300000696,300000615,한진2리마을회관앞,당진보건소,300,당진시
300000501,233,300001862,300000615,내도리입구,당진보건소,300,당진시
300000502,148,300000974,300000870,용무치항입구,당진버스터미널,300,당진시
300000503,460,300001010,300000870,수당1저수지,당진버스터미널,300,당진시
300000504,330,300001136,300000883,구터미널(새마을금고),무수리회관종점,300,당진시
300000505,325,300002142,300000615,현대제철서문,당진보건소,300,당진시
300000506,순환14,300001366,300000870,우두2통종점,당진버스터미널,300,당진시
300000507,200,300001136,300000780,구터미널(새마을금고),한진포구,300,당진시
300000508,200,300001136,300000941,구터미널(새마을금고),중외제약,300,당진시
300000509,210,300001463,300000615,한진포구입구,당진보건소,300,당진시
300000510,210,300000696,300000615,한진2리마을회관앞,당진보건소,300,당진시
300000511,210,300001860,300000615,중외제약,당진보건소,300,당진시
300000512,201,300001136,300000780,구터미널(새마을금고),한진포구,300,당진시
300000513,264,300000171,300000615,삽교천시외버스터미널,당진보건소,300,당진시
300000514,264,300001136,300000105,구터미널(새마을금고),삽교천시외버스터미널,300,당진시
300000515,260,300001862,300000615,내도리입구,당진보건소,300,당진시
300000516,261,300001136,300000958,구터미널(새마을금고),내도리입구,300,당진시
300000517,261,300001862,300000615,내도리입구,당진보건소,300,당진시
300000518,수청2,300002229,300001063,호반1차정문,제일꽃게장,300,당진시
300000519,261,300000944,300000615,내도1리.내도리,당진보건소,300,당진시
300000520,311,300001862,300000101,내도리입구,국일장,300,당진시
300000521,873,300001771,300002307,합덕버스터미널,신평면행정복지센터,300,당진시
300000522,315,300001862,300001969,내도리입구,구터미널(농협),300,당진시
309000001,102,309000128,318000537,대한고속차고지,성내,309,정읍시
309000002,103,318000017,309001235,성내,기린,309,정읍시
309000003,102,309001235,318000537,기린,성내,309,정읍시
309000004,102,318000017,309001204,성내,대한고속차고지,309,정읍시
309000005,103,309000128,309000164,대한고속차고지,기린,309,정읍시
309000006,103,309001235,309001204,기린,대한고속차고지,309,정읍시
309000007,101,309000128,318000154,대한고속차고지,흥덕터미널,309,정읍시
309000008,103,318000155,309001204,흥덕터미널,대한고속차고지,309,정읍시
309000009,171,309000128,309000615,대한고속차고지,정읍역,309,정읍시
309000010,128,309000121,309000121,정읍역,정읍역,309,정읍시
309000012,171,309000121,309001226,정읍역,정읍역,309,정읍시
309000013,171,309000121,309001204,정읍역,대한고속차고지,309,정읍시
309000015,226,309000128,309000121,대한고속차고지,정읍역,309,정읍시
309000016,151-2,309001209,309001298,칠보정류소,상두,309,정읍시
309000017,151-5,309001298,309000646,상두,내목,309,정읍시
309000018,151-5,309001249,309001209,내목,칠보정류소,309,정읍시
309000019,151-2,309001209,309000531,칠보정류소,칠보정류소,309,정읍시
309000020,151,309000531,309000543,칠보정류소,만적,309,정읍시
309000021,151-5,309001243,309000646,만적,내목,309,정읍시
309000022,151-5,309001249,309001209,내목,칠보정류소,309,정읍시
309000023,151,309000531,309001209,칠보정류소,칠보정류소,309,정읍시
309000024,151-5,309000531,309001204,칠보정류소,대한고속차고지,309,정읍시
309000025,205,309000128,318000099,대한고속차고지,죽동,309,정읍시
309000026,205,318000161,318000099,죽동,죽동,309,정읍시
309000030,205,318000161,318000099,죽동,죽동,309,정읍시
309000032,122,309000128,309000297,대한고속차고지,조소,309,정읍시
309000033,121,309000297,309000186,조소,금곡2,309,정읍시
309000034,122,309000196,309000290,금곡2,조소,309,정읍시
309000035,214,309000290,309000191,조소,노교종점,309,정읍시
309000036,121,309000237,309001204,노교1,대한고속차고지,309,정읍시
309000037,121,309000128,309000187,대한고속차고지,금곡1,309,정읍시
309000038,121,309000195,309000187,금곡1,금곡1,309,정읍시
309000039,215,309000128,309000226,대한고속차고지,백양,309,정읍시
309000040,241,309000128,311000303,대한고속차고지,원평버스터미널,309,정읍시
309000041,242,311000306,309001009,원평버스터미널,두립,309,정읍시
309000042,241,309001224,309000956,두립,태인터미널,309,정읍시
309000043,241,309001206,309000956,태인터미널,태인터미널,309,정읍시
309000044,241,309001206,309001204,태인터미널,대한고속차고지,309,정읍시
309000045,233,309000128,309001220,대한고속차고지,상기,309,정읍시
309000046,233,309000920,309001220,상기,상기,309,정읍시
309000047,233,309000920,309001204,상기,대한고속차고지,309,정읍시
309000048,123,309000128,309001278,대한고속차고지,산정.산전,309,정읍시
309000049,232,309000898,309000339,산정.산전,신태인터미널,309,정읍시
309000050,231,309001205,311000303,신태인터미널,원평버스터미널,309,정읍시
309000053,273,309000128,309001122,대한고속차고지,신면,309,정읍시
309000054,124-2,309001150,309001273,구면,용두,309,정읍시
309000055,128,309000474,309000493,용두,산매,309,정읍시
309000056,245,309001248,309001204,산매,대한고속차고지,309,정읍시
309000057,244,309000128,309001227,대한고속차고지,신흥,309,정읍시
309000058,128,309001253,309000493,먹점,산매,309,정읍시
309000059,227,309001248,309000809,산매,오정,309,정읍시
309000060,124-2,309001228,309001273,오정,용두,309,정읍시
309000061,266,309000474,309001204,용두,대한고속차고지,309,정읍시
309000062,214,309000128,309000239,대한고속차고지,부골,309,정읍시
309000063,214,309001250,309000235,부골,월현,309,정읍시
309000064,214,309000234,309001204,월현,대한고속차고지,309,정읍시
309000065,214,309000128,309000235,대한고속차고지,월현,309,정읍시
309000066,214,309000234,309000235,월현,월현,309,정읍시
309000067,214,309000234,309000235,월현,월현,309,정읍시
309000068,214,309000234,309001204,월현,대한고속차고지,309,정읍시
309000069,264,309000128,309001084,대한고속차고지,천원,309,정읍시
309000070,264,309001079,309001084,자율방범대,천원,309,정읍시
309000071,264,309001079,309001204,자율방범대,대한고속차고지,309,정읍시
309000072,264,309000128,309001084,대한고속차고지,천원,309,정읍시
309000074,264,309001079,309001084,자율방범대,천원,309,정읍시
309000075,264,309001079,309001204,자율방범대,대한고속차고지,309,정읍시
309000076,155,309000128,309001262,대한고속차고지,관동마을,309,정읍시
309000077,151-2,309000699,309001298,보림,상두,309,정읍시
309000078,151,309001298,309001209,상두,칠보정류소,309,정읍시
309000079,151-5,309000531,309001242,칠보정류소,구장,309,정읍시
309000080,151-2,309000671,309001298,구장,상두,309,정읍시
309000081,151-2,309001298,309001204,상두,대한고속차고지,309,정읍시
309000082,211,309000128,309001265,대한고속차고지,신흥리버스정류장,309,정읍시
309000083,213,309000739,309000784,신흥리버스정류장,강고,309,정읍시
309000084,213,309000763,309000757,강고,마정,309,정읍시
309000085,213,309000758,309001204,마정,대한고속차고지,309,정읍시
309000086,213,309000128,309000784,대한고속차고지,강고,309,정읍시
309000087,213,309000763,309001267,강고,백운,309,정읍시
309000088,213,309000770,309000784,백운.운용마을,강고,309,정읍시
309000089,213,309000763,309001204,강고,대한고속차고지,309,정읍시
309000090,261,309000128,318000157,대한고속차고지,고창문화터미널,309,정읍시
309000091,261,318000158,318000157,고창문화터미널,고창문화터미널,309,정읍시
309000092,261,318000158,318000157,고창문화터미널,고창문화터미널,309,정읍시
309000093,261,318000158,309000632,고창문화터미널,초산동,309,정읍시
309000094,262,309000632,309001104,초산동,연월,309,정읍시
309000095,246,309000128,309000956,대한고속차고지,태인터미널,309,정읍시
309000096,246,309001206,309000956,태인터미널,태인터미널,309,정읍시
309000097,241,309001206,309000956,태인터미널,태인터미널,309,정읍시
309000098,241,309001206,309001220,태인터미널,상기,309,정읍시
309000099,241,309000920,309001204,상기,대한고속차고지,309,정읍시
309000101,241,311000306,309001009,원평버스터미널,두립,309,정읍시
309000102,241,309001224,309001204,두립,대한고속차고지,309,정읍시
309000103,241,309000128,309000956,대한고속차고지,태인터미널,309,정읍시
309000104,262,309000128,309001215,대한고속차고지,원등,309,정읍시
309000105,262,309001106,309001215,원등,원등,309,정읍시
309000106,262,309001106,309001215,원등,원등,309,정읍시
309000107,262,309001106,309001204,원등,대한고속차고지,309,정읍시
309000110,262,309001106,309001204,원등,대한고속차고지,309,정읍시
309000111,231,309001205,309000339,신태인터미널,신태인터미널,309,정읍시
309000113,232,309000122,309000339,정읍터미널,신태인터미널,309,정읍시
309000114,232,309001205,309000339,신태인터미널,신태인터미널,309,정읍시
309000115,232,309001205,309000339,신태인터미널,신태인터미널,309,정읍시
309000116,231,309001205,309000339,신태인터미널,신태인터미널,309,정읍시
309000117,232,309001205,309000339,신태인터미널,신태인터미널,309,정읍시
309000118,232,309001205,309000339,신태인터미널,신태인터미널,309,정읍시
309000119,232,309001205,309000339,신태인터미널,신태인터미널,309,정읍시
309000121,214,309000128,309000122,대한고속차고지,정읍터미널,309,정읍시
309000122,215,309000122,319000304,정읍터미널,평교,309,정읍시
309000123,215,319000298,319000304,망산,평교,309,정읍시
309000124,215,319000327,309001204,평교사거리,대한고속차고지,309,정읍시
309000125,215,309000128,319000304,대한고속차고지,평교,309,정읍시
309000126,215,319000298,319000304,망산,평교,309,정읍시
309000127,227,319000298,309001204,망산,대한고속차고지,309,정읍시
309000128,273,309000128,309000121,대한고속차고지,정읍역,309,정읍시
309000129,121,309000121,309000232,정읍역,노교1,309,정읍시
309000130,121,309000237,309000235,노교1,월현,309,정읍시
309000131,121,309000234,309000187,월현,금곡1,309,정읍시
309000132,121,309000196,309000187,금곡2,금곡1,309,정읍시
309000133,121,309000196,309000235,금곡2,월현,309,정읍시
309000134,123,309000128,309000339,대한고속차고지,신태인터미널,309,정읍시
309000135,211,309000128,319000128,대한고속차고지,홍원,309,정읍시
309000136,211,319000128,319000128,홍원,홍원,309,정읍시
309000138,211,309000739,309001265,신흥리버스정류장,신흥리버스정류장,309,정읍시
309000139,121,309000234,309001204,월현,대한고속차고지,309,정읍시
309000142,233,309000920,309001220,상기,상기,309,정읍시
309000145,246,309001206,309001204,태인터미널,대한고속차고지,309,정읍시
309000146,246,309000128,309000956,대한고속차고지,태인터미널,309,정읍시
309000147,246,309001206,309000988,태인터미널,작소마을,309,정읍시
309000148,246,309001230,309000956,작소마을,태인터미널,309,정읍시
309000149,246,309001206,309001204,태인터미널,대한고속차고지,309,정읍시
309000150,232,309000128,309000339,대한고속차고지,신태인터미널,309,정읍시
309000151,232,309001205,309001278,신태인터미널,산정.산전,309,정읍시
309000152,232,309000898,309000339,산정.산전,신태인터미널,309,정읍시
309000153,232,309001205,309000339,신태인터미널,신태인터미널,309,정읍시
309000154,232,309001205,309000339,신태인터미널,신태인터미널,309,정읍시
309000155,232,309001205,309000015,신태인터미널,정자,309,정읍시
309000156,232,309000014,309000122,정자,정읍터미널,309,정읍시
309000157,232,309000122,309000339,정읍터미널,신태인터미널,309,정읍시
309000158,232,309001205,309000122,신태인터미널,정읍터미널,309,정읍시
309000159,232,309000122,309000012,정읍터미널,화호삼거리,309,정읍시
309000160,123,309000013,309001204,화호삼거리,대한고속차고지,309,정읍시
309000161,151,309000128,309001209,대한고속차고지,칠보정류소,309,정읍시
309000162,151,309000531,309000543,칠보정류소,만적,309,정읍시
309000163,151,309001243,309001209,만적,칠보정류소,309,정읍시
309000164,151-5,309000531,309000646,칠보정류소,내목,309,정읍시
309000166,151,309000531,309001244,칠보정류소,수암,309,정읍시
309000167,151-2,309001187,309001298,수암,상두,309,정읍시
309000168,151-2,309001298,309001204,상두,대한고속차고지,309,정읍시
309000169,151,309000128,309000637,대한고속차고지,산외우체국앞,309,정읍시
309000170,101,309000128,318000154,대한고속차고지,흥덕터미널,309,정읍시
309000171,101,318000155,318000154,흥덕터미널,흥덕터미널,309,정읍시
309000172,103,318000155,309000164,흥덕터미널,기린,309,정읍시
309000173,103,309001235,309001204,기린,대한고속차고지,309,정읍시
309000174,103,309000128,318000163,대한고속차고지,부덕,309,정읍시
309000177,103,309000128,309000145,대한고속차고지,용산경로당,309,정읍시
309000178,103,309000145,309001204,용산경로당,대한고속차고지,309,정읍시
309000179,153,309000128,309001258,대한고속차고지,축촌,309,정읍시
309000180,227,309000695,309000809,축촌,오정,309,정읍시
309000182,155,309001228,309001262,오정,관동마을,309,정읍시
309000183,227,309000699,309001204,보림,대한고속차고지,309,정읍시
309000186,124-2,309000129,309001273,대한고속,용두,309,정읍시
309000187,153,309000474,309001331,용두,원백암,309,정읍시
309000188,244,309000593,309001227,원백암,신흥,309,정읍시
309000189,153,309001253,309001208,먹점,청광,309,정읍시
309000190,211,309000739,319000029,신흥리버스정류장,줄포터미널,309,정읍시
309000191,211,309000739,309001265,신흥리버스정류장,신흥리버스정류장,309,정읍시
309000192,151,309000128,309001209,대한고속차고지,칠보정류소,309,정읍시
309000193,151,309000531,309001209,칠보정류소,칠보정류소,309,정읍시
309000194,151-5,309001209,309000646,칠보정류소,내목,309,정읍시
309000195,151,309001249,309001209,내목,칠보정류소,309,정읍시
309000196,151,309000531,309001209,칠보정류소,칠보정류소,309,정읍시
309000197,151,309000531,309001204,칠보정류소,대한고속차고지,309,정읍시
309000198,151-2,309000129,309001256,대한고속,섬진댐,309,정읍시
309000199,151-2,309001255,309001209,섬진댐,칠보정류소,309,정읍시
309000200,151-5,309001209,309000646,칠보정류소,내목,309,정읍시
309000201,151,309001249,309001204,내목,대한고속차고지,309,정읍시
309000202,151-2,309000128,309001204,대한고속차고지,대한고속차고지,309,정읍시
309000203,232,309001205,309001219,신태인터미널,산지,309,정읍시
309000204,232,309000330,309000339,산지,신태인터미널,309,정읍시
309000205,232,309001205,309000122,신태인터미널,정읍터미널,309,정읍시
309000206,232,309000122,309000339,정읍터미널,신태인터미널,309,정읍시
309000208,232-1,309001205,309000339,신태인터미널,신태인터미널,309,정읍시
309000210,232,309001205,309001204,신태인터미널,대한고속차고지,309,정읍시
309000211,122,309000128,309000293,대한고속차고지,신월,309,정읍시
309000212,122,309000294,309000293,신월,신월,309,정읍시
309000213,122,309000294,309000293,신월,신월,309,정읍시
309000214,122,309000294,309001204,신월,대한고속차고지,309,정읍시
309000215,122,309000128,309000293,대한고속차고지,신월,309,정읍시
309000216,122,309000294,309000293,신월,신월,309,정읍시
309000217,122,309000294,309000290,신월,조소,309,정읍시
309000218,122,309000297,309001204,조소,대한고속차고지,309,정읍시
309000219,242,309000128,309001009,대한고속차고지,두립,309,정읍시
309000220,241,309001224,309000988,두립,작소마을,309,정읍시
309000221,241,309001230,311000303,작소마을,원평버스터미널,309,정읍시
309000222,241,311000306,309001204,원평버스터미널,대한고속차고지,309,정읍시
309000223,242,309000128,309001009,대한고속차고지,두립,309,정읍시
309000224,242,309001224,309001204,두립,대한고속차고지,309,정읍시
309000227,264-1,309001280,309001300,신정리,내장산리조트,309,정읍시
309000228,264-1,309001299,309001300,내장산리조트,내장산리조트,309,정읍시
309000229,264-1,309001299,309001204,내장산리조트,대한고속차고지,309,정읍시
309000230,264-1,309000128,309001300,대한고속차고지,내장산리조트,309,정읍시
309000234,123,309000128,309000339,대한고속차고지,신태인터미널,309,정읍시
309000235,231,309001205,309000339,신태인터미널,신태인터미널,309,정읍시
309000236,232,309001205,309000122,신태인터미널,정읍터미널,309,정읍시
309000237,232-1,309000123,309000339,농협중앙회,신태인터미널,309,정읍시
309000238,232,309000122,309000339,정읍터미널,신태인터미널,309,정읍시
309000240,232,309001205,309000339,신태인터미널,신태인터미널,309,정읍시
309000241,232,309001205,309000122,신태인터미널,정읍터미널,309,정읍시
309000243,232,309001205,309000339,신태인터미널,신태인터미널,309,정읍시
309000244,232,309001205,309001204,신태인터미널,대한고속차고지,309,정읍시
309000245,128,309000128,309000493,대한고속차고지,산매,309,정읍시
309000249,273,309001150,309001204,구면,대한고속차고지,309,정읍시
309000250,155,309000128,309001262,대한고속차고지,관동마을,309,정읍시
309000253,128,309001150,309001204,구면,대한고속차고지,309,정읍시
309000255,511,309000456,309001277,대죽,대죽,309,정읍시
309000256,511,309000128,309001277,대한고속차고지,대죽,309,정읍시
309000258,121,309001371,309001204,상학(배영중),대한고속차고지,309,정읍시
309000259,123,309000128,309000314,대한고속차고지,상평,309,정읍시
309000260,232,309001240,309000339,상평,신태인터미널,309,정읍시
309000261,123,309001205,309000339,신태인터미널,신태인터미널,309,정읍시
309000262,123,309001205,309000339,신태인터미널,신태인터미널,309,정읍시
309000263,123,309001205,309000339,신태인터미널,신태인터미널,309,정읍시
309000264,232,309001205,309001279,신태인터미널,학당,309,정읍시
309000265,123,309000372,309000339,학당,신태인터미널,309,정읍시
309000266,123,309001205,309001204,신태인터미널,대한고속차고지,309,정읍시
309000268,171,309001233,309000001,내장터미널휴게소,휴게소.터미널,309,정읍시
309000270,171,309001233,309000001,내장터미널휴게소,휴게소.터미널,309,정읍시
309000275,232,309000128,309000910,대한고속차고지,모산,309,정읍시
309000278,232,309000911,309000339,모산,신태인터미널,309,정읍시
309000279,231,309001205,311000303,신태인터미널,원평버스터미널,309,정읍시
309000280,231,311000306,309000339,원평버스터미널,신태인터미널,309,정읍시
309000282,232,309000911,309000339,모산,신태인터미널,309,정읍시
309000286,212,309000128,309001267,대한고속차고지,백운,309,정읍시
309000287,251,309000770,309001301,백운.운용마을,도천,309,정읍시
309000288,215,309001301,319000304,도천,평교,309,정읍시
309000290,215,309000128,319000304,대한고속차고지,평교,309,정읍시
309000291,215,319000327,319000304,평교사거리,평교,309,정읍시
309000292,215,319000327,319000304,평교사거리,평교,309,정읍시
309000294,151-5,309000128,309001242,대한고속차고지,구장,309,정읍시
309000295,151-5,309000671,309001242,구장,구장,309,정읍시
309000296,151-5,309000671,309001204,구장,대한고속차고지,309,정읍시
309000297,151-5,309000128,309000683,대한고속차고지,상두,309,정읍시
309000298,151-5,309001257,309001209,상두,칠보정류소,309,정읍시
309000299,151-5,309001209,309001242,칠보정류소,구장,309,정읍시
309000300,155,309000671,309001262,구장,관동마을,309,정읍시
309000301,123,309000128,309000339,대한고속차고지,신태인터미널,309,정읍시
309000302,123,309001205,309000314,신태인터미널,상평,309,정읍시
309000303,232,309001240,309000339,상평,신태인터미널,309,정읍시
309000304,123,309001205,309000339,신태인터미널,신태인터미널,309,정읍시
309000305,121,309001205,309000235,신태인터미널,월현,309,정읍시
309000306,121,309000234,309000187,월현,금곡1,309,정읍시
309000307,121,309000195,309000232,금곡1,노교1,309,정읍시
309000308,121,309000237,309001204,노교1,대한고속차고지,309,정읍시
309000309,103,309000128,309001235,대한고속차고지,기린,309,정읍시
309000310,103,309001235,318000163,기린,부덕,309,정읍시
309000311,103,318000095,309000145,부덕,용산경로당,309,정읍시
309000312,101,309000143,318000154,용정리.외동마을,흥덕터미널,309,정읍시
309000313,101,318000155,309001204,흥덕터미널,대한고속차고지,309,정읍시
309000315,103,318000155,309000164,흥덕터미널,기린,309,정읍시
309000316,103,309001235,309001204,기린,대한고속차고지,309,정읍시
309000317,102,309000128,309001204,대한고속차고지,대한고속차고지,309,정읍시
309000318,153,309000593,309001204,원백암,대한고속차고지,309,정읍시
309000319,244,309000128,309001227,대한고속차고지,신흥,309,정읍시
309000320,153,309001253,309001331,먹점,원백암,309,정읍시
309000321,153,309000593,309001331,원백암,원백암,309,정읍시
309000322,153,309000593,309001204,원백암,대한고속차고지,309,정읍시
309000323,172,309000128,309000021,대한고속차고지,운암,309,정읍시
309000324,273,309000022,309000122,운암,정읍터미널,309,정읍시
309000325,273,309000122,309001122,정읍터미널,신면,309,정읍시
309000326,172,309001150,309000021,구면,운암,309,정읍시
309000327,153,309000022,309001331,운암,원백암,309,정읍시
309000328,212,309000128,309000122,대한고속차고지,정읍터미널,309,정읍시
309000329,277,309001191,309000144,법원,죽리,309,정읍시
309000330,212,309001245,309000144,죽리,죽리,309,정읍시
309000331,212,309001245,309001204,죽리,대한고속차고지,309,정읍시
309000332,212,309000128,309000144,대한고속차고지,죽리,309,정읍시
309000333,151-5,309000128,309000683,대한고속차고지,상두,309,정읍시
309000334,151-5,309001257,309001204,상두,대한고속차고지,309,정읍시
309000335,172,309000128,309000021,대한고속차고지,운암,309,정읍시
309000336,244,309000022,309001227,운암,신흥,309,정읍시
309000337,226,309001253,309000122,먹점,정읍터미널,309,정읍시
309000338,226,309000122,309000803,정읍터미널,석교,309,정읍시
309000339,266,309001221,309001259,석교,신성마을,309,정읍시
309000340,266,309001161,309001204,신성마을,대한고속차고지,309,정읍시
309000341,122,309000128,309000290,대한고속차고지,조소,309,정읍시
309000342,266,309000297,309001259,조소,신성마을,309,정읍시
309000343,266,309001161,309001204,신성마을,대한고속차고지,309,정읍시
309000344,151-5,309000128,309000683,대한고속차고지,상두,309,정읍시
309000345,151-2,309001257,309001256,상두,섬진댐,309,정읍시
309000346,151-2,309001255,309001204,섬진댐,대한고속차고지,309,정읍시
309000347,151-2,309000128,309001298,대한고속차고지,상두,309,정읍시
309000348,151-2,309001298,309001209,상두,칠보정류소,309,정읍시
309000350,151-5,309000531,309001209,칠보정류소,칠보정류소,309,정읍시
309000351,151-5,309001209,309001242,칠보정류소,구장,309,정읍시
309000352,151-5,309000671,309001204,구장,대한고속차고지,309,정읍시
309000353,215,309000128,309001368,대한고속차고지,고부환승승강장,309,정읍시
309000354,215,309001368,309000232,고부환승승강장,노교1,309,정읍시
309000355,121,309000237,309001210,노교1,주촌,309,정읍시
309000356,121,309000257,309000186,주촌,금곡2,309,정읍시
309000357,121,309000196,309001210,금곡2,주촌,309,정읍시
309000358,121,309000257,309000187,주촌,금곡1,309,정읍시
309000359,121,309000195,309000235,금곡1,월현,309,정읍시
309000360,121,309000234,309001210,월현,주촌,309,정읍시
309000361,121,309000257,309001204,주촌,대한고속차고지,309,정읍시
309000362,232,309001205,309000339,신태인터미널,신태인터미널,309,정읍시
309000363,231,309001205,309000339,신태인터미널,신태인터미널,309,정읍시
309000364,232,309001205,309000339,신태인터미널,신태인터미널,309,정읍시
309000366,232,309000123,309000339,농협중앙회,신태인터미널,309,정읍시
309000368,231,309001205,309000339,신태인터미널,신태인터미널,309,정읍시
309000369,232,309001205,309000339,신태인터미널,신태인터미널,309,정읍시
309000371,232,309000330,309000339,산지,신태인터미널,309,정읍시
309000372,231,309001205,309000339,신태인터미널,신태인터미널,309,정읍시
309000373,232,309001205,309000339,신태인터미널,신태인터미널,309,정읍시
309000374,91,309001205,309001209,신태인터미널,칠보정류소,309,정읍시
309000375,91,309001205,309001209,신태인터미널,칠보정류소,309,정읍시
309000377,91,309000128,309001209,대한고속차고지,칠보정류소,309,정읍시
309000378,91,309000531,309000339,칠보정류소,신태인터미널,309,정읍시
309000379,232,309001205,309001209,신태인터미널,칠보정류소,309,정읍시
309000381,232,309000531,309000339,칠보정류소,신태인터미널,309,정읍시
309000382,232,309001205,309000328,신태인터미널,소제,309,정읍시
309000383,232,309000387,309000339,소재,신태인터미널,309,정읍시
309000384,91,309001205,309001209,신태인터미널,칠보정류소,309,정읍시
309000385,91,309000531,309000339,칠보정류소,신태인터미널,309,정읍시
309000386,277-1,309000128,309000792,대한고속차고지,제일아파트,309,정읍시
309000387,277-1,309001191,309000792,법원,제일아파트,309,정읍시
309000388,277,309001191,309000792,법원,제일아파트,309,정읍시
309000389,277-1,309001191,309001204,법원,대한고속차고지,309,정읍시
309000390,243,309000128,309000792,대한고속차고지,제일아파트,309,정읍시
309000391,277,309001191,309000792,법원,제일아파트,309,정읍시
309000392,277-1,309001191,309001204,법원,대한고속차고지,309,정읍시
309000394,277,309000128,309000792,대한고속차고지,제일아파트,309,정읍시
309000395,277-1,309001191,309000792,법원,제일아파트,309,정읍시
309000396,277,309001191,309000792,법원,제일아파트,309,정읍시
309000399,277,309001191,309000792,법원,제일아파트,309,정읍시
309000402,277-1,309001191,309000792,법원,제일아파트,309,정읍시
309000428,205,318000161,318000099,죽동,죽동,309,정읍시
309000429,205,318000161,309001204,죽동,대한고속차고지,309,정읍시
309000430,205,309000128,318000099,대한고속차고지,죽동,309,정읍시
309000431,205,318000161,318000099,죽동,죽동,309,정읍시
309000432,205,318000161,309001204,죽동,대한고속차고지,309,정읍시
309000433,232,309001205,309000339,신태인터미널,신태인터미널,309,정읍시
309000436,231,309001205,309000339,신태인터미널,신태인터미널,309,정읍시
309000438,211,319000128,309001204,홍원,대한고속차고지,309,정읍시
309000439,211,309000128,309001265,대한고속차고지,신흥리버스정류장,309,정읍시
309000440,211,309000739,319000029,신흥리버스정류장,줄포터미널,309,정읍시
309000441,211,319000029,309001204,줄포터미널,대한고속차고지,309,정읍시
309000442,171,309001233,309001214,내장터미널휴게소,내장터미널휴게소,309,정읍시
309000443,171,309001233,309001214,내장터미널휴게소,내장터미널휴게소,309,정읍시
309000444,171,309001233,309001214,내장터미널휴게소,내장터미널휴게소,309,정읍시
309000445,171,309001233,309001204,내장터미널휴게소,대한고속차고지,309,정읍시
309000448,211,309000128,309001204,대한고속차고지,대한고속차고지,309,정읍시
309000449,211,309000739,309001204,신흥리버스정류장,대한고속차고지,309,정읍시
309000450,211,309000129,309001265,대한고속,신흥리버스정류장,309,정읍시
309000452,211,319000029,309001265,줄포터미널,신흥리버스정류장,309,정읍시
309000453,211,319000128,309001204,홍원,대한고속차고지,309,정읍시
309000454,211,309000128,319000128,대한고속차고지,홍원,309,정읍시
309000455,232,309000831,309001204,신시,대한고속차고지,309,정읍시
309000456,232-1,309000122,309000339,정읍터미널,신태인터미널,309,정읍시
309000457,264,309001348,309001300,입암,내장산리조트,309,정읍시
309000458,232-1,309001205,309000122,신태인터미널,정읍터미널,309,정읍시
309000459,266,309001248,309001259,산매,신성마을,309,정읍시
309000460,172,309001161,309000122,신성마을,정읍터미널,309,정읍시
309000461,172,309000122,309000021,정읍터미널,운암,309,정읍시
309000462,273,309000022,309000122,운암,정읍터미널,309,정읍시
309000463,172,309000699,309001204,보림,대한고속차고지,309,정읍시
309000464,172,309000128,309000021,대한고속차고지,운암,309,정읍시
309000467,128,309000128,309001277,대한고속차고지,대죽,309,정읍시
309000468,511,309000456,309001277,대죽,대죽,309,정읍시
309000469,511,309000128,309000451,대한고속차고지,상학,309,정읍시
309000470,171,309000128,309001214,대한고속차고지,내장터미널휴게소,309,정읍시
309000473,171,309001233,309001204,내장터미널휴게소,대한고속차고지,309,정읍시
309000474,231,311000306,309000339,원평버스터미널,신태인터미널,309,정읍시
309000475,232,309001205,309000910,신태인터미널,모산,309,정읍시
309000477,232,309001205,309001219,신태인터미널,산지,309,정읍시
309000478,91,309001205,309001209,신태인터미널,칠보정류소,309,정읍시
309000479,91,309000085,309000339,칠보정류소,신태인터미널,309,정읍시
309000480,511,309000456,309001204,대죽,대한고속차고지,309,정읍시
309000481,232,309001205,309000314,신태인터미널,상평,309,정읍시
309000482,232,309001240,309001279,상평,학당,309,정읍시
309000483,123,309000372,309001204,학당,대한고속차고지,309,정읍시
309000484,233,309000920,309000466,상기,수성주공아파트,309,정읍시
309000485,246,309000122,309000956,정읍터미널,태인터미널,309,정읍시
309000486,102,318000095,318000537,부덕,성내,309,정읍시
309000487,102,318000017,309001204,성내,대한고속차고지,309,정읍시
309000489,171,309000128,309001214,대한고속차고지,내장터미널휴게소,309,정읍시
309000490,232-1,309001205,309000122,신태인터미널,정읍터미널,309,정읍시
309000491,151,309001243,309001207,만적,칠보정류소,309,정읍시
311000001,20-1,311000044,311000526,만경터미널,김제역1승강장,311,김제시
311000002,20,311000526,311000043,김제역1승강장,만경터미널,311,김제시
311000003,20,311000526,311000043,김제역1승강장,만경터미널,311,김제시
311000004,20,311000044,311000526,만경터미널,김제역1승강장,311,김제시
311000005,20-1,311000526,311000043,김제역1승강장,만경터미널,311,김제시
311000006,20-1,311000526,311001173,김제역1승강장,가실리,311,김제시
311000007,9,311000315,311001445,시장통,화일,311,김제시
311000008,9,311000636,311001399,화일,우체국,311,김제시
311000010,9,311000315,311000303,시장통,원평버스터미널,311,김제시
311000011,9,311000315,311000303,시장통,원평버스터미널,311,김제시
311000012,9,311000315,311000303,시장통,원평버스터미널,311,김제시
311000013,9,311000306,311001399,원평버스터미널,우체국,311,김제시
311000014,9,311000306,311001399,원평버스터미널,우체국,311,김제시
311000015,19,311000526,311001581,김제역1승강장,거전종점,311,김제시
311000016,48,311000677,311000526,거전종점,김제역1승강장,311,김제시
311000017,19,311000526,311001581,김제역1승강장,거전종점,311,김제시
311000018,18,311000526,311001581,김제역1승강장,거전종점,311,김제시
311000019,18,311000526,311001581,김제역1승강장,거전종점,311,김제시
311000020,48,311000526,311001581,김제역1승강장,거전종점,311,김제시
311000021,19,311000677,311001517,거전종점,김제역2승강장,311,김제시
311000022,18,311000677,311000526,거전종점,김제역1승강장,311,김제시
311000023,48,311000677,311000526,거전종점,김제역1승강장,311,김제시
311000024,19-1,311000526,311001581,김제역1승강장,거전종점,311,김제시
311000025,18,311000526,311001581,김제역1승강장,거전종점,311,김제시
311000026,5,311000315,311000476,시장통,금산사,311,김제시
311000027,5,311000315,311000476,시장통,금산사,311,김제시
311000028,5,311000315,311001208,시장통,청도리,311,김제시
311000029,5,311000315,311001208,시장통,청도리,311,김제시
311000030,5,311001294,311001399,청도리,우체국,311,김제시
311000031,5,311000393,311000315,금산사,시장통,311,김제시
311000032,5,311001294,311001399,청도리,우체국,311,김제시
311000033,5,311000315,311000303,시장통,원평버스터미널,311,김제시
311000034,5,311000393,311001399,금산사,우체국,311,김제시
311000035,5,311000393,311001397,금산사,동신,311,김제시
311000036,49,311000315,311000379,시장통,포내,311,김제시
311000037,15,311001517,311001578,김제역2승강장,신광,311,김제시
311000038,15,311001517,311001575,김제역2승강장,구복,311,김제시
311000039,15,311000658,311001517,신광,김제역2승강장,311,김제시
311000040,15,311001359,311001517,구복,김제역2승강장,311,김제시
311000041,15-2,311000658,311001517,신광,김제역2승강장,311,김제시
311000042,15-1,311001517,311001575,김제역2승강장,구복,311,김제시
311000043,15,311001517,311000719,김제역2승강장,신광,311,김제시
311000044,15,311001517,311000719,김제역2승강장,신광,311,김제시
311000045,15,311001517,311001575,김제역2승강장,구복,311,김제시
311000046,15-2,311001517,311000719,김제역2승강장,신광,311,김제시
311000047,15-1,311001517,311001578,김제역2승강장,신광,311,김제시
311000048,15-1,311000941,311000315,신광,시장통,311,김제시
311000049,15,311000941,311001517,신광,김제역2승강장,311,김제시
311000050,15,311001359,311001517,구복,김제역2승강장,311,김제시
311000051,15,311001517,311001578,김제역2승강장,신광,311,김제시
311000052,15,311000941,311001517,신광,김제역2승강장,311,김제시
311000053,15-1,311000941,311001517,신광,김제역2승강장,311,김제시
311000054,15-2,311000941,311001517,신광,김제역2승강장,311,김제시
311000055,15-2,311001359,311001517,구복,김제역2승강장,311,김제시
311000056,15-1,311000941,311001517,신광,김제역2승강장,311,김제시
311000057,15-2,311001517,311001578,김제역2승강장,신광,311,김제시
311000058,15-2,311001517,311001578,김제역2승강장,신광,311,김제시
311000059,27,311000315,311000127,시장통,득룡교,311,김제시
311000060,27,311000315,311000562,시장통,묘동,311,김제시
311000062,27,311000054,311001399,묘동,우체국,311,김제시
311000064,27,311000315,311000054,시장통,묘동,311,김제시
311000065,27,311000054,311001399,묘동,우체국,311,김제시
311000066,27,311000128,311001399,득룡교,우체국,311,김제시
311000067,27,311000315,311000562,시장통,묘동,311,김제시
311000068,27,311000315,311000562,시장통,묘동,311,김제시
311000069,45,311001517,311000544,김제역2승강장,종남,311,김제시
311000070,45,311001579,311001517,종남,김제역2승강장,311,김제시
311000071,45-1,311001517,311001580,김제역2승강장,용소,311,김제시
311000072,45-1,311000586,311001517,용소,김제역2승강장,311,김제시
311000073,45-1,311000586,311000526,용소,김제역1승강장,311,김제시
311000074,45-1,311000586,311001517,용소,김제역2승강장,311,김제시
311000075,45-1,311001517,311001580,김제역2승강장,용소,311,김제시
311000076,7,311000315,311000433,시장통,상화마을,311,김제시
311000077,7,311000315,311000433,시장통,상화마을,311,김제시
311000078,7,311000315,309000819,시장통,구성,311,김제시
311000079,7,311001583,311001399,상화마을,우체국,311,김제시
311000080,7,311001583,311001399,상화마을,우체국,311,김제시
311000082,50,311000315,311001573,시장통,축령,311,김제시
311000083,50,311000315,311000974,시장통,신성,311,김제시
311000084,50,311001434,311001399,축령,우체국,311,김제시
311000085,16,311000937,311000315,대장,시장통,311,김제시
311000086,16,311000937,311001517,대장,김제역2승강장,311,김제시
311000087,16,311001517,311000937,김제역2승강장,대장,311,김제시
311000088,16,311001517,311000937,김제역2승강장,대장,311,김제시
311000089,22,311001517,311001237,김제역2승강장,김제서고등학교,311,김제시
311000090,22,311001517,311001237,김제역2승강장,김제서고등학교,311,김제시
311000091,22,311001304,311001517,김제서고등학교,김제역2승강장,311,김제시
311000092,22,311001304,311001517,김제서고등학교,김제역2승강장,311,김제시
311000093,14,311001337,311001517,주촌,김제역2승강장,311,김제시
311000094,14,311000526,311001336,김제역1승강장,주촌,311,김제시
311000095,13,311000526,311001237,김제역1승강장,김제서고등학교,311,김제시
311000096,13,311000526,311001308,김제역1승강장,신흥,311,김제시
311000097,13,311001304,311000526,김제서고등학교,김제역1승강장,311,김제시
311000098,13,311001304,311000526,김제서고등학교,김제역1승강장,311,김제시
311000099,13,311000526,311001237,김제역1승강장,김제서고등학교,311,김제시
311000100,13,311001336,311000526,주촌,김제역1승강장,311,김제시
311000101,11,311000526,319000306,김제역1승강장,평교,311,김제시
311000102,11,311000526,319000306,김제역1승강장,평교,311,김제시
311000103,11,311000526,319000306,김제역1승강장,평교,311,김제시
311000104,11,319000307,311000526,평교,김제역1승강장,311,김제시
311000105,11,311001517,309000013,김제역2승강장,화호삼거리,311,김제시
311000106,11,319000424,311001517,백산,김제역2승강장,311,김제시
311000107,1,311000315,311000330,시장통,금구파출소,311,김제시
311000109,1,311000330,311000526,금구파출소,김제역1승강장,311,김제시
311000110,1,311000315,311000403,시장통,금구파출소,311,김제시
311000111,1,311000315,311000330,시장통,금구파출소,311,김제시
311000112,1,311000330,311000526,금구파출소,김제역1승강장,311,김제시
311000113,1,311001350,311000526,금천,김제역1승강장,311,김제시
311000114,1,311000462,311000526,하송,김제역1승강장,311,김제시
311000115,1,311000315,311000403,시장통,금구파출소,311,김제시
311000116,1,311000315,311001573,시장통,축령,311,김제시
311000117,1,311000315,311000672,시장통,금천,311,김제시
311000118,1,311000315,311000672,시장통,금천,311,김제시
311000119,1,311001434,311000526,축령,김제역1승강장,311,김제시
311000120,1,311001350,311000526,금천,김제역1승강장,311,김제시
311000121,33,311000315,311000303,시장통,원평버스터미널,311,김제시
311000122,33,311000315,311000303,시장통,원평버스터미널,311,김제시
311000123,33,311000315,311000303,시장통,원평버스터미널,311,김제시
311000124,33,311000306,311000315,원평버스터미널,시장통,311,김제시
311000125,33,311000306,311000526,원평버스터미널,김제역1승강장,311,김제시
311000126,33,311000306,311000526,원평버스터미널,김제역1승강장,311,김제시
311000127,33,311000306,311000526,원평버스터미널,김제역1승강장,311,김제시
311000128,21,311000526,311000246,김제역1승강장,신창,311,김제시
311000129,21,311000526,311000246,김제역1승강장,신창,311,김제시
311000130,21,311000526,311000246,김제역1승강장,신창,311,김제시
311000131,21,311000247,311000526,신창,김제역1승강장,311,김제시
311000132,21,311000247,311000526,신창,김제역1승강장,311,김제시
311000133,21,311000247,311000526,신창,김제역1승강장,311,김제시
311000134,30,311000526,311000044,김제역1승강장,만경터미널,311,김제시
311000135,30,311000526,311000044,김제역1승강장,만경터미널,311,김제시
311000136,30,311000043,311001517,만경터미널,김제역2승강장,311,김제시
311000137,30,311000043,311000315,만경터미널,시장통,311,김제시
311000138,30,311000043,311001517,만경터미널,김제역2승강장,311,김제시
311000139,31,311000526,311000022,김제역1승강장,요교마을,311,김제시
311000140,31,311001568,311000526,요교마을,김제역1승강장,311,김제시
311000141,31,311000526,311000022,김제역1승강장,요교마을,311,김제시
311000142,31,311001568,311000526,요교마을,김제역1승강장,311,김제시
311000143,24,311000526,311000195,김제역1승강장,동반월,311,김제시
311000144,24,311000184,311000526,백구삼거리,김제역1승강장,311,김제시
311000145,24,311000184,311000526,백구삼거리,김제역1승강장,311,김제시
311000146,24,311000526,311001585,김제역1승강장,유강리,311,김제시
311000147,25,311000526,311000195,김제역1승강장,동반월,311,김제시
311000148,25,311000184,311000526,백구삼거리,김제역1승강장,311,김제시
311000149,25,311000184,311000526,백구삼거리,김제역1승강장,311,김제시
311000150,25,311000526,311000195,김제역1승강장,동반월,311,김제시
311000151,32,311000526,311001508,김제역1승강장,원부,311,김제시
311000152,32,311001569,311000526,원부,김제역1승강장,311,김제시
311000153,32,311000573,311000315,대동종점,시장통,311,김제시
311000154,32,311000526,311001570,김제역1승강장,대동종점,311,김제시
311000155,36,311000526,311001572,김제역1승강장,삼수종점,311,김제시
311000156,36,311000526,311001572,김제역1승강장,삼수종점,311,김제시
311000157,36,311001481,311000526,삼수종점,김제역1승강장,311,김제시
311000158,36,311001481,311000526,삼수종점,김제역1승강장,311,김제시
311000159,36,311001481,311000526,삼수종점,김제역1승강장,311,김제시
311000160,40,311000526,311000035,김제역1승강장,소음방,311,김제시
311000161,40,311000035,311000526,소음방,김제역1승강장,311,김제시
311000162,40,311001595,311000526,상서,김제역1승강장,311,김제시
311000163,23,311000526,311000246,김제역1승강장,신창,311,김제시
311000164,23,311000526,311000246,김제역1승강장,신창,311,김제시
311000165,23,311000526,311000246,김제역1승강장,신창,311,김제시
311000166,23,311000526,311000246,김제역1승강장,신창,311,김제시
311000167,23,311000526,311000124,김제역1승강장,월현,311,김제시
311000168,23,311000247,311000526,신창,김제역1승강장,311,김제시
311000169,23,311000247,311000526,신창,김제역1승강장,311,김제시
311000170,23,311000247,311000526,신창,김제역1승강장,311,김제시
311000171,23,311000247,311000526,신창,김제역1승강장,311,김제시
311000172,23,311000247,311000526,신창,김제역1승강장,311,김제시
311000173,26,311000315,311001351,시장통,효자로전라북도도청,311,김제시
311000174,26,311000567,311000315,효자로전라북도도청,시장통,311,김제시
311000175,17,311000587,311001517,원기,김제역2승강장,311,김제시
311000176,17,311000587,311001517,원기,김제역2승강장,311,김제시
311000177,17,311001517,311000587,김제역2승강장,원기,311,김제시
311000178,17,311001517,311000587,김제역2승강장,원기,311,김제시
311000179,17,311001517,311000587,김제역2승강장,원기,311,김제시
311000180,17,311001517,311000587,김제역2승강장,원기,311,김제시
311000181,37,311000526,311001587,김제역1승강장,소토,311,김제시
311000182,37,311000526,311001574,김제역1승강장,토정,311,김제시
311000183,37,311000526,311001574,김제역1승강장,토정,311,김제시
311000184,37,311000346,311000526,소토,김제역1승강장,311,김제시
311000185,37,311000346,311000526,소토,김제역1승강장,311,김제시
311000186,37,311000043,311000526,만경터미널,김제역1승강장,311,김제시
311000187,37,311000434,311000043,서편,만경터미널,311,김제시
311000188,37,311000876,311000526,토정,김제역1승강장,311,김제시
311000189,39,311000526,311000853,김제역1승강장,용곽,311,김제시
311000190,39,311000526,311000853,김제역1승강장,용곽,311,김제시
311000191,39,311000526,311000853,김제역1승강장,용곽,311,김제시
311000192,39,311001576,311000526,용곽,김제역1승강장,311,김제시
311000193,39,311001576,311000526,용곽,김제역1승강장,311,김제시
311000194,39,311001576,311000526,용곽,김제역1승강장,311,김제시
311000195,35,311000315,311000330,시장통,금구파출소,311,김제시
311000197,35,311000315,311000330,시장통,금구파출소,311,김제시
311000198,35,311000315,311001046,시장통,서둔마을,311,김제시
311000199,35,311000403,311000315,금구파출소,시장통,311,김제시
311000200,35,311000693,311000315,서둔마을,시장통,311,김제시
311000201,10,311001073,311001399,신신,우체국,311,김제시
311000203,10,311000315,309000314,시장통,상평,311,김제시
311000204,10,311000315,311000530,시장통,난봉,311,김제시
311000205,10,311000441,311001399,난봉,우체국,311,김제시
311000206,10,309001240,311001399,상평,우체국,311,김제시
311000207,10,309001240,311001399,상평,우체국,311,김제시
311000208,10,309001240,311001399,상평,우체국,311,김제시
311000209,10,311000315,309000314,시장통,상평,311,김제시
311000210,10,311000315,309000314,시장통,상평,311,김제시
311000211,10,311000315,311000882,시장통,봉월,311,김제시
311000212,49,311000315,311000458,시장통,홍정리,311,김제시
311000213,49,311000315,311000458,시장통,홍정리,311,김제시
311000214,49,311000315,311000458,시장통,홍정리,311,김제시
311000215,49,311001582,311000526,홍정리,김제역1승강장,311,김제시
311000216,49,311001582,311000526,홍정리,김제역1승강장,311,김제시
311000217,49,311001582,311000526,홍정리,김제역1승강장,311,김제시
311000218,49,311001582,311001399,홍정리,우체국,311,김제시
311000219,8,311000315,311001242,시장통,내주,311,김제시
311000220,8,311000315,311001242,시장통,내주,311,김제시
311000221,8,311000315,311001242,시장통,내주,311,김제시
311000222,8,311000315,311001242,시장통,내주,311,김제시
311000223,8,311000926,311000526,내주,김제역1승강장,311,김제시
311000224,8,311000926,311000526,내주,김제역1승강장,311,김제시
311000225,8,311000926,311000526,내주,김제역1승강장,311,김제시
311000226,8,311000844,311000526,신성,김제역1승강장,311,김제시
311000227,27-1,311000315,311001065,시장통,수룡귀지,311,김제시
311000228,27-1,311000315,311001065,시장통,수룡귀지,311,김제시
311000229,27-1,311000315,311001065,시장통,수룡귀지,311,김제시
311000230,27-1,311001586,311001517,수룡귀지,김제역2승강장,311,김제시
311000231,27-1,311001586,311001517,수룡귀지,김제역2승강장,311,김제시
311000232,27-1,311001586,311000315,수룡귀지,시장통,311,김제시
311000233,20-2,311000526,311001346,김제역1승강장,종야,311,김제시
311000234,20-2,311000526,311001346,김제역1승강장,종야,311,김제시
311000235,20-2,311000549,311000315,진봉면사무소,시장통,311,김제시
311000236,20-2,311000549,311000315,진봉면사무소,시장통,311,김제시
311000237,100,311000315,311001393,시장통,휴먼시아,311,김제시
311000238,101,311001392,311001393,중앙병원,휴먼시아,311,김제시
311000239,26,311000315,311001351,시장통,효자로전라북도도청,311,김제시
311000240,26,311000567,311000315,효자로전라북도도청,시장통,311,김제시
311000241,35,311001498,311000330,덕암중고등학교,금구파출소,311,김제시
311000242,35,311000403,311000315,금구파출소,시장통,311,김제시
311000243,7,311001583,311001399,상화마을,우체국,311,김제시
311000244,102,311000526,311001646,김제역1승강장,새만금33센터(자연쉼터),311,김제시
311000245,102,311001646,311001462,새만금33센터(자연쉼터),김제역3승강장,311,김제시
313000001,진안1,313000583,313000185,진안터미널,진안터미널,313,진안군
313000002,진안2,313000583,313000057,진안터미널,성수면사무소,313,진안군
313000003,진안3,313000057,313000032,성수면사무소,안평.외궁,313,진안군
313000004,진안4,313000032,313000057,안평.외궁,성수면사무소,313,진안군
313000005,진안5,313000032,313000185,안평.외궁,진안터미널,313,진안군
313000006,진안6,313000583,313000159,진안터미널,안천버스정류소,313,진안군
313000007,진안7,313000159,313000163,안천버스정류소,안천,313,진안군
313000008,진안8,313000163,313000159,안천,안천버스정류소,313,진안군
313000009,진안9,313000163,313000185,안천,진안터미널,313,진안군
313000010,진안10,313000583,313000594,진안터미널,주천면사무소,313,진안군
313000011,진안11,313000617,313000594,주천면사무소,주천면사무소,313,진안군
313000012,진안12,313000617,313000185,주천면사무소,진안터미널,313,진안군
313000013,진안13,313000583,313000627,진안터미널,마조,313,진안군
313000014,진안14,313000384,313000369,마조,방화,313,진안군
313000015,진안15,313000630,313000185,방화,진안터미널,313,진안군
313000016,진안16,313000583,313000369,진안터미널,방화,313,진안군
313000017,진안17,313000630,313000627,방화,마조,313,진안군
313000018,진안18,313000384,313000185,마조,진안터미널,313,진안군
313000019,진안19,313000583,306000038,진안터미널,전주역,313,진안군
313000020,진안20,306000038,313000185,전주역,진안터미널,313,진안군
313000021,진안21,313000583,313000185,진안터미널,진안터미널,313,진안군
313000022,진안22,313000583,313000313,진안터미널,봉곡,313,진안군
313000023,진안23,313000624,306000026,봉곡,쌍용아파트,313,진안군
313000024,진안24,306000026,306000038,쌍용아파트,전주역,313,진안군
313000025,진안25,306000038,313000313,전주역,봉곡,313,진안군
313000026,진안26,306000026,313000105,쌍용아파트,무진장여객,313,진안군
313000027,진안27,313000623,306000026,봉황골,쌍용아파트,313,진안군
313000028,진안28,306000038,313000313,전주역,봉곡,313,진안군
313000029,진안29,313000624,306000038,봉곡,전주역,313,진안군
313000030,진안30,313000624,306000038,봉곡,전주역,313,진안군
313000031,진안31,306000038,313000340,전주역,정수궁,313,진안군
313000032,진안32,313000631,313000185,정수궁,진안터미널,313,진안군
313000033,진안33,313000583,313000185,진안터미널,진안터미널,313,진안군
313000034,진안34,313000583,313000128,진안터미널,동향면사무소,313,진안군
313000035,진안35,313000123,313000185,동향면사무소,진안터미널,313,진안군
313000036,진안36,313000626,313000185,내처사,진안터미널,313,진안군
313000037,진안37,313000583,313000340,진안터미널,정수궁,313,진안군
313000038,진안38,313000631,313000185,정수궁,진안터미널,313,진안군
313000039,진안39,313000583,313000594,진안터미널,주천면사무소,313,진안군
313000040,진안40,313000617,313000185,주천면사무소,진안터미널,313,진안군
313000041,진안41,313000583,313000128,진안터미널,동향면사무소,313,진안군
313000043,진안43,313000583,313000185,진안터미널,진안터미널,313,진안군
313000044,진안44,313000583,313000106,진안터미널,내처사,313,진안군
313000045,진안45,313000583,313000185,진안터미널,진안터미널,313,진안군
313000046,진안46,313000583,313000185,진안터미널,진안터미널,313,진안군
313000047,진안47,313000583,313000057,진안터미널,성수면사무소,313,진안군
313000048,진안48,313000057,313000011,성수면사무소,백운.오성,313,진안군
313000049,진안49,313000011,313000185,백운.오성,진안터미널,313,진안군
313000050,진안50,313000583,313000627,진안터미널,마조,313,진안군
313000051,진안51,313000583,313000185,진안터미널,진안터미널,313,진안군
313000052,진안52,313000626,313000185,내처사,진안터미널,313,진안군
313000053,진안53,313000617,313000594,주천면사무소,주천면사무소,313,진안군
313000054,진안54,313000594,313000617,주천면사무소,주천면사무소,313,진안군
313000055,진안55,313000583,313000313,진안터미널,봉곡,313,진안군
313000056,진안56,313000624,313000185,봉곡,진안터미널,313,진안군
313000057,진안57,313000583,313000185,진안터미널,진안터미널,313,진안군
313000058,진안58,313000583,313000128,진안터미널,동향면사무소,313,진안군
313000059,진안59,313000123,313000159,동향면사무소,안천버스정류소,313,진안군
313000060,진안60,313000163,313000185,안천,진안터미널,313,진안군
313000061,진안61,313000583,313000185,진안터미널,진안터미널,313,진안군
313000063,진안63,313000583,313000163,진안터미널,안천,313,진안군
313000064,진안64,313000163,313000185,안천,진안터미널,313,진안군
313000065,진안65,313000583,313000159,진안터미널,안천버스정류소,313,진안군
313000066,진안66,313000163,313000185,안천,진안터미널,313,진안군
313000067,진안67,313000583,306000038,진안터미널,전주역,313,진안군
313000068,진안68,306000038,313000264,전주역,마이산남부,313,진안군
313000069,진안69,313000625,306000038,마이산남부,전주역,313,진안군
313000070,진안70,313000583,313000605,진안터미널,백운,313,진안군
313000071,진안71,313000605,316000442,백운,관촌터미널,313,진안군
313000072,진안72,316000441,313000185,관촌터미널,진안터미널,313,진안군
313000073,진안73,313000583,313000128,진안터미널,동향면사무소,313,진안군
313000074,진안74,313000583,313000128,진안터미널,동향면사무소,313,진안군
313000075,진안75,313000583,313000185,진안터미널,진안터미널,313,진안군
313000078,진안78,313000583,313000105,진안터미널,무진장여객,313,진안군
313000079,진안79,313000583,313000159,진안터미널,안천버스정류소,313,진안군
313000080,진안80,313000583,313000605,진안터미널,백운,313,진안군
313000081,진안81,313000605,316000442,백운,관촌터미널,313,진안군
313000082,진안82,316000441,313000185,관촌터미널,진안터미널,313,진안군
313000083,진안83,313000583,316000442,진안터미널,관촌터미널,313,진안군
313000084,진안84,316000441,313000030,관촌터미널,백운,313,진안군
313000085,진안85,313000030,313000185,백운,진안터미널,313,진안군
313000086,진안86,313000583,313000185,진안터미널,진안터미널,313,진안군
313000088,진안88,313000583,313000163,진안터미널,안천,313,진안군
313000089,진안89,313000163,313000159,안천,안천버스정류소,313,진안군
313000090,진안90,313000583,313000185,진안터미널,진안터미널,313,진안군
313000092,진안92,313000583,313000185,진안터미널,진안터미널,313,진안군
313000094,진안94,313000583,313000057,진안터미널,성수면사무소,313,진안군
313000095,진안95,313000032,313000057,안평.외궁,성수면사무소,313,진안군
313000096,진안96,313000057,313000030,성수면사무소,백운,313,진안군
313000098,진안98,313000583,313000605,진안터미널,백운,313,진안군
313000099,진안99,313000030,313000105,백운,무진장여객,313,진안군
313000100,진안100,313000583,313000128,진안터미널,동향면사무소,313,진안군
313000101,진안101,313000123,313000185,동향면사무소,진안터미널,313,진안군
313000102,진안102,313000057,313000032,성수면사무소,안평.외궁,313,진안군
313000103,진안103,313000583,313000340,진안터미널,정수궁,313,진안군
313000104,진안104,313000583,313000185,진안터미널,진안터미널,313,진안군
313000106,진안106,313000384,313000369,마조,방화,313,진안군
313000107,진안107,313000630,313000594,방화,주천면사무소,313,진안군
313000108,진안108,313000617,313000185,주천면사무소,진안터미널,313,진안군
313000109,진안109,313000583,313000185,진안터미널,진안터미널,313,진안군
313000111,진안111,313000583,313000633,진안터미널,추동,313,진안군
313000112,진안112,313000205,313000185,추동,진안터미널,313,진안군
313000113,진안113,313000040,313000057,상달,성수면사무소,313,진안군
313000114,진안114,313000583,313000280,진안터미널,백운동,313,진안군
313000115,진안115,313000632,313000185,백운동,진안터미널,313,진안군
313000116,진안116,313000605,313000032,백운,안평.외궁,313,진안군
313000117,진안117,313000032,313000185,안평.외궁,진안터미널,313,진안군
313000118,진안118,316000441,313000185,관촌터미널,진안터미널,313,진안군
313000121,진안121,313000583,313000185,진안터미널,진안터미널,313,진안군
313000123,진안123,313000123,313000128,동향면사무소,동향면사무소,313,진안군
313000124,진안124,313000123,313000185,동향면사무소,진안터미널,313,진안군
313000125,진안125,313000583,313000185,진안터미널,진안터미널,313,진안군
313000126,진안126,313000583,313000185,진안터미널,진안터미널,313,진안군
313000129,진안129,313000123,313000159,동향면사무소,안천버스정류소,313,진안군
313000130,진안130,313000163,313000185,안천,진안터미널,313,진안군
313000131,진안131,313000583,313000185,진안터미널,진안터미널,313,진안군
313000132,진안132,313000583,313000633,진안터미널,추동,313,진안군
313000134,진안134,313000583,313000620,진안터미널,부귀면사무소,313,진안군
313000135,진안135,313000432,313000620,부귀면사무소,부귀면사무소,313,진안군
313000136,진안136,313000432,313000105,부귀면사무소,무진장여객,313,진안군
313000137,진안137,313000583,313000128,진안터미널,동향면사무소,313,진안군
313000138,진안138,316000441,313000011,관촌터미널,백운.오성,313,진안군
313000141,진안141,313000630,313000369,방화,방화,313,진안군
313000142,진안142,313000630,313000369,방화,방화,313,진안군
313000143,진안143,313000630,313000185,방화,진안터미널,313,진안군
313000144,진안144,313000123,313000185,동향면사무소,진안터미널,313,진안군
313000145,진안145,313000583,313000185,진안터미널,진안터미널,313,진안군
313000146,진안146,313000583,313000057,진안터미널,성수면사무소,313,진안군
313000147,진안147,313000032,313000057,안평.외궁,성수면사무소,313,진안군
313000148,진안148,313000032,313000185,안평.외궁,진안터미널,313,진안군
313000149,진안149,313000583,313000185,진안터미널,진안터미널,313,진안군
313000150,진안150,313000583,313000185,진안터미널,진안터미널,313,진안군
313000151,진안151,313000583,313000605,진안터미널,백운,313,진안군
313000152,진안152,313000032,313000185,안평.외궁,진안터미널,313,진안군
313000153,진안153,313000630,313000185,방화,진안터미널,313,진안군
313000154,진안154,313000583,313000594,진안터미널,주천면사무소,313,진안군
314000001,1,314000363,314000406,무주공용버스터미널,무주공용버스터미널,314,무주군
314000002,4-3,314000363,314000031,무주공용버스터미널,부남면주민자치센터,314,무주군
314000003,5,314000210,314000031,부남면주민자치센터,부남면주민자치센터,314,무주군
314000004,5,314000210,314000406,부남면주민자치센터,무주공용버스터미널,314,무주군
314000005,3-1,314000363,314000115,무주공용버스터미널,상조,314,무주군
314000006,3-1,314000453,314000115,상조,상조,314,무주군
314000007,3-1,314000453,314000406,상조,무주공용버스터미널,314,무주군
314000009,5,314000363,314000406,무주공용버스터미널,무주공용버스터미널,314,무주군
314000010,3-4,314000363,314000031,무주공용버스터미널,부남면주민자치센터,314,무주군
314000011,5,314000210,314000031,부남면주민자치센터,부남면주민자치센터,314,무주군
314000012,3-4,314000210,314000406,부남면주민자치센터,무주공용버스터미널,314,무주군
314000013,3-4,314000363,314000406,무주공용버스터미널,무주공용버스터미널,314,무주군
314000014,5,314000363,314000406,무주공용버스터미널,무주공용버스터미널,314,무주군
314000015,3-2,314000058,314000406,설천공용버스터미널,무주공용버스터미널,314,무주군
314000016,3-2,314000363,314000406,무주공용버스터미널,무주공용버스터미널,314,무주군
314000017,1,314000363,314000406,무주공용버스터미널,무주공용버스터미널,314,무주군
314000018,3-2,314000363,314000406,무주공용버스터미널,무주공용버스터미널,314,무주군
314000019,3-1,314000363,314000406,무주공용버스터미널,무주공용버스터미널,314,무주군
314000020,3-2,314000363,314000406,무주공용버스터미널,무주공용버스터미널,314,무주군
314000021,3-3,314000363,314000406,무주공용버스터미널,무주공용버스터미널,314,무주군
314000022,3-3,314000363,314000406,무주공용버스터미널,무주공용버스터미널,314,무주군
314000023,3-4,314000363,314000406,무주공용버스터미널,무주공용버스터미널,314,무주군
314000024,3-1,314000064,314000064,안성터미널,안성터미널,314,무주군
314000025,1,314000064,314000406,안성터미널,무주공용버스터미널,314,무주군
314000028,2-2,314000064,314000064,안성터미널,안성터미널,314,무주군
314000030,3-3,314000363,314000031,무주공용버스터미널,부남면주민자치센터,314,무주군
314000031,1,314000210,314000031,부남면주민자치센터,부남면주민자치센터,314,무주군
314000032,3-3,314000210,314000031,부남면주민자치센터,부남면주민자치센터,314,무주군
314000033,3-4,314000298,314000406,교동,무주공용버스터미널,314,무주군
314000034,3-4,314000363,314000406,무주공용버스터미널,무주공용버스터미널,314,무주군
314000036,1,314000363,314000064,무주공용버스터미널,안성터미널,314,무주군
314000037,3-4,314000363,314000406,무주공용버스터미널,무주공용버스터미널,314,무주군
314000038,3-4,314000363,314000406,무주공용버스터미널,무주공용버스터미널,314,무주군
314000039,3-1,314000363,314000406,무주공용버스터미널,무주공용버스터미널,314,무주군
314000040,2-1,314000363,314000406,무주공용버스터미널,무주공용버스터미널,314,무주군
314000041,3-1,314000363,314000406,무주공용버스터미널,무주공용버스터미널,314,무주군
314000042,3-1,314000363,314000400,무주공용버스터미널,설천터미널,314,무주군
314000043,4-1,314000363,314000406,무주공용버스터미널,무주공용버스터미널,314,무주군
314000044,4-1,314000363,314000406,무주공용버스터미널,무주공용버스터미널,314,무주군
314000045,4-1,314000363,314000406,무주공용버스터미널,무주공용버스터미널,314,무주군
314000046,4-1,314000363,314000115,무주공용버스터미널,상조,314,무주군
314000047,4-1,314000363,314000406,무주공용버스터미널,무주공용버스터미널,314,무주군
314000048,4-1,314000363,314000232,무주공용버스터미널,고도공원,314,무주군
314000049,4-2,314000058,314000406,설천공용버스터미널,무주공용버스터미널,314,무주군
314000050,4-2,314000363,314000406,무주공용버스터미널,무주공용버스터미널,314,무주군
314000051,4-2,314000363,314000406,무주공용버스터미널,무주공용버스터미널,314,무주군
314000052,4-2,314000363,314000406,무주공용버스터미널,무주공용버스터미널,314,무주군
314000053,4-2,314000363,314000406,무주공용버스터미널,무주공용버스터미널,314,무주군
314000055,4-3,314000363,314000406,무주공용버스터미널,무주공용버스터미널,314,무주군
314000056,4-3,314000363,314000406,무주공용버스터미널,무주공용버스터미널,314,무주군
314000058,4-4,314000210,314000406,부남면주민자치센터,무주공용버스터미널,314,무주군
314000059,4-4,314000363,314000406,무주공용버스터미널,무주공용버스터미널,314,무주군
314000060,1,314000363,314000031,무주공용버스터미널,부남면주민자치센터,314,무주군
314000061,1,314000210,314000406,부남면주민자치센터,무주공용버스터미널,314,무주군
314000062,1,314000363,314000406,무주공용버스터미널,무주공용버스터미널,314,무주군
314000063,1,314000363,314000406,무주공용버스터미널,무주공용버스터미널,314,무주군
314000064,1,314000064,314000064,안성터미널,안성터미널,314,무주군
314000065,1,314000064,314000064,안성터미널,안성터미널,314,무주군
314000066,2-1,314000363,314000406,무주공용버스터미널,무주공용버스터미널,314,무주군
314000067,2-1,314000363,314000406,무주공용버스터미널,무주공용버스터미널,314,무주군
314000068,2-1,314000363,314000406,무주공용버스터미널,무주공용버스터미널,314,무주군
314000069,2-1,314000363,314000406,무주공용버스터미널,무주공용버스터미널,314,무주군
314000070,2-1,314000363,314000406,무주공용버스터미널,무주공용버스터미널,314,무주군
314000071,2-1,314000363,314000406,무주공용버스터미널,무주공용버스터미널,314,무주군
314000072,2-2,314000064,314000064,안성터미널,안성터미널,314,무주군
314000073,2-2,314000064,314000064,안성터미널,안성터미널,314,무주군
314000074,2-2,314000064,314000064,안성터미널,안성터미널,314,무주군
314000075,77,314000363,314000406,무주공용버스터미널,무주공용버스터미널,314,무주군
314000076,78,314000363,314000406,무주공용버스터미널,무주공용버스터미널,314,무주군
315000001,1-3,315000094,315000195,장수공용터미널,장수공용터미널,315,장수군
315000002,1-4,315000094,315000195,장수공용터미널,장수공용터미널,315,장수군
315000003,1-4,315000094,315000195,장수공용터미널,장수공용터미널,315,장수군
315000004,1-4,315000094,315000195,장수공용터미널,장수공용터미널,315,장수군
315000005,1-5,315000094,315000195,장수공용터미널,장수공용터미널,315,장수군
315000006,1-5,315000094,315000195,장수공용터미널,장수공용터미널,315,장수군
315000007,1-3,315000094,315000195,장수공용터미널,장수공용터미널,315,장수군
315000008,1-5,315000094,315000195,장수공용터미널,장수공용터미널,315,장수군
315000009,1-1,315000094,315000195,장수공용터미널,장수공용터미널,315,장수군
315000010,1-1,315000094,315000195,장수공용터미널,장수공용터미널,315,장수군
315000011,1-1,315000094,315000195,장수공용터미널,장수공용터미널,315,장수군
315000012,1-1,315000094,315000195,장수공용터미널,장수공용터미널,315,장수군
315000013,1-1,315000094,315000195,장수공용터미널,장수공용터미널,315,장수군
315000014,1-1,315000094,315000195,장수공용터미널,장수공용터미널,315,장수군
315000015,1-1,315000094,315000195,장수공용터미널,장수공용터미널,315,장수군
315000016,1-3,315000094,315000195,장수공용터미널,장수공용터미널,315,장수군
315000017,1-3,315000094,315000195,장수공용터미널,장수공용터미널,315,장수군
315000018,1-3,315000094,315000195,장수공용터미널,장수공용터미널,315,장수군
315000019,1-2,315000094,315000195,장수공용터미널,장수공용터미널,315,장수군
315000020,1-2,315000094,315000195,장수공용터미널,장수공용터미널,315,장수군
315000021,1-2,315000094,315000195,장수공용터미널,장수공용터미널,315,장수군
315000022,1-2,315000094,315000195,장수공용터미널,장수공용터미널,315,장수군
315000023,1-2,315000094,315000195,장수공용터미널,장수공용터미널,315,장수군
315000024,2-2,315000334,315000048,장계터미널,장계터미널,315,장수군
315000025,2-2,315000334,315000048,장계터미널,장계터미널,315,장수군
315000026,2-2,315000334,315000048,장계터미널,장계터미널,315,장수군
315000027,2-2,315000334,315000048,장계터미널,장계터미널,315,장수군
315000028,2-1,315000334,315000048,장계터미널,장계터미널,315,장수군
315000029,2-1,315000334,315000048,장계터미널,장계터미널,315,장수군
315000030,2-1,315000334,315000048,장계터미널,장계터미널,315,장수군
315000031,2-1,315000334,315000048,장계터미널,장계터미널,315,장수군
315000032,2-1,315000334,315000048,장계터미널,장계터미널,315,장수군
315000033,2-3,315000334,315000048,장계터미널,장계터미널,315,장수군
315000034,2-3,315000334,315000048,장계터미널,장계터미널,315,장수군
315000035,1-5,315000289,315000195,구창회관(백운리),장수공용터미널,315,장수군
316000001,오수-관기,316000131,316000131,오수공용버스정류장,오수공용버스정류장,316,임실군
316000002,오수-임실,316000131,316000343,오수공용버스정류장,임순여객차고지,316,임실군
316000003,강진-막은댐-강진,316000110,316000613,강진터미널,강진터미널,316,임실군
316000004,강진-동계-강진,316000110,316000613,강진터미널,강진터미널,316,임실군
316000005,오수-임실-관촌,316000131,316000343,오수공용버스정류장,임순여객차고지,316,임실군
316000006,강진-수방-강진,316000110,316000613,강진터미널,강진터미널,316,임실군
316000007,청웅-청계,316000193,316000194,청웅면사무소,청웅면사무소,316,임실군
316000008,청웅-임실,316000193,316000319,청웅면사무소,임실터미널,316,임실군
316000009,임실-운암,316000319,316000489,임실터미널,운암터미널,316,임실군
316000010,강진-황토리,316000110,316000613,강진터미널,강진터미널,316,임실군
316000011,운암-기암-동곡,316000489,316000490,운암터미널,운암터미널,316,임실군
316000012,203,316000442,316000319,관촌터미널,임실터미널,316,임실군
316000013,강진-동계-강진,316000110,316000110,강진터미널,강진터미널,316,임실군
316000014,임실-학암-관촌,316000319,316000442,임실터미널,관촌터미널,316,임실군
316000015,운암-월성리,316000490,316000489,운암터미널,운암터미널,316,임실군
316000016,임실-강진-순창,316000319,317000152,임실터미널,순창공용버스정류장,316,임실군
316000017,운암-막은댐-운암,316000490,316000489,운암터미널,운암터미널,316,임실군
316000018,오수-임실,316000131,316000319,오수공용버스정류장,임실터미널,316,임실군
316000019,운암-월성리-운암,316000490,316000489,운암터미널,운암터미널,316,임실군
316000020,운암-임실,316000490,316000319,운암터미널,임실터미널,316,임실군
316000021,202,316000442,316000110,관촌터미널,강진터미널,316,임실군
316000022,학암-관촌,316000298,316000442,학암,관촌터미널,316,임실군
316000023,강진-청웅-임실,316000110,316000319,강진터미널,임실터미널,316,임실군
316000024,201,316000442,316000489,관촌터미널,운암터미널,316,임실군
316000025,201,316000490,316000319,운암터미널,임실터미널,316,임실군
316000026,관촌-상월리-관촌,316000442,316000442,관촌터미널,관촌터미널,316,임실군
316000027,임실-관촌,316000319,316000442,임실터미널,관촌터미널,316,임실군
316000028,203,316000110,316000319,강진터미널,임실터미널,316,임실군
316000029,203,316000319,316000319,임실터미널,임실터미널,316,임실군
316000030,임실-관촌,316000319,316000319,임실터미널,임실터미널,316,임실군
316000031,임실-백운-임실,316000319,316000319,임실터미널,임실터미널,316,임실군
316000032,관촌-운암,316000442,316000489,관촌터미널,운암터미널,316,임실군
316000033,관촌-상가덕-관촌,316000441,316000442,관촌터미널,관촌터미널,316,임실군
316000034,운암-관촌-임실,316000490,316000319,운암터미널,임실터미널,316,임실군
316000035,201,316000319,316000489,임실터미널,운암터미널,316,임실군
316000036,관촌-도봉,316000441,316000442,관촌터미널,관촌터미널,316,임실군
316000037,관촌-상회,316000442,316000441,관촌터미널,관촌터미널,316,임실군
316000038,관촌-중회-관촌,316000442,316000441,관촌터미널,관촌터미널,316,임실군
316000039,203,316000490,316000441,운암터미널,관촌터미널,316,임실군
316000040,관촌-임실,316000441,316000319,관촌터미널,임실터미널,316,임실군
316000041,운암-외량,316000490,316000489,운암터미널,운암터미널,316,임실군
316000042,203,316000455,316000441,신덕면사무소,관촌터미널,316,임실군
316000044,203,316000319,316000441,임실터미널,관촌터미널,316,임실군
316000045,201,316000319,316000489,임실터미널,운암터미널,316,임실군
316000046,임실-관촌,316000319,316000442,임실터미널,관촌터미널,316,임실군
316000047,임실-관촌역,316000319,316000319,임실터미널,임실터미널,316,임실군
316000048,203,316000442,316000319,관촌터미널,임실터미널,316,임실군
316000049,관촌-운암-강진,316000442,316000110,관촌터미널,강진터미널,316,임실군
316000050,임실-오수,316000319,316000131,임실터미널,오수공용버스정류장,316,임실군
316000051,임실-강진-순창,316000319,317000152,임실터미널,순창공용버스정류장,316,임실군
316000052,임실-관촌역-운암,316000319,316000489,임실터미널,운암터미널,316,임실군
316000053,임실-강진-임실,316000319,316000319,임실터미널,임실터미널,316,임실군
316000054,운암-임실,316000490,316000319,운암터미널,임실터미널,316,임실군
316000055,임실-관촌-임실,316000319,316000319,임실터미널,임실터미널,316,임실군
316000056,운암-관촌,316000490,316000442,운암터미널,관촌터미널,316,임실군
316000057,관촌-운암,316000441,316000489,관촌터미널,운암터미널,316,임실군
316000058,임실-관촌,316000319,316000442,임실터미널,관촌터미널,316,임실군
316000059,청웅-두복,316000194,316000193,청웅면사무소,청웅면사무소,316,임실군
316000060,임실-관촌,316000319,316000319,임실터미널,임실터미널,316,임실군
316000061,임실-관촌-운암,316000319,316000489,임실터미널,운암터미널,316,임실군
316000062,201,316000442,316000489,관촌터미널,운암터미널,316,임실군
316000063,청웅마을-임실-관촌,316000193,316000442,청웅면사무소,관촌터미널,316,임실군
316000064,203,316000490,316000441,운암터미널,관촌터미널,316,임실군
316000065,오수-동계-순창,316000131,317000152,오수공용버스정류장,순창공용버스정류장,316,임실군
316000066,관촌-백운-임실,316000441,316000319,관촌터미널,임실터미널,316,임실군
316000067,임실-치즈테마-관촌,316000319,316000442,임실터미널,관촌터미널,316,임실군
316000068,관촌-35사단-임실,316000441,316000319,관촌터미널,임실터미널,316,임실군
316000069,오수-봉천,316000131,316000131,오수공용버스정류장,오수공용버스정류장,316,임실군
316000070,오수-구장-오수,316000131,316000131,오수공용버스정류장,오수공용버스정류장,316,임실군
316000071,오수-방축,316000131,316000131,오수공용버스정류장,오수공용버스정류장,316,임실군
316000072,201,316000319,316000489,임실터미널,운암터미널,316,임실군
316000073,오수-주천리-오수,316000131,316000131,오수공용버스정류장,오수공용버스정류장,316,임실군
316000074,오수-금평,316000131,316000131,오수공용버스정류장,오수공용버스정류장,316,임실군
316000075,오수-산서-오수,316000131,316000131,오수공용버스정류장,오수공용버스정류장,316,임실군
316000077,오수-주천,316000131,316000131,오수공용버스정류장,오수공용버스정류장,316,임실군
316000078,오수-오수-임실,316000131,316000319,오수공용버스정류장,임실터미널,316,임실군
316000079,임실-죽계-오수,316000319,316000131,임실터미널,오수공용버스정류장,316,임실군
316000080,임실-청웅-임실,316000319,316000319,임실터미널,임실터미널,316,임실군
316000081,오수-동계-순창,316000131,317000152,오수공용버스정류장,순창공용버스정류장,316,임실군
316000082,임실-동계-순창,316000319,317000152,임실터미널,순창공용버스정류장,316,임실군
316000083,오수-임실,316000131,316000319,오수공용버스정류장,임실터미널,316,임실군
316000084,오수-임실,316000131,316000319,오수공용버스정류장,임실터미널,316,임실군
316000085,관촌-도봉,316000442,316000441,관촌터미널,관촌터미널,316,임실군
316000086,임실-오수,316000319,316000131,임실터미널,오수공용버스정류장,316,임실군
316000088,오수-동계,316000131,317000515,오수공용버스정류장,동계,316,임실군
316000089,오수-동계-순창,316000131,317000152,오수공용버스정류장,순창공용버스정류장,316,임실군
316000090,강진-운암-강진,316000110,316000613,강진터미널,강진터미널,316,임실군
316000091,임실-운암-강진,316000319,316000110,임실터미널,강진터미널,316,임실군
316000092,임실-오수,316000319,316000131,임실터미널,오수공용버스정류장,316,임실군
316000093,오수-동계-순창,316000131,317000152,오수공용버스정류장,순창공용버스정류장,316,임실군
316000095,임실-청웅-강진,316000319,316000110,임실터미널,강진터미널,316,임실군
316000096,강진-막은댐-운암,316000110,316000489,강진터미널,운암터미널,316,임실군
316000097,운암-관촌,316000490,316000442,운암터미널,관촌터미널,316,임실군
316000098,관촌-임실,316000442,316000319,관촌터미널,임실터미널,316,임실군
316000100,임실-관촌-임실,316000319,316000319,임실터미널,임실터미널,316,임실군
316000101,임실-관촌-운암,316000319,316000489,임실터미널,운암터미널,316,임실군
316000103,오수-동계-순창,316000131,317000152,오수공용버스정류장,순창공용버스정류장,316,임실군
316000104,운암-관촌,316000490,316000442,운암터미널,관촌터미널,316,임실군
316000105,강진-칠보,316000110,316000110,강진터미널,강진터미널,316,임실군
316000106,오수-임실,316000131,316000319,오수공용버스정류장,임실터미널,316,임실군
316000107,임실-오수,316000319,316000131,임실터미널,오수공용버스정류장,316,임실군
316000108,임실-강진-순창,316000319,317000152,임실터미널,순창공용버스정류장,316,임실군
316000109,오수-임실,316000131,316000319,오수공용버스정류장,임실터미널,316,임실군
316000110,임실-관촌-운암,316000319,316000489,임실터미널,운암터미널,316,임실군
316000111,운암-임실,316000490,316000319,운암터미널,임실터미널,316,임실군
316000112,임실-후천-임실,316000319,316000319,임실터미널,임실터미널,316,임실군
316000113,임실-죽계,316000319,316000319,임실터미널,임실터미널,316,임실군
316000114,임실-관촌-관촌,316000319,316000442,임실터미널,관촌터미널,316,임실군
316000115,관촌-임실,316000441,316000319,관촌터미널,임실터미널,316,임실군
316000116,임실-주천리-오수,316000319,316000131,임실터미널,오수공용버스정류장,316,임실군
316000117,임실-죽계,316000319,316000319,임실터미널,임실터미널,316,임실군
316000118,임실-35사단-임실,316000319,316000319,임실터미널,임실터미널,316,임실군
316000119,임실-35사단-임실,316000319,316000319,임실터미널,임실터미널,316,임실군
316000120,임실-백운-임실,316000319,316000319,임실터미널,임실터미널,316,임실군
316000121,강진-동계-강진,316000110,316000110,강진터미널,강진터미널,316,임실군
316000122,임실-백운-임실,316000319,316000319,임실터미널,임실터미널,316,임실군
316000123,강진-청웅-임실,316000110,316000319,강진터미널,임실터미널,316,임실군
316000124,임실-학암-임실,316000319,316000319,임실터미널,임실터미널,316,임실군
316000125,임실-왕방,316000319,316000319,임실터미널,임실터미널,316,임실군
316000126,임실-성수,316000319,316000319,임실터미널,임실터미널,316,임실군
316000127,임실-군청,316000319,316000319,임실터미널,임실터미널,316,임실군
316000128,임실-왕방,316000319,316000319,임실터미널,임실터미널,316,임실군
316000129,임실-치즈테마,316000319,316000319,임실터미널,임실터미널,316,임실군
316000130,임실-양지,316000319,316000319,임실터미널,임실터미널,316,임실군
316000131,임실-월굴,316000319,316000319,임실터미널,임실터미널,316,임실군
316000132,임실-군청,316000319,316000319,임실터미널,임실터미널,316,임실군
316000133,임실-군청,316000319,316000319,임실터미널,임실터미널,316,임실군
316000134,임실-군청,316000319,316000319,임실터미널,임실터미널,316,임실군
316000135,임실-죽계-임실,316000319,316000319,임실터미널,임실터미널,316,임실군
316000136,임실-감성-임실,316000319,316000319,임실터미널,임실터미널,316,임실군
316000137,강진-동계-강진,316000110,316000110,강진터미널,강진터미널,316,임실군
316000138,강진-동계-강진,316000110,316000110,강진터미널,강진터미널,316,임실군
316000139,임실-청웅-임실,316000319,316000319,임실터미널,임실터미널,316,임실군
316000140,임실-청웅-임실,316000319,316000319,임실터미널,임실터미널,316,임실군
316000141,임실-청웅-임실,316000319,316000319,임실터미널,임실터미널,316,임실군
316000142,오수-동계-순창,316000131,317000152,오수공용버스정류장,순창공용버스정류장,316,임실군
316000143,강진-상두-강진,316000110,316000110,강진터미널,강진터미널,316,임실군
316000144,오수-죽계-오수,316000131,316000131,오수공용버스정류장,오수공용버스정류장,316,임실군
316000145,운암-관촌,316000490,316000442,운암터미널,관촌터미널,316,임실군
316000146,관촌-임실,316000442,316000319,관촌터미널,임실터미널,316,임실군
316000147,임실-오수,316000319,316000131,임실터미널,오수공용버스정류장,316,임실군
316000148,오수-동계-순창,316000131,317000152,오수공용버스정류장,순창공용버스정류장,316,임실군
316000149,오수-임실,316000131,316000319,오수공용버스정류장,임실터미널,316,임실군
316000150,임실-학암-임실,316000319,316000319,임실터미널,임실터미널,316,임실군
316000151,임실-오수-임실,316000319,316000319,임실터미널,임실터미널,316,임실군
316000152,임실-관촌,316000319,316000442,임실터미널,관촌터미널,316,임실군
316000153,관촌-학암-임실,316000441,316000319,관촌터미널,임실터미널,316,임실군
316000155,관촌-임실,316000441,316000319,관촌터미널,임실터미널,316,임실군
316000156,임실-오수,316000319,316000131,임실터미널,오수공용버스정류장,316,임실군
316000157,오수-임실,316000131,316000319,오수공용버스정류장,임실터미널,316,임실군
316000158,임실-관촌-운암,316000319,316000489,임실터미널,운암터미널,316,임실군
316000159,운암-관촌-임실,316000490,316000319,운암터미널,임실터미널,316,임실군
316000160,202,316000417,316000319,도봉,임실터미널,316,임실군
316000161,임실-관촌-임실,316000319,316000319,임실터미널,임실터미널,316,임실군
316000162,임실-관촌-임실,316000319,316000489,임실터미널,운암터미널,316,임실군
316000163,오수-임실,316000131,316000319,오수공용버스정류장,임실터미널,316,임실군
316000164,관촌-임실,316000441,316000319,관촌터미널,임실터미널,316,임실군
316000165,강진-운암,316000110,316000489,강진터미널,운암터미널,316,임실군
316000166,임실-치즈테마,316000319,316000319,임실터미널,임실터미널,316,임실군
316000167,203,316000110,316000319,강진터미널,임실터미널,316,임실군
316000168,임실-관촌,316000319,316000442,임실터미널,관촌터미널,316,임실군
316000169,오수-동계-순창,316000131,317000152,오수공용버스정류장,순창공용버스정류장,316,임실군
316000170,오수-동계-순창,316000131,317000152,오수공용버스정류장,순창공용버스정류장,316,임실군
316000171,임실-강진-순창,316000319,317000152,임실터미널,순창공용버스정류장,316,임실군
316000173,오수-한암,316000131,316000131,오수공용버스정류장,오수공용버스정류장,316,임실군
316000174,오수-비아동,316000131,316000131,오수공용버스정류장,오수공용버스정류장,316,임실군
317000001,쌍치-북흥-정읍,317000510,309000078,쌍치정류소,정읍시외버스터미널,317,순창군
317000002,순창-오교,317000587,317000152,순창공용버스정류장,순창공용버스정류장,317,순창군
317000003,순창-풍산,317000587,317000152,순창공용버스정류장,순창공용버스정류장,317,순창군
317000004,순창-구림-순창,317000587,317000152,순창공용버스정류장,순창공용버스정류장,317,순창군
317000005,순창-쌍치,317000587,317000466,순창공용버스정류장,쌍치정류소,317,순창군
317000006,쌍치-순창,317000510,317000152,쌍치정류소,순창공용버스정류장,317,순창군
317000007,순창-일중리-순창,317000587,317000152,순창공용버스정류장,순창공용버스정류장,317,순창군
317000008,순창-쌍치,317000587,317000466,순창공용버스정류장,쌍치정류소,317,순창군
317000009,쌍치-순창,317000510,317000152,쌍치정류소,순창공용버스정류장,317,순창군
317000010,순창-강진-임실,317000587,316000319,순창공용버스정류장,임실터미널,317,순창군
317000011,동계-수정-동계,317000325,317000515,동계정류소,동계,317,순창군
317000012,쌍치-복흥,317000510,317000511,쌍치정류소,북흥,317,순창군
317000013,복흥-순창,317000511,317000152,북흥,순창공용버스정류장,317,순창군
317000014,순창-복흥,317000587,317000300,순창공용버스정류장,북흥,317,순창군
317000015,복흥-쌍치,317000511,317000466,북흥,쌍치정류소,317,순창군
317000016,순창-구림-순창,317000587,317000152,순창공용버스정류장,순창공용버스정류장,317,순창군
317000017,쌍치-정읍-쌍치,317000510,317000466,쌍치정류소,쌍치정류소,317,순창군
317000018,쌍치-정읍-쌍치,317000510,317000466,쌍치정류소,쌍치정류소,317,순창군
317000019,쌍치-정읍-쌍치,317000510,317000466,쌍치정류소,쌍치정류소,317,순창군
317000020,쌍치-구림-순창,317000510,317000152,쌍치정류소,순창공용버스정류장,317,순창군
317000021,순창-강진-임실,317000587,316000319,순창공용버스정류장,임실터미널,317,순창군
317000022,순창-의료원,317000587,317000152,순창공용버스정류장,순창공용버스정류장,317,순창군
317000023,순창-구림,317000587,317000386,순창공용버스정류장,구림,317,순창군
317000024,구림-순창,317000387,317000152,구림정류소,순창공용버스정류장,317,순창군
317000025,순창-도치-순창,317000587,317000152,순창공용버스정류장,순창공용버스정류장,317,순창군
317000026,순창-석촌-순창,317000587,317000152,순창공용버스정류장,순창공용버스정류장,317,순창군
317000027,순창-풍산,317000587,317000152,순창공용버스정류장,순창공용버스정류장,317,순창군
317000028,순창-쌍치,317000587,317000466,순창공용버스정류장,쌍치정류소,317,순창군
317000029,쌍치-순창,317000510,317000152,쌍치정류소,순창공용버스정류장,317,순창군
317000030,쌍치-정읍-북흥,317000510,317000511,쌍치정류소,북흥,317,순창군
317000031,복흥-순창,317000511,317000152,북흥,순창공용버스정류장,317,순창군
317000032,순창-동계-오수,317000587,316000131,순창공용버스정류장,오수공용버스정류장,317,순창군
317000033,동계-순창,317000325,317000152,동계정류소,순창공용버스정류장,317,순창군
317000034,순창-발산-순창,317000587,317000152,순창공용버스정류장,순창공용버스정류장,317,순창군
317000035,순창-북흥-정읍,317000587,309000078,순창공용버스정류장,정읍시외버스터미널,317,순창군
317000036,정읍-쌍치,309000078,317000466,정읍시외버스터미널,쌍치정류소,317,순창군
317000037,복흥-순창,317000511,317000152,북흥,순창공용버스정류장,317,순창군
317000038,순창-덕천,317000587,317000152,순창공용버스정류장,순창공용버스정류장,317,순창군
317000039,순창-구림-순창,317000587,317000152,순창공용버스정류장,순창공용버스정류장,317,순창군
317000040,구림-안정,317000386,317000387,구림,구림정류소,317,순창군
317000041,순창-월곡-순창,317000587,317000152,순창공용버스정류장,순창공용버스정류장,317,순창군
317000043,순창-동계-오수,317000587,316000131,순창공용버스정류장,오수공용버스정류장,317,순창군
317000044,순창-죽립-순창,317000587,317000152,순창공용버스정류장,순창공용버스정류장,317,순창군
317000045,순창-대산,317000587,317000152,순창공용버스정류장,순창공용버스정류장,317,순창군
317000046,순창-동계-임실,317000587,316000319,순창공용버스정류장,임실터미널,317,순창군
317000047,순창-도치-순창,317000587,317000152,순창공용버스정류장,순창공용버스정류장,317,순창군
317000048,순창-대산,317000587,317000152,순창공용버스정류장,순창공용버스정류장,317,순창군
317000049,순창-동계-오수,317000587,316000131,순창공용버스정류장,오수공용버스정류장,317,순창군
317000050,순창-구림-순창,317000587,317000152,순창공용버스정류장,순창공용버스정류장,317,순창군
317000051,순창-팔덕,317000587,317000152,순창공용버스정류장,순창공용버스정류장,317,순창군
317000052,순창-의료원-순창,317000587,317000152,순창공용버스정류장,순창공용버스정류장,317,순창군
317000054,쌍치-순창,317000510,317000152,쌍치정류소,순창공용버스정류장,317,순창군
317000056,동계-순창,317000515,317000152,동계,순창공용버스정류장,317,순창군
317000057,순창-중산,317000587,317000152,순창공용버스정류장,순창공용버스정류장,317,순창군
317000058,순창-동계-오수,317000587,316000131,순창공용버스정류장,오수공용버스정류장,317,순창군
317000059,순창-오교리,317000587,317000152,순창공용버스정류장,순창공용버스정류장,317,순창군
317000060,순창-동계-강진,317000587,316000110,순창공용버스정류장,강진터미널,317,순창군
317000061,순창-구림,317000587,317000387,순창공용버스정류장,구림정류소,317,순창군
317000062,정읍-북흥-순창,309000078,317000152,정읍시외버스터미널,순창공용버스정류장,317,순창군
317000063,순창-동계,317000587,317000515,순창공용버스정류장,동계,317,순창군
317000064,동계-상외령-동계,317000325,317000515,동계정류소,동계,317,순창군
317000065,동계-오수,317000325,316000131,동계정류소,오수공용버스정류장,317,순창군
317000066,순창-민속마을,317000587,317000152,순창공용버스정류장,순창공용버스정류장,317,순창군
317000067,순창-동계-오수,317000587,316000131,순창공용버스정류장,오수공용버스정류장,317,순창군
317000068,순창-동계-오수,317000587,316000131,순창공용버스정류장,오수공용버스정류장,317,순창군
317000069,순창-상죽-순창,317000587,317000152,순창공용버스정류장,순창공용버스정류장,317,순창군
317000070,순창-이목,317000587,317000152,순창공용버스정류장,순창공용버스정류장,317,순창군
317000071,순창-호계-순창,317000587,317000152,순창공용버스정류장,순창공용버스정류장,317,순창군
317000072,순창-월곡-순창,317000587,317000152,순창공용버스정류장,순창공용버스정류장,317,순창군
317000073,순창-유촌-순창,317000587,317000152,순창공용버스정류장,순창공용버스정류장,317,순창군
317000074,순창-어은동-순창,317000587,317000152,순창공용버스정류장,순창공용버스정류장,317,순창군
317000075,순창-발산-순창,317000587,317000152,순창공용버스정류장,순창공용버스정류장,317,순창군
317000076,순창-구림-쌍치,317000587,317000466,순창공용버스정류장,쌍치정류소,317,순창군
317000077,순창-구림-구림,317000587,317000590,순창공용버스정류장,구림정류소,317,순창군
317000078,구림-순창,317000387,317000152,구림정류소,순창공용버스정류장,317,순창군
317000079,순창-사석,317000587,317000152,순창공용버스정류장,순창공용버스정류장,317,순창군
317000080,순창-발산-순창,317000587,317000152,순창공용버스정류장,순창공용버스정류장,317,순창군
317000081,순창-구림-순창,317000587,317000152,순창공용버스정류장,순창공용버스정류장,317,순창군
317000082,순창-강진,317000587,316000110,순창공용버스정류장,강진터미널,317,순창군
317000084,순창-구림-쌍치,317000587,317000466,순창공용버스정류장,쌍치정류소,317,순창군
317000085,쌍치-구림-순창,317000510,317000152,쌍치정류소,순창공용버스정류장,317,순창군
317000086,구림-화암-순창,317000387,317000152,구림정류소,순창공용버스정류장,317,순창군
317000087,순창-도치-순창,317000587,317000152,순창공용버스정류장,순창공용버스정류장,317,순창군
317000088,순창-임실,317000587,316000319,순창공용버스정류장,임실터미널,317,순창군
317000089,순창-민재-순창,317000587,317000152,순창공용버스정류장,순창공용버스정류장,317,순창군
317000090,순창-향가-순창,317000587,317000152,순창공용버스정류장,순창공용버스정류장,317,순창군
317000091,순창-농소-순창,317000587,317000152,순창공용버스정류장,순창공용버스정류장,317,순창군
317000092,순창-강진-임실,317000587,316000319,순창공용버스정류장,임실터미널,317,순창군
317000093,순창-신촌-순창,317000587,317000152,순창공용버스정류장,순창공용버스정류장,317,순창군
317000094,순창-유촌-순창,317000587,317000152,순창공용버스정류장,순창공용버스정류장,317,순창군
317000095,쌍치-구림-순창,317000510,317000152,쌍치정류소,순창공용버스정류장,317,순창군
317000096,순창-오수-순창,317000587,317000152,순창공용버스정류장,순창공용버스정류장,317,순창군
317000097,순창-대산-순창,317000587,317000152,순창공용버스정류장,순창공용버스정류장,317,순창군
317000098,순창-구림-순창,317000587,317000152,순창공용버스정류장,순창공용버스정류장,317,순창군
317000100,순창-대산-순창,317000587,317000152,순창공용버스정류장,순창공용버스정류장,317,순창군
317000101,순창-북흥-정읍,317000587,309000078,순창공용버스정류장,정읍시외버스터미널,317,순창군
317000102,순창-운북-구림,317000587,317000386,순창공용버스정류장,구림,317,순창군
317000103,구림-순창,317000386,317000152,구림,순창공용버스정류장,317,순창군
317000104,정읍-쌍치-순창,309000078,317000152,정읍시외버스터미널,순창공용버스정류장,317,순창군
317000105,순창-동계,317000587,317000515,순창공용버스정류장,동계,317,순창군
317000106,동계-순창,317000325,317000152,동계정류소,순창공용버스정류장,317,순창군
317000107,순창-지북,317000587,317000152,순창공용버스정류장,순창공용버스정류장,317,순창군
317000108,순창-구림-구림,317000587,317000386,순창공용버스정류장,구림,317,순창군
317000109,구림-순창,317000386,317000152,구림,순창공용버스정류장,317,순창군
317000110,순창-가목-순창,317000587,317000152,순창공용버스정류장,순창공용버스정류장,317,순창군
317000111,순창-지북,317000587,317000515,순창공용버스정류장,동계,317,순창군
317000112,순창-석촌-순창,317000587,317000152,순창공용버스정류장,순창공용버스정류장,317,순창군
317000113,순창-평촌-순창,317000587,317000152,순창공용버스정류장,순창공용버스정류장,317,순창군
317000114,순창-월곡-순창,317000587,317000152,순창공용버스정류장,순창공용버스정류장,317,순창군
317000115,순창-동계-오수,317000587,316000131,순창공용버스정류장,오수공용버스정류장,317,순창군
317000116,순창-구림,317000587,317000386,순창공용버스정류장,구림,317,순창군
317000117,구림-순창,317000387,317000152,구림정류소,순창공용버스정류장,317,순창군
317000118,순창-대가,317000587,317000152,순창공용버스정류장,순창공용버스정류장,317,순창군
317000119,순창-유등,317000587,317000152,순창공용버스정류장,순창공용버스정류장,317,순창군
317000120,순창-일목-순창,317000587,317000152,순창공용버스정류장,순창공용버스정류장,317,순창군
317000121,순창-강진-순창,317000587,317000152,순창공용버스정류장,순창공용버스정류장,317,순창군
317000122,순창-구림-복흥,317000587,317000300,순창공용버스정류장,북흥,317,순창군
317000123,쌍치-구림-순창,317000510,317000152,쌍치정류소,순창공용버스정류장,317,순창군
317000124,순창-구림,317000587,317000590,순창공용버스정류장,구림정류소,317,순창군
317000125,순창-동계,317000587,317000325,순창공용버스정류장,동계정류소,317,순창군
317000126,순창-동계-오수,317000587,316000131,순창공용버스정류장,오수공용버스정류장,317,순창군
317000127,순창-평촌-순창,317000587,317000152,순창공용버스정류장,순창공용버스정류장,317,순창군
317000128,순창-석촌-순창,317000587,317000152,순창공용버스정류장,순창공용버스정류장,317,순창군
317000130,순창-호계-순창,317000587,317000152,순창공용버스정류장,순창공용버스정류장,317,순창군
317000131,순창-속리-순창,317000587,317000152,순창공용버스정류장,순창공용버스정류장,317,순창군
317000132,순창-오교리,317000587,317000152,순창공용버스정류장,순창공용버스정류장,317,순창군
317000133,동계-순창,317000325,317000152,동계정류소,순창공용버스정류장,317,순창군
318000001,101,318000650,318001085,구시포,임시터미널,318,고창군
318000002,101,318000232,318001085,구시포,임시터미널,318,고창군
318000003,101,318001085,318000650,임시터미널,구시포,318,고창군
318000004,101,318001085,318001085,임시터미널,임시터미널,318,고창군
318000005,101,318001085,318001052,임시터미널,시내버스터미널,318,고창군
318000006,101,318001085,318001085,임시터미널,임시터미널,318,고창군
318000007,101,318001085,318000232,임시터미널,구시포,318,고창군
318000008,104,318000166,318000728,해리공용터미널,해리공용터미널,318,고창군
318000009,102,318001085,318000650,임시터미널,구시포,318,고창군
318000011,102,318000650,318001085,구시포,임시터미널,318,고창군
318000012,102,318000232,318001085,구시포,임시터미널,318,고창군
318000013,103,318001085,318000728,임시터미널,해리공용터미널,318,고창군
318000014,103,318001085,318000674,임시터미널,각동,318,고창군
318000015,103,318000675,318000728,각동,해리공용터미널,318,고창군
318000016,103,318000675,318001085,각동,임시터미널,318,고창군
318000017,103,318000675,318001085,각동,임시터미널,318,고창군
318000018,104,318000166,318001094,해리공용터미널,각동,318,고창군
318000019,104,318001087,318000728,각동,해리공용터미널,318,고창군
318000020,108,318001085,318000688,임시터미널,상부마을회관,318,고창군
318000021,105,318000166,318000694,해리공용터미널,어룡,318,고창군
318000022,105,318000694,318000728,어룡,해리공용터미널,318,고창군
318000023,105,318000694,318000728,어룡,해리공용터미널,318,고창군
318000024,109,318000170,318001085,동호항,임시터미널,318,고창군
318000025,109,318001085,318000687,임시터미널,동호항,318,고창군
318000026,106,318000166,318000728,해리공용터미널,해리공용터미널,318,고창군
318000027,106,318000166,318000728,해리공용터미널,해리공용터미널,318,고창군
318000028,106,318000166,318000728,해리공용터미널,해리공용터미널,318,고창군
318000029,111,318001031,318001085,무장터미널,임시터미널,318,고창군
318000030,111,318001085,318000728,임시터미널,해리공용터미널,318,고창군
318000031,111,318001085,318000728,임시터미널,해리공용터미널,318,고창군
318000032,111,318000166,318001085,해리공용터미널,임시터미널,318,고창군
318000033,112,318001085,318000728,임시터미널,해리공용터미널,318,고창군
318000034,112,318000166,318001085,해리공용터미널,임시터미널,318,고창군
318000035,121,318001085,318000688,임시터미널,상부마을회관,318,고창군
318000036,121,318000688,318001085,상부마을회관,임시터미널,318,고창군
318000037,121,318001085,318001087,임시터미널,각동,318,고창군
318000038,109-1,318000170,318001085,동호항,임시터미널,318,고창군
318000039,121,318001085,318000223,임시터미널,상부마을회관,318,고창군
318000040,121,318000223,318001085,상부마을회관,임시터미널,318,고창군
318000041,121,318001085,318000728,임시터미널,해리공용터미널,318,고창군
318000042,121,318000166,318000728,해리공용터미널,해리공용터미널,318,고창군
318000043,104,318000166,318000728,해리공용터미널,해리공용터미널,318,고창군
318000044,122,318001085,318000728,임시터미널,해리공용터미널,318,고창군
318000045,122,318001085,318000728,임시터미널,해리공용터미널,318,고창군
318000046,122,318000166,318001085,해리공용터미널,임시터미널,318,고창군
318000047,122,318000166,318001085,해리공용터미널,임시터미널,318,고창군
318000048,131,318001085,318001062,임시터미널,공음,318,고창군
318000049,131,318001085,318000746,임시터미널,무장터미널,318,고창군
318000050,131,318001051,318001085,공음,임시터미널,318,고창군
318000051,131,318001051,318001085,공음,임시터미널,318,고창군
318000052,131,318001051,318001085,공음,임시터미널,318,고창군
318000053,133,318001051,318001085,공음,임시터미널,318,고창군
318000054,133,318001051,318001085,공음,임시터미널,318,고창군
318000055,133,318001051,318001085,공음,임시터미널,318,고창군
318000056,133,318001085,318001062,임시터미널,공음,318,고창군
318000057,133,318001085,318001062,임시터미널,공음,318,고창군
318000058,134,318000786,318001096,공음,공음,318,고창군
318000059,138,318000239,318001031,공음,무장터미널,318,고창군
318000060,138,318000746,318000167,무장터미널,공음,318,고창군
318000061,136,318001031,318000746,무장터미널,무장터미널,318,고창군
318000062,135,318000746,318000190,무장터미널,공음,318,고창군
318000063,135,318000786,318001031,공음,무장터미널,318,고창군
318000064,137,318001085,318000167,임시터미널,공음,318,고창군
318000065,137,318001085,318000167,임시터미널,공음,318,고창군
318000066,137,318000239,318001085,공음,임시터미널,318,고창군
318000067,141,318001085,318000590,임시터미널,신기,318,고창군
318000068,141,318000591,318001085,신기,임시터미널,318,고창군
318000069,141,318000591,318001085,신기,임시터미널,318,고창군
318000070,141,318000920,318001085,선운산버스정류장,임시터미널,318,고창군
318000071,141,318001085,318000590,임시터미널,신기,318,고창군
318000072,143,318001085,318000610,임시터미널,난호,318,고창군
318000073,143,318000172,318001085,난호,임시터미널,318,고창군
318000074,143,318001085,318000920,임시터미널,선운산버스정류장,318,고창군
318000075,101-1,318001085,318000650,임시터미널,구시포,318,고창군
318000076,102-1,318001085,318000650,임시터미널,구시포,318,고창군
318000077,111-1,318001031,318000746,무장터미널,무장터미널,318,고창군
318000078,131-1,318001051,318001085,공음,임시터미널,318,고창군
318000079,131-1,318001051,318001085,공음,임시터미널,318,고창군
318000080,131-1,318001085,318001062,임시터미널,공음,318,고창군
318000082,131-2,318001085,318001062,임시터미널,공음,318,고창군
318000083,131-2,318001095,318001096,공음,공음,318,고창군
318000084,131-2,318000239,318001085,공음,임시터미널,318,고창군
318000086,355-1,318000171,318001085,아산삼거리,임시터미널,318,고창군
318000087,355-1,318001085,318000325,임시터미널,고창군고인돌박물관,318,고창군
318000088,351,318001085,318001085,임시터미널,임시터미널,318,고창군
318000089,351-1,318001085,318001085,임시터미널,임시터미널,318,고창군
318000090,350,318001085,318001085,임시터미널,임시터미널,318,고창군
318000091,358,318001085,318000138,임시터미널,교동,318,고창군
318000092,358,318001085,318001085,임시터미널,임시터미널,318,고창군
318000093,358,318001085,318001085,임시터미널,임시터미널,318,고창군
318000094,358,318000101,318001085,교동,임시터미널,318,고창군
318000095,357,318000103,318001085,왕림,임시터미널,318,고창군
318000096,357,318001085,318001085,임시터미널,임시터미널,318,고창군
318000097,357,318001085,318001085,임시터미널,임시터미널,318,고창군
318000098,357,318001085,318001085,임시터미널,임시터미널,318,고창군
318000099,354,318001085,318001085,임시터미널,임시터미널,318,고창군
318000100,354,318001085,318001085,임시터미널,임시터미널,318,고창군
318000101,353,318001085,318001085,임시터미널,임시터미널,318,고창군
318000102,352,318001085,318001085,임시터미널,임시터미널,318,고창군
318000103,352(상행),318001085,318001085,임시터미널,임시터미널,318,고창군
318000104,351,318001085,318001085,임시터미널,임시터미널,318,고창군
318000105,351,318001085,318001085,임시터미널,임시터미널,318,고창군
318000106,351,318001085,318001085,임시터미널,임시터미널,318,고창군
318000108,355,318001085,318001056,임시터미널,아산삼거리,318,고창군
318000109,355,318001085,318001085,임시터미널,임시터미널,318,고창군
318000110,355,318001085,318001085,임시터미널,임시터미널,318,고창군
318000111,355,318000187,318001085,고창군고인돌박물관,임시터미널,318,고창군
318000112,201,318001085,318001085,임시터미널,임시터미널,318,고창군
318000113,201-1,318001085,318001085,임시터미널,임시터미널,318,고창군
318000114,201,318001085,318001085,임시터미널,임시터미널,318,고창군
318000115,201,318001085,318001085,임시터미널,임시터미널,318,고창군
318000116,232,318000403,318001031,대산공용정류장,무장터미널,318,고창군
318000117,232,318000746,318000175,무장터미널,대산공용정류장,318,고창군
318000118,232-1,318000403,318001031,대산공용정류장,무장터미널,318,고창군
318000119,232-1,318000746,318000175,무장터미널,대산공용정류장,318,고창군
318000120,232,318000403,318001031,대산공용정류장,무장터미널,318,고창군
318000121,232,318000746,318000175,무장터미널,대산공용정류장,318,고창군
318000122,202,318001085,318001085,임시터미널,임시터미널,318,고창군
318000123,202,318001085,318001052,임시터미널,시내버스터미널,318,고창군
318000124,203,318001085,318001013,임시터미널,칠거리,318,고창군
318000125,203,318000465,318001085,칠거리,임시터미널,318,고창군
318000126,203,318001085,318001085,임시터미널,임시터미널,318,고창군
318000127,204,318001085,318001085,임시터미널,임시터미널,318,고창군
318000128,204,318001085,318001085,임시터미널,임시터미널,318,고창군
318000129,205,318001085,318001085,임시터미널,임시터미널,318,고창군
318000131,206,318000746,318001085,무장터미널,임시터미널,318,고창군
318000132,206,318000746,318001085,무장터미널,임시터미널,318,고창군
318000133,206,318001085,318001031,임시터미널,무장터미널,318,고창군
318000134,206-1,318001085,318000746,임시터미널,무장터미널,318,고창군
318000135,206,318000746,318001052,무장터미널,시내버스터미널,318,고창군
318000136,207,318001085,318001052,임시터미널,시내버스터미널,318,고창군
318000137,207,318001085,318001031,임시터미널,무장터미널,318,고창군
318000138,207,318000465,318001052,칠거리,시내버스터미널,318,고창군
318000139,208,318001085,318000175,임시터미널,대산공용정류장,318,고창군
318000140,208,318001085,318001085,임시터미널,임시터미널,318,고창군
318000141,211,318001085,318001085,임시터미널,임시터미널,318,고창군
318000142,212,318000403,318000175,대산공용정류장,대산공용정류장,318,고창군
318000143,212,318000403,318001085,대산공용정류장,임시터미널,318,고창군
318000144,212,318001076,318001085,용두,임시터미널,318,고창군
318000145,213,318001085,318000175,임시터미널,대산공용정류장,318,고창군
318000146,213,318000403,318001085,대산공용정류장,임시터미널,318,고창군
318000147,213,318000403,318001085,대산공용정류장,임시터미널,318,고창군
318000148,213,318000403,318000175,대산공용정류장,대산공용정류장,318,고창군
318000149,213,318001085,318000175,임시터미널,대산공용정류장,318,고창군
318000150,213,318001086,318001085,시내버스터미널,임시터미널,318,고창군
318000151,213-1,318001085,318000175,임시터미널,대산공용정류장,318,고창군
318000152,213,318000403,318001052,대산공용정류장,시내버스터미널,318,고창군
318000153,214,318000403,318000175,대산공용정류장,대산공용정류장,318,고창군
318000154,214,318000403,318000175,대산공용정류장,대산공용정류장,318,고창군
318000155,216,318000403,318000175,대산공용정류장,대산공용정류장,318,고창군
318000156,217,318000403,318000175,대산공용정류장,대산공용정류장,318,고창군
318000157,218,318000403,318000175,대산공용정류장,대산공용정류장,318,고창군
318000158,218,318000403,318000175,대산공용정류장,대산공용정류장,318,고창군
318000160,219,318000403,318001076,대산공용정류장,용두,318,고창군
318000161,219,318000403,318000175,대산공용정류장,대산공용정류장,318,고창군
318000162,220,318000403,318000175,대산공용정류장,대산공용정류장,318,고창군
318000163,231,318000403,318001031,대산공용정류장,무장터미널,318,고창군
318000164,231,318000403,318001031,대산공용정류장,무장터미널,318,고창군
318000165,231,318000746,318000175,무장터미널,대산공용정류장,318,고창군
318000166,231,318000403,318001031,대산공용정류장,무장터미널,318,고창군
318000167,233,318000239,318000175,공음,대산공용정류장,318,고창군
318000168,233,318000403,318000167,대산공용정류장,공음,318,고창군
318000169,233,318000403,318000167,대산공용정류장,공음,318,고창군
318000170,233,318000239,318000175,공음,대산공용정류장,318,고창군
318000171,234,318000166,318000175,해리공용터미널,대산공용정류장,318,고창군
318000172,234,318000403,318000728,대산공용정류장,해리공용터미널,318,고창군
318000173,234,318000166,318000175,해리공용터미널,대산공용정류장,318,고창군
318000174,234,318000166,318000175,해리공용터미널,대산공용정류장,318,고창군
318000175,234,318000403,318000728,대산공용정류장,해리공용터미널,318,고창군
318000176,234,318000166,318000175,해리공용터미널,대산공용정류장,318,고창군
318000177,234,318000403,318000190,대산공용정류장,공음,318,고창군
318000178,234,318000403,318000728,대산공용정류장,해리공용터미널,318,고창군
318000179,234,318000166,318000175,해리공용터미널,대산공용정류장,318,고창군
318000180,261-1,318001085,318001085,임시터미널,임시터미널,318,고창군
318000181,261,318001085,318001085,임시터미널,임시터미널,318,고창군
318000182,263,318001085,318000103,임시터미널,왕림,318,고창군
318000183,263,318001085,318001085,임시터미널,임시터미널,318,고창군
318000184,301,318001085,318000154,임시터미널,흥덕터미널,318,고창군
318000185,301,318001085,318000154,임시터미널,흥덕터미널,318,고창군
318000186,301,318001085,318000154,임시터미널,흥덕터미널,318,고창군
318000187,301,318000154,318001085,흥덕터미널,임시터미널,318,고창군
318000188,302,318000571,318001085,후포,임시터미널,318,고창군
318000189,302,318001085,318000154,임시터미널,흥덕터미널,318,고창군
318000190,302,318000154,318001085,흥덕터미널,임시터미널,318,고창군
318000191,302,318000154,318000154,흥덕터미널,흥덕터미널,318,고창군
318000192,302,318000154,318000154,흥덕터미널,흥덕터미널,318,고창군
318000193,302,318000154,318000154,흥덕터미널,흥덕터미널,318,고창군
318000194,302,318000154,318000154,흥덕터미널,흥덕터미널,318,고창군
318000195,302,318000154,318000154,흥덕터미널,흥덕터미널,318,고창군
318000196,302-1,318000154,318000571,흥덕터미널,후포,318,고창군
318000197,303,318001085,318000154,임시터미널,흥덕터미널,318,고창군
318000198,303,318001085,318000041,임시터미널,질마재,318,고창군
318000199,303,318000042,318000154,질마재,흥덕터미널,318,고창군
318000200,303,318000154,318001085,흥덕터미널,임시터미널,318,고창군
318000201,304,318000154,318000041,흥덕터미널,질마재,318,고창군
318000202,304,318000154,318000154,흥덕터미널,흥덕터미널,318,고창군
318000203,304,318000154,318000154,흥덕터미널,흥덕터미널,318,고창군
318000204,304,318000154,318000041,흥덕터미널,질마재,318,고창군
318000205,305,318001085,318000041,임시터미널,질마재,318,고창군
318000206,305,318000042,318001085,질마재,임시터미널,318,고창군
318000207,311,318001085,318000154,임시터미널,흥덕터미널,318,고창군
318000208,311,318001085,318000041,임시터미널,질마재,318,고창군
318000209,311,318000042,318001085,질마재,임시터미널,318,고창군
318000210,311,318000042,318000154,질마재,흥덕터미널,318,고창군
318000211,311,318001085,318000041,임시터미널,질마재,318,고창군
318000212,312,318001085,318000154,임시터미널,흥덕터미널,318,고창군
318000213,312,318000154,318001085,흥덕터미널,임시터미널,318,고창군
318000214,312-1,318000154,318001085,흥덕터미널,임시터미널,318,고창군
318000215,312-1,318001085,318000154,임시터미널,흥덕터미널,318,고창군
318000216,312,318001085,318000154,임시터미널,흥덕터미널,318,고창군
318000217,312-1,318000154,318001085,흥덕터미널,임시터미널,318,고창군
318000218,321,318001085,318000538,임시터미널,우체국앞,318,고창군
318000219,322,318000138,318001085,교동,임시터미널,318,고창군
318000220,322,318001085,318000101,임시터미널,교동,318,고창군
318000221,322,318000154,318000154,흥덕터미널,흥덕터미널,318,고창군
318000222,323,318001085,318000160,임시터미널,생근,318,고창군
318000223,323,318000075,318001085,생근,임시터미널,318,고창군
318000224,323,318001085,318000160,임시터미널,생근,318,고창군
318000225,324,318000538,318001085,우체국앞,임시터미널,318,고창군
318000226,325,318000154,318000154,흥덕터미널,흥덕터미널,318,고창군
318000227,325,318000154,318000160,흥덕터미널,생근,318,고창군
318000228,325,318000075,318000154,생근,흥덕터미널,318,고창군
318000229,331,318000166,318000591,해리공용터미널,신기,318,고창군
318000230,331,318000166,318000154,해리공용터미널,흥덕터미널,318,고창군
318000231,331,318000154,318000728,흥덕터미널,해리공용터미널,318,고창군
318000232,331,318000154,318000728,흥덕터미널,해리공용터미널,318,고창군
318000233,331,318000154,318000610,흥덕터미널,난호,318,고창군
318000234,331,318000172,318000728,난호,해리공용터미널,318,고창군
318000235,333,318000154,318000728,흥덕터미널,해리공용터미널,318,고창군
318000236,333,318000166,318000154,해리공용터미널,흥덕터미널,318,고창군
318000237,333,318000920,318000728,선운산버스정류장,해리공용터미널,318,고창군
318000238,333,318000154,318000920,흥덕터미널,선운산버스정류장,318,고창군
318000239,334,318000154,318000154,흥덕터미널,흥덕터미널,318,고창군
318000240,334,318000154,318001085,흥덕터미널,임시터미널,318,고창군
318000241,108-1,318001085,318001087,임시터미널,각동,318,고창군
318000242,109-1,318001085,318000687,임시터미널,동호항,318,고창군
318000243,212,318000403,318000175,대산공용정류장,대산공용정류장,318,고창군
318000244,111,318001085,318000746,임시터미널,무장터미널,318,고창군
318000245,137,318001085,318001085,임시터미널,임시터미널,318,고창군
318000246,355,318001085,318001085,임시터미널,임시터미널,318,고창군
319000001,10,319000472,319000951,부안터미널,부안터미널(종점),319,부안군
319000002,10,319000472,319000951,부안터미널,부안터미널(종점),319,부안군
319000003,10,319000472,319000951,부안터미널,부안터미널(종점),319,부안군
319000004,10,319000472,319000951,부안터미널,부안터미널(종점),319,부안군
319000005,11,319000472,319000951,부안터미널,부안터미널(종점),319,부안군
319000007,11,319000472,319000951,부안터미널,부안터미널(종점),319,부안군
319000008,30,319000472,319000951,부안터미널,부안터미널(종점),319,부안군
319000009,31,319000472,319000951,부안터미널,부안터미널(종점),319,부안군
319000010,32,319000472,319000951,부안터미널,부안터미널(종점),319,부안군
319000011,40,319000472,319000951,부안터미널,부안터미널(종점),319,부안군
319000012,50,319000472,319000951,부안터미널,부안터미널(종점),319,부안군
319000013,50,319000472,319000951,부안터미널,부안터미널(종점),319,부안군
319000014,60,319000472,319000951,부안터미널,부안터미널(종점),319,부안군
319000015,61,319000472,319000412,부안터미널,교동,319,부안군
319000016,62,319000472,319000951,부안터미널,부안터미널(종점),319,부안군
319000017,62,319000472,319000951,부안터미널,부안터미널(종점),319,부안군
319000018,62,319000472,319000951,부안터미널,부안터미널(종점),319,부안군
319000019,63,319000472,319000951,부안터미널,부안터미널(종점),319,부안군
319000020,70,319000472,319000951,부안터미널,부안터미널(종점),319,부안군
319000021,80,319000472,319000951,부안터미널,부안터미널(종점),319,부안군
319000022,80,319000472,319000951,부안터미널,부안터미널(종점),319,부안군
319000023,80,319000472,319000951,부안터미널,부안터미널(종점),319,부안군
319000024,80,319000472,319000951,부안터미널,부안터미널(종점),319,부안군
319000025,80,319000472,319000951,부안터미널,부안터미널(종점),319,부안군
319000026,80,319000472,319000951,부안터미널,부안터미널(종점),319,부안군
319000027,80,319000472,319000951,부안터미널,부안터미널(종점),319,부안군
319000028,80,319000472,319000951,부안터미널,부안터미널(종점),319,부안군
319000029,200,319000472,319000934,부안터미널,격포항터미널,319,부안군
319000030,200,319000472,319000934,부안터미널,격포항터미널,319,부안군
319000031,10,319000472,319000951,부안터미널,부안터미널(종점),319,부안군
319000032,201,319000008,319000951,모항,부안터미널(종점),319,부안군
319000033,201,319000930,319000951,모항,부안터미널(종점),319,부안군
319000034,201,319000930,319000951,모항,부안터미널(종점),319,부안군
319000035,201,319000933,319000951,궁항,부안터미널(종점),319,부안군
319000036,201,319000934,319000951,격포항터미널,부안터미널(종점),319,부안군
319000037,201,319000934,319000951,격포항터미널,부안터미널(종점),319,부안군
319000038,201,319000934,319000951,격포항터미널,부안터미널(종점),319,부안군
319000039,201,319000933,319000951,궁항,부안터미널(종점),319,부안군
319000040,211,319000472,319000008,부안터미널,모항,319,부안군
319000041,212,319000472,319000008,부안터미널,모항,319,부안군
319000042,213,319000472,319000063,부안터미널,궁항,319,부안군
319000043,213,319000472,319000934,부안터미널,격포항터미널,319,부안군
319000044,214,319000472,319000934,부안터미널,격포항터미널,319,부안군
319000045,214,319000472,319000934,부안터미널,격포항터미널,319,부안군
319000046,300,319000472,319000029,부안터미널,줄포터미널,319,부안군
319000047,301,319000091,319000951,내소사,부안터미널(종점),319,부안군
319000048,301,319000091,319000951,내소사,부안터미널(종점),319,부안군
319000049,301,319000091,319000951,내소사,부안터미널(종점),319,부안군
319000050,301,319000720,319000951,호암마을,부안터미널(종점),319,부안군
319000051,301,319000091,319000951,내소사,부안터미널(종점),319,부안군
319000052,301,319000154,319000951,유동,부안터미널(종점),319,부안군
319000053,301,319000091,319000951,내소사,부안터미널(종점),319,부안군
319000054,301,319000724,319000951,우동,부안터미널(종점),319,부안군
319000055,301,319000934,319000951,격포항터미널,부안터미널(종점),319,부안군
319000056,301,319000029,319000951,줄포터미널,부안터미널(종점),319,부안군
319000057,310,319000472,319000934,부안터미널,격포항터미널,319,부안군
319000058,310,319000472,319000709,부안터미널,내소사,319,부안군
319000059,320,319000472,319000049,부안터미널,호암마을,319,부안군
319000060,320,319000472,319000723,부안터미널,우동,319,부안군
319000061,330,319000472,319000709,부안터미널,내소사,319,부안군
319000062,350,319000472,319000709,부안터미널,내소사,319,부안군
319000063,350,319000472,319000709,부안터미널,내소사,319,부안군
319000064,500,319000472,319000029,부안터미널,줄포터미널,319,부안군
319000065,11,319000472,319000951,부안터미널,부안터미널(종점),319,부안군
319000066,501,319000029,319000951,줄포터미널,부안터미널(종점),319,부안군
319000067,501,319000029,319000951,줄포터미널,부안터미널(종점),319,부안군
319000069,511,319000472,319000029,부안터미널,줄포터미널,319,부안군
319000070,511,319000472,319000029,부안터미널,줄포터미널,319,부안군
319000071,512,319000472,319000029,부안터미널,줄포터미널,319,부안군
319000072,512,319000472,319000029,부안터미널,줄포터미널,319,부안군
319000073,512,319000472,319000029,부안터미널,줄포터미널,319,부안군
319000074,513,319000472,319000029,부안터미널,줄포터미널,319,부안군
319000075,513,319000472,319000029,부안터미널,줄포터미널,319,부안군
319000076,517,319000472,319000029,부안터미널,줄포터미널,319,부안군
319000077,518,319000472,319000029,부안터미널,줄포터미널,319,부안군
319000078,518,319000472,319000029,부안터미널,줄포터미널,319,부안군
319000079,520,319000472,319000951,부안터미널,부안터미널(종점),319,부안군
319000080,530,319000472,319000951,부안터미널,부안터미널(종점),319,부안군
319000081,530,319000472,319000951,부안터미널,부안터미널(종점),319,부안군
319000082,60,319000472,319000951,부안터미널,부안터미널(종점),319,부안군
319000083,534,319000472,319000951,부안터미널,부안터미널(종점),319,부안군
319000084,535,319000472,319000951,부안터미널,부안터미널(종점),319,부안군
319000085,550,319000472,319000951,부안터미널,부안터미널(종점),319,부안군
319000086,600,319000472,319000951,부안터미널,부안터미널(종점),319,부안군
319000087,600,319000472,319000951,부안터미널,부안터미널(종점),319,부안군
319000088,600,319000472,319000951,부안터미널,부안터미널(종점),319,부안군
319000089,610,319000472,319000951,부안터미널,부안터미널(종점),319,부안군
319000090,620,319000472,319000951,부안터미널,부안터미널(종점),319,부안군
319000091,620,319000472,319000951,부안터미널,부안터미널(종점),319,부안군
319000092,620,319000472,319000951,부안터미널,부안터미널(종점),319,부안군
319000093,620,319000472,319000951,부안터미널,부안터미널(종점),319,부안군
319000094,620,319000472,319000951,부안터미널,부안터미널(종점),319,부안군
319000095,620,319000472,319000951,부안터미널,부안터미널(종점),319,부안군
319000096,620,319000472,319000951,부안터미널,부안터미널(종점),319,부안군
319000097,630,319000472,319000951,부안터미널,부안터미널(종점),319,부안군
319000098,630,319000472,319000951,부안터미널,부안터미널(종점),319,부안군
319000099,640,319000472,319000951,부안터미널,부안터미널(종점),319,부안군
319000100,640,319000472,319000951,부안터미널,부안터미널(종점),319,부안군
319000101,640,319000472,319000951,부안터미널,부안터미널(종점),319,부안군
319000102,640,319000472,319000951,부안터미널,부안터미널(종점),319,부안군
319000103,660,319000472,319000951,부안터미널,부안터미널(종점),319,부안군
319000104,660,319000472,319000951,부안터미널,부안터미널(종점),319,부안군
319000107,700,319000472,319000152,부안터미널,사자동,319,부안군
319000108,700,319000472,319000152,부안터미널,사자동,319,부안군
319000109,701,319000472,319000152,부안터미널,사자동,319,부안군
319000110,701,319000472,319000152,부안터미널,사자동,319,부안군
319000111,701,319000917,319000951,사자동,부안터미널(종점),319,부안군
319000112,701,319000917,319000951,사자동,부안터미널(종점),319,부안군
319000113,701,319000917,319000951,사자동,부안터미널(종점),319,부안군
319000114,720,319000472,319000951,부안터미널,부안터미널(종점),319,부안군
319000115,830,319000472,319000951,부안터미널,부안터미널(종점),319,부안군
319000116,830,319000472,319000951,부안터미널,부안터미널(종점),319,부안군
319000117,830,319000472,319000951,부안터미널,부안터미널(종점),319,부안군
319000118,831,319000472,319000951,부안터미널,부안터미널(종점),319,부안군
319000119,833,319000472,319000951,부안터미널,부안터미널(종점),319,부안군
319000120,850,319000472,319000951,부안터미널,부안터미널(종점),319,부안군
319000121,850,319000472,319000951,부안터미널,부안터미널(종점),319,부안군
319000122,851,319000472,319000951,부안터미널,부안터미널(종점),319,부안군
319000123,860,319000472,319000951,부안터미널,부안터미널(종점),319,부안군
319000124,860,319000472,319000951,부안터미널,부안터미널(종점),319,부안군
319000125,66,319000472,319000709,부안터미널,내소사,319,부안군
319000126,66,319000091,319000918,내소사,새만금간척박물관,319,부안군
319000127,66,319000921,319000709,새만금간척박물관,내소사,319,부안군
319000128,66,319000091,319000918,내소사,새만금간척박물관,319,부안군
319000129,66,319000091,319000951,내소사,부안터미널(종점),319,부안군
319000130,66,319000472,319000918,부안터미널,새만금간척박물관,319,부안군
319000131,66,319000091,319000951,내소사,부안터미널(종점),319,부안군
319000132,800,319000472,319000951,부안터미널,부안터미널(종점),319,부안군
319000134,90,319000472,319000951,부안터미널,부안터미널(종점),319,부안군
319000135,800,319000472,319000951,부안터미널,부안터미널(종점),319,부안군
319000136,810,319000472,319000951,부안터미널,부안터미널(종점),319,부안군
319000137,810,319000472,319000951,부안터미널,부안터미널(종점),319,부안군
319000138,91,319000472,319000951,부안터미널,부안터미널(종점),319,부안군
319000139,800,319000472,319000951,부안터미널,부안터미널(종점),319,부안군
319000140,800,319000472,319000951,부안터미널,부안터미널(종점),319,부안군
319000141,800,319000472,319000951,부안터미널,부안터미널(종점),319,부안군
319000142,800,319000472,319000951,부안터미널,부안터미널(종점),319,부안군
319000143,800,319000472,319000951,부안터미널,부안터미널(종점),319,부안군
319000144,810,319000472,319000951,부안터미널,부안터미널(종점),319,부안군
319000145,810,319000472,319000951,부안터미널,부안터미널(종점),319,부안군
319000146,90,319000472,319000951,부안터미널,부안터미널(종점),319,부안군
319000147,533,319000472,319000951,부안터미널,부안터미널(종점),319,부안군
319000148,201,319000934,319000951,격포항터미널,부안터미널(종점),319,부안군
319000149,533,319000472,319000951,부안터미널,부안터미널(종점),319,부안군
319000150,534,319000472,319000951,부안터미널,부안터미널(종점),319,부안군
319000151,833,319000472,319000951,부안터미널,부안터미널(종점),319,부안군
319000152,660,319000472,319000951,부안터미널,부안터미널(종점),319,부안군
319000153,535,319000472,319000951,부안터미널,부안터미널(종점),319,부안군
319000154,533,319000472,319000951,부안터미널,부안터미널(종점),319,부안군
319000155,520,319000472,319000951,부안터미널,부안터미널(종점),319,부안군
319000156,810,319000472,319000951,부안터미널,부안터미널(종점),319,부안군
319000157,90,319000472,319000951,부안터미널,부안터미널(종점),319,부안군
319000158,63,319000472,319000951,부안터미널,부안터미널(종점),319,부안군
319000159,90,319000472,319000951,부안터미널,부안터미널(종점),319,부안군
319000160,530,319000472,319000951,부안터미널,부안터미널(종점),319,부안군
319000161,550,319000472,319000951,부안터미널,부안터미널(종점),319,부안군
319000163,100,319000472,319000951,부안터미널,부안터미널(종점),319,부안군
319000166,501,319000029,319000951,줄포터미널,부안터미널(종점),319,부안군
319000168,520,319000472,319000951,부안터미널,부안터미널(종점),319,부안군
319000169,701,319000917,319000951,사자동,부안터미널(종점),319,부안군
319000171,800,319000472,319000951,부안터미널,부안터미널(종점),319,부안군
331000001,9-1,331000262,331000054,구례공영버스터미널,구례공영버스터미널,331,구례군
331000002,9-2,331000262,331000054,구례공영버스터미널,구례공영버스터미널,331,구례군
331000003,9-2,331000262,331000054,구례공영버스터미널,구례공영버스터미널,331,구례군
331000004,9-3,331000262,331000054,구례공영버스터미널,구례공영버스터미널,331,구례군
331000005,8-1,331000262,331000054,구례공영버스터미널,구례공영버스터미널,331,구례군
331000006,5-1,331000262,331000054,구례공영버스터미널,구례공영버스터미널,331,구례군
331000007,5-2,331000262,331000054,구례공영버스터미널,구례공영버스터미널,331,구례군
331000008,5-3,331000262,331000054,구례공영버스터미널,구례공영버스터미널,331,구례군
331000009,5-4,331000262,331000054,구례공영버스터미널,구례공영버스터미널,331,구례군
331000010,4-10,331000262,331000054,구례공영버스터미널,구례공영버스터미널,331,구례군
331000011,4-8,331000262,331000054,구례공영버스터미널,구례공영버스터미널,331,구례군
331000012,4-6,331000262,331000054,구례공영버스터미널,구례공영버스터미널,331,구례군
331000013,4-2,331000262,331000054,구례공영버스터미널,구례공영버스터미널,331,구례군
331000014,4-9,331000262,331000054,구례공영버스터미널,구례공영버스터미널,331,구례군
331000015,4-2,331000262,331000054,구례공영버스터미널,구례공영버스터미널,331,구례군
331000016,4-5,331000262,331000054,구례공영버스터미널,구례공영버스터미널,331,구례군
331000017,4-7,331000262,331000054,구례공영버스터미널,구례공영버스터미널,331,구례군
331000018,4-3,331000262,331000054,구례공영버스터미널,구례공영버스터미널,331,구례군
331000019,4-4,331000262,331000054,구례공영버스터미널,구례공영버스터미널,331,구례군
331000020,6-1,331000262,331000054,구례공영버스터미널,구례공영버스터미널,331,구례군
331000021,6-1,331000262,331000054,구례공영버스터미널,구례공영버스터미널,331,구례군
331000022,6-2,331000262,331000054,구례공영버스터미널,구례공영버스터미널,331,구례군
331000023,6-4,331000262,331000054,구례공영버스터미널,구례공영버스터미널,331,구례군
331000024,6-2,331000262,331000054,구례공영버스터미널,구례공영버스터미널,331,구례군
331000025,6-4,331000262,331000054,구례공영버스터미널,구례공영버스터미널,331,구례군
331000026,6-4,331000262,331000054,구례공영버스터미널,구례공영버스터미널,331,구례군
331000027,6-3,331000262,331000054,구례공영버스터미널,구례공영버스터미널,331,구례군
331000028,6-3,331000262,331000054,구례공영버스터미널,구례공영버스터미널,331,구례군
331000029,1-2,331000262,331000054,구례공영버스터미널,구례공영버스터미널,331,구례군
331000030,1-1,331000262,331000054,구례공영버스터미널,구례공영버스터미널,331,구례군
331000031,2-1,331000262,331000054,구례공영버스터미널,구례공영버스터미널,331,구례군
331000033,2-11,331000262,331000054,구례공영버스터미널,구례공영버스터미널,331,구례군
331000034,2-9,331000262,331000054,구례공영버스터미널,구례공영버스터미널,331,구례군
331000035,2-8,331000262,331000054,구례공영버스터미널,구례공영버스터미널,331,구례군
331000036,2-12,331000262,331000054,구례공영버스터미널,구례공영버스터미널,331,구례군
331000037,2-5,331000262,331000054,구례공영버스터미널,구례공영버스터미널,331,구례군
331000038,2-6,331000262,331000054,구례공영버스터미널,구례공영버스터미널,331,구례군
331000039,2-4,331000262,331000054,구례공영버스터미널,구례공영버스터미널,331,구례군
331000040,2-7,331000262,331000054,구례공영버스터미널,구례공영버스터미널,331,구례군
331000041,3-10,331000262,331000054,구례공영버스터미널,구례공영버스터미널,331,구례군
331000042,3-9,331000262,331000054,구례공영버스터미널,구례공영버스터미널,331,구례군
331000043,3-1,331000262,331000054,구례공영버스터미널,구례공영버스터미널,331,구례군
331000044,3-2,331000262,331000054,구례공영버스터미널,구례공영버스터미널,331,구례군
331000045,3-7,331000262,331000054,구례공영버스터미널,구례공영버스터미널,331,구례군
331000046,3-11,331000262,331000054,구례공영버스터미널,구례공영버스터미널,331,구례군
331000047,3-8,331000262,331000054,구례공영버스터미널,구례공영버스터미널,331,구례군
331000048,3-6,331000262,331000054,구례공영버스터미널,구례공영버스터미널,331,구례군
331000049,3-3,331000262,331000054,구례공영버스터미널,구례공영버스터미널,331,구례군
331000050,3-5,331000262,331000054,구례공영버스터미널,구례공영버스터미널,331,구례군
331000051,3-4,331000262,331000054,구례공영버스터미널,구례공영버스터미널,331,구례군
331000052,3-12,331000262,331000054,구례공영버스터미널,구례공영버스터미널,331,구례군
331000053,3-13,331000262,331000054,구례공영버스터미널,구례공영버스터미널,331,구례군
331000054,7-1,331000262,331000054,구례공영버스터미널,구례공영버스터미널,331,구례군
331000055,7-1,331000262,331000054,구례공영버스터미널,구례공영버스터미널,331,구례군
331000056,7-1,331000262,331000054,구례공영버스터미널,구례공영버스터미널,331,구례군
331000057,7-2,331000262,331000054,구례공영버스터미널,구례공영버스터미널,331,구례군
331000058,7-2,331000262,331000054,구례공영버스터미널,구례공영버스터미널,331,구례군
331000059,7-3,331000262,331000054,구례공영버스터미널,구례공영버스터미널,331,구례군
331000060,7-4,331000262,331000054,구례공영버스터미널,구례공영버스터미널,331,구례군
331000061,7-4,331000262,331000054,구례공영버스터미널,구례공영버스터미널,331,구례군
331000062,7-4,331000262,331000054,구례공영버스터미널,구례공영버스터미널,331,구례군
331000063,7-5,331000262,331000054,구례공영버스터미널,구례공영버스터미널,331,구례군
331000064,7-7,331000262,331000054,구례공영버스터미널,구례공영버스터미널,331,구례군
331000065,7-8,331000262,331000054,구례공영버스터미널,구례공영버스터미널,331,구례군
331000067,7-9,331000262,331000054,구례공영버스터미널,구례공영버스터미널,331,구례군
331000068,7-10,331000262,331000054,구례공영버스터미널,구례공영버스터미널,331,구례군
331000069,10-1,331000262,331000054,구례공영버스터미널,구례공영버스터미널,331,구례군
332000001,530,332000494,332000280,고흥터미널,금탑사,332,고흥군
332000002,11,332000279,332000494,금탑사,고흥터미널,332,고흥군
332000003,100,332000494,332000238,고흥터미널,녹동터미널,332,고흥군
332000004,420,332000993,332000238,녹동터미널,녹동터미널,332,고흥군
332000005,421,332000993,332000238,녹동터미널,녹동터미널,332,고흥군
332000006,451,332000993,332001039,녹동터미널,우두.큰마을,332,고흥군
332000007,41,332000026,332000238,우두.큰마을,녹동터미널,332,고흥군
332000008,400,332000993,332000494,녹동터미널,고흥터미널,332,고흥군
332000009,410,332000993,332000545,녹동터미널,용동,332,고흥군
332000010,42,332000544,332000238,용동,녹동터미널,332,고흥군
332000011,140,332000494,332000494,고흥터미널,고흥터미널,332,고흥군
332000012,110,332000494,333000020,고흥터미널,벌교터미널,332,고흥군
332000013,201,333000021,332000494,벌교터미널,고흥터미널,332,고흥군
332000014,130,332000494,332000991,고흥터미널,대전해수욕장,332,고흥군
332000015,11,332000765,332000494,대전해수욕장,고흥터미널,332,고흥군
332000016,401,332000993,332000494,녹동터미널,고흥터미널,332,고흥군
332000017,102,332000494,332001039,고흥터미널,우두.큰마을,332,고흥군
332000018,400,332000026,332000494,우두.큰마을,고흥터미널,332,고흥군
332000019,142,332000494,332000494,고흥터미널,고흥터미널,332,고흥군
332000020,631,332000494,332000183,고흥터미널,도화버스정류장,332,고흥군
332000021,13,332000182,332000494,도화버스정류장,고흥터미널,332,고흥군
332000022,120,332000494,332000414,고흥터미널,남열,332,고흥군
332000023,316,332000415,332000684,남열,과역터미널,332,고흥군
332000024,350,332000684,332000771,과역터미널,외호,332,고흥군
332000025,31,332000770,332000683,외호,과역터미널,332,고흥군
332000026,330,332000684,332000683,과역터미널,과역터미널,332,고흥군
332000027,351,332000684,332000710,과역터미널,내백,332,고흥군
332000028,31,332000708,332000683,내백,과역터미널,332,고흥군
332000029,300,332000683,332000494,과역터미널,고흥터미널,332,고흥군
332000030,612,332000494,332000201,고흥터미널,남성,332,고흥군
332000031,11,332000202,332000494,남성,고흥터미널,332,고흥군
332000032,117,332000494,332000684,고흥터미널,과역터미널,332,고흥군
332000033,520,332000494,332000335,고흥터미널,하오,332,고흥군
332000034,11,332000995,332000494,하오,고흥터미널,332,고흥군
332000035,613,332000494,332000201,고흥터미널,남성,332,고흥군
332000036,551,332000202,332000238,남성,녹동터미널,332,고흥군
332000037,430,332000993,332001007,녹동터미널,동봉,332,고흥군
332000038,41,332001035,332000238,동봉,녹동터미널,332,고흥군
332000039,182,332000494,332000494,고흥터미널,고흥터미널,332,고흥군
332000040,131,332000494,332000991,고흥터미널,대전해수욕장,332,고흥군
332000041,11,332000765,332000494,대전해수욕장,고흥터미널,332,고흥군
332000042,502,332000494,332000069,고흥터미널,나로도공용터미널,332,고흥군
332000043,504,332000069,332001036,나로도공용터미널,염포종점,332,고흥군
332000044,51,332000001,332000070,염포종점,나로도공용터미널,332,고흥군
332000045,12,332000070,332000494,나로도공용터미널,고흥터미널,332,고흥군
332000046,145,332000494,332000494,고흥터미널,고흥터미널,332,고흥군
332000047,522,332000494,332000335,고흥터미널,하오,332,고흥군
332000048,11,332000995,332000494,하오,고흥터미널,332,고흥군
332000049,633,332000494,332000114,고흥터미널,발포리,332,고흥군
332000050,11,332000113,332000494,발포리,고흥터미널,332,고흥군
332000051,161,332000494,332000494,고흥터미널,고흥터미널,332,고흥군
332000052,137,332000494,332000991,고흥터미널,대전해수욕장,332,고흥군
332000053,11,332000765,332000494,대전해수욕장,고흥터미널,332,고흥군
332000054,111,332000494,333000020,고흥터미널,벌교터미널,332,고흥군
332000055,240,333000021,332001040,벌교터미널,죽암,332,고흥군
332000056,21,332000927,333000020,죽암,벌교터미널,332,고흥군
332000057,220,333000021,332000840,벌교터미널,장선포,332,고흥군
332000058,22,332000840,333000020,장선포,벌교터미널,332,고흥군
332000059,250,333000021,332000848,벌교터미널,망주,332,고흥군
332000060,22,332000848,333000020,망주,벌교터미널,332,고흥군
332000061,200,333000021,332000494,벌교터미널,고흥터미널,332,고흥군
332000062,203,333000021,332000494,벌교터미널,고흥터미널,332,고흥군
332000063,500,332000494,332000069,고흥터미널,나로도공용터미널,332,고흥군
332000064,504,332000069,332000070,나로도공용터미널,나로도공용터미널,332,고흥군
332000065,505,332000069,332000070,나로도공용터미널,나로도공용터미널,332,고흥군
332000066,12,332000070,332000494,나로도공용터미널,고흥터미널,332,고흥군
332000067,610,332000494,332000201,고흥터미널,남성,332,고흥군
332000068,14,332000202,332000494,남성,고흥터미널,332,고흥군
332000069,116,332000494,332000684,고흥터미널,과역터미널,332,고흥군
332000070,315,332000683,332000477,과역터미널,양사삼거리,332,고흥군
332000071,11,332000475,332000494,양사삼거리,고흥터미널,332,고흥군
332000072,501,332000494,332000069,고흥터미널,나로도공용터미널,332,고흥군
332000073,504,332000069,332000070,나로도공용터미널,나로도공용터미널,332,고흥군
332000074,505,332000069,332000070,나로도공용터미널,나로도공용터미널,332,고흥군
332000075,504,332000069,332000070,나로도공용터미널,나로도공용터미널,332,고흥군
332000076,11,332000070,332000494,나로도공용터미널,고흥터미널,332,고흥군
332000077,504,332000069,332000069,나로도공용터미널,나로도공용터미널,332,고흥군
332000078,114,332000494,332000684,고흥터미널,과역터미널,332,고흥군
332000079,340,332000683,332001004,과역터미널,원주,332,고흥군
332000080,411,332000993,332000545,녹동터미널,용동,332,고흥군
332000081,43,332000544,332000238,용동,녹동터미널,332,고흥군
332000082,11,332000995,332000494,하오,고흥터미널,332,고흥군
332000083,611,332000494,332000185,고흥터미널,익금,332,고흥군
332000084,14,332000184,332000494,익금,고흥터미널,332,고흥군
332000085,630,332000494,332000183,고흥터미널,도화버스정류장,332,고흥군
332000086,318,332000494,332000684,고흥터미널,과역터미널,332,고흥군
332000087,333,332000684,332000683,과역터미널,과역터미널,332,고흥군
332000088,31,332000668,332000684,원주,과역터미널,332,고흥군
332000089,356,332000684,332000771,과역터미널,외호,332,고흥군
332000090,31,332000770,332000683,외호,과역터미널,332,고흥군
332000091,161,332000494,332000494,고흥터미널,고흥터미널,332,고흥군
332000092,174,332000494,332000494,고흥터미널,고흥터미널,332,고흥군
332000093,311,332000683,332000474,과역터미널,양사삼거리,332,고흥군
332000094,31,332000476,332000684,양사삼거리,과역터미널,332,고흥군
332000095,310,332000683,332000414,과역터미널,남열,332,고흥군
332000096,31,332000414,332000684,남열,과역터미널,332,고흥군
332000097,22,332000799,333000020,장사,벌교터미널,332,고흥군
332000098,202,333000021,332000494,벌교터미널,고흥터미널,332,고흥군
332000099,521,332000494,332000335,고흥터미널,하오,332,고흥군
332000100,13,332000202,332000494,남성,고흥터미널,332,고흥군
332000101,101,332000494,332000238,고흥터미널,녹동터미널,332,고흥군
332000102,43,332000544,332000238,용동,녹동터미널,332,고흥군
332000103,431,332000993,332000238,녹동터미널,녹동터미널,332,고흥군
332000104,141,332000494,332000494,고흥터미널,고흥터미널,332,고흥군
332000105,148,332000494,332000545,고흥터미널,용동,332,고흥군
332000106,42,332000544,332000238,용동,녹동터미널,332,고흥군
332000107,412,332000993,332000545,녹동터미널,용동,332,고흥군
332000108,461,332000993,332000201,녹동터미널,남성,332,고흥군
332000109,614,332000494,332000201,고흥터미널,남성,332,고흥군
332000110,11,332000202,332000494,남성,고흥터미널,332,고흥군
332000111,512,332000494,332001041,고흥터미널,갯마을승강장,332,고흥군
332000112,531,332000494,332000280,고흥터미널,금탑사,332,고흥군
332000113,430,332000993,332000238,녹동터미널,녹동터미널,332,고흥군
332000114,440,332000993,332000199,녹동터미널,은전,332,고흥군
332000115,44,332000200,332000238,은전,녹동터미널,332,고흥군
332000116,634,332000494,332000112,고흥터미널,화옥,332,고흥군
332000117,13,332001037,332000494,화옥,고흥터미널,332,고흥군
332000118,175,332000494,332000494,고흥터미널,고흥터미널,332,고흥군
332000119,600,332000494,332001094,고흥터미널,지죽종점,332,고흥군
332000120,14,332001095,332000494,지죽종점,고흥터미널,332,고흥군
332000121,118,332000494,332000684,고흥터미널,과역터미널,332,고흥군
332000122,341,332000683,332001004,과역터미널,원주,332,고흥군
332000123,31,332000668,332000684,원주,과역터미널,332,고흥군
332000124,301,332000683,332000494,과역터미널,고흥터미널,332,고흥군
332000125,146,332000494,332000494,고흥터미널,고흥터미널,332,고흥군
332000126,112,332000494,333000020,고흥터미널,벌교터미널,332,고흥군
332000127,211,333000021,332000798,벌교터미널,장사,332,고흥군
332000128,22,332000799,333000020,장사,벌교터미널,332,고흥군
332000129,2,332000840,332000494,장선포,고흥터미널,332,고흥군
332000130,147,332000494,332000539,고흥터미널,수도암,332,고흥군
332000131,11,332000540,332000494,수도암,고흥터미널,332,고흥군
332000132,11,332000995,332000494,하오,고흥터미널,332,고흥군
332000133,162,332000494,332000494,고흥터미널,고흥터미널,332,고흥군
332000134,422,332000993,332000238,녹동터미널,녹동터미널,332,고흥군
332000135,180,332000494,332000494,고흥터미널,고흥터미널,332,고흥군
332000136,160,332000494,332000494,고흥터미널,고흥터미널,332,고흥군
332000137,460,332000993,332000238,녹동터미널,녹동터미널,332,고흥군
332000138,131,332000494,332000761,고흥터미널,송정,332,고흥군
332000139,11,332000762,332000494,송정,고흥터미널,332,고흥군
332000140,615,332000494,332000201,고흥터미널,남성,332,고흥군
332000141,13,332000202,332000494,남성,고흥터미널,332,고흥군
332000142,233,332000799,333000020,장사,벌교터미널,332,고흥군
332000143,212,333000021,332000798,벌교터미널,장사,332,고흥군
332000144,632,332000494,332000114,고흥터미널,발포리,332,고흥군
332000145,163,332000494,332000494,고흥터미널,고흥터미널,332,고흥군
332000146,206,333000021,332000494,벌교터미널,고흥터미널,332,고흥군
332000147,22,332000494,332000820,고흥터미널,화천,332,고흥군
332000148,22,332000825,333000020,화천,벌교터미널,332,고흥군
332000149,503,332000494,332000069,고흥터미널,나로도공용터미널,332,고흥군
332000150,505,332000069,332000044,나로도공용터미널,예당,332,고흥군
332000151,51,332000044,332000070,예당,나로도공용터미널,332,고흥군
332000152,550,332000070,332000238,나로도공용터미널,녹동터미널,332,고흥군
332000153,511,332000494,332001041,고흥터미널,갯마을승강장,332,고흥군
332000154,12,332000119,332000494,갯마을승강장,고흥터미널,332,고흥군
332000155,181,332000494,332000494,고흥터미널,고흥터미널,332,고흥군
332000156,150,332000494,332000494,고흥터미널,고흥터미널,332,고흥군
332000157,590,332000494,332000069,고흥터미널,나로도공용터미널,332,고흥군
332000158,591,332000070,332000494,나로도공용터미널,고흥터미널,332,고흥군
332000159,132,332000494,332000726,고흥터미널,예회,332,고흥군
332000160,11,332000727,332000494,예회,고흥터미널,332,고흥군
332000161,441,332000993,332000199,녹동터미널,은전,332,고흥군
332000162,43,332000200,332000238,은전,녹동터미널,332,고흥군
332000163,231,332000927,333000020,죽암,벌교터미널,332,고흥군
332000164,183,332000494,332000494,고흥터미널,고흥터미널,332,고흥군
332000165,507,332000494,332000069,고흥터미널,나로도공용터미널,332,고흥군
332000166,504,332000069,332000070,나로도공용터미널,나로도공용터미널,332,고흥군
332000167,12,332000070,332000494,나로도공용터미널,고흥터미널,332,고흥군
332000168,504,332000069,332000070,나로도공용터미널,나로도공용터미널,332,고흥군
332000169,11,332000070,332000494,나로도공용터미널,고흥터미널,332,고흥군
332000170,133,332000494,332000726,고흥터미널,예회,332,고흥군
332000171,635,332000494,332000112,고흥터미널,화옥,332,고흥군
332000172,14,332001037,332000494,화옥,고흥터미널,332,고흥군
332000173,11,332000415,332000494,남열,고흥터미널,332,고흥군
332000174,511,332000494,332001041,고흥터미널,갯마을승강장,332,고흥군
332000175,226,332000684,333000005,과역터미널,조성중앞,332,고흥군
332000176,232,333000004,333000020,조성중앞,벌교터미널,332,고흥군
332000177,415,332000993,332000545,녹동터미널,용동,332,고흥군
332000178,617,332000202,332000494,남성,고흥터미널,332,고흥군
332000179,602,332000494,332001094,고흥터미널,지죽종점,332,고흥군
332000180,11,332001095,332000494,지죽종점,고흥터미널,332,고흥군
332000181,636,332000494,332000084,고흥터미널,하도,332,고흥군
332000182,637,332001042,332000112,하도,화옥,332,고흥군
332000183,11,332001037,332000494,화옥,고흥터미널,332,고흥군
332000184,170,332000494,332000494,고흥터미널,고흥터미널,332,고흥군
332000185,510,332000494,332001041,고흥터미널,갯마을승강장,332,고흥군
332000186,317,332000414,332000684,남열,과역터미널,332,고흥군
332000187,164,332000494,332000494,고흥터미널,고흥터미널,332,고흥군
332000188,119,332000494,332001038,고흥터미널,동산동,332,고흥군
332000189,11,332000505,332000494,동산동,고흥터미널,332,고흥군
332000190,352,332000494,332000710,고흥터미널,내백,332,고흥군
332000191,31,332000708,332000683,내백,과역터미널,332,고흥군
332000192,331,332000684,332000684,과역터미널,과역터미널,332,고흥군
332000193,330,332000684,332000683,과역터미널,과역터미널,332,고흥군
332000194,342,332000683,332001004,과역터미널,원주,332,고흥군
332000195,353,332000684,332000771,과역터미널,외호,332,고흥군
332000196,354,332000684,332000683,과역터미널,과역터미널,332,고흥군
332000197,11,332000683,332000494,과역터미널,고흥터미널,332,고흥군
332000198,121,332000494,332000414,고흥터미널,남열,332,고흥군
332000199,630,332000494,332000183,고흥터미널,도화버스정류장,332,고흥군
332000200,640,332000182,332000494,도화버스정류장,고흥터미널,332,고흥군
332000201,141,332000494,332000494,고흥터미널,고흥터미널,332,고흥군
332000202,221,333000021,332000840,벌교터미널,장선포,332,고흥군
332000203,603,332000494,332000114,고흥터미널,발포리,332,고흥군
332000204,149,332000494,332000545,고흥터미널,용동,332,고흥군
332000205,224,333000021,332000793,벌교터미널,신기수문동,332,고흥군
332000206,22,332001001,333000020,신기수문동,벌교터미널,332,고흥군
332000207,171,332000494,332000494,고흥터미널,고흥터미널,332,고흥군
332000208,184,332000494,332000494,고흥터미널,고흥터미널,332,고흥군
332000209,310,332000683,332000474,과역터미널,양사삼거리,332,고흥군
332000210,355,332000684,332000710,과역터미널,내백,332,고흥군
332000211,11,332000765,332000494,대전해수욕장,고흥터미널,332,고흥군
332000212,442,332000993,332000199,녹동터미널,은전,332,고흥군
332000213,43,332000200,332000238,은전,녹동터미널,332,고흥군
332000214,172,332000494,332000494,고흥터미널,고흥터미널,332,고흥군
332000215,508,332000494,332000069,고흥터미널,나로도공용터미널,332,고흥군
332000216,504,332000069,332000070,나로도공용터미널,나로도공용터미널,332,고흥군
332000217,12,332000070,332000494,나로도공용터미널,고흥터미널,332,고흥군
332000218,415,332000993,332000545,녹동터미널,용동,332,고흥군
332000219,173,332000494,332000494,고흥터미널,고흥터미널,332,고흥군
332000220,443,332000993,332000199,녹동터미널,은전,332,고흥군
332000221,11,332000544,332000494,용동,고흥터미널,332,고흥군
332000222,604,332000494,332001094,고흥터미널,지죽종점,332,고흥군
332000223,14,332001095,332000494,지죽종점,고흥터미널,332,고흥군
332000224,22,332001001,333000020,신기수문동,벌교터미널,332,고흥군
332000225,412,332000993,332000545,녹동터미널,용동,332,고흥군
332000226,605,332000494,332001094,고흥터미널,지죽종점,332,고흥군
332000227,14,332001095,332000494,지죽종점,고흥터미널,332,고흥군
332000228,225,333000021,332000793,벌교터미널,신기수문동,332,고흥군
332000229,241,333000021,332001040,벌교터미널,죽암,332,고흥군
332000230,251,333000021,332000848,벌교터미널,망주,332,고흥군
332000231,523,332000494,332000335,고흥터미널,하오,332,고흥군
332000232,222,333000021,332000840,벌교터미널,장선포,332,고흥군
332000233,0,332000848,332000683,망주,과역터미널,332,고흥군
332000234,233,332000684,333000020,과역터미널,벌교터미널,332,고흥군
332000235,223,333000021,332000840,벌교터미널,장선포,332,고흥군
332000236,11,332000840,332000494,장선포,고흥터미널,332,고흥군
332000237,600,332000494,332001094,고흥터미널,지죽종점,332,고흥군
332000238,13,332001095,332000494,지죽종점,고흥터미널,332,고흥군
332000239,332,332000684,332000683,과역터미널,과역터미널,332,고흥군
332000240,314,332000683,332000415,과역터미널,남열,332,고흥군
332000241,11,332000415,332000494,남열,고흥터미널,332,고흥군
332000242,130,332000494,332000726,고흥터미널,예회,332,고흥군
332000243,11,332000727,332000494,예회,고흥터미널,332,고흥군
332000244,185,332000494,332000494,고흥터미널,고흥터미널,332,고흥군
332000245,227,333000021,333000005,벌교터미널,조성중앞,332,고흥군
332000246,234,333000004,333000020,조성중앞,벌교터미널,332,고흥군
332000247,616,332000494,332000185,고흥터미널,익금,332,고흥군
332000248,617,332000184,332000494,익금,고흥터미널,332,고흥군
332000249,638,332000182,332000494,도화버스정류장,고흥터미널,332,고흥군
332000250,641,332000182,332000494,도화버스정류장,고흥터미널,332,고흥군
332000251,113,332000494,333000020,고흥터미널,벌교터미널,332,고흥군
332000252,252,333000021,332000848,벌교터미널,망주,332,고흥군
332000253,22,332000848,333000020,망주,벌교터미널,332,고흥군
332000254,143,332000494,332000494,고흥터미널,고흥터미널,332,고흥군
332000255,134,332000494,332000991,고흥터미널,대전해수욕장,332,고흥군
332000256,136,332000494,332000991,고흥터미널,대전해수욕장,332,고흥군
332000257,22,332001001,333000020,신기수문동,벌교터미널,332,고흥군
332000258,173,332000494,332000494,고흥터미널,고흥터미널,332,고흥군
332000260,44,332000200,332000238,은전,녹동터미널,332,고흥군
332000261,12,332000044,332000494,예당,고흥터미널,332,고흥군
332000262,618,332000494,332000185,고흥터미널,익금,332,고흥군
332000263,639,332000494,332000183,고흥터미널,도화버스정류장,332,고흥군
332000264,320,332000684,333000020,과역터미널,벌교터미널,332,고흥군
332000265,22,333000004,333000020,조성중앞,벌교터미널,332,고흥군
332000266,253,333000021,332000848,벌교터미널,망주,332,고흥군
332000267,513,332000494,332000134,고흥터미널,봉남,332,고흥군
332000268,12,332000134,332000494,봉남,고흥터미널,332,고흥군
332000269,12,332000134,332000494,봉남,고흥터미널,332,고흥군
332000270,31,332000415,332000494,남열,고흥터미널,332,고흥군
332000271,601,332000494,332001094,고흥터미널,지죽종점,332,고흥군
332000272,13,332001095,332000494,지죽종점,고흥터미널,332,고흥군
332000274,13,332001095,332000494,지죽종점,고흥터미널,332,고흥군
332000275,401,332000993,332000494,녹동터미널,고흥터미널,332,고흥군
332000276,14,332000113,332000494,발포리,고흥터미널,332,고흥군
332000277,452,332000026,332000238,우두.큰마을,녹동터미널,332,고흥군
332000278,151,332000494,332000494,고흥터미널,고흥터미널,332,고흥군
332000279,115,332000494,332000684,고흥터미널,과역터미널,332,고흥군
332000280,334,332000684,332000683,과역터미널,과역터미널,332,고흥군
332000281,205,333000021,332000494,벌교터미널,고흥터미널,332,고흥군
332000282,450,332000993,332001039,녹동터미널,우두.큰마을,332,고흥군
332000283,400,332000026,332000238,우두.큰마을,녹동터미널,332,고흥군
332000284,414,332000993,332000545,녹동터미널,용동,332,고흥군
332000285,414,332000993,332000545,녹동터미널,용동,332,고흥군
332000286,514,332000494,332001041,고흥터미널,갯마을승강장,332,고흥군
332000287,444,332000993,332000199,녹동터미널,은전,332,고흥군
332000288,41,332000200,332000238,은전,녹동터미널,332,고흥군
332000289,313,332000683,332000414,과역터미널,남열,332,고흥군
332000290,204,333000021,332000494,벌교터미널,고흥터미널,332,고흥군
332000291,135,332000494,332000726,고흥터미널,예회,332,고흥군
332000292,12,332000070,332000494,나로도공용터미널,고흥터미널,332,고흥군
332000293,600,332000494,332001094,고흥터미널,지죽종점,332,고흥군
332000294,532,332000279,332000494,금탑사,고흥터미널,332,고흥군
332000295,335,332000684,332000683,과역터미널,과역터미널,332,고흥군
332000296,357,332000684,332000771,과역터미널,외호,332,고흥군
332000297,12,332000119,332000494,갯마을승강장,고흥터미널,332,고흥군
332000298,2,332000799,332000683,장사,과역터미널,332,고흥군
332000299,0,332000113,332000183,발포리,도화버스정류장,332,고흥군
332000300,120,332000494,332000414,고흥터미널,남열,332,고흥군
332000301,103,332000052,332000051,금산,금산,332,고흥군
332000302,103,332000052,332000238,금산,녹동터미널,332,고흥군
332000303,103,332000993,332000238,녹동터미널,녹동터미널,332,고흥군
332000304,101,332000993,332001408,녹동터미널,오천,332,고흥군
332000305,101,332001405,332000238,오천,녹동터미널,332,고흥군
332000306,102,332000993,332001405,녹동터미널,오천,332,고흥군
332000307,102,332000993,332001405,녹동터미널,오천,332,고흥군
332000308,102,332000993,332001405,녹동터미널,오천,332,고흥군
332000309,102,332001408,332000238,오천,녹동터미널,332,고흥군
332000310,102,332001408,332000238,오천,녹동터미널,332,고흥군
332000311,102,332001408,332000051,오천,금산,332,고흥군
332000312,103,332000993,332000051,녹동터미널,금산,332,고흥군
332000313,430,332000993,332000238,녹동터미널,녹동터미널,332,고흥군
335000001,7-1,335000951,335000949,장흥시외버스터미널,장흥시외버스터미널,335,장흥군
335000002,7-2,335000951,335000949,장흥시외버스터미널,장흥시외버스터미널,335,장흥군
335000003,7-3,335000951,335000949,장흥시외버스터미널,장흥시외버스터미널,335,장흥군
335000004,7-4,335000951,335000451,장흥시외버스터미널,대덕공용버스터미널,335,장흥군
335000005,7-5,335000951,335000949,장흥시외버스터미널,장흥시외버스터미널,335,장흥군
335000006,2-1,335000953,335000949,대덕공용버스터미널,장흥시외버스터미널,335,장흥군
335000007,2-2,335000951,335000949,장흥시외버스터미널,장흥시외버스터미널,335,장흥군
335000008,2-3,335000951,335000949,장흥시외버스터미널,장흥시외버스터미널,335,장흥군
335000009,2-4,335000951,335000949,장흥시외버스터미널,장흥시외버스터미널,335,장흥군
335000010,2-5,335000951,335000949,장흥시외버스터미널,장흥시외버스터미널,335,장흥군
335000011,2-6,335000951,335000949,장흥시외버스터미널,장흥시외버스터미널,335,장흥군
335000012,2-7,335000951,335000949,장흥시외버스터미널,장흥시외버스터미널,335,장흥군
335000013,2-8,335000951,335000949,장흥시외버스터미널,장흥시외버스터미널,335,장흥군
335000014,3-1,335000951,335000949,장흥시외버스터미널,장흥시외버스터미널,335,장흥군
335000015,3-2,335000951,335000949,장흥시외버스터미널,장흥시외버스터미널,335,장흥군
335000018,3-5,335000951,335000949,장흥시외버스터미널,장흥시외버스터미널,335,장흥군
335000019,3-6,335000951,335000954,장흥시외버스터미널,관산버스터미널,335,장흥군
335000020,3-7,335000951,335000949,장흥시외버스터미널,장흥시외버스터미널,335,장흥군
335000021,4-1,335000951,335000949,장흥시외버스터미널,장흥시외버스터미널,335,장흥군
335000022,4-2,335000951,335000949,장흥시외버스터미널,장흥시외버스터미널,335,장흥군
335000023,4-3,335000951,335000949,장흥시외버스터미널,장흥시외버스터미널,335,장흥군
335000025,4-5,335000951,335000949,장흥시외버스터미널,장흥시외버스터미널,335,장흥군
335000026,4-6,335000951,335000949,장흥시외버스터미널,장흥시외버스터미널,335,장흥군
335000027,4-7,335000951,335000949,장흥시외버스터미널,장흥시외버스터미널,335,장흥군
335000029,5-1,335000951,335000949,장흥시외버스터미널,장흥시외버스터미널,335,장흥군
335000030,5-2,335000951,335000949,장흥시외버스터미널,장흥시외버스터미널,335,장흥군
335000032,5-4,335000951,335000949,장흥시외버스터미널,장흥시외버스터미널,335,장흥군
335000033,5-5,335000951,335000949,장흥시외버스터미널,장흥시외버스터미널,335,장흥군
335000034,5-6,335000951,335000451,장흥시외버스터미널,대덕공용버스터미널,335,장흥군
335000035,5-7,335000951,335000949,장흥시외버스터미널,장흥시외버스터미널,335,장흥군
335000036,5-8,335000951,335000949,장흥시외버스터미널,장흥시외버스터미널,335,장흥군
335000037,6-1,335000951,335000949,장흥시외버스터미널,장흥시외버스터미널,335,장흥군
335000038,6-2,335000951,335000949,장흥시외버스터미널,장흥시외버스터미널,335,장흥군
335000039,6-3,335000951,335000949,장흥시외버스터미널,장흥시외버스터미널,335,장흥군
335000040,6-4,335000951,335000949,장흥시외버스터미널,장흥시외버스터미널,335,장흥군
335000041,6-5,335000951,335000949,장흥시외버스터미널,장흥시외버스터미널,335,장흥군
335000043,6-7,335000951,335000949,장흥시외버스터미널,장흥시외버스터미널,335,장흥군
335000044,1-1,335000951,335000949,장흥시외버스터미널,장흥시외버스터미널,335,장흥군
335000045,1-2,335000951,335000949,장흥시외버스터미널,장흥시외버스터미널,335,장흥군
335000046,1-3,335000951,335000949,장흥시외버스터미널,장흥시외버스터미널,335,장흥군
335000047,1-4,335000951,335000949,장흥시외버스터미널,장흥시외버스터미널,335,장흥군
335000048,1-5,335000951,335000949,장흥시외버스터미널,장흥시외버스터미널,335,장흥군
335000049,1-6,335000951,335000451,장흥시외버스터미널,대덕공용버스터미널,335,장흥군
335000050,8-1,335000951,335000949,장흥시외버스터미널,장흥시외버스터미널,335,장흥군
335000052,8-3,335000951,335000949,장흥시외버스터미널,장흥시외버스터미널,335,장흥군
335000053,8-4,335000951,335000954,장흥시외버스터미널,관산버스터미널,335,장흥군
335000054,8-5,335000951,335000949,장흥시외버스터미널,장흥시외버스터미널,335,장흥군
335000055,8-6,335000951,335000949,장흥시외버스터미널,장흥시외버스터미널,335,장흥군
335000056,9-1,335000951,335000949,장흥시외버스터미널,장흥시외버스터미널,335,장흥군
335000057,9-2,335000951,335000949,장흥시외버스터미널,장흥시외버스터미널,335,장흥군
335000058,9-3,335000951,335000949,장흥시외버스터미널,장흥시외버스터미널,335,장흥군
335000060,9-5,335000951,335000949,장흥시외버스터미널,장흥시외버스터미널,335,장흥군
335000061,9-6,335000951,335000949,장흥시외버스터미널,장흥시외버스터미널,335,장흥군
335000062,9-7,335000951,335000949,장흥시외버스터미널,장흥시외버스터미널,335,장흥군
335000063,9-8,335000951,335000949,장흥시외버스터미널,장흥시외버스터미널,335,장흥군
335000064,9-9,335000951,335000949,장흥시외버스터미널,장흥시외버스터미널,335,장흥군
335000065,10-1,335000951,335000949,장흥시외버스터미널,장흥시외버스터미널,335,장흥군
335000066,10-2,335000951,335000949,장흥시외버스터미널,장흥시외버스터미널,335,장흥군
335000067,10-3,335000951,335000949,장흥시외버스터미널,장흥시외버스터미널,335,장흥군
335000069,10-5,335000951,335000949,장흥시외버스터미널,장흥시외버스터미널,335,장흥군
335000070,10-6,335000951,335000949,장흥시외버스터미널,장흥시외버스터미널,335,장흥군
335000071,10-7,335000951,335000949,장흥시외버스터미널,장흥시외버스터미널,335,장흥군
335000072,11-1,335000951,335000451,장흥시외버스터미널,대덕공용버스터미널,335,장흥군
335000073,11-2,335000951,335000949,장흥시외버스터미널,장흥시외버스터미널,335,장흥군
335000074,11-3,335000951,335000949,장흥시외버스터미널,장흥시외버스터미널,335,장흥군
335000075,11-4,335000951,335000949,장흥시외버스터미널,장흥시외버스터미널,335,장흥군
335000076,11-5,335000951,335000099,장흥시외버스터미널,회진,335,장흥군
335000077,11-6,335000951,335000949,장흥시외버스터미널,장흥시외버스터미널,335,장흥군
335000078,11-7,335000951,335000949,장흥시외버스터미널,장흥시외버스터미널,335,장흥군
335000080,13-1,335000513,335000954,관산버스터미널,관산버스터미널,335,장흥군
335000081,13-2,335000951,335000949,장흥시외버스터미널,장흥시외버스터미널,335,장흥군
335000082,13-3,335000951,335000949,장흥시외버스터미널,장흥시외버스터미널,335,장흥군
335000085,13-6,335000951,335000949,장흥시외버스터미널,장흥시외버스터미널,335,장흥군
335000086,14-1,335000951,335000949,장흥시외버스터미널,장흥시외버스터미널,335,장흥군
335000087,14-2,335000951,335000949,장흥시외버스터미널,장흥시외버스터미널,335,장흥군
335000088,14-3,335000951,335000949,장흥시외버스터미널,장흥시외버스터미널,335,장흥군
335000089,14-4,335000951,335000949,장흥시외버스터미널,장흥시외버스터미널,335,장흥군
335000090,14-5,335000951,335000954,장흥시외버스터미널,관산버스터미널,335,장흥군
335000091,14-6,335000951,335000949,장흥시외버스터미널,장흥시외버스터미널,335,장흥군
335000092,14-7,335000951,335000949,장흥시외버스터미널,장흥시외버스터미널,335,장흥군
335000093,15-1,335000951,335000954,장흥시외버스터미널,관산버스터미널,335,장흥군
335000094,15-2,335000951,335000949,장흥시외버스터미널,장흥시외버스터미널,335,장흥군
335000096,15-4,335000951,335000949,장흥시외버스터미널,장흥시외버스터미널,335,장흥군
335000097,16-1,335000951,335000579,장흥시외버스터미널,용산,335,장흥군
335000098,16-2,335000951,335000949,장흥시외버스터미널,장흥시외버스터미널,335,장흥군
335000099,16-3,335000951,335000949,장흥시외버스터미널,장흥시외버스터미널,335,장흥군
335000100,16-4,335000951,335000949,장흥시외버스터미널,장흥시외버스터미널,335,장흥군
335000101,16-5,335000951,335000954,장흥시외버스터미널,관산버스터미널,335,장흥군
335000103,16-7,335000951,335000949,장흥시외버스터미널,장흥시외버스터미널,335,장흥군
335000104,16-8,335000951,335000949,장흥시외버스터미널,장흥시외버스터미널,335,장흥군
335000105,17-1,335000951,335000949,장흥시외버스터미널,장흥시외버스터미널,335,장흥군
335000107,17-3,335000951,335000949,장흥시외버스터미널,장흥시외버스터미널,335,장흥군
335000108,17-4,335000951,335000949,장흥시외버스터미널,장흥시외버스터미널,335,장흥군
335000110,17-6,335000951,335000949,장흥시외버스터미널,장흥시외버스터미널,335,장흥군
335000111,17-7,335000951,335000949,장흥시외버스터미널,장흥시외버스터미널,335,장흥군
335000113,19-2,335000951,335000949,장흥시외버스터미널,장흥시외버스터미널,335,장흥군
335000114,19-3,335000951,335000949,장흥시외버스터미널,장흥시외버스터미널,335,장흥군
335000115,19-4,335000951,335000949,장흥시외버스터미널,장흥시외버스터미널,335,장흥군
335000116,19-5,335000951,335000949,장흥시외버스터미널,장흥시외버스터미널,335,장흥군
335000117,19-6,335000951,335000949,장흥시외버스터미널,장흥시외버스터미널,335,장흥군
335000118,19-7,335000951,335000949,장흥시외버스터미널,장흥시외버스터미널,335,장흥군
335000119,19-8,335000951,335000949,장흥시외버스터미널,장흥시외버스터미널,335,장흥군
335000120,19-9,335000951,335000949,장흥시외버스터미널,장흥시외버스터미널,335,장흥군
335000121,20-1,335000951,336000109,장흥시외버스터미널,마량버스여객터미널,335,장흥군
335000122,20-2,335000951,335000949,장흥시외버스터미널,장흥시외버스터미널,335,장흥군
335000123,20-3,335000951,335000954,장흥시외버스터미널,관산버스터미널,335,장흥군
335000124,21-1,335000951,335000949,장흥시외버스터미널,장흥시외버스터미널,335,장흥군
335000125,21-2,335000951,335000949,장흥시외버스터미널,장흥시외버스터미널,335,장흥군
335000126,21-3,335000951,335000954,장흥시외버스터미널,관산버스터미널,335,장흥군
335000129,21-6,335000951,335000949,장흥시외버스터미널,장흥시외버스터미널,335,장흥군
335000131,21-8,335000951,335000949,장흥시외버스터미널,장흥시외버스터미널,335,장흥군
335000132,22-1,335000951,336000109,장흥시외버스터미널,마량버스여객터미널,335,장흥군
335000133,22-2,335000951,335000949,장흥시외버스터미널,장흥시외버스터미널,335,장흥군
335000134,22-3,335000951,335000949,장흥시외버스터미널,장흥시외버스터미널,335,장흥군
335000135,22-4,335000951,335000949,장흥시외버스터미널,장흥시외버스터미널,335,장흥군
335000136,14-51,335000513,335000949,관산버스터미널,장흥시외버스터미널,335,장흥군
335000137,15-12,335000513,335000451,관산버스터미널,대덕공용버스터미널,335,장흥군
335000138,15-13,335000953,335000451,대덕공용버스터미널,대덕공용버스터미널,335,장흥군
335000139,15-14,335000953,335000451,대덕공용버스터미널,대덕공용버스터미널,335,장흥군
335000140,15-15,335000953,335000949,대덕공용버스터미널,장흥시외버스터미널,335,장흥군
335000141,1-61,335000953,335000949,대덕공용버스터미널,장흥시외버스터미널,335,장흥군
335000142,3-61,335000513,335000949,관산버스터미널,장흥시외버스터미널,335,장흥군
335000143,5-61,335000953,335000949,대덕공용버스터미널,장흥시외버스터미널,335,장흥군
335000144,7-12,335000953,335000451,대덕공용버스터미널,대덕공용버스터미널,335,장흥군
335000145,7-13,335000953,335000949,대덕공용버스터미널,장흥시외버스터미널,335,장흥군
335000146,7-43,335000953,335000949,대덕공용버스터미널,장흥시외버스터미널,335,장흥군
335000147,8-42,335000513,335000954,관산버스터미널,관산버스터미널,335,장흥군
335000148,8-43,335000513,335000949,관산버스터미널,장흥시외버스터미널,335,장흥군
335000149,11-52,335000097,335000949,회진,장흥시외버스터미널,335,장흥군
335000150,13-12,335000513,335000949,관산버스터미널,장흥시외버스터미널,335,장흥군
335000151,16-12,335000579,335000949,용산,장흥시외버스터미널,335,장흥군
335000152,16-52,335000513,335000954,관산버스터미널,관산버스터미널,335,장흥군
335000153,16-53,335000513,335000949,관산버스터미널,장흥시외버스터미널,335,장흥군
335000154,20-12,336000759,335000949,마량버스여객터미널,장흥시외버스터미널,335,장흥군
335000155,20-32,335000513,335000949,관산버스터미널,장흥시외버스터미널,335,장흥군
335000156,21-31,335000513,335000949,관산버스터미널,장흥시외버스터미널,335,장흥군
335000157,22-12,336000759,335000949,마량버스여객터미널,장흥시외버스터미널,335,장흥군
337000001,158,337000262,337001259,해남종합버스터미널,초송,337,해남군
337000002,155,337001259,337000864,초송,해남종합버스터미널,337,해남군
337000003,157,337000262,337001259,해남종합버스터미널,초송,337,해남군
337000004,159,337001259,337000864,초송,해남종합버스터미널,337,해남군
337000005,752,337000262,337000864,해남종합버스터미널,해남종합버스터미널,337,해남군
337000006,721,337000262,337000864,해남종합버스터미널,해남종합버스터미널,337,해남군
337000007,732,337000262,337000450,해남종합버스터미널,내동,337,해남군
337000008,725,337000262,337000864,해남종합버스터미널,해남종합버스터미널,337,해남군
337000009,732,337000262,337000864,해남종합버스터미널,해남종합버스터미널,337,해남군
337000010,505,337000262,337000864,해남종합버스터미널,해남종합버스터미널,337,해남군
337000011,308-7,337000434,337000864,내동,해남종합버스터미널,337,해남군
337000012,2,337000434,337000864,내동,해남종합버스터미널,337,해남군
337000013,2,337000434,337000864,내동,해남종합버스터미널,337,해남군
337000014,533,337000262,337000864,해남종합버스터미널,해남종합버스터미널,337,해남군
337000015,562,337000262,338000004,해남종합버스터미널,독천터미널,337,해남군
337000016,560,337000262,337000864,해남종합버스터미널,해남종합버스터미널,337,해남군
337000017,558,337000262,337000864,해남종합버스터미널,해남종합버스터미널,337,해남군
337000018,365,337000588,337000045,우수영,하리,337,해남군
337000019,555,338000016,337000864,독천터미널,해남종합버스터미널,337,해남군
337000020,218,337000262,337000142,해남종합버스터미널,덕흥리,337,해남군
337000021,557,338000016,337000864,독천터미널,해남종합버스터미널,337,해남군
337000022,560,337000262,337000864,해남종합버스터미널,해남종합버스터미널,337,해남군
337000023,702,337000262,337000387,해남종합버스터미널,장춘승강장,337,해남군
337000024,700,337000262,337000864,해남종합버스터미널,해남종합버스터미널,337,해남군
337000025,710,337000262,337000864,해남종합버스터미널,해남종합버스터미널,337,해남군
337000026,702,337000262,337000864,해남종합버스터미널,해남종합버스터미널,337,해남군
337000027,711,337000717,337000864,장춘승강장,해남종합버스터미널,337,해남군
337000028,703,337000717,337000864,장춘승강장,해남종합버스터미널,337,해남군
337000029,705,337000717,337000864,장춘승강장,해남종합버스터미널,337,해남군
337000030,136,337000262,337000864,해남종합버스터미널,해남종합버스터미널,337,해남군
337000031,371-1,337000262,337000257,해남종합버스터미널,황조,337,해남군
337000032,137,337000262,337000864,해남종합버스터미널,해남종합버스터미널,337,해남군
337000033,137,337000262,337000864,해남종합버스터미널,해남종합버스터미널,337,해남군
337000034,371-2,337000118,337000864,황조,해남종합버스터미널,337,해남군
337000035,532,337000262,337000864,해남종합버스터미널,해남종합버스터미널,337,해남군
337000036,129,337000384,337000864,잠두,해남종합버스터미널,337,해남군
337000037,216,337000262,337000864,해남종합버스터미널,해남종합버스터미널,337,해남군
337000038,216,337000262,337000864,해남종합버스터미널,해남종합버스터미널,337,해남군
337000039,100-2,337000262,337000147,해남종합버스터미널,백포,337,해남군
337000040,265,337000262,337001213,해남종합버스터미널,산정정류소,337,해남군
337000041,310,337000262,337000864,해남종합버스터미널,해남종합버스터미널,337,해남군
337000042,109,337000262,337000864,해남종합버스터미널,해남종합버스터미널,337,해남군
337000043,109,337000262,337000864,해남종합버스터미널,해남종합버스터미널,337,해남군
337000044,290,337000262,337000864,해남종합버스터미널,해남종합버스터미널,337,해남군
337000045,281,337000262,337000196,해남종합버스터미널,사구미,337,해남군
337000046,210,337000262,337000864,해남종합버스터미널,해남종합버스터미널,337,해남군
337000047,106,337000262,337000864,해남종합버스터미널,해남종합버스터미널,337,해남군
337000048,118,337000262,337000864,해남종합버스터미널,해남종합버스터미널,337,해남군
337000049,107,337000262,337000864,해남종합버스터미널,해남종합버스터미널,337,해남군
337000050,707,337000262,337000864,해남종합버스터미널,해남종합버스터미널,337,해남군
337000051,716,337000262,337000864,해남종합버스터미널,해남종합버스터미널,337,해남군
337000052,119,337000262,337000864,해남종합버스터미널,해남종합버스터미널,337,해남군
337000053,198,337000262,337000735,해남종합버스터미널,화산면사무소,337,해남군
337000054,501,337000262,337000864,해남종합버스터미널,해남종합버스터미널,337,해남군
337000055,516,337000262,337000864,해남종합버스터미널,해남종합버스터미널,337,해남군
337000056,506,337000262,337000864,해남종합버스터미널,해남종합버스터미널,337,해남군
337000057,502,337000262,337000864,해남종합버스터미널,해남종합버스터미널,337,해남군
337000058,515,337000262,337000864,해남종합버스터미널,해남종합버스터미널,337,해남군
337000059,133,337000262,337000864,해남종합버스터미널,해남종합버스터미널,337,해남군
337000060,507,337000262,337000864,해남종합버스터미널,해남종합버스터미널,337,해남군
337000061,135,337000262,337000864,해남종합버스터미널,해남종합버스터미널,337,해남군
337000062,500,337000262,337000864,해남종합버스터미널,해남종합버스터미널,337,해남군
337000063,708,337000262,337000864,해남종합버스터미널,해남종합버스터미널,337,해남군
337000064,521,337000262,337000864,해남종합버스터미널,해남종합버스터미널,337,해남군
337000065,519,337000262,337000864,해남종합버스터미널,해남종합버스터미널,337,해남군
337000066,511,337000262,337000864,해남종합버스터미널,해남종합버스터미널,337,해남군
337000067,520,337000262,337000864,해남종합버스터미널,해남종합버스터미널,337,해남군
337000068,522,337000262,337000864,해남종합버스터미널,해남종합버스터미널,337,해남군
337000069,100,337000262,337000864,해남종합버스터미널,해남종합버스터미널,337,해남군
337000070,105,337000262,337000864,해남종합버스터미널,해남종합버스터미널,337,해남군
337000071,359,337000374,337000864,부호,해남종합버스터미널,337,해남군
337000072,185,337000500,337000864,송계,해남종합버스터미널,337,해남군
337000073,330,337000262,337000353,해남종합버스터미널,하리,337,해남군
337000074,331,337000262,337000353,해남종합버스터미널,하리,337,해남군
337000075,130,337000262,324000002,해남종합버스터미널,목포버스터미널,337,해남군
337000076,131,337000262,324000002,해남종합버스터미널,목포버스터미널,337,해남군
337000077,332,337000353,337000864,하리,해남종합버스터미널,337,해남군
337000078,333,337000353,337000864,하리,해남종합버스터미널,337,해남군
337000079,132,324000002,337000864,목포버스터미널,해남종합버스터미널,337,해남군
337000080,133,324000002,337000864,목포버스터미널,해남종합버스터미널,337,해남군
337000081,281,337000262,337000955,해남종합버스터미널,영전,337,해남군
337000082,290,337000262,337000876,해남종합버스터미널,사구미,337,해남군
337000083,105-2,337000262,337000876,해남종합버스터미널,사구미,337,해남군
337000084,282,337000876,337000864,사구미,해남종합버스터미널,337,해남군
337000085,281,337000262,337000864,해남종합버스터미널,해남종합버스터미널,337,해남군
337000086,285,337000196,337000864,사구미,해남종합버스터미널,337,해남군
337000087,5,337000876,337001213,사구미,산정정류소,337,해남군
337000088,291,337000955,337000565,영전,좌일,337,해남군
337000089,233,337000262,337000864,해남종합버스터미널,해남종합버스터미널,337,해남군
337000090,263,337000262,337001213,해남종합버스터미널,산정정류소,337,해남군
337000091,233,337000262,337000864,해남종합버스터미널,해남종합버스터미널,337,해남군
337000092,233,337000262,337001213,해남종합버스터미널,산정정류소,337,해남군
337000093,260,337001213,337001199,산정정류소,월송자동차여객터미널,337,해남군
337000094,256,337001213,337000864,산정정류소,해남종합버스터미널,337,해남군
337000095,255,337000068,337000864,내장마을,해남종합버스터미널,337,해남군
337000096,250,337000769,337000864,송호리,해남종합버스터미널,337,해남군
337000097,393,337000262,337000139,해남종합버스터미널,송계,337,해남군
337000098,202,337000262,337000864,해남종합버스터미널,해남종합버스터미널,337,해남군
337000099,205,337000262,337001188,해남종합버스터미널,평호리,337,해남군
337000100,182,337000500,337000864,송계,해남종합버스터미널,337,해남군
337000101,393-4,337000500,337000864,송계,해남종합버스터미널,337,해남군
337000102,205,337000262,337000864,해남종합버스터미널,해남종합버스터미널,337,해남군
337000103,120,337000262,337000864,해남종합버스터미널,해남종합버스터미널,337,해남군
337000104,526,337000262,337000864,해남종합버스터미널,해남종합버스터미널,337,해남군
337000105,539,337000262,337000937,해남종합버스터미널,성전버스터미널,337,해남군
337000106,551,337000262,337000937,해남종합버스터미널,성전버스터미널,337,해남군
337000107,525,337000262,337000864,해남종합버스터미널,해남종합버스터미널,337,해남군
337000108,2,337000876,337000864,사구미,해남종합버스터미널,337,해남군
337000109,531,337000551,337000864,성전버스터미널,해남종합버스터미널,337,해남군
337000110,530,337000551,337000864,성전버스터미널,해남종합버스터미널,337,해남군
337000111,538,337000262,337000864,해남종합버스터미널,해남종합버스터미널,337,해남군
337000112,551,337000262,337000937,해남종합버스터미널,성전버스터미널,337,해남군
337000113,188,337000262,337001189,해남종합버스터미널,중정마을,337,해남군
337000114,190,337000262,337000139,해남종합버스터미널,송계,337,해남군
337000115,183,337000262,337001189,해남종합버스터미널,중정마을,337,해남군
337000116,189,337001190,337000864,중정마을,해남종합버스터미널,337,해남군
337000117,191,337000500,337000864,송계,해남종합버스터미널,337,해남군
337000118,195,337001190,337000864,중정마을,해남종합버스터미널,337,해남군
337000119,197,337001190,337000864,중정마을,해남종합버스터미널,337,해남군
337000120,196,337000500,337000864,송계,해남종합버스터미널,337,해남군
337000121,218,337000262,337000393,해남종합버스터미널,조산,337,해남군
337000122,221,337000263,337000864,조산,해남종합버스터미널,337,해남군
337000123,290,337000262,337000176,해남종합버스터미널,영전,337,해남군
337000124,288,337000262,337000864,해남종합버스터미널,해남종합버스터미널,337,해남군
337000125,287,337000955,337000864,영전,해남종합버스터미널,337,해남군
337000126,297,337000262,337000864,해남종합버스터미널,해남종합버스터미널,337,해남군
337000127,286,337000262,337000864,해남종합버스터미널,해남종합버스터미널,337,해남군
337000128,103,337000955,337000864,영전,해남종합버스터미널,337,해남군
337000129,288,337000262,337000864,해남종합버스터미널,해남종합버스터미널,337,해남군
337000130,300,337000262,337000864,해남종합버스터미널,해남종합버스터미널,337,해남군
337000131,308,337000262,337000864,해남종합버스터미널,해남종합버스터미널,337,해남군
337000132,302,337000262,337000864,해남종합버스터미널,해남종합버스터미널,337,해남군
337000133,308,337000262,337000864,해남종합버스터미널,해남종합버스터미널,337,해남군
337000134,110,337001285,337000864,징의리,해남종합버스터미널,337,해남군
337000135,308,337000262,337000864,해남종합버스터미널,해남종합버스터미널,337,해남군
337000136,301,337001285,337000864,징의리,해남종합버스터미널,337,해남군
337000137,336,337000262,337000045,해남종합버스터미널,하리,337,해남군
337000138,359,337000353,337000864,하리,해남종합버스터미널,337,해남군
337000139,373,337000353,337000864,하리,해남종합버스터미널,337,해남군
337000140,337,337000353,337000864,하리,해남종합버스터미널,337,해남군
337000141,372,337000353,337000864,하리,해남종합버스터미널,337,해남군
337000142,335,337000262,337000045,해남종합버스터미널,하리,337,해남군
337000143,358,337000262,337000045,해남종합버스터미널,하리,337,해남군
337000145,501,337000262,337000177,해남종합버스터미널,남성,337,해남군
337000146,295,337000956,337000864,남성,해남종합버스터미널,337,해남군
337000147,126,337000262,337000864,해남종합버스터미널,해남종합버스터미널,337,해남군
337000148,125,337000262,337000864,해남종합버스터미널,해남종합버스터미널,337,해남군
337000149,115,337000262,337000864,해남종합버스터미널,해남종합버스터미널,337,해남군
337000150,126,337000160,337000864,당두,해남종합버스터미널,337,해남군
337000151,128,337000160,337000864,당두,해남종합버스터미널,337,해남군
337000152,313,337000262,337000483,해남종합버스터미널,우수영,337,해남군
337000153,316,337000262,337001356,해남종합버스터미널,임하,337,해남군
337000154,315,337001246,337000864,임하,해남종합버스터미널,337,해남군
337000155,315,337000483,337000864,우수영,해남종합버스터미널,337,해남군
337000156,315,337001246,337000864,임하,해남종합버스터미널,337,해남군
337000157,151,337000262,337000634,해남종합버스터미널,산두,337,해남군
337000158,161,337000262,337000634,해남종합버스터미널,산두,337,해남군
337000159,156,337000634,337000864,산두,해남종합버스터미널,337,해남군
337000160,153,337000634,337000864,산두,해남종합버스터미널,337,해남군
337000161,723,337000262,337000213,해남종합버스터미널,남창버스터미널,337,해남군
337000162,728,337000262,337000864,해남종합버스터미널,해남종합버스터미널,337,해남군
337000163,729,337000135,337000864,남창,해남종합버스터미널,337,해남군
337000164,151,337000262,337000864,해남종합버스터미널,해남종합버스터미널,337,해남군
337000165,269,337000262,337000132,해남종합버스터미널,박정승강장,337,해남군
337000166,267,337000262,337000132,해남종합버스터미널,박정승강장,337,해남군
337000167,280,337000348,337000864,박정승강장,해남종합버스터미널,337,해남군
337000168,279,337000348,337000864,박정승강장,해남종합버스터미널,337,해남군
337000169,143,337000262,337000302,해남종합버스터미널,송평,337,해남군
337000170,143-1,337000302,337000864,송평,해남종합버스터미널,337,해남군
337000171,219,337000262,337000864,해남종합버스터미널,해남종합버스터미널,337,해남군
337000172,2,337000828,337000864,덕흥리,해남종합버스터미널,337,해남군
337000173,351,337000045,337000353,하리,하리,337,해남군
337000174,362,337000353,337000483,하리,우수영,337,해남군
337000175,350,337000045,337000353,하리,하리,337,해남군
337000176,350,337000045,337000353,하리,하리,337,해남군
337000177,371,337000353,337000045,하리,하리,337,해남군
337000178,371,337000353,337000045,하리,하리,337,해남군
337000179,375,337000045,337000353,하리,하리,337,해남군
337000180,371,337000353,337000045,하리,하리,337,해남군
337000181,346,337000353,337000045,하리,하리,337,해남군
337000182,347,337000353,337000045,하리,하리,337,해남군
337000183,357,337000353,337000045,하리,하리,337,해남군
337000184,339,337000353,337000045,하리,하리,337,해남군
337000185,350,337000045,337000353,하리,하리,337,해남군
337000186,310,337000262,337000478,해남종합버스터미널,매부리,337,해남군
337000187,391-1,337000262,337000478,해남종합버스터미널,매부리,337,해남군
337000188,312,337001002,337000864,매부리,해남종합버스터미널,337,해남군
337000189,391-1,337001002,337000864,매부리,해남종합버스터미널,337,해남군
337000190,301,337000262,337000388,해남종합버스터미널,내장마을,337,해남군
337000191,258,337001193,337001212,월송,산정정류소,337,해남군
337000192,369,337000353,337000483,하리,우수영,337,해남군
337000193,377,337000588,337000045,우수영,하리,337,해남군
337000194,293,337000262,337000177,해남종합버스터미널,남성,337,해남군
337000195,312,337001002,337000478,매부리,매부리,337,해남군
337000196,322,337000262,337000588,해남종합버스터미널,우수영,337,해남군
337000197,323,337000483,337000864,우수영,해남종합버스터미널,337,해남군
337000198,310,337000262,337000478,해남종합버스터미널,매부리,337,해남군
337000201,370,337000353,337000045,하리,하리,337,해남군
337000202,533,337000262,338000004,해남종합버스터미널,독천터미널,337,해남군
337000203,281,337000262,337000864,해남종합버스터미널,해남종합버스터미널,337,해남군
337000205,281,337000262,337000864,해남종합버스터미널,해남종합버스터미널,337,해남군
337000206,288,337000262,337000876,해남종합버스터미널,사구미,337,해남군
337000207,2,337000876,337000864,사구미,해남종합버스터미널,337,해남군
337000208,2,337000876,337000864,사구미,해남종합버스터미널,337,해남군
337000209,221,337000828,337000864,덕흥리,해남종합버스터미널,337,해남군
337000210,2,337000955,337000864,영전,해남종합버스터미널,337,해남군
337000211,750,337000181,337000864,좌일,해남종합버스터미널,337,해남군
337000212,233,337000262,337000388,해남종합버스터미널,내장마을,337,해남군
337000213,515,337000262,337000864,해남종합버스터미널,해남종합버스터미널,337,해남군
337000214,550,337000551,337000864,성전버스터미널,해남종합버스터미널,337,해남군
337000215,367,337000588,337000045,우수영,하리,337,해남군
337000216,336,337000262,337000864,해남종합버스터미널,해남종합버스터미널,337,해남군
337000217,338,337000353,337000864,하리,해남종합버스터미널,337,해남군
337000220,139,337000262,337001133,해남종합버스터미널,상공리,337,해남군
337000221,2,337001134,337000864,상공리,해남종합버스터미널,337,해남군
337000222,253,337001213,337000388,산정정류소,내장마을,337,해남군
337000223,253,337001212,337000388,산정정류소,내장마을,337,해남군
337000224,259,337001212,337001213,산정정류소,산정정류소,337,해남군
337000225,255,337000068,337001213,내장마을,산정정류소,337,해남군
337000226,255,337000068,337001213,내장마을,산정정류소,337,해남군
337000227,255,337001213,337000864,산정정류소,해남종합버스터미널,337,해남군
337000228,251,337001213,337000864,산정정류소,해남종합버스터미널,337,해남군
337000229,237,337000068,337001212,내장마을,산정정류소,337,해남군
337000230,252,337001213,337000324,산정정류소,송호리,337,해남군
337000231,252,337001213,337001213,산정정류소,산정정류소,337,해남군
337000232,192,337000262,337000139,해남종합버스터미널,송계,337,해남군
337000233,187,337000092,337000864,화산면사무소,해남종합버스터미널,337,해남군
337000234,298,337000956,337000565,남성,좌일,337,해남군
337000235,311,337001002,337001349,매부리,징의리,337,해남군
337000236,193,337000262,337001189,해남종합버스터미널,중정마을,337,해남군
337000237,186,337000262,337000139,해남종합버스터미널,송계,337,해남군
337000238,239,337000262,337001212,해남종합버스터미널,산정정류소,337,해남군
337000239,158,337000262,337001259,해남종합버스터미널,초송,337,해남군
337000255,558,337000262,337000864,해남종합버스터미널,해남종합버스터미널,337,해남군
337000280,109,337000262,337000864,해남종합버스터미널,해남종합버스터미널,337,해남군
337000281,109,337000262,337000864,해남종합버스터미널,해남종합버스터미널,337,해남군
337000286,118,337000262,337000864,해남종합버스터미널,해남종합버스터미널,337,해남군
337000295,502,337000262,337000864,해남종합버스터미널,해남종합버스터미널,337,해남군
337000328,263,337000262,337001213,해남종합버스터미널,산정정류소,337,해남군
337000346,2,337000876,337000864,사구미,해남종합버스터미널,337,해남군
337000350,551,337000262,337000937,해남종합버스터미널,성전버스터미널,337,해남군
337000376,359,337000353,337000864,하리,해남종합버스터미널,337,해남군
337000378,337,337000353,337000864,하리,해남종합버스터미널,337,해남군
337000385,126,337000262,337000864,해남종합버스터미널,해남종합버스터미널,337,해남군
337000386,125,337000262,337000864,해남종합버스터미널,해남종합버스터미널,337,해남군
337000388,126,337000160,337000864,당두,해남종합버스터미널,337,해남군
337000435,323,337000483,337000864,우수영,해남종합버스터미널,337,해남군
337000439,370,337000353,337000045,하리,하리,337,해남군
337000444,288,337000262,337000876,해남종합버스터미널,사구미,337,해남군
337000448,2,337000955,337000864,영전,해남종합버스터미널,337,해남군
337000451,515,337000262,337000864,해남종합버스터미널,해남종합버스터미널,337,해남군
337000452,550,337000551,337000864,성전버스터미널,해남종합버스터미널,337,해남군
337000455,338,337000353,337000864,하리,해남종합버스터미널,337,해남군
337000466,251,337001213,337000864,산정정류소,해남종합버스터미널,337,해남군
338000001,101,338000701,338000700,영암터미널,영암터미널,338,영암군
338000002,102,338000701,338000700,영암터미널,영암터미널,338,영암군
338000003,103,338000701,338000470,영암터미널,백운동마을,338,영암군
338000004,104,338000701,338000004,영암터미널,독천터미널,338,영암군
338000005,105,338000016,338000004,독천터미널,독천터미널,338,영암군
338000006,105,338000016,338000004,독천터미널,독천터미널,338,영암군
338000007,106,338000016,338000004,독천터미널,독천터미널,338,영암군
338000008,107,338000701,338000004,영암터미널,독천터미널,338,영암군
338000009,108,338000701,338000307,영암터미널,금정(용흥),338,영암군
338000010,109,338000701,338000362,영암터미널,시종터미널,338,영암군
338000011,110,338000365,327000057,시종버스터미널,영산포터미널,338,영암군
338000013,112,338000365,327000057,시종버스터미널,영산포터미널,338,영암군
338000014,113,338000365,327000057,시종버스터미널,영산포터미널,338,영암군
338000015,114,338000365,327000057,시종버스터미널,영산포터미널,338,영암군
338000016,115,338000365,338000803,시종버스터미널,중계마을,338,영암군
338000017,116,338000701,338000700,영암터미널,영암터미널,338,영암군
338000018,117,338000701,338000744,영암터미널,신북터미널,338,영암군
338000019,118,338000701,338000910,영암터미널,신북터미널,338,영암군
338000020,118,338000701,338000910,영암터미널,신북터미널,338,영암군
338000021,119,338000743,338000362,신북터미널,시종터미널,338,영암군
338000022,120,338000743,338000362,신북터미널,시종터미널,338,영암군
338000023,121,338000743,338000362,신북터미널,시종터미널,338,영암군
338000024,122,338000701,338000653,영암터미널,도포보건소,338,영암군
338000025,123,338000658,338000838,영암서리등,영암학림마을,338,영암군
338000026,124,338000659,338000744,영암서리등,신북터미널,338,영암군
338000027,125,338000701,338000838,영암터미널,영암학림마을,338,영암군
338000028,126,338000701,338000700,영암터미널,영암터미널,338,영암군
338000029,126,338000701,338000700,영암터미널,영암터미널,338,영암군
338000030,127,338000701,338000700,영암터미널,영암터미널,338,영암군
338000031,127,338000701,338000412,영암터미널,둔덕,338,영암군
338000032,128,338000701,338000700,영암터미널,영암터미널,338,영암군
338000033,128,338000701,338000700,영암터미널,영암터미널,338,영암군
338000034,129,338000365,338000362,시종버스터미널,시종터미널,338,영암군
338000035,130,338000016,338000004,독천터미널,독천터미널,338,영암군
338000036,131,338000016,338000004,독천터미널,독천터미널,338,영암군
338000037,132,338000016,338000004,독천터미널,독천터미널,338,영암군
338000038,133,338000016,338000004,독천터미널,독천터미널,338,영암군
338000039,134,338000016,338000004,독천터미널,독천터미널,338,영암군
338000040,135,338000016,338000004,독천터미널,독천터미널,338,영암군
338000041,136,338000836,338000470,백운동마을,백운동마을,338,영암군
338000042,137,338000016,338000470,독천터미널,백운동마을,338,영암군
338000043,137,338000016,338000470,독천터미널,백운동마을,338,영암군
338000044,138,338000701,338000700,영암터미널,영암터미널,338,영암군
338000045,201,338000365,338000362,시종버스터미널,시종터미널,338,영암군
338000046,202,338000365,338000362,시종버스터미널,시종터미널,338,영암군
338000047,203,338000365,338000362,시종버스터미널,시종터미널,338,영암군
338000048,204,338000365,338000362,시종버스터미널,시종터미널,338,영암군
338000049,205,338000365,338000362,시종버스터미널,시종터미널,338,영암군
338000050,206,338000743,338000744,신북터미널,신북터미널,338,영암군
338000051,207,338000743,338000910,신북터미널,신북터미널,338,영암군
338000052,208,338000743,338000910,신북터미널,신북터미널,338,영암군
338000053,209,338000743,338000744,신북터미널,신북터미널,338,영암군
338000054,210,338000743,338000744,신북터미널,신북터미널,338,영암군
338000055,210,338000743,338000744,신북터미널,신북터미널,338,영암군
338000056,211,338000743,338000910,신북터미널,신북터미널,338,영암군
338000057,212,338000016,338000004,독천터미널,독천터미널,338,영암군
338000058,213,338000016,338000004,독천터미널,독천터미널,338,영암군
338000059,131,338000016,338000004,독천터미널,독천터미널,338,영암군
338000060,215,338000307,338000308,금정(용흥),금정(용흥),338,영암군
338000061,216,338000307,338000308,금정(용흥),금정(용흥),338,영암군
338000062,217,338000308,338000307,금정(용흥),금정(용흥),338,영암군
338000063,218,338000309,338000310,금정면사무소,금정면사무소,338,영암군
338000064,219,338000308,338000307,금정(용흥),금정(용흥),338,영암군
338000065,220,338000307,338000308,금정(용흥),금정(용흥),338,영암군
338000066,221,338000307,338000308,금정(용흥),금정(용흥),338,영암군
338000067,222,338000701,338000700,영암터미널,영암터미널,338,영암군
338000068,222,338000701,338000700,영암터미널,영암터미널,338,영암군
338000070,223,338000701,338000700,영암터미널,영암터미널,338,영암군
338000071,224,338000701,338000700,영암터미널,영암터미널,338,영암군
338000072,225,338000701,338000700,영암터미널,영암터미널,338,영암군
338000073,226,338000701,338000700,영암터미널,영암터미널,338,영암군
338000074,227,338000701,338000700,영암터미널,영암터미널,338,영암군
338000075,227,338000701,338000700,영암터미널,영암터미널,338,영암군
338000076,228,338000701,338000700,영암터미널,영암터미널,338,영암군
338000077,229,338000701,338000700,영암터미널,영암터미널,338,영암군
338000078,230,338000365,338000362,시종버스터미널,시종터미널,338,영암군
338000079,231,338000743,338000310,신북터미널,금정면사무소,338,영암군
338000080,230,338000365,338000362,시종버스터미널,시종터미널,338,영암군
338000081,110,338000365,327000057,시종버스터미널,영산포터미널,338,영암군
338000082,111,338000365,327000057,시종버스터미널,영산포터미널,338,영암군
338000083,113,338000365,327000057,시종버스터미널,영산포터미널,338,영암군
338000084,128,338000701,338000700,영암터미널,영암터미널,338,영암군
338000085,132,338000016,338000004,독천터미널,독천터미널,338,영암군
338000086,207,338000743,338000910,신북터미널,신북터미널,338,영암군
338000087,222,338000701,338000700,영암터미널,영암터미널,338,영암군
338000088,223,338000701,338000700,영암터미널,영암터미널,338,영암군
338000090,108,338000701,338000307,영암터미널,금정(용흥),338,영암군
338000091,201,338000365,338000362,시종버스터미널,시종터미널,338,영암군
338000092,218,338000309,338000310,금정면사무소,금정면사무소,338,영암군
338000093,103,338000836,338000700,백운동마을,영암터미널,338,영암군
338000094,104,338000016,338000700,독천터미널,영암터미널,338,영암군
338000095,107,338000016,338000700,독천터미널,영암터미널,338,영암군
338000096,108,338000308,338000700,금정(용흥),영암터미널,338,영암군
338000097,109,338000365,338000700,시종버스터미널,영암터미널,338,영암군
338000098,110,327000092,338000362,나주터미널,시종터미널,338,영암군
338000099,110,327000056,338000362,영산포터미널,시종터미널,338,영암군
338000100,111,327000092,338000362,나주터미널,시종터미널,338,영암군
338000102,112,327000056,338000362,영산포터미널,시종터미널,338,영암군
338000103,113,327000092,338000362,나주터미널,시종터미널,338,영암군
338000105,114,327000092,338000362,나주터미널,시종터미널,338,영암군
338000106,115,338000804,338000362,중계마을,시종터미널,338,영암군
338000107,117,338000912,338000700,신북터미널,영암터미널,338,영암군
338000108,119,338000365,338000910,시종버스터미널,신북터미널,338,영암군
338000110,121,338000365,338000910,시종버스터미널,신북터미널,338,영암군
338000111,122,338000652,338000700,도포보건소,영암터미널,338,영암군
338000112,123,338000461,338000657,영암학림마을,영암서리등,338,영암군
338000113,124,338000743,338000660,신북터미널,영암서리등,338,영암군
338000114,125,338000461,338000700,영암학림마을,영암터미널,338,영암군
338000117,231,338000309,338000744,금정면사무소,신북터미널,338,영암군
338000119,105,338000016,338000004,독천터미널,독천터미널,338,영암군
338000120,105,338000016,338000004,독천터미널,독천터미널,338,영암군
338000121,105,338000016,338000004,독천터미널,독천터미널,338,영암군
338000122,137,338000836,338000004,백운동마을,독천터미널,338,영암군
338000123,137,338000836,338000004,백운동마을,독천터미널,338,영암군
338000125,127,338000911,338000700,월출산국립공원,영암터미널,338,영암군
338000130,130,338000042,338000004,녹암,독천터미널,338,영암군
338000131,224,338000701,338000700,영암터미널,영암터미널,338,영암군
338000132,225,338000701,338000700,영암터미널,영암터미널,338,영암군
338000133,214,338000488,338000489,학파,학파,338,영암군
342000001,01,342000757,342000757,장성터미널,장성터미널,342,장성군
342000002,02,342000757,342000757,장성터미널,장성터미널,342,장성군
342000003,02,342000757,342000757,장성터미널,장성터미널,342,장성군
342000004,03,342000757,342000757,장성터미널,장성터미널,342,장성군
342000005,04,342000757,342000757,장성터미널,장성터미널,342,장성군
342000006,04,342000757,342000757,장성터미널,장성터미널,342,장성군
342000007,05,342000757,342000757,장성터미널,장성터미널,342,장성군
342000008,06,342000757,342000757,장성터미널,장성터미널,342,장성군
342000023,12,342000757,342000757,장성터미널,장성터미널,342,장성군
342000024,13,342000757,342000757,장성터미널,장성터미널,342,장성군
342000025,13,342000757,342000757,장성터미널,장성터미널,342,장성군
342000026,13,342000757,342000757,장성터미널,장성터미널,342,장성군
342000027,13,342000757,342000757,장성터미널,장성터미널,342,장성군
342000028,14,342000757,342000757,장성터미널,장성터미널,342,장성군
342000029,20,342000757,342000660,장성터미널,사거리버스터미널,342,장성군
342000030,20,342000660,342000757,사거리버스터미널,장성터미널,342,장성군
342000031,20,342000757,342000660,장성터미널,사거리버스터미널,342,장성군
342000032,20,342000660,342000757,사거리버스터미널,장성터미널,342,장성군
342000033,21,342000757,342000660,장성터미널,사거리버스터미널,342,장성군
342000034,21,342000757,342000660,장성터미널,사거리버스터미널,342,장성군
342000035,21,342000660,342000757,사거리버스터미널,장성터미널,342,장성군
342000036,21,342000660,342000757,사거리버스터미널,장성터미널,342,장성군
342000037,21,342000757,342000660,장성터미널,사거리버스터미널,342,장성군
342000038,21,342000660,342000757,사거리버스터미널,장성터미널,342,장성군
342000039,23,342000660,342000681,사거리버스터미널,백양사,342,장성군
342000040,23,342000681,342000660,백양사,사거리버스터미널,342,장성군
342000041,23,342000660,342000681,사거리버스터미널,백양사,342,장성군
342000042,24,342000660,342000660,사거리버스터미널,사거리버스터미널,342,장성군
342000043,25,342000660,342000660,사거리버스터미널,사거리버스터미널,342,장성군
342000044,26,342000660,342000660,사거리버스터미널,사거리버스터미널,342,장성군
342000045,27,342000660,342000660,사거리버스터미널,사거리버스터미널,342,장성군
342000046,30,342000757,342000681,장성터미널,백양사,342,장성군
342000047,30,342000681,342000757,백양사,장성터미널,342,장성군
342000048,31,342000757,342000681,장성터미널,백양사,342,장성군
342000049,31,342000681,342000757,백양사,장성터미널,342,장성군
342000053,33,342000757,342000757,장성터미널,장성터미널,342,장성군
342000054,34,342000757,342000757,장성터미널,장성터미널,342,장성군
342000061,50,342000757,342000757,장성터미널,장성터미널,342,장성군
342000062,60,342000757,342000757,장성터미널,장성터미널,342,장성군
342000063,61,342000757,342000757,장성터미널,장성터미널,342,장성군
342000064,61,342000757,342000757,장성터미널,장성터미널,342,장성군
342000065,62,342000757,342000757,장성터미널,장성터미널,342,장성군
342000066,63,342000757,342000757,장성터미널,장성터미널,342,장성군
342000067,63,342000757,342000757,장성터미널,장성터미널,342,장성군
342000068,64,342000757,342000757,장성터미널,장성터미널,342,장성군
342000069,70,342000757,342000757,장성터미널,장성터미널,342,장성군
342000070,70,342000757,342000757,장성터미널,장성터미널,342,장성군
342000071,70,342000757,342000757,장성터미널,장성터미널,342,장성군
342000072,71,342000757,342000757,장성터미널,장성터미널,342,장성군
342000073,71,342000757,342000757,장성터미널,장성터미널,342,장성군
342000074,71,342000757,342000757,장성터미널,장성터미널,342,장성군
342000086,85,342000757,342000757,장성터미널,장성터미널,342,장성군
342000087,85,342000263,342000757,사창우성슈퍼,장성터미널,342,장성군
342000088,86,342000757,342000757,장성터미널,장성터미널,342,장성군
342000100,94,342000757,342000757,장성터미널,장성터미널,342,장성군
342000102,장성100,342000757,175000011,장성터미널,롯데백화점,342,장성군
342000103,장성100,175000010,342000757,롯데백화점,장성터미널,342,장성군
342000104,마령100,342000757,175000011,장성터미널,롯데백화점,342,장성군
342000105,마령100,342000757,175000011,장성터미널,롯데백화점,342,장성군
342000106,마령100,175000010,342000757,롯데백화점,장성터미널,342,장성군
342000107,녹진100,342000757,175000011,장성터미널,롯데백화점,342,장성군
342000108,녹진100,342000757,175000011,장성터미널,롯데백화점,342,장성군
342000109,녹진100,175000010,342000757,롯데백화점,장성터미널,342,장성군
342000110,진원100,342000001,175000011,초동,롯데백화점,342,장성군
342000111,진원100,175000010,342000002,롯데백화점,초동,342,장성군
342000112,진원100,175000010,342000757,롯데백화점,장성터미널,342,장성군
342000117,비아100,342000757,342000757,장성터미널,장성터미널,342,장성군
342000118,월정100,342000757,342000757,장성터미널,장성터미널,342,장성군
342000119,월곡100,342000757,342000757,장성터미널,장성터미널,342,장성군
342000120,10,342000757,342000757,장성터미널,장성터미널,342,장성군
342000121,10,342000757,342000757,장성터미널,장성터미널,342,장성군
342000122,10,342000757,342000757,장성터미널,장성터미널,342,장성군
342000123,10,342000757,342000757,장성터미널,장성터미널,342,장성군
342000124,10,342000757,342000757,장성터미널,장성터미널,342,장성군
342000125,10,342000757,342000757,장성터미널,장성터미널,342,장성군
342000126,10,342000757,342000757,장성터미널,장성터미널,342,장성군
342000127,11,342000757,342000757,장성터미널,장성터미널,342,장성군
342000128,11,342000757,342000757,장성터미널,장성터미널,342,장성군
342000129,11,342000757,342000757,장성터미널,장성터미널,342,장성군
342000130,32,342000757,342000757,장성터미널,장성터미널,342,장성군
342000131,32,342000757,342000757,장성터미널,장성터미널,342,장성군
342000132,40,342000757,342000757,장성터미널,장성터미널,342,장성군
342000133,41,342000757,342000757,장성터미널,장성터미널,342,장성군
342000134,41,342000757,342000757,장성터미널,장성터미널,342,장성군
342000135,42,342000757,342000757,장성터미널,장성터미널,342,장성군
342000136,43,342000757,342000757,장성터미널,장성터미널,342,장성군
342000137,80,342000757,342000757,장성터미널,장성터미널,342,장성군
342000138,81,342000757,342000757,장성터미널,장성터미널,342,장성군
342000139,81,342000757,342000757,장성터미널,장성터미널,342,장성군
342000140,82,342000757,342000757,장성터미널,장성터미널,342,장성군
342000141,82,342000757,342000757,장성터미널,장성터미널,342,장성군
342000142,83,342000757,342000757,장성터미널,장성터미널,342,장성군
342000143,84,342000757,342000757,장성터미널,장성터미널,342,장성군
342000144,90,342000757,342000757,장성터미널,장성터미널,342,장성군
342000145,90,342000757,342000757,장성터미널,장성터미널,342,장성군
342000146,90,342000757,342000757,장성터미널,장성터미널,342,장성군
342000147,90,342000757,342000757,장성터미널,장성터미널,342,장성군
342000148,91,342000757,342000757,장성터미널,장성터미널,342,장성군
342000149,91,342000757,342000757,장성터미널,장성터미널,342,장성군
342000150,92,342000757,342000757,장성터미널,장성터미널,342,장성군
342000151,93,342000757,342000757,장성터미널,장성터미널,342,장성군
342000152,95,342000292,342000757,홍정,장성터미널,342,장성군
342000153,삼서100,175000010,342000757,롯데백화점,장성터미널,342,장성군
342000154,삼서100,175000010,342000757,롯데백화점,장성터미널,342,장성군
342000155,장성100,175000010,342000757,롯데백화점,장성터미널,342,장성군
343000001,1,343000013,343000014,완도군청,군의회,343,완도군
343000002,1-1,343000013,343000014,완도군청,군의회,343,완도군
343000003,2,343000013,343000311,완도군청,완도고,343,완도군
343000004,3,343000013,335000930,완도군청,노력도,343,완도군
343000006,11,343000476,343000475,고금터미널,고금터미널,343,완도군
343000007,12,343000476,343000475,고금터미널,고금터미널,343,완도군
343000008,13,343000475,343000476,고금터미널,고금터미널,343,완도군
343000009,14,343000476,343000476,고금터미널,고금터미널,343,완도군
343000010,15,343000475,343000476,고금터미널,고금터미널,343,완도군
343000011,16,343000475,343000476,고금터미널,고금터미널,343,완도군
343000012,17,343000475,343000476,고금터미널,고금터미널,343,완도군
343000013,18,343000475,343000476,고금터미널,고금터미널,343,완도군
343000014,19,343000475,343000476,고금터미널,고금터미널,343,완도군
343000015,20,343000475,343000476,고금터미널,고금터미널,343,완도군
343000016,21,343000475,343000476,고금터미널,고금터미널,343,완도군
343000017,22,343000420,343000419,금일읍사무소,금일읍사무소,343,완도군
343000018,23,343000420,343000419,금일읍사무소,금일읍사무소,343,완도군
343000019,24,343000419,343000420,금일읍사무소,금일읍사무소,343,완도군
343000020,25,343000419,343000420,금일읍사무소,금일읍사무소,343,완도군
343000021,26,343000420,343000419,금일읍사무소,금일읍사무소,343,완도군
343000022,100,343000320,343000320,완도공영터미널,완도공영터미널,343,완도군
343000023,101,343000320,343000320,완도공영터미널,완도공영터미널,343,완도군
343000024,102,343000320,343000320,완도공영터미널,완도공영터미널,343,완도군
343000025,103,337000213,337000135,남창버스터미널,남창,343,완도군
343000026,104,337000213,343000320,남창버스터미널,완도공영터미널,343,완도군
343000027,105,343000320,343000320,완도공영터미널,완도공영터미널,343,완도군
343000028,120,343000015,343000016,완도중학교,완도중학교,343,완도군
343000029,121,343000015,337000135,완도중학교,남창,343,완도군
343000030,122,343000015,343000016,완도중학교,완도중학교,343,완도군
343000031,123,343000015,343000016,완도중학교,완도중학교,343,완도군
343000032,124,337000213,343000016,남창버스터미널,완도중학교,343,완도군
343000033,125,337000213,343000015,남창버스터미널,완도중학교,343,완도군
343000034,126,337000213,343000015,남창버스터미널,완도중학교,343,완도군
343000035,127,343000015,343000224,완도중학교,원동버스터미널,343,완도군
343000036,127,337000213,343000016,남창버스터미널,완도중학교,343,완도군
343000037,130,343000015,343000016,완도중학교,완도중학교,343,완도군
343000038,131,343000049,343000320,동고리,완도공영터미널,343,완도군
343000039,141,343000514,343000096,구성리.농협주유소,구성리.농협주유소,343,완도군
343000040,142,343000100,343000102,장용리,약산면사무소앞,343,완도군
343000041,143,343000474,343000096,장용리,구성리.농협주유소,343,완도군
343000042,144,343000100,343000514,장용리,구성리.농협주유소,343,완도군
343000043,151,343000356,343000357,비자리,비자리,343,완도군
343000044,152,343000457,343000357,소안항,비자리,343,완도군
343000045,153,343000457,343000356,소안항,비자리,343,완도군
343000046,154,343000356,343000357,비자리,비자리,343,완도군
343000047,201,343000049,343000048,동고리,동고리,343,완도군
343000048,202,343000043,343000044,대평리.신지버스터미널,대평리.신지버스터미널,343,완도군
343000049,203,343000044,343000043,대평리.신지버스터미널,대평리.신지버스터미널,343,완도군
343000050,203,343000044,343000043,대평리.신지버스터미널,대평리.신지버스터미널,343,완도군
343000051,204,343000044,343000043,대평리.신지버스터미널,대평리.신지버스터미널,343,완도군
343000052,211,343000044,343000043,대평리.신지버스터미널,대평리.신지버스터미널,343,완도군
343000053,401,343000352,343000458,이목항,이목항,343,완도군
343000054,402,343000352,343000458,이목항,이목항,343,완도군
343000055,403,343000458,343000352,이목항,이목항,343,완도군
343000056,404,343000352,343000458,이목항,이목항,343,완도군
343000057,405,343000458,343000352,이목항,이목항,343,완도군
343000058,406,343000458,343000352,이목항,이목항,343,완도군
343000059,407,343000352,343000458,이목항,이목항,343,완도군
343000061,409,343000352,343000458,이목항,이목항,343,완도군
343000062,410,343000352,343000458,이목항,이목항,343,완도군
343000063,411,343000352,343000458,이목항,이목항,343,완도군
343000064,501,343000340,343000339,청별리,청별리,343,완도군
343000065,502,343000340,343000339,청별리,청별리,343,완도군
343000066,503,343000340,343000339,청별리,청별리,343,완도군
343000067,504,343000340,343000339,청별리,청별리,343,완도군
343000068,301,343000386,343000468,도청리,도청리,343,완도군
343000069,302,343000386,343000468,도청리,도청리,343,완도군
343000070,311,343000468,343000386,도청리,도청리,343,완도군
343000071,312,343000386,343000468,도청리,도청리,343,완도군
343000072,511,343000340,343000339,청별리,청별리,343,완도군
343000073,512,343000470,343000455,동천항,구도,343,완도군
343000074,521,343000463,343000463,화흥포항,화흥포항,343,완도군
343000075,531,343000473,343000493,울포항,가학항,343,완도군
343000076,541,343000494,343000501,금곡,서성항,343,완도군
343000077,542,343000501,343000501,서성항,서성항,343,완도군
343000078,106,343000015,337000135,완도중학교,남창,343,완도군
343000079,107,343000320,337000135,완도공영터미널,남창,343,완도군
343000080,108,343000013,343000078,완도군청,가사리,343,완도군
343000081,155,343000457,343000357,소안항,비자리,343,완도군
343000082,4,343000013,343000518,완도군청,당목선착장,343,완도군
343000083,10,343000475,343000476,고금터미널,고금터미널,343,완도군
343000084,5,343000013,343000429,완도군청,소랑리,343,완도군
343000085,5-1,343000429,343000014,소랑리,군의회,343,완도군
343000086,210,343000013,343000048,완도군청,동고리,343,완도군
343000087,212,343000044,343000048,대평리.신지버스터미널,동고리,343,완도군
343000088,213,343000044,343000044,대평리.신지버스터미널,대평리.신지버스터미널,343,완도군
343000089,505,343000340,343000339,청별리,청별리,343,완도군
343000090,3-1,335000929,343000014,노력도,군의회,343,완도군
343000091,303,343000386,343000468,도청리,도청리,343,완도군
343000092,313,343000468,343000468,도청리,도청리,343,완도군
343000093,543,343000472,343000472,서성항,서성항,343,완도군
343000094,145,343000076,343000076,가사해수욕장,가사해수욕장,343,완도군
343000096,147,343000474,343000096,장용리,구성리.농협주유소,343,완도군
343000098,146,343000076,343000102,가사해수욕장,약산면사무소앞,343,완도군
343000099,148,343000474,343000096,장용리,구성리.농협주유소,343,완도군
344000001,108-1,344000196,344000444,진도공용터미널,진도공용터미널,344,진도군
344000002,20-1,344000196,344000444,진도공용터미널,진도공용터미널,344,진도군
344000003,100-1,344000107,344000444,세방,진도공용터미널,344,진도군
344000004,40-1,344000196,344000444,진도공용터미널,진도공용터미널,344,진도군
344000005,101-1,344000196,344000444,진도공용터미널,진도공용터미널,344,진도군
344000006,104,344000196,344000444,진도공용터미널,진도공용터미널,344,진도군
344000007,60-1,344000196,344000444,진도공용터미널,진도공용터미널,344,진도군
344000008,10-1,344000196,344000444,진도공용터미널,진도공용터미널,344,진도군
344000009,106-1,344000196,344000444,진도공용터미널,진도공용터미널,344,진도군
344000010,102-1,344000196,344000444,진도공용터미널,진도공용터미널,344,진도군
344000011,105-2,344000196,344000444,진도공용터미널,진도공용터미널,344,진도군
344000012,70-1,344000196,344000444,진도공용터미널,진도공용터미널,344,진도군
344000013,30-1,344000196,344000444,진도공용터미널,진도공용터미널,344,진도군
344000014,108-2,344000196,344000444,진도공용터미널,진도공용터미널,344,진도군
344000015,109-1,344000196,344000444,진도공용터미널,진도공용터미널,344,진도군
344000016,50-1,344000196,344000444,진도공용터미널,진도공용터미널,344,진도군
344000017,80-1,344000196,344000444,진도공용터미널,진도공용터미널,344,진도군
344000018,20-2,344000196,344000444,진도공용터미널,진도공용터미널,344,진도군
344000020,90-1,344000196,344000444,진도공용터미널,진도공용터미널,344,진도군
344000021,105-3,344000196,344000444,진도공용터미널,진도공용터미널,344,진도군
344000023,100-2,344000196,344000444,진도공용터미널,진도공용터미널,344,진도군
344000024,102-2,344000196,344000444,진도공용터미널,진도공용터미널,344,진도군
344000026,70-2,344000196,344000444,진도공용터미널,진도공용터미널,344,진도군
344000030,20-3,344000196,344000444,진도공용터미널,진도공용터미널,344,진도군
344000031,10-2,344000196,344000444,진도공용터미널,진도공용터미널,344,진도군
344000032,40-2,344000196,344000444,진도공용터미널,진도공용터미널,344,진도군
344000033,60-2,344000196,344000444,진도공용터미널,진도공용터미널,344,진도군
344000034,105-4,344000196,344000444,진도공용터미널,진도공용터미널,344,진도군
344000035,102-3,344000196,344000444,진도공용터미널,진도공용터미널,344,진도군
344000036,100-3,344000196,344000444,진도공용터미널,진도공용터미널,344,진도군
344000038,103-1,344000196,344000444,진도공용터미널,진도공용터미널,344,진도군
344000039,109-2,344000196,344000444,진도공용터미널,진도공용터미널,344,진도군
344000041,101-2,344000196,344000444,진도공용터미널,진도공용터미널,344,진도군
344000043,102-4,344000196,344000444,진도공용터미널,진도공용터미널,344,진도군
344000046,106-2,344000196,344000444,진도공용터미널,진도공용터미널,344,진도군
344000047,20-4,344000196,344000444,진도공용터미널,진도공용터미널,344,진도군
344000050,10-3,344000196,344000444,진도공용터미널,진도공용터미널,344,진도군
344000051,100-5,344000196,344000444,진도공용터미널,진도공용터미널,344,진도군
344000054,105-6,344000196,344000444,진도공용터미널,진도공용터미널,344,진도군
344000055,102-5,344000196,344000444,진도공용터미널,진도공용터미널,344,진도군
344000058,50-2,344000196,344000444,진도공용터미널,진도공용터미널,344,진도군
344000059,107-1,344000196,344000444,진도공용터미널,진도공용터미널,344,진도군
344000060,30-3,344000196,344000444,진도공용터미널,진도공용터미널,344,진도군
344000061,60-3,344000196,344000444,진도공용터미널,진도공용터미널,344,진도군
344000063,40-3,344000196,344000444,진도공용터미널,진도공용터미널,344,진도군
344000069,20-5,344000196,344000444,진도공용터미널,진도공용터미널,344,진도군
344000071,100-4,344000196,344000444,진도공용터미널,진도공용터미널,344,진도군
344000072,70-3,344000196,344000444,진도공용터미널,진도공용터미널,344,진도군
344000073,102-6,344000196,344000444,진도공용터미널,진도공용터미널,344,진도군
344000078,10-4,344000196,344000444,진도공용터미널,진도공용터미널,344,진도군
344000079,105-7,344000196,344000444,진도공용터미널,진도공용터미널,344,진도군
344000080,20-6,344000196,344000444,진도공용터미널,진도공용터미널,344,진도군
344000089,102-7,344000196,344000444,진도공용터미널,진도공용터미널,344,진도군
345000002,1004,345000125,324000002,분계해수욕장,목포버스터미널,345,신안군
345000003,1004,324000002,345000124,목포버스터미널,분계해수욕장,345,신안군
345000005,2004,345000479,324000002,복호선착장,목포버스터미널,345,신안군
345000006,2004,324000002,345000478,목포버스터미널,복호선착장,345,신안군
345000007,3004,345000981,324000002,대광해수욕장,목포버스터미널,345,신안군
345000009,130,345000077,324000018,송공항,삼학도차고지,345,신안군
345000010,130,324000017,345000077,삼학도차고지,송공항,345,신안군
345000012,150,345000058,324000415,중앙,해양대후문,345,신안군
345000013,150,324000416,345000077,해양대후문,송공항,345,신안군
345000014,150,345000077,324000415,송공항,해양대후문,345,신안군
345000015,150,324000416,345000056,해양대후문,중앙,345,신안군
345000017,3004,324000002,345000982,목포버스터미널,대광해수욕장,345,신안군
345000021,자은1,345000008,345000008,구영차고지,구영차고지,345,신안군
345000022,자은1,345000008,345000008,구영차고지,구영차고지,345,신안군
345000023,자은2,345000008,345000008,구영차고지,구영차고지,345,신안군
345000024,자은2,345000008,345000008,구영차고지,구영차고지,345,신안군
345000025,자은3,345000008,345000008,구영차고지,구영차고지,345,신안군
345000026,자은간선,345000008,345000008,구영차고지,구영차고지,345,신안군
345000027,자은간선,345000008,345000008,구영차고지,구영차고지,345,신안군
345000028,팔금1,345000116,345000117,읍리,읍리,345,신안군
345000030,압해복룡,345000056,345000058,중앙,중앙,345,신안군
345000031,압해복룡,345000056,345000058,중앙,중앙,345,신안군
345000032,압해송공,345000056,345000058,중앙,중앙,345,신안군
345000033,압해송공,345000056,345000058,중앙,중앙,345,신안군
345000034,압해장감,345000058,345000056,중앙,중앙,345,신안군
345000035,압해장감,345000056,345000058,중앙,중앙,345,신안군
345000036,압해가룡,345000056,345000058,중앙,중앙,345,신안군
345000037,압해가룡,345000056,345000058,중앙,중앙,345,신안군
345000041,안좌두리,345000450,345000105,탑마트(읍동),남강선착장,345,신안군
345000042,안좌두리,345000105,345000105,남강선착장,남강선착장,345,신안군
345000043,안좌두리,345000105,345000105,남강선착장,남강선착장,345,신안군
345000044,안좌1,345000848,345000450,읍동,탑마트(읍동),345,신안군
345000045,안좌2,345000451,345000450,탑마트(읍동),탑마트(읍동),345,신안군
345000046,증도1,345000897,345000027,증도,지도터미널,345,신안군
345000047,증도1,345000027,345000897,지도터미널,증도,345,신안군
345000048,증도2,345000897,345000027,증도,지도터미널,345,신안군
345000049,증도2,345000027,345000897,지도터미널,증도,345,신안군
345000050,증도3,345000897,345000027,증도,지도터미널,345,신안군
345000051,증도3,345000027,345000897,지도터미널,증도,345,신안군
345000052,증도3,345000027,345000027,지도터미널,지도터미널,345,신안군
345000053,지도태천,345000027,345000027,지도터미널,지도터미널,345,신안군
345000054,지도태천,345000027,345000027,지도터미널,지도터미널,345,신안군
345000055,지도태천,345000027,345000027,지도터미널,지도터미널,345,신안군
345000056,지도태천,345000027,345000027,지도터미널,지도터미널,345,신안군
345000057,지도태천,345000027,345001124,지도터미널,서부,345,신안군
345000058,지도사옥,345000027,345000027,지도터미널,지도터미널,345,신안군
345000059,지도사옥,345000027,345000027,지도터미널,지도터미널,345,신안군
345000060,지도사옥,345000027,345000027,지도터미널,지도터미널,345,신안군
345000061,지도내양,345000027,345000027,지도터미널,지도터미널,345,신안군
345000062,지도내양,345000027,345000027,지도터미널,지도터미널,345,신안군
345000063,지도내양,345000027,345000027,지도터미널,지도터미널,345,신안군
345000064,지도내양,345000027,345000027,지도터미널,지도터미널,345,신안군
345000065,지도봉리,345000027,345001124,지도터미널,서부,345,신안군
345000066,암태1,345001129,345001040,암태면사무소,암태면사무소,345,신안군
345000067,암태2,345001040,345001129,암태면사무소,암태면사무소,345,신안군
345000068,암태간선,345000102,345000450,장고농협주유소,탑마트(읍동),345,신안군
345000069,암태간선,345000451,345000450,탑마트(읍동),탑마트(읍동),345,신안군
345000070,암태간선,345000451,345000105,탑마트(읍동),남강선착장,345,신안군
345000071,임자필길,345001015,345000027,진리선착장,지도터미널,345,신안군
345000072,임자필길,345000027,345001015,지도터미널,진리선착장,345,신안군
345000073,임자필길,345001015,345001015,진리선착장,진리선착장,345,신안군
345000074,임자전장,345001015,345001015,진리선착장,진리선착장,345,신안군
345000075,임자전장,345001015,345000027,진리선착장,지도터미널,345,신안군
345000076,임자전장,345000027,345001015,지도터미널,진리선착장,345,신안군
345000077,임자흑암,345001015,345000027,진리선착장,지도터미널,345,신안군
345000078,임자흑암,345000027,345001015,지도터미널,진리선착장,345,신안군
345000079,임자흑암,345001015,345001015,진리선착장,진리선착장,345,신안군
345000080,임자하우,345001015,345000027,진리선착장,지도터미널,345,신안군
345000081,임자하우,345000027,345001015,지도터미널,진리선착장,345,신안군
345000082,임자하우,345001015,345001015,진리선착장,진리선착장,345,신안군
356000001,1,356000001,356000048,한국폴리텍대학,한국폴리텍대학,356,영주시
356000007,3,356000001,356000048,한국폴리텍대학,한국폴리텍대학,356,영주시
356000008,5,356000198,356000191,반구,반구,356,영주시
356000009,5,356000086,356000048,영주여객,한국폴리텍대학,356,영주시
356000014,5-1,356000051,356000191,청구아파트앞,반구,356,영주시
356000016,31,356000086,356000559,영주여객,덕골.두월,356,영주시
356000017,532,356000086,356000600,영주여객,지동1리,356,영주시
356000018,220,356000086,356000143,영주여객,조제리.삼계,356,영주시
356000019,20-2,356000086,356000160,영주여객,용혈2리,356,영주시
356000020,226,356000086,356000376,영주여객,삼가리,356,영주시
356000021,330,356000086,356000177,영주여객,월전리,356,영주시
356000023,632,356000086,371000066,영주여객,봉화공용터미널,356,영주시
356000024,24,356000086,356001042,영주여객,옥동,356,영주시
356000025,124,356000086,356001042,영주여객,옥동,356,영주시
356000026,332,356000086,356001005,영주여객,내림1리,356,영주시
356000027,352,356000086,356000645,영주여객,대평리,356,영주시
356000028,455,356000086,356000811,영주여객,용암,356,영주시
356000029,554,356000086,356000400,영주여객,옥대리,356,영주시
356000030,10,356000086,356000857,영주여객,여륵2리.탑골,356,영주시
356000031,227,356000086,356000412,영주여객,부석사,356,영주시
356000032,153,356000086,356001015,영주여객,점마,356,영주시
356000033,30-2,356000086,356000530,영주여객,천본1리,356,영주시
356000035,21,356000086,370000033,영주여객,감천,356,영주시
356000036,221,356000086,356001012,영주여객,소룡2리,356,영주시
356000037,354,356000086,356000400,영주여객,옥대리,356,영주시
356000038,54,356000086,356000400,영주여객,옥대리,356,영주시
356000039,252,356000086,356000645,영주여객,대평리,356,영주시
356000040,53,356000086,356001015,영주여객,점마,356,영주시
356000042,22,356000086,356000249,영주여객,동양대학교,356,영주시
356000043,30,356000086,354000004,영주여객,옹천,356,영주시
356000044,231,356000086,356000559,영주여객,덕골.두월,356,영주시
356000045,21-3,356000086,356001011,영주여객,성곡리,356,영주시
356000046,120,356000086,356000115,영주여객,탄산리.원암,356,영주시
356000047,720,356000086,356001008,영주여객,멱실,356,영주시
356000048,20,356000086,356001008,영주여객,멱실,356,영주시
356000051,33,356000086,371000047,영주여객,삼양홈마트,356,영주시
356000053,126,356000086,356000376,영주여객,삼가리,356,영주시
356000054,26,356000086,356000376,영주여객,삼가리,356,영주시
356000055,420,356000086,356000112,영주여객,조제리.삼계,356,영주시
356000056,232,356000086,371000011,영주여객,상운,356,영주시
356000058,30-3,356000086,356000530,영주여객,천본1리,356,영주시
356000062,432,356000086,371000005,영주여객,선돌,356,영주시
356000063,32,356000086,371000018,영주여객,설매리,356,영주시
356000064,21-1,356000086,356001011,영주여객,성곡리,356,영주시
356000067,225,356000086,356000347,영주여객,풍기온천,356,영주시
356000068,230,356000086,354000004,영주여객,옹천,356,영주시
356000069,210,356000086,356000857,영주여객,여륵2리.탑골,356,영주시
356000070,20-3,356000086,356000160,영주여객,용혈2리,356,영주시
356000072,125,356000086,282000044,영주여객,소백산국립공원(회차)/죽령,356,영주시
356000073,155,356000086,356000412,영주여객,부석사,356,영주시
356000074,331,356000086,356000528,영주여객,천본1리.전진골,356,영주시
356000075,131,356000086,356000528,영주여객,천본1리.전진골,356,영주시
356000077,130,356000086,354000032,영주여객,옹천,356,영주시
356000078,30-1,356000086,356000525,영주여객,평은리,356,영주시
356000079,630,356000086,356000177,영주여객,월전리,356,영주시
356000080,30-4,356000086,356000530,영주여객,천본1리,356,영주시
356000082,127,356000086,356000412,영주여객,부석사,356,영주시
356000083,27,356000086,356000412,영주여객,부석사,356,영주시
356000084,23,356000086,356000289,영주여객,하촌3리,356,영주시
356000086,21-2,356000086,356001011,영주여객,성곡리,356,영주시
356000087,21-4,356000086,356001011,영주여객,성곡리,356,영주시
356000088,255,356000086,356000412,영주여객,부석사,356,영주시
356000089,431,356000086,371000002,영주여객,본동,356,영주시
356000090,520,356000086,356001008,영주여객,멱실,356,영주시
356000091,620,356000086,356000112,영주여객,조제리.삼계,356,영주시
356000092,21,356000086,356001012,영주여객,소룡2리,356,영주시
356000093,121,356000086,356001012,영주여객,소룡2리,356,영주시
356000094,832,356000086,371000005,영주여객,선돌,356,영주시
356000095,732,356000086,356000613,영주여객,신암2리,356,영주시
356000096,154,356000086,356000424,영주여객,단곡1리.진막,356,영주시
356000097,254,356000086,356001016,영주여객,좌석,356,영주시
356000098,430,356000086,354000003,영주여객,산약테마공원,356,영주시
356000099,20-1,356000086,356000174,영주여객,미림,356,영주시
356000100,110,356000086,356000857,영주여객,여륵2리.탑골,356,영주시
356000101,454,356000086,356000400,영주여객,옥대리,356,영주시
356000102,25,356000086,356000352,영주여객,희방,356,영주시
356000103,327,356000086,356000412,영주여객,부석사,356,영주시
356000105,353,356000086,356000396,영주여객,선비촌,356,영주시
356000106,355,356000086,356000412,영주여객,부석사,356,영주시
356000107,55,356000086,356000412,영주여객,부석사,356,영주시
356000108,253,356000086,356001017,영주여객,청구2리,356,영주시
356000109,152,356000086,356000645,영주여객,대평리,356,영주시
356000112,52,356000086,356000658,영주여객,상태장,356,영주시
356000113,55,356001040,356000874,부석사,영주여객차고지,356,영주시
356000114,155,356001040,356000874,부석사,영주여객차고지,356,영주시
356000115,255,356001040,356000874,부석사,영주여객차고지,356,영주시
356000116,355,356001040,356000874,부석사,영주여객차고지,356,영주시
356000117,455,356001013,356000874,용암,영주여객차고지,356,영주시
356000118,27,356001040,356000874,부석사,영주여객차고지,356,영주시
356000119,127,356000413,356000874,북지1리.갓띠,영주여객차고지,356,영주시
356000120,227,356000413,356000874,북지1리.갓띠,영주여객차고지,356,영주시
356000121,327,356000413,356000874,북지1리.갓띠,영주여객차고지,356,영주시
356000122,23,356000290,356000874,하촌3리,영주여객차고지,356,영주시
356000123,24,356000320,356000874,옥동,영주여객차고지,356,영주시
356000124,124,356000320,356000874,옥동,영주여객차고지,356,영주시
356000125,25,356000353,356000874,희방,영주여객차고지,356,영주시
356000126,125,282000043,356000874,죽령휴게소,영주여객차고지,356,영주시
356000127,225,356000347,356000874,풍기온천,영주여객차고지,356,영주시
356000128,26,356001009,356000874,삼가리,영주여객차고지,356,영주시
356000129,126,356001009,356000874,삼가리,영주여객차고지,356,영주시
356000130,226,356001009,356000874,삼가리,영주여객차고지,356,영주시
356000131,22,356000249,356000874,동양대학교,영주여객차고지,356,영주시
356000134,20,356000136,356000874,멱실,영주여객차고지,356,영주시
356000135,120,356000143,356000874,조제리.삼계,영주여객차고지,356,영주시
356000136,220,356000136,356000874,멱실,영주여객차고지,356,영주시
356000138,420,356000113,356000874,분계,영주여객차고지,356,영주시
356000139,520,356000136,356000874,멱실,영주여객차고지,356,영주시
356000140,620,356000112,356000874,조제리.삼계,영주여객차고지,356,영주시
356000141,720,356000136,356000874,멱실,영주여객차고지,356,영주시
356000142,20-1,356000175,356000874,미림,영주여객차고지,356,영주시
356000143,20-2,356001014,356000874,용혈2리,영주여객차고지,356,영주시
356000144,20-3,356001014,356000874,용혈2리,영주여객차고지,356,영주시
356000145,30,354000005,356000874,산약테마공원,영주여객차고지,356,영주시
356000146,130,354000005,356000874,산약테마공원,영주여객차고지,356,영주시
356000147,230,354000005,356000874,산약테마공원,영주여객차고지,356,영주시
356000148,330,354000001,356000874,월전리,영주여객차고지,356,영주시
356000149,430,354000005,356000874,산약테마공원,영주여객차고지,356,영주시
356000151,630,354000001,356000874,월전리,영주여객차고지,356,영주시
356000152,30-1,356000536,356000874,평은리,영주여객차고지,356,영주시
356000153,30-2,356000531,356000874,천본1리,영주여객차고지,356,영주시
356000154,30-3,356000531,356000874,천본1리,영주여객차고지,356,영주시
356000155,30-4,356000531,356000874,천본1리,영주여객차고지,356,영주시
356000156,21,356000210,356000874,소룡2리,영주여객차고지,356,영주시
356000157,121,356000210,356000874,소룡2리,영주여객차고지,356,영주시
356000158,221,356000210,356000874,소룡2리,영주여객차고지,356,영주시
356000159,21-1,356000827,356000874,성곡리,영주여객차고지,356,영주시
356000160,21-2,356000827,356000874,성곡리,영주여객차고지,356,영주시
356000161,21-3,356000827,356000874,성곡리,영주여객차고지,356,영주시
356000162,21-4,356000827,356000874,성곡리,영주여객차고지,356,영주시
356000163,31,356000546,356000874,덕골.두월,영주여객차고지,356,영주시
356000164,131,356000533,356000874,천본1리.전진골,영주여객차고지,356,영주시
356000165,231,356000546,356000874,덕골.두월,영주여객차고지,356,영주시
356000166,331,356000533,356000874,천본1리.전진골,영주여객차고지,356,영주시
356000167,431,354000007,356000874,원천,영주여객차고지,356,영주시
356000168,32,371000628,356000874,설매리,영주여객차고지,356,영주시
356000170,232,371000012,356000874,상운,영주여객차고지,356,영주시
356000172,432,371000006,356000874,선돌,영주여객차고지,356,영주시
356000173,532,356001039,356000874,지동1리,영주여객차고지,356,영주시
356000175,732,356000615,356000874,신암2리,영주여객차고지,356,영주시
356000176,832,371000006,356000874,선돌,영주여객차고지,356,영주시
356000178,152,356000646,356000874,대평리,영주여객차고지,356,영주시
356000179,252,356000646,356000874,대평리,영주여객차고지,356,영주시
356000180,352,356000646,356000874,대평리,영주여객차고지,356,영주시
356000181,53,356000710,356000874,점마,영주여객차고지,356,영주시
356000183,253,356000684,356000874,청구2리,영주여객차고지,356,영주시
356000184,354,356001003,356000874,선비촌 입구,영주여객차고지,356,영주시
356000186,54,356000422,356000874,옥대리,영주여객차고지,356,영주시
356000187,154,356000398,356000874,단곡1리.진막,영주여객차고지,356,영주시
356000188,254,356000752,356000874,좌석,영주여객차고지,356,영주시
356000189,354,356000422,356000874,옥대리,영주여객차고지,356,영주시
356000190,454,356000422,356000874,옥대리,영주여객차고지,356,영주시
356000191,554,356000728,356000874,병산3리.젓돌,영주여객차고지,356,영주시
356000192,21,370000005,356000874,감천,영주여객차고지,356,영주시
356000194,10,356001007,356000874,두전1리,영주여객차고지,356,영주시
356000195,110,356001018,356000874,여륵2리.탑골,영주여객차고지,356,영주시
356000196,210,356001018,356000874,여륵2리.탑골,영주여객차고지,356,영주시
356000197,33,371000047,356000874,삼양홈마트,영주여객차고지,356,영주시
356000205,8-1,356000001,356000048,한국폴리텍대학,한국폴리텍대학,356,영주시
356000206,8,356000001,356000048,한국폴리텍대학,한국폴리텍대학,356,영주시
356000211,28-2,356000086,356001043,영주여객,무섬마을입구,356,영주시
356000212,28-2,356001044,356000874,무섬마을입구,영주여객차고지,356,영주시
356000213,2,356000001,356000048,한국폴리텍대학,한국폴리텍대학,356,영주시
356000214,2-1,356000001,356000048,한국폴리텍대학,한국폴리텍대학,356,영주시
356000215,28,356000086,356000412,영주여객,부석사,356,영주시
356000216,28,356000413,356000874,북지1리.갓띠,영주여객차고지,356,영주시
356000217,21-6,356000086,370000033,영주여객,감천,356,영주시
356000218,200,356000086,356000874,영주여객,영주여객차고지,356,영주시
356000219,300,356000086,356000874,영주여객,영주여객차고지,356,영주시
356000220,310,356000086,356000874,영주여객,영주여객차고지,356,영주시
356000221,550,356000086,356000874,영주여객,영주여객차고지,356,영주시
356000222,533,356000086,371000066,영주여객,봉화공용터미널,356,영주시
356000223,533,371000631,356000874,봉화공용터미널,영주여객차고지,356,영주시
356000224,410,356000086,356000857,영주여객,여륵2리.탑골,356,영주시
356000225,410,356001018,356000874,여륵2리.탑골,영주여객차고지,356,영주시
356000226,510,356000086,356000857,영주여객,여륵2리.탑골,356,영주시
356000227,510,356001018,356000874,여륵2리.탑골,영주여객차고지,356,영주시
356000228,610,356000086,356000857,영주여객,여륵2리.탑골,356,영주시
356000229,610,356001018,356000874,여륵2리.탑골,영주여객차고지,356,영주시
356000230,710,356000086,356000857,영주여객,여륵2리.탑골,356,영주시
356000231,710,356001018,356000874,여륵2리.탑골,영주여객차고지,356,영주시
356000232,224,356000086,356000324,영주여객,두산1리,356,영주시
356000233,224,356001006,356000874,두산1리,영주여객차고지,356,영주시
356000234,324,356000086,356000324,영주여객,두산1리,356,영주시
356000235,324,356001006,356000874,두산1리,영주여객차고지,356,영주시
358000003,110,358000062,359000012,상주터미널,시외버스터미널,358,상주시
358000004,111,359000011,358000855,남부버스터미널,상주터미널,358,상주시
358000005,120,358000062,358000777,상주터미널,지평,358,상주시
358000006,121,358000062,358000777,상주터미널,지평,358,상주시
358000007,122,358000062,358000777,상주터미널,지평,358,상주시
358000008,123,358000062,358000777,상주터미널,지평,358,상주시
358000010,130,358000062,358001246,상주터미널,구미리,358,상주시
358000011,130,358000062,358001246,상주터미널,구미리,358,상주시
358000012,131,358000062,358000883,상주터미널,함창버스정류장,358,상주시
358000013,132,358001430,358000855,구미리,상주터미널,358,상주시
358000014,200,358000062,358000855,상주터미널,상주터미널,358,상주시
358000015,201,358000062,358000820,상주터미널,용담,358,상주시
358000016,202,358000062,358000855,상주터미널,상주터미널,358,상주시
358000017,203,358000062,358000487,상주터미널,사벌국면 행정복지센터,358,상주시
358000018,204,358000062,358000487,상주터미널,사벌국면 행정복지센터,358,상주시
358000019,204,358000062,358000487,상주터미널,사벌국면 행정복지센터,358,상주시
358000020,210,358000062,358000461,상주터미널,물갓매호,358,상주시
358000021,210,358000062,358000461,상주터미널,물갓매호,358,상주시
358000022,220,358000062,358000503,상주터미널,경천대,358,상주시
358000023,221,358000062,358000503,상주터미널,경천대,358,상주시
358000024,222,358000062,358000461,상주터미널,물갓매호,358,상주시
358000025,230,358000062,370000050,상주터미널,풍양정류소,358,상주시
358000026,231,358000062,370000050,상주터미널,풍양정류소,358,상주시
358000027,232,358000062,370000050,상주터미널,풍양정류소,358,상주시
358000028,240,358000062,358000964,상주터미널,퇴강리,358,상주시
358000029,241,358000062,358000855,상주터미널,상주터미널,358,상주시
358000030,242,358000062,358000964,상주터미널,퇴강리,358,상주시
358000031,243,358000062,358000964,상주터미널,퇴강리,358,상주시
358000032,250,358000062,358000500,상주터미널,도남,358,상주시
358000033,250,358000062,358000499,상주터미널,도남,358,상주시
358000034,251,358000062,358000459,상주터미널,갈밭,358,상주시
358000035,252,358000062,358000499,상주터미널,도남,358,상주시
358000036,252,358000062,358000499,상주터미널,도남,358,상주시
358000037,253,358000062,358001323,상주터미널,도남동,358,상주시
358000038,300,358000062,358000009,상주터미널,상주한방산업단지,358,상주시
358000039,310,358000062,358000011,상주터미널,황령3리,358,상주시
358000040,311,358000062,358000011,상주터미널,황령3리,358,상주시
358000041,312,358000062,358000009,상주터미널,상주한방산업단지,358,상주시
358000042,313,358000090,358000855,황령3리,상주터미널,358,상주시
358000043,320,358000062,358000009,상주터미널,상주한방산업단지,358,상주시
358000044,320,358000062,359000076,상주터미널,압실,358,상주시
358000045,320,358000062,358000009,상주터미널,상주한방산업단지,358,상주시
358000047,330,358000062,358001114,상주터미널,대현리,358,상주시
358000048,331,359000011,358000855,남부버스터미널,상주터미널,358,상주시
358000049,332,358001114,359000012,대현리,시외버스터미널,358,상주시
358000050,340,358000062,358000114,상주터미널,대전리.도재이,358,상주시
358000051,340,358000062,358000114,상주터미널,대전리.도재이,358,상주시
358000052,350,358000062,358001423,상주터미널,우산,358,상주시
358000053,351,358000062,358000045,상주터미널,북장리,358,상주시
358000054,360,358000062,358000855,상주터미널,상주터미널,358,상주시
358000055,361,358000062,358000274,상주터미널,백전,358,상주시
358000056,361,358000062,358000273,상주터미널,백전,358,상주시
358000057,370,358000062,358000855,상주터미널,상주터미널,358,상주시
358000058,371,358000062,358000855,상주터미널,상주터미널,358,상주시
358000059,380,358000062,358000012,상주터미널,개곡리,358,상주시
358000060,400,358000460,358000855,갈밭,상주터미널,358,상주시
358000061,400,358000062,358000868,상주터미널,낙동정류장,358,상주시
358000062,410,358000062,358000442,상주터미널,간상,358,상주시
358000063,420,358000062,358000459,상주터미널,갈밭,358,상주시
358000064,421,358000062,358000459,상주터미널,갈밭,358,상주시
358000065,422,358000062,370000050,상주터미널,풍양정류소,358,상주시
358000066,422,358000062,370000050,상주터미널,풍양정류소,358,상주시
358000067,430,358000062,358000432,상주터미널,우물2리,358,상주시
358000068,430,358000062,358000432,상주터미널,우물2리,358,상주시
358000069,440,358000062,362001118,상주터미널,다인정류소,358,상주시
358000070,442,358000062,362001118,상주터미널,다인정류소,358,상주시
358000071,450,358000062,358000447,상주터미널,오상,358,상주시
358000072,450,358000062,358000447,상주터미널,오상,358,상주시
358000073,460,358000062,362001175,상주터미널,안계공용버스정류장,358,상주시
358000075,460,358000062,362001175,상주터미널,안계공용버스정류장,358,상주시
358000076,470,358000062,362000011,상주터미널,낙정리,358,상주시
358000077,471,358001105,358000855,상용담,상주터미널,358,상주시
358000078,472,358000062,358000405,상주터미널,상용담,358,상주시
358000079,473,358000062,358000405,상주터미널,상용담,358,상주시
358000080,474,358000062,358000988,상주터미널,용포,358,상주시
358000081,480,358000062,358001112,상주터미널,유곡,358,상주시
358000082,481,358000062,355000079,상주터미널,옥관1리,358,상주시
358000083,482,358000062,358000856,상주터미널,낙동버스정류장,358,상주시
358000084,490,358000062,358000693,상주터미널,상촌1리.잿말랑,358,상주시
358000085,491,358000062,358000693,상주터미널,상촌1리.잿말랑,358,상주시
358000086,492,358000062,355000079,상주터미널,옥관1리,358,상주시
358000087,493,358000062,358000868,상주터미널,낙동정류장,358,상주시
358000088,500,358000062,358000631,상주터미널,청상리,358,상주시
358000089,501,358000062,358000631,상주터미널,청상리,358,상주시
358000090,510,358000062,358000025,상주터미널,마공리,358,상주시
358000091,510,358000062,358000025,상주터미널,마공리,358,상주시
358000092,511,358000062,358000025,상주터미널,마공리,358,상주시
358000093,520,358000062,358000610,상주터미널,율리2리,358,상주시
358000094,520,358000062,358000617,상주터미널,삼괴2리,358,상주시
358000095,530,358000062,358001453,상주터미널,곶감공원,358,상주시
358000096,540,358000062,355000003,상주터미널,선산시외터미널,358,상주시
358000097,540,358000062,355000003,상주터미널,선산시외터미널,358,상주시
358000098,541,355000057,358000855,선산시외터미널,상주터미널,358,상주시
358000099,541,355000057,358000855,선산시외터미널,상주터미널,358,상주시
358000100,542,358000062,355000003,상주터미널,선산시외터미널,358,상주시
358000101,550,358000062,358000392,상주터미널,무곡,358,상주시
358000102,551,358000062,358000974,상주터미널,청리,358,상주시
358000103,553,358000062,358000376,상주터미널,옥산,358,상주시
358000104,560,358000062,358000029,상주터미널,효곡2리,358,상주시
358000105,570,358000062,358000383,상주터미널,영오리.말랑,358,상주시
358000106,580,358000062,358000030,상주터미널,구서2리,358,상주시
358000107,580,358000062,358000030,상주터미널,구서2리,358,상주시
358000108,590,358000062,358000996,상주터미널,용흥사,358,상주시
358000109,590,358000062,358000996,상주터미널,용흥사,358,상주시
358000110,600,358000062,358000031,상주터미널,이화2리.원상리,358,상주시
358000111,601,358000062,358000376,상주터미널,옥산,358,상주시
358000112,610,358000062,358000544,상주터미널,송지리,358,상주시
358000113,610,358000062,358000552,상주터미널,소상,358,상주시
358000114,700,358000062,358001418,상주터미널,용호,358,상주시
358000115,701,358000062,358001418,상주터미널,용호,358,상주시
358000116,710,358000062,277000788,상주터미널,반진계,358,상주시
358000117,711,277000768,358000060,반진계,화령공용버스터미널,358,상주시
358000118,711,358001051,358000855,화동면.이소리,상주터미널,358,상주시
358000120,712,358000062,277000788,상주터미널,반진계,358,상주시
358000122,712,358000062,358000356,상주터미널,상판리,358,상주시
358000123,721,358000062,358000343,상주터미널,신흥2리,358,상주시
358000124,730,358000062,358001098,상주터미널,소정1리,358,상주시
358000125,730,358000062,358001098,상주터미널,소정1리,358,상주시
358000126,731,358000062,358001098,상주터미널,소정1리,358,상주시
358000127,740,358000062,358001405,상주터미널,대관,358,상주시
358000128,740,358000062,358001413,상주터미널,모서공용버스터미널,358,상주시
358000129,741,358000062,358001403,상주터미널,호음,358,상주시
358000130,751,358000062,277000551,상주터미널,황간버스정류소,358,상주시
358000131,760,358000062,358000038,상주터미널,평산,358,상주시
358000132,760,358000062,358000038,상주터미널,평산,358,상주시
358000133,761,358000184,358001418,평산,용호,358,상주시
358000134,800,358000062,358000114,상주터미널,대전리.도재이,358,상주시
358000135,800,358000062,358000114,상주터미널,대전리.도재이,358,상주시
358000136,801,358000062,358000969,상주터미널,우산2리.노루목,358,상주시
358000137,810,358000062,358000157,상주터미널,중눌2리,358,상주시
358000138,820,358000062,358001080,상주터미널,평온,358,상주시
358000139,830,358000062,358000872,상주터미널,용화,358,상주시
358000140,840,358000062,280000835,상주터미널,이평,358,상주시
358000141,860,358000062,358001431,상주터미널,우산,358,상주시
358000142,861,358000062,358001431,상주터미널,우산,358,상주시
358000143,910,358000062,355000041,상주터미널,산촌마을입구,358,상주시
358000144,911,358000062,355000041,상주터미널,산촌마을입구,358,상주시
358000145,912,355000042,358000855,산촌마을입구,상주터미널,358,상주시
358000146,913,358000062,358000404,상주터미널,용포,358,상주시
358000147,920,358000062,355000003,상주터미널,선산시외터미널,358,상주시
358000148,930,358001049,358000855,용호,상주터미널,358,상주시
358000149,930,358001049,358000855,용호,상주터미널,358,상주시
358000150,930,358001413,358000855,모서공용버스터미널,상주터미널,358,상주시
358000151,930,277000768,358000855,반진계,상주터미널,358,상주시
358000152,930,358000304,358000855,북장리,상주터미널,358,상주시
358000153,930,358000033,358000855,상판리,상주터미널,358,상주시
358000154,930,358001225,358000855,상주한방산업단지,상주터미널,358,상주시
358000155,930,358000046,358000855,소정1리,상주터미널,358,상주시
358000156,930,359000098,358000855,용화,상주터미널,358,상주시
358000157,930,358000969,358000855,우산2리.노루목,상주터미널,358,상주시
358000158,930,358001423,358000855,우산,상주터미널,358,상주시
358000159,930,280000834,358000855,이평,상주터미널,358,상주시
358000160,930,280000834,358000855,이평,상주터미널,358,상주시
358000161,930,358001124,358000855,중눌2리,상주터미널,358,상주시
358000162,930,358001124,358000855,중눌2리,상주터미널,358,상주시
358000163,930,358000184,358000855,평산,상주터미널,358,상주시
358000164,930,358001081,358000855,평온,상주터미널,358,상주시
358000165,930,358001081,358000855,평온,상주터미널,358,상주시
358000166,930,358001406,358000855,호음,상주터미널,358,상주시
358000167,930,358000132,358000855,화북.용유,상주터미널,358,상주시
358000168,930,277000552,358000855,황간버스정류소,상주터미널,358,상주시
358000169,930,277000552,358000855,황간버스정류소,상주터미널,358,상주시
358000170,931,358001383,358000855,대관,상주터미널,358,상주시
358000171,931,358001451,358000855,문장대매표소,상주터미널,358,상주시
358000173,931,358000039,358000855,화령공용버스터미널,상주터미널,358,상주시
358000174,940,358000441,358000855,간상,상주터미널,358,상주시
358000175,940,358000856,358000855,낙동버스정류장,상주터미널,358,상주시
358000176,940,362000012,358000855,낙정리,상주터미널,358,상주시
358000177,940,362001117,358000855,다인정류소,상주터미널,358,상주시
358000178,940,362001117,358000855,다인정류소,상주터미널,358,상주시
358000179,940,358000010,358000855,상촌1리.잿말랑,상주터미널,358,상주시
358000180,940,362000018,358000855,안계공용버스정류장,상주터미널,358,상주시
358000181,940,362000018,358000855,안계공용버스정류장,상주터미널,358,상주시
358000182,940,358000447,358000855,오상,상주터미널,358,상주시
358000183,940,355000079,358000855,옥관1리,상주터미널,358,상주시
358000184,940,358001105,358000855,상용담,상주터미널,358,상주시
358000185,940,358000962,358000855,용포,상주터미널,358,상주시
358000186,940,358000431,358000855,우물2리,상주터미널,358,상주시
358000187,940,358000431,358000855,우물2리,상주터미널,358,상주시
358000188,940,358000023,358000855,유곡,상주터미널,358,상주시
358000189,940,370000051,358000855,풍양정류소,상주터미널,358,상주시
358000190,940,370000051,358000855,풍양정류소,상주터미널,358,상주시
358000191,940,358000460,358000855,갈밭,상주터미널,358,상주시
358000192,950,358000815,358000855,개곡리,상주터미널,358,상주시
358000194,950,358000113,358000855,대전리.도재이,상주터미널,358,상주시
358000195,950,358000113,358000855,대전리.도재이,상주터미널,358,상주시
358000196,950,358000273,358000855,백전,상주터미널,358,상주시
358000197,950,358001225,358000855,상주한방산업단지,상주터미널,358,상주시
358000198,950,358001225,358000855,상주한방산업단지,상주터미널,358,상주시
358000199,950,358000001,358000855,지평,상주터미널,358,상주시
358000200,950,358001431,358000855,우산,상주터미널,358,상주시
358000201,950,358000001,358000855,지평,상주터미널,358,상주시
358000202,950,358000001,358000855,지평,상주터미널,358,상주시
358000203,950,358000001,358000855,지평,상주터미널,358,상주시
358000204,950,358000001,358000855,지평,상주터미널,358,상주시
358000205,950,358000090,358000855,황령3리,상주터미널,358,상주시
358000206,960,358000549,358000855,구서2리,상주터미널,358,상주시
358000207,960,358000549,358000855,구서2리,상주터미널,358,상주시
358000208,960,358000549,358000855,구서2리,상주터미널,358,상주시
358000209,960,358000549,358000855,구서2리,상주터미널,358,상주시
358000210,960,358000578,358000855,마공리,상주터미널,358,상주시
358000211,960,358000054,358000855,무곡,상주터미널,358,상주시
358000212,960,358000617,358000855,삼괴2리,상주터미널,358,상주시
358000213,960,358001454,358000855,곶감공원,상주터미널,358,상주시
358000214,960,358000052,358000855,영오리.말랑,상주터미널,358,상주시
358000215,960,358000999,358000855,율리2리,상주터미널,358,상주시
358000216,960,358000999,358000855,율리2리,상주터미널,358,상주시
358000217,960,358000632,358000855,청상리,상주터미널,358,상주시
358000218,960,358000363,358000855,효곡2리,상주터미널,358,상주시
358000219,960,358000363,358000855,효곡2리,상주터미널,358,상주시
358000220,970,358000504,358000855,경천대,상주터미널,358,상주시
358000221,970,358000504,358000855,경천대,상주터미널,358,상주시
358000222,970,358000504,358000855,경천대,상주터미널,358,상주시
358000223,970,358001323,358000855,도남동,상주터미널,358,상주시
358000224,970,358000499,358000855,도남,상주터미널,358,상주시
358000225,970,358000500,358000077,도남,상주여객,358,상주시
358000226,970,358000500,358000855,도남,상주터미널,358,상주시
358000227,970,358000500,358000855,도남,상주터미널,358,상주시
358000228,970,358000113,358000855,대전리.도재이,상주터미널,358,상주시
358000229,970,358000462,358000855,물갓매호,상주터미널,358,상주시
358000230,970,358000462,358000855,물갓매호,상주터미널,358,상주시
358000231,970,358000274,358000855,백전,상주터미널,358,상주시
358000232,970,358000487,358000855,사벌국면 행정복지센터,상주터미널,358,상주시
358000233,970,358000487,358000855,사벌국면 행정복지센터,상주터미널,358,상주시
358000234,970,355000042,358000855,산촌마을입구,상주터미널,358,상주시
358000235,970,355000057,358000855,선산시외터미널,상주터미널,358,상주시
358000236,970,358000553,358000855,소상,상주터미널,358,상주시
358000237,970,358000032,358000855,송지리,상주터미널,358,상주시
358000238,970,358000376,358000855,옥산,상주터미널,358,상주시
358000239,970,358000820,358000855,용담,상주터미널,358,상주시
358000240,970,358000962,358000063,용포,상주여객,358,상주시
358000241,970,358000056,358000855,용흥사,상주터미널,358,상주시
358000242,970,358000056,358000855,용흥사,상주터미널,358,상주시
358000243,970,358001285,358000855,이화2리.원상리,상주터미널,358,상주시
358000244,970,358001262,358000063,청리,상주여객,358,상주시
358000245,970,358000963,358000855,퇴강리,상주터미널,358,상주시
358000246,970,358000963,358000855,퇴강리,상주터미널,358,상주시
358000247,970,358000963,358000855,퇴강리,상주터미널,358,상주시
358000248,970,358000963,358000855,퇴강리,상주터미널,358,상주시
358000249,970,358000963,358000855,퇴강리,상주터미널,358,상주시
358000250,970,370000051,358000855,풍양정류소,상주터미널,358,상주시
358000251,970,370000051,358000855,풍양정류소,상주터미널,358,상주시
358000252,970,370000051,358000855,풍양정류소,상주터미널,358,상주시
358000253,970,358000883,358000855,함창버스정류장,상주터미널,358,상주시
358000254,970,358000460,358000855,갈밭,상주터미널,358,상주시
358000255,980,358000054,358000855,무곡,상주터미널,358,상주시
358000256,990,358000578,358000855,마공리,상주터미널,358,상주시
358000257,44,358000961,358000883,하갈1리-상갈,함창버스정류장,358,상주시
358000259,45-1,358000016,359000928,금곡,점촌시내버스정류장,358,상주시
358000260,45-1,358000016,359000928,금곡,점촌시내버스정류장,358,상주시
358000261,45-1,358000017,359000928,문창1리,점촌시내버스정류장,358,상주시
358000263,45-1,358000014,359000928,안룡2리,점촌시내버스정류장,358,상주시
358000266,47,359000062,358001083,점촌시내버스정류장,금곡,358,상주시
358000268,47-2,359000062,358001083,점촌시내버스정류장,금곡,358,상주시
358000270,48-2,359000062,358001034,점촌시내버스정류장,문창1리,358,상주시
358000272,48-3,359000062,358001027,점촌시내버스정류장,안룡2리,358,상주시
358000275,115,358000062,358000883,상주터미널,함창버스정류장,358,상주시
358000283,930,280000834,358000855,이평,상주터미널,358,상주시
358000284,930,280000834,358000855,이평,상주터미널,358,상주시
358000287,930,358000034,358000855,신흥2리,상주터미널,358,상주시
358000290,241,358000062,358000964,상주터미널,퇴강리,358,상주시
358000291,930,358001081,358000855,평온,상주터미널,358,상주시
358000292,473,358000062,358000988,상주터미널,용포,358,상주시
358000293,960,358000578,358000855,마공리,상주터미널,358,상주시
358000295,820,358000062,358001080,상주터미널,평온,358,상주시
358000296,930,358000046,358000855,소정1리,상주터미널,358,상주시
358000297,830,358000062,358000131,상주터미널,화북.용유,358,상주시
358000299,950,359000076,358000855,압실,상주터미널,358,상주시
358000302,45,359000062,358000009,점촌시내버스정류장,상주한방산업단지,358,상주시
358000303,46,359000062,358000963,점촌시내버스정류장,퇴강리,358,상주시
358000304,46-2,359000062,358000963,점촌시내버스정류장,퇴강리,358,상주시
358000305,401,358000062,358000868,상주터미널,낙동정류장,358,상주시
358000306,45-1,358000964,359000928,퇴강리,점촌시내버스정류장,358,상주시
358000307,45-1,358001225,359000928,상주한방산업단지,점촌시내버스정류장,358,상주시
358000308,46-1,359000062,359000928,점촌시내버스정류장,점촌시내버스정류장,358,상주시
358000309,110,358000062,359000928,상주터미널,점촌시내버스정류장,358,상주시
358000310,240,358000062,358000855,상주터미널,상주터미널,358,상주시
358000311,410,358000062,358000855,상주터미널,상주터미널,358,상주시
358000312,700,358000062,358001418,상주터미널,용호,358,상주시
358000313,711,358001049,358000060,용호,화령공용버스터미널,358,상주시
358000314,950,358000883,358000855,함창버스정류장,상주터미널,358,상주시
358000315,840,358000062,280000835,상주터미널,이평,358,상주시
358000316,710,358000062,358001051,상주터미널,화동면.이소리,358,상주시
358000317,840,358000062,358001452,상주터미널,문장대매표소,358,상주시
358000318,910,358000062,355000041,상주터미널,산촌마을입구,358,상주시
358000319,48-3,358000883,358001034,함창버스정류장,문창1리,358,상주시
358000320,950,358000090,358000855,황령3리,상주터미널,358,상주시
358000321,580,358000062,358000030,상주터미널,구서2리,358,상주시
358000322,111,359000062,358000855,점촌시내버스정류장,상주터미널,358,상주시
359000001,110,359000062,359000928,점촌시내버스정류장,점촌시내버스정류장,359,문경시
359000002,110,359000062,359000928,점촌시내버스정류장,점촌시내버스정류장,359,문경시
359000003,110,359000062,359000928,점촌시내버스정류장,점촌시내버스정류장,359,문경시
359000004,111,359000062,359000542,점촌시내버스정류장,막곡,359,문경시
359000005,111,359000062,359000928,점촌시내버스정류장,점촌시내버스정류장,359,문경시
359000006,111,359000062,359000928,점촌시내버스정류장,점촌시내버스정류장,359,문경시
359000007,112,359000062,359000928,점촌시내버스정류장,점촌시내버스정류장,359,문경시
359000008,112,359000062,359000928,점촌시내버스정류장,점촌시내버스정류장,359,문경시
359000009,113,359000062,359000928,점촌시내버스정류장,점촌시내버스정류장,359,문경시
359000010,114,359000062,359000928,점촌시내버스정류장,점촌시내버스정류장,359,문경시
359000011,113,359000062,359000928,점촌시내버스정류장,점촌시내버스정류장,359,문경시
359000012,113,359000062,359000928,점촌시내버스정류장,점촌시내버스정류장,359,문경시
359000013,113,359000062,359000870,점촌시내버스정류장,불정,359,문경시
359000014,115,359000062,359000542,점촌시내버스정류장,막곡,359,문경시
359000015,111,359000062,359000928,점촌시내버스정류장,점촌시내버스정류장,359,문경시
359000016,114,359000062,359000928,점촌시내버스정류장,점촌시내버스정류장,359,문경시
359000017,114,359000062,359000928,점촌시내버스정류장,점촌시내버스정류장,359,문경시
359000018,116,359000062,359000928,점촌시내버스정류장,점촌시내버스정류장,359,문경시
359000019,116,359000062,359000898,점촌시내버스정류장,우지동,359,문경시
359000020,112,359000062,359000928,점촌시내버스정류장,점촌시내버스정류장,359,문경시
359000021,114,359000062,359000928,점촌시내버스정류장,점촌시내버스정류장,359,문경시
359000022,112,359000062,359000928,점촌시내버스정류장,점촌시내버스정류장,359,문경시
359000023,115,359000062,359000928,점촌시내버스정류장,점촌시내버스정류장,359,문경시
359000024,116,359000062,359000928,점촌시내버스정류장,점촌시내버스정류장,359,문경시
359000025,112,359000062,359000928,점촌시내버스정류장,점촌시내버스정류장,359,문경시
359000026,111,359000062,359000928,점촌시내버스정류장,점촌시내버스정류장,359,문경시
359000027,210,359000062,359000060,점촌시내버스정류장,문경버스터미널,359,문경시
359000028,210,359000982,359000928,문경버스터미널,점촌시내버스정류장,359,문경시
359000029,211,359000989,359000928,문경역,점촌시내버스정류장,359,문경시
359000030,211,359000062,359000520,점촌시내버스정류장,문경새재도립공원,359,문경시
359000031,210,359000062,359000928,점촌시내버스정류장,점촌시내버스정류장,359,문경시
359000032,210,359000062,359000060,점촌시내버스정류장,문경버스터미널,359,문경시
359000033,211,359000062,359000928,점촌시내버스정류장,점촌시내버스정류장,359,문경시
359000034,211,359000062,359000928,점촌시내버스정류장,점촌시내버스정류장,359,문경시
359000035,211,359000062,359000928,점촌시내버스정류장,점촌시내버스정류장,359,문경시
359000036,211,359000062,359000928,점촌시내버스정류장,점촌시내버스정류장,359,문경시
359000037,210,359000062,359000928,점촌시내버스정류장,점촌시내버스정류장,359,문경시
359000038,212,359000062,359000928,점촌시내버스정류장,점촌시내버스정류장,359,문경시
359000039,213,359000062,359000982,점촌시내버스정류장,문경버스터미널,359,문경시
359000040,215,359000982,359000928,문경버스터미널,점촌시내버스정류장,359,문경시
359000041,211,359000062,359000928,점촌시내버스정류장,점촌시내버스정류장,359,문경시
359000042,214,359000062,359000928,점촌시내버스정류장,점촌시내버스정류장,359,문경시
359000043,213,359000062,359000928,점촌시내버스정류장,점촌시내버스정류장,359,문경시
359000044,212,359000062,359000928,점촌시내버스정류장,점촌시내버스정류장,359,문경시
359000045,212,359000062,359000928,점촌시내버스정류장,점촌시내버스정류장,359,문경시
359000046,211,359000062,359000928,점촌시내버스정류장,점촌시내버스정류장,359,문경시
359000047,212,359000062,359000928,점촌시내버스정류장,점촌시내버스정류장,359,문경시
359000048,210,359000062,359000989,점촌시내버스정류장,문경역,359,문경시
359000049,210,359000062,359000928,점촌시내버스정류장,점촌시내버스정류장,359,문경시
359000050,213,359000062,359000928,점촌시내버스정류장,점촌시내버스정류장,359,문경시
359000051,211,359000062,359000928,점촌시내버스정류장,점촌시내버스정류장,359,문경시
359000052,211,359000982,359000928,문경버스터미널,점촌시내버스정류장,359,문경시
359000053,211,359000520,359000928,문경새재도립공원,점촌시내버스정류장,359,문경시
359000054,211,359000520,359000928,문경새재도립공원,점촌시내버스정류장,359,문경시
359000055,214,359000062,359000928,점촌시내버스정류장,점촌시내버스정류장,359,문경시
359000056,214,359000062,359000928,점촌시내버스정류장,점촌시내버스정류장,359,문경시
359000057,210,359000062,359000928,점촌시내버스정류장,점촌시내버스정류장,359,문경시
359000058,211,359000062,359000928,점촌시내버스정류장,점촌시내버스정류장,359,문경시
359000059,212,359000060,359000928,문경버스터미널,점촌시내버스정류장,359,문경시
359000060,216,359000062,359000060,점촌시내버스정류장,문경버스터미널,359,문경시
359000061,217,359000062,359000928,점촌시내버스정류장,점촌시내버스정류장,359,문경시
359000062,219,359000062,359000060,점촌시내버스정류장,문경버스터미널,359,문경시
359000063,219,359000062,359000060,점촌시내버스정류장,문경버스터미널,359,문경시
359000064,210,359000563,359000928,농암면행정복지센터,점촌시내버스정류장,359,문경시
359000065,218,359000062,359000928,점촌시내버스정류장,점촌시내버스정류장,359,문경시
359000066,219,359000062,359000928,점촌시내버스정류장,점촌시내버스정류장,359,문경시
359000067,219,359000982,359000928,문경버스터미널,점촌시내버스정류장,359,문경시
359000068,218,359000062,359000928,점촌시내버스정류장,점촌시내버스정류장,359,문경시
359000069,218,359000982,359000928,문경버스터미널,점촌시내버스정류장,359,문경시
359000070,218,359000982,359000928,문경버스터미널,점촌시내버스정류장,359,문경시
359000071,218,359000062,359000060,점촌시내버스정류장,문경버스터미널,359,문경시
359000072,218,359000062,359000563,점촌시내버스정류장,농암면행정복지센터,359,문경시
359000073,218,359000062,359000928,점촌시내버스정류장,점촌시내버스정류장,359,문경시
359000074,218,359000062,359000928,점촌시내버스정류장,점촌시내버스정류장,359,문경시
359000075,211,359000062,359000928,점촌시내버스정류장,점촌시내버스정류장,359,문경시
359000076,310,359000062,359000933,점촌시내버스정류장,가은아자개장터버스정류소,359,문경시
359000077,310,359000252,359000928,가은아자개장터버스정류소,점촌시내버스정류장,359,문경시
359000078,312,359000062,359000928,점촌시내버스정류장,점촌시내버스정류장,359,문경시
359000079,312,359000062,359000928,점촌시내버스정류장,점촌시내버스정류장,359,문경시
359000080,315,359000252,359000928,가은아자개장터버스정류소,점촌시내버스정류장,359,문경시
359000081,313,359000062,359000928,점촌시내버스정류장,점촌시내버스정류장,359,문경시
359000082,310,359000062,359000928,점촌시내버스정류장,점촌시내버스정류장,359,문경시
359000083,313,359000062,359000928,점촌시내버스정류장,점촌시내버스정류장,359,문경시
359000084,313,359000062,359000928,점촌시내버스정류장,점촌시내버스정류장,359,문경시
359000085,314,359000062,359000252,점촌시내버스정류장,가은아자개장터버스정류소,359,문경시
359000086,312,359000252,359000928,가은아자개장터버스정류소,점촌시내버스정류장,359,문경시
359000087,312,359000933,359000928,가은아자개장터버스정류소,점촌시내버스정류장,359,문경시
359000088,314,359000062,359000928,점촌시내버스정류장,점촌시내버스정류장,359,문경시
359000090,311,359000062,359000933,점촌시내버스정류장,가은아자개장터버스정류소,359,문경시
359000091,312,359000062,359000928,점촌시내버스정류장,점촌시내버스정류장,359,문경시
359000092,316,359000252,359000928,가은아자개장터버스정류소,점촌시내버스정류장,359,문경시
359000093,313,359000062,359000928,점촌시내버스정류장,점촌시내버스정류장,359,문경시
359000094,310,359000062,359000928,점촌시내버스정류장,점촌시내버스정류장,359,문경시
359000095,310,359000062,359000928,점촌시내버스정류장,점촌시내버스정류장,359,문경시
359000096,318,359000662,359000928,농암면행정복지센터,점촌시내버스정류장,359,문경시
359000097,318,359000062,359000933,점촌시내버스정류장,가은아자개장터버스정류소,359,문경시
359000099,410,359000062,359000933,점촌시내버스정류장,가은아자개장터버스정류소,359,문경시
359000100,410,359000062,359000563,점촌시내버스정류장,농암면행정복지센터,359,문경시
359000101,411,359000062,359000563,점촌시내버스정류장,농암면행정복지센터,359,문경시
359000102,411,359000662,359000928,농암면행정복지센터,점촌시내버스정류장,359,문경시
359000103,411,359000062,359000563,점촌시내버스정류장,농암면행정복지센터,359,문경시
359000104,411,359000662,359000928,농암면행정복지센터,점촌시내버스정류장,359,문경시
359000105,510,359000062,359000928,점촌시내버스정류장,점촌시내버스정류장,359,문경시
359000106,510,359000062,359000928,점촌시내버스정류장,점촌시내버스정류장,359,문경시
359000107,510,359000062,359000430,점촌시내버스정류장,산양,359,문경시
359000108,510,359000949,359000928,흑송리,점촌시내버스정류장,359,문경시
359000109,511,359000062,359000928,점촌시내버스정류장,점촌시내버스정류장,359,문경시
359000110,512,359000062,359000397,점촌시내버스정류장,신전1리,359,문경시
359000111,512,359000397,359000928,신전1리,점촌시내버스정류장,359,문경시
359000112,512,359000062,359000822,점촌시내버스정류장,신전1리,359,문경시
359000113,513,359000062,359000928,점촌시내버스정류장,점촌시내버스정류장,359,문경시
359000114,513,359000062,359000928,점촌시내버스정류장,점촌시내버스정류장,359,문경시
359000115,514,359000062,359000928,점촌시내버스정류장,점촌시내버스정류장,359,문경시
359000116,514,359000062,359000928,점촌시내버스정류장,점촌시내버스정류장,359,문경시
359000117,515,359000062,359000928,점촌시내버스정류장,점촌시내버스정류장,359,문경시
359000118,515,359000062,359000928,점촌시내버스정류장,점촌시내버스정류장,359,문경시
359000119,519,359000062,359000928,점촌시내버스정류장,점촌시내버스정류장,359,문경시
359000120,519,359000062,359000928,점촌시내버스정류장,점촌시내버스정류장,359,문경시
359000121,516,359000062,359000928,점촌시내버스정류장,점촌시내버스정류장,359,문경시
359000122,511,359000062,359000928,점촌시내버스정류장,점촌시내버스정류장,359,문경시
359000123,517,359000062,359000928,점촌시내버스정류장,점촌시내버스정류장,359,문경시
359000124,514,359000062,359000928,점촌시내버스정류장,점촌시내버스정류장,359,문경시
359000125,513,359000062,359000928,점촌시내버스정류장,점촌시내버스정류장,359,문경시
359000126,518,359000062,359000928,점촌시내버스정류장,점촌시내버스정류장,359,문경시
359000127,512,359000062,359000928,점촌시내버스정류장,점촌시내버스정류장,359,문경시
359000128,610,359000062,359000927,점촌시내버스정류장,동로,359,문경시
359000129,610,359000575,359000928,동로,점촌시내버스정류장,359,문경시
359000131,610,359000575,359000928,동로,점촌시내버스정류장,359,문경시
359000132,611,359000062,359000927,점촌시내버스정류장,동로,359,문경시
359000133,612,359000062,359000928,점촌시내버스정류장,점촌시내버스정류장,359,문경시
359000134,612,359000575,359000430,동로,산양,359,문경시
359000135,613,359000062,359000927,점촌시내버스정류장,동로,359,문경시
359000136,614,359000062,359000928,점촌시내버스정류장,점촌시내버스정류장,359,문경시
359000137,615,359000062,359000928,점촌시내버스정류장,점촌시내버스정류장,359,문경시
359000139,610,359000575,359000928,동로,점촌시내버스정류장,359,문경시
359000141,610,359000575,359000928,동로,점촌시내버스정류장,359,문경시
359000142,620,359000989,359000188,문경역,동로,359,문경시
359000143,620,359000108,359000982,동로,문경버스터미널,359,문경시
359000144,715,359000062,359000928,점촌시내버스정류장,점촌시내버스정류장,359,문경시
359000145,710,359000062,359000928,점촌시내버스정류장,점촌시내버스정류장,359,문경시
359000146,711,359000062,359000928,점촌시내버스정류장,점촌시내버스정류장,359,문경시
359000147,718,359000062,359000928,점촌시내버스정류장,점촌시내버스정류장,359,문경시
359000148,718,359000062,359000196,점촌시내버스정류장,흑송리,359,문경시
359000149,718,359000062,359000928,점촌시내버스정류장,점촌시내버스정류장,359,문경시
359000150,719,359000062,359000125,점촌시내버스정류장,용궁정류소,359,문경시
359000151,719,359000062,359000430,점촌시내버스정류장,산양,359,문경시
359000152,719,359000062,359000430,점촌시내버스정류장,산양,359,문경시
359000153,716,359000062,359000928,점촌시내버스정류장,점촌시내버스정류장,359,문경시
359000154,715,359000062,359000928,점촌시내버스정류장,점촌시내버스정류장,359,문경시
359000155,716,359000062,359000928,점촌시내버스정류장,점촌시내버스정류장,359,문경시
359000156,717,359000062,359000928,점촌시내버스정류장,점촌시내버스정류장,359,문경시
359000157,713,359000062,359000928,점촌시내버스정류장,점촌시내버스정류장,359,문경시
359000158,714,359000062,359000928,점촌시내버스정류장,점촌시내버스정류장,359,문경시
359000159,711,359000062,359000928,점촌시내버스정류장,점촌시내버스정류장,359,문경시
359000160,710,359000062,359000928,점촌시내버스정류장,점촌시내버스정류장,359,문경시
359000161,715,359000062,359000928,점촌시내버스정류장,점촌시내버스정류장,359,문경시
359000162,712,359000062,359000928,점촌시내버스정류장,점촌시내버스정류장,359,문경시
359000163,713,359000062,359000928,점촌시내버스정류장,점촌시내버스정류장,359,문경시
359000164,716,359000062,359000928,점촌시내버스정류장,점촌시내버스정류장,359,문경시
359000165,가은1,359000933,359000252,가은아자개장터버스정류소,가은아자개장터버스정류소,359,문경시
359000166,가은2,359000933,359000252,가은아자개장터버스정류소,가은아자개장터버스정류소,359,문경시
359000167,가은3,359000933,359000252,가은아자개장터버스정류소,가은아자개장터버스정류소,359,문경시
359000168,가은4,359000933,359000252,가은아자개장터버스정류소,가은아자개장터버스정류소,359,문경시
359000169,급행1,359000062,359000520,점촌시내버스정류장,문경새재도립공원,359,문경시
359000170,급행1,359000520,359000928,문경새재도립공원,점촌시내버스정류장,359,문경시
359000171,농암1,359000662,359000563,농암면행정복지센터,농암면행정복지센터,359,문경시
359000172,농암2,359000662,359000563,농암면행정복지센터,농암면행정복지센터,359,문경시
359000173,농암2,359000662,359000563,농암면행정복지센터,농암면행정복지센터,359,문경시
359000174,농암3,359000662,359000563,농암면행정복지센터,농암면행정복지센터,359,문경시
359000175,농암3,359000662,359000563,농암면행정복지센터,농암면행정복지센터,359,문경시
359000176,농암4,359000662,359000563,농암면행정복지센터,농암면행정복지센터,359,문경시
359000177,농암4,359000662,359000563,농암면행정복지센터,농암면행정복지센터,359,문경시
359000178,농암5,359000662,359000563,농암면행정복지센터,농암면행정복지센터,359,문경시
359000179,농암6,359000662,359000563,농암면행정복지센터,농암면행정복지센터,359,문경시
359000180,동로1,359000188,359000108,동로,동로,359,문경시
359000181,동로2,359000108,359000927,동로,동로,359,문경시
359000182,동로3,359000108,359000188,동로,동로,359,문경시
359000183,문경1,359000060,359000982,문경버스터미널,문경버스터미널,359,문경시
359000184,문경2,359000982,359000982,문경버스터미널,문경버스터미널,359,문경시
359000185,문경2,359000982,359000060,문경버스터미널,문경버스터미널,359,문경시
359000186,문경2,359000982,359000060,문경버스터미널,문경버스터미널,359,문경시
359000187,문경2,359000982,359000989,문경버스터미널,문경역,359,문경시
359000188,문경3,359000060,359000982,문경버스터미널,문경버스터미널,359,문경시
359000189,문경4,359000060,359000982,문경버스터미널,문경버스터미널,359,문경시
359000190,문경5,359000060,359000982,문경버스터미널,문경버스터미널,359,문경시
359000191,문경5,359000060,359000982,문경버스터미널,문경버스터미널,359,문경시
359000192,순환1,359000062,359000928,점촌시내버스정류장,점촌시내버스정류장,359,문경시
359000193,순환1,359000430,359000928,산양,점촌시내버스정류장,359,문경시
359000194,순환1,359000397,359000928,신전1리,점촌시내버스정류장,359,문경시
359000195,순환1,359000952,359000928,불정,점촌시내버스정류장,359,문경시
359000196,순환1,359000542,359000928,막곡,점촌시내버스정류장,359,문경시
359000197,순환1,359000125,359000928,용궁정류소,점촌시내버스정류장,359,문경시
359000198,순환1,359000898,359000928,우지동,점촌시내버스정류장,359,문경시
359000199,순환2,359000822,359000928,신전1리,점촌시내버스정류장,359,문경시
359000200,순환3,359000542,359000928,막곡,점촌시내버스정류장,359,문경시
359000201,순환3,359000062,359000928,점촌시내버스정류장,점촌시내버스정류장,359,문경시
359000202,순환4,359000062,359000928,점촌시내버스정류장,점촌시내버스정류장,359,문경시
359000203,야간,359000062,359000989,점촌시내버스정류장,문경역,359,문경시
362000010,131-1,362000178,362000206,의성터미널 앞,대리3리,362,의성군
362000011,척하1,362000206,362001177,대리3리,현리2리-척하,362,의성군
362000012,척하1,362000930,362000223,현리2리-척하,대리3리,362,의성군
362000013,척하2,362000206,362001177,대리3리,현리2리-척하,362,의성군
362000014,130,362000223,362000201,대리3리,의성시외버스터미널,362,의성군
362000015,130,362000178,362000206,의성터미널 앞,대리3리,362,의성군
362000016,130,362000613,362000201,순호3리,의성시외버스터미널,362,의성군
362000017,130,362001001,362000201,이1리,의성시외버스터미널,362,의성군
362000018,척하2-1,362000930,362000223,현리2리-척하,대리3리,362,의성군
362000019,272,362000201,362001175,의성시외버스터미널,안계공용버스정류장,362,의성군
362000020,272,362000018,362000178,안계공용버스정류장,의성터미널 앞,362,의성군
362000021,팔등1,362000018,362001175,안계공용버스정류장,안계공용버스정류장,362,의성군
362000023,271,362000094,362001175,의성중부농협,안계공용버스정류장,362,의성군
362000024,271,362000201,362001175,의성시외버스터미널,안계공용버스정류장,362,의성군
362000025,270,362000018,362000178,안계공용버스정류장,의성터미널 앞,362,의성군
362000026,270,362000201,362001175,의성시외버스터미널,안계공용버스정류장,362,의성군
362000027,120,362000110,362000178,화전2리,의성터미널 앞,362,의성군
362000028,120,362000201,362000094,의성시외버스터미널,의성중부농협,362,의성군
362000029,271-1,362000018,362000110,안계공용버스정류장,화전2리,362,의성군
362000030,271-1,362000094,362001175,의성중부농협,안계공용버스정류장,362,의성군
362000031,121,362000110,362000201,화전2리,의성시외버스터미널,362,의성군
362000032,121,362000178,362000094,의성터미널 앞,의성중부농협,362,의성군
362000033,516-1,362000043,354000030,남부농협,길안정류장,362,의성군
362000034,516,354000013,362000178,길안정류장,의성터미널 앞,362,의성군
362000035,516,362000201,354000030,의성시외버스터미널,길안정류장,362,의성군
362000036,516-2,354000013,362000178,길안정류장,의성터미널 앞,362,의성군
362000037,270,362000018,362000116,안계공용버스정류장,의성남부농협 건너,362,의성군
362000038,156,362000201,354000030,의성시외버스터미널,길안정류장,362,의성군
362000039,156-1,354000013,362000178,길안정류장,의성터미널 앞,362,의성군
362000040,156,354000013,362000178,길안정류장,의성터미널 앞,362,의성군
362000041,781-1,362000018,362001118,안계공용버스정류장,다인정류소,362,의성군
362000042,781,362000018,362001118,안계공용버스정류장,다인정류소,362,의성군
362000043,781-3,362000018,362001118,안계공용버스정류장,다인정류소,362,의성군
362000044,781-2,362000018,362001118,안계공용버스정류장,다인정류소,362,의성군
362000045,781,362001117,362001175,다인정류소,안계공용버스정류장,362,의성군
362000046,781-2,362001117,362001175,다인정류소,안계공용버스정류장,362,의성군
362000047,781-1,362001117,362001175,다인정류소,안계공용버스정류장,362,의성군
362000048,782,362000018,362001175,안계공용버스정류장,안계공용버스정류장,362,의성군
362000049,783,362000018,362000166,안계공용버스정류장,봉정리,362,의성군
362000050,783,362000106,362001175,봉정리,안계공용버스정류장,362,의성군
362000051,783-2,362000106,362000018,봉정리,안계공용버스정류장,362,의성군
362000052,783-2,362000018,362000166,안계공용버스정류장,봉정리,362,의성군
362000053,783-1,362000106,362001175,봉정리,안계공용버스정류장,362,의성군
362000054,784,362000538,362001175,용곡,안계공용버스정류장,362,의성군
362000055,784,362000018,362001175,안계공용버스정류장,안계공용버스정류장,362,의성군
362000056,784,362000018,362000018,안계공용버스정류장,안계공용버스정류장,362,의성군
362000057,784,362000018,362000608,안계공용버스정류장,용곡,362,의성군
362000058,785,362000018,362001175,안계공용버스정류장,안계공용버스정류장,362,의성군
362000059,790,362000018,362001181,안계공용버스정류장,낙정1리,362,의성군
362000060,790-1,362000867,362001175,낙정1리,안계공용버스정류장,362,의성군
362000061,790,362000867,362001175,낙정1리,안계공용버스정류장,362,의성군
362000062,790-1,362000018,362001181,안계공용버스정류장,낙정1리,362,의성군
362000063,870,362000018,362000516,안계공용버스정류장,쌍호2리,362,의성군
362000064,870,362000749,362001175,쌍호2리,안계공용버스정류장,362,의성군
362000065,871,362000018,354000029,안계공용버스정류장,구담정류소,362,의성군
362000066,871,354000029,362001175,구담정류소,안계공용버스정류장,362,의성군
362000067,230,362000110,362000206,화전2리,대리3리,362,의성군
362000068,230,362000223,362000094,대리3리,의성중부농협,362,의성군
362000069,206,362000110,362001196,화전2리,삼춘2리,362,의성군
362000070,204-1,362000918,362000094,용봉,의성중부농협,362,의성군
362000071,204,362000110,362001182,화전2리,용봉,362,의성군
362000072,205,362000918,362000094,용봉,의성중부농협,362,의성군
362000073,203-1,362000238,362000094,청운2리,의성중부농협,362,의성군
362000074,203,362000238,362000178,청운2리,의성터미널 앞,362,의성군
362000075,140,362000178,363000006,의성터미널 앞,화목버스터미널,362,의성군
362000076,140-2,363000005,362000201,화목버스터미널,의성시외버스터미널,362,의성군
362000077,140,363000005,362000201,화목버스터미널,의성시외버스터미널,362,의성군
362000078,140-1,362000178,363000006,의성터미널 앞,화목버스터미널,362,의성군
362000079,140-2,362000178,363000006,의성터미널 앞,화목버스터미널,362,의성군
362000080,양곡1,362000018,362000018,안계공용버스정류장,안계공용버스정류장,362,의성군
362000081,135,363000005,362000201,화목버스터미널,의성시외버스터미널,362,의성군
362000082,135,362000178,363000006,의성터미널 앞,화목버스터미널,362,의성군
362000083,132,362000178,362000427,의성터미널 앞,춘산,362,의성군
362000084,132,362000356,362000201,춘산,의성시외버스터미널,362,의성군
362000085,134,362000178,362000824,의성터미널 앞,금오1리,362,의성군
362000086,134,362000566,362000201,금오1리,의성시외버스터미널,362,의성군
362000087,133,362000789,362000201,대사2리,의성시외버스터미널,362,의성군
362000088,133,362000178,362000691,의성터미널 앞,대사2리,362,의성군
362000089,160-1,362000201,362000066,의성시외버스터미널,세촌2리,362,의성군
362000090,160,362000066,362000178,세촌2리,의성터미널 앞,362,의성군
362000091,160,362000201,362000066,의성시외버스터미널,세촌2리,362,의성군
362000092,160-1,362000066,362000178,세촌2리,의성터미널 앞,362,의성군
362000093,161-1,362000201,362001183,의성시외버스터미널,읏뜸골,362,의성군
362000094,161,362000944,362000178,읏뜸골,의성터미널 앞,362,의성군
362000095,161-1,362000944,362000178,읏뜸골,의성터미널 앞,362,의성군
362000096,161,362000201,362001183,의성시외버스터미널,읏뜸골,362,의성군
362000097,162,362000201,362000893,의성시외버스터미널,고운사,362,의성군
362000098,162,362001184,362000178,고운사,의성터미널 앞,362,의성군
362000099,162-2,362001184,362000178,고운사,의성터미널 앞,362,의성군
362000100,162-1,362000201,362000893,의성시외버스터미널,고운사,362,의성군
362000101,100,362000201,362000639,의성시외버스터미널,안평,362,의성군
362000102,100,362000768,362000178,안평,의성터미널 앞,362,의성군
362000103,101,362000639,362000178,안평,의성터미널 앞,362,의성군
362000104,101,362000201,362000768,의성시외버스터미널,안평,362,의성군
362000105,102,362000201,362000253,의성시외버스터미널,신안3리,362,의성군
362000106,102,362000373,362000178,신안3리,의성터미널 앞,362,의성군
362000107,104,362000918,362000178,용봉,의성터미널 앞,362,의성군
362000108,202,362000373,362000094,신안3리,의성중부농협,362,의성군
362000109,105,362000201,362001182,의성시외버스터미널,용봉,362,의성군
362000110,의성1(운동장),362000141,362000151,경신아파트,경신아파트,362,의성군
362000111,의성1(운동장),362000141,362000178,경신아파트,의성터미널 앞,362,의성군
362000112,의성2(운동장),362001111,362000151,의성군보건소,경신아파트,362,의성군
362000113,모창1,362000018,362001175,안계공용버스정류장,안계공용버스정류장,362,의성군
362000114,양곡1,362000018,362001175,안계공용버스정류장,안계공용버스정류장,362,의성군
362000115,청산1,362000018,362001175,안계공용버스정류장,안계공용버스정류장,362,의성군
362000116,152,362000487,362000178,오류리,의성터미널 앞,362,의성군
362000117,152,362000201,362000379,의성시외버스터미널,오류리,362,의성군
362000118,152,362000487,362000178,오류리,의성터미널 앞,362,의성군
362000119,511,362000201,362000306,의성시외버스터미널,실업2리,362,의성군
362000120,270,362000043,362001175,남부농협,안계공용버스정류장,362,의성군
362000121,511,362000300,362000178,실업2리,의성터미널 앞,362,의성군
362000122,151,362000300,362000178,실업2리,의성터미널 앞,362,의성군
362000123,151,362000201,362000306,의성시외버스터미널,실업2리,362,의성군
362000124,513,362000201,362000502,의성시외버스터미널,금봉리,362,의성군
362000125,513-1,362000201,362000055,의성시외버스터미널,금봉리,362,의성군
362000126,153-1,362000355,362000178,금봉리,의성터미널 앞,362,의성군
362000127,153-2,362000143,362000178,금봉리,의성터미널 앞,362,의성군
362000128,153-1,362000201,362000502,의성시외버스터미널,금봉리,362,의성군
362000129,153,362000355,362000178,금봉리,의성터미널 앞,362,의성군
362000130,154,362000201,362000893,의성시외버스터미널,고운사,362,의성군
362000131,154,362001184,362000178,고운사,의성터미널 앞,362,의성군
362000132,137,362000178,362000206,의성터미널 앞,대리3리,362,의성군
362000133,137,362000223,362000201,대리3리,의성시외버스터미널,362,의성군
362000134,도경1,362000206,362000223,대리3리,대리3리,362,의성군
362000135,131-2,362000178,362000206,의성터미널 앞,대리3리,362,의성군
362000136,131-2,362000223,362000201,대리3리,의성시외버스터미널,362,의성군
362000137,황룡1,362000201,362000178,의성시외버스터미널,의성터미널 앞,362,의성군
362000138,141,362000178,362000201,의성터미널 앞,의성시외버스터미널,362,의성군
362000139,순호1-1,362000178,362000263,의성터미널 앞,순호3리,362,의성군
362000140,순호1-1,362000206,362000263,대리3리,순호3리,362,의성군
362000141,순호1,362000613,362000223,순호3리,대리3리,362,의성군
362000142,142,362000178,362000201,의성터미널 앞,의성시외버스터미널,362,의성군
362000143,142,362000904,362000201,화전2리,의성시외버스터미널,362,의성군
362000144,142-1,362000178,362001200,의성터미널 앞,화전2리,362,의성군
362000145,용곡1,362000018,362001175,안계공용버스정류장,안계공용버스정류장,362,의성군
362000146,용곡2,362000018,362001175,안계공용버스정류장,안계공용버스정류장,362,의성군
362000147,780-1,362000018,362001117,안계공용버스정류장,다인정류소,362,의성군
362000148,780,362001118,362001175,다인정류소,안계공용버스정류장,362,의성군
362000149,신동1,362000094,362000094,의성중부농협,의성중부농협,362,의성군
362000150,신동1,362000094,362000094,의성중부농협,의성중부농협,362,의성군
362000151,산제1,362000094,362000110,의성중부농협,화전2리,362,의성군
362000152,산제1,362000201,362000110,의성시외버스터미널,화전2리,362,의성군
362000153,106,362000846,362000178,삼춘2리,의성터미널 앞,362,의성군
362000154,145-1,362000178,362000992,의성터미널 앞,효선리,362,의성군
362000155,145,362000993,362000201,효선리,의성시외버스터미널,362,의성군
362000156,145,362000178,362000992,의성터미널 앞,효선리,362,의성군
362000157,145-1,362000993,362000201,효선리,의성시외버스터미널,362,의성군
362000158,155,362000201,362000178,의성시외버스터미널,의성터미널 앞,362,의성군
362000159,200,362000639,362000094,안평,의성중부농협,362,의성군
362000160,512,362000487,362000178,오류리,의성터미널 앞,362,의성군
362000161,514,362000201,362000902,의성시외버스터미널,신계-상신,362,의성군
362000162,155,362000201,362000151,의성시외버스터미널,경신아파트,362,의성군
362000163,516-1,362000201,354000030,의성시외버스터미널,길안정류장,362,의성군
362000164,143,362000178,362000201,의성터미널 앞,의성시외버스터미널,362,의성군
362000165,144,362000178,362000201,의성터미널 앞,의성시외버스터미널,362,의성군
362000166,배골1,362000178,362000223,의성터미널 앞,대리3리,362,의성군
362000167,배골1,362000178,362000223,의성터미널 앞,대리3리,362,의성군
362000168,272,362000018,362000116,안계공용버스정류장,의성남부농협 건너,362,의성군
362000169,효선1,362000206,362000201,대리3리,의성시외버스터미널,362,의성군
362000170,효선1,362000993,362000223,효선리,대리3리,362,의성군
362000171,효선1-1,362000178,362000992,의성터미널 앞,효선리,362,의성군
362000172,단북1,362000018,362000018,안계공용버스정류장,안계공용버스정류장,362,의성군
362000173,중하1,362000018,362001175,안계공용버스정류장,안계공용버스정류장,362,의성군
362000174,비안1,362000018,362001175,안계공용버스정류장,안계공용버스정류장,362,의성군
362000175,단북2,362000018,362001175,안계공용버스정류장,안계공용버스정류장,362,의성군
362000176,개일1,362000206,362000223,대리3리,대리3리,362,의성군
362000177,중하2,362000018,362001175,안계공용버스정류장,안계공용버스정류장,362,의성군
362000178,효선1-2,362000993,362000223,효선리,대리3리,362,의성군
362000179,제오1,362000223,362000206,대리3리,대리3리,362,의성군
362000180,제오2,362000223,362000206,대리3리,대리3리,362,의성군
362000181,제오2,362000223,362000206,대리3리,대리3리,362,의성군
362000182,용곡2-1,362000018,362001175,안계공용버스정류장,안계공용버스정류장,362,의성군
362000183,청산2,362000018,362001175,안계공용버스정류장,안계공용버스정류장,362,의성군
362000184,의성2(염매시장),362000151,362001112,경신아파트,의성군보건소,362,의성군
362000185,의성2(염매시장),362001111,362000141,의성군보건소,경신아파트,362,의성군
362000186,의성1(염매시장),362000151,362000141,경신아파트,경신아파트,362,의성군
362000187,271-2,362000018,362000110,안계공용버스정류장,화전2리,362,의성군
362000188,척하2,362000930,362000223,현리2리-척하,대리3리,362,의성군
362000189,203,362000110,362001201,화전2리,청운2리,362,의성군
362000190,204-1,362000110,362001182,화전2리,용봉,362,의성군
362000191,배골1,362000178,362001001,의성터미널 앞,이1리,362,의성군
362000192,514,362001193,362000116,신계-상신,의성남부농협 건너,362,의성군
366000001,1,366000522,366000484,청도공용버스터미널,풍각버스정류장,366,청도군
366000002,1,366000523,366000469,풍각버스정류장,청도공용버스터미널,366,청도군
366000003,1,366000522,366000484,청도공용버스터미널,풍각버스정류장,366,청도군
366000004,1,366000523,366000469,풍각버스정류장,청도공용버스터미널,366,청도군
366000005,1,366000522,366000469,청도공용버스터미널,청도공용버스터미널,366,청도군
366000006,2,366000522,366000642,청도공용버스터미널,유등3리,366,청도군
366000007,2,366000522,366000642,청도공용버스터미널,유등3리,366,청도군
366000009,2,366000522,366000481,청도공용버스터미널,대곡1리,366,청도군
366000010,2,366000522,366000481,청도공용버스터미널,대곡1리,366,청도군
366000013,2,366000522,366000528,청도공용버스터미널,문수리,366,청도군
366000014,2,366000522,366000190,청도공용버스터미널,수야4리(종점),366,청도군
366000015,2,366000522,366000483,청도공용버스터미널,칠엽1리,366,청도군
366000016,2,366000530,366000469,칠엽1리,청도공용버스터미널,366,청도군
366000017,2,366000522,366000647,청도공용버스터미널,신촌,366,청도군
366000018,2,366000522,366000383,청도공용버스터미널,칠곡1리,366,청도군
366000019,2,366000522,366000473,청도공용버스터미널,고평리,366,청도군
366000020,2,366000522,366000646,청도공용버스터미널,오부실,366,청도군
366000022,3,366000522,366000459,청도공용버스터미널,운산1리-모과마을,366,청도군
366000024,3,366000522,366000644,청도공용버스터미널,두곡-숲실,366,청도군
366000025,3,366000522,366000648,청도공용버스터미널,마당,366,청도군
366000026,3,366000522,366000648,청도공용버스터미널,마당,366,청도군
366000027,3,366000522,366000648,청도공용버스터미널,마당,366,청도군
366000029,3,366000522,366000648,청도공용버스터미널,마당,366,청도군
366000033,3,366000522,366000321,청도공용버스터미널,운문사정류장,366,청도군
366000034,3,366000525,366000469,삼계리,청도공용버스터미널,366,청도군
366000035,5,366000522,366000330,청도공용버스터미널,유호리,366,청도군
366000036,5,366000522,366000347,청도공용버스터미널,상동,366,청도군
366000037,5,366000522,366000347,청도공용버스터미널,상동,366,청도군
366000039,5,366000522,366000347,청도공용버스터미널,상동,366,청도군
366000041,5,366000197,366000469,온막리-광명대,청도공용버스터미널,366,청도군
366000042,5,366000522,366000095,청도공용버스터미널,온막리-광명대,366,청도군
366000043,5,366000522,366000534,청도공용버스터미널,동곡버스터미널,366,청도군
366000051,7,366000522,366000050,청도공용버스터미널,송금리,366,청도군
366000052,7,366000522,366000649,청도공용버스터미널,송금리,366,청도군
366000053,7,366000522,366000645,청도공용버스터미널,덕암2리,366,청도군
366000054,동곡순환,366000536,366000534,장연리,동곡버스터미널,366,청도군
366000055,동곡순환,366000465,366000534,동곡버스터미널,동곡버스터미널,366,청도군
366000056,동곡순환,366000465,366000534,동곡버스터미널,동곡버스터미널,366,청도군
366000057,동곡순환,366000465,366000534,동곡버스터미널,동곡버스터미널,366,청도군
366000058,동곡순환,366000465,366000534,동곡버스터미널,동곡버스터미널,366,청도군
366000059,동곡순환,366000465,366000534,동곡버스터미널,동곡버스터미널,366,청도군
366000062,동곡순환,366000465,366000534,동곡버스터미널,동곡버스터미널,366,청도군
366000063,동곡순환,366000465,366000534,동곡버스터미널,동곡버스터미널,366,청도군
366000064,동곡순환,366000465,366000534,동곡버스터미널,동곡버스터미널,366,청도군
366000065,동곡순환,366000465,366000534,동곡버스터미널,동곡버스터미널,366,청도군
366000066,동곡순환,366000054,366000534,마일2리-괴기,동곡버스터미널,366,청도군
366000067,동곡순환,366000465,366000231,동곡버스터미널,마일2리,366,청도군
366000069,풍각순환,366000523,366000484,풍각버스정류장,풍각버스정류장,366,청도군
366000070,풍각순환,366000523,366000484,풍각버스정류장,풍각버스정류장,366,청도군
366000071,풍각순환,366000523,366000484,풍각버스정류장,풍각버스정류장,366,청도군
366000072,풍각순환,366000523,366000484,풍각버스정류장,풍각버스정류장,366,청도군
366000073,풍각순환,366000523,366000484,풍각버스정류장,풍각버스정류장,366,청도군
366000074,풍각순환,366000523,366000484,풍각버스정류장,풍각버스정류장,366,청도군
366000075,풍각순환,366000523,366000484,풍각버스정류장,풍각버스정류장,366,청도군
366000076,풍각순환,366000523,366000484,풍각버스정류장,풍각버스정류장,366,청도군
366000077,풍각순환,366000523,366000484,풍각버스정류장,풍각버스정류장,366,청도군
366000078,풍각순환,366000523,366000484,풍각버스정류장,풍각버스정류장,366,청도군
366000079,풍각순환,366000361,366000484,사2리,풍각버스정류장,366,청도군
366000080,풍각순환,366000523,366000484,풍각버스정류장,풍각버스정류장,366,청도군
366000081,풍각순환,366000523,366000484,풍각버스정류장,풍각버스정류장,366,청도군
366000082,풍각순환,366000523,366000484,풍각버스정류장,풍각버스정류장,366,청도군
366000083,풍각순환,366000523,366000484,풍각버스정류장,풍각버스정류장,366,청도군
366000084,풍각순환,366000344,366000484,지슬1리,풍각버스정류장,366,청도군
366000085,풍각순환,366000523,366000484,풍각버스정류장,풍각버스정류장,366,청도군
366000086,풍각순환,366000523,366000484,풍각버스정류장,풍각버스정류장,366,청도군
366000087,풍각순환,366000523,366000484,풍각버스정류장,풍각버스정류장,366,청도군
366000088,0-1,366000522,157000029,청도공용버스터미널,가창중학교앞,366,청도군
366000090,0,151000010,366000484,동대구역복합환승센터,풍각버스정류장,366,청도군
366000091,0,366000523,151000010,풍각버스정류장,동대구역복합환승센터,366,청도군
366000092,0,366000523,151000010,풍각버스정류장,동대구역복합환승센터,366,청도군
366000093,8,366000522,360000031,청도공용버스터미널,금곡교,366,청도군
366000094,1,366000522,366000484,청도공용버스터미널,풍각버스정류장,366,청도군
366000095,1,366000523,366000469,풍각버스정류장,청도공용버스터미널,366,청도군
366000096,2,366000522,366000481,청도공용버스터미널,대곡1리,366,청도군
366000100,풍각순환,366000523,366000484,풍각버스정류장,풍각버스정류장,366,청도군
366000101,5,366000522,366000534,청도공용버스터미널,동곡버스터미널,366,청도군
366000151,2,366000522,366000528,청도공용버스터미널,문수리,366,청도군
366000152,3,366000522,366000321,청도공용버스터미널,운문사정류장,366,청도군
366000153,5,366000465,366000469,동곡버스터미널,청도공용버스터미널,366,청도군
366000154,5,366000522,366000534,청도공용버스터미널,동곡버스터미널,366,청도군
366000155,5,366000522,366000534,청도공용버스터미널,동곡버스터미널,366,청도군
366000156,동곡순환,366000465,360000028,동곡버스터미널,자인정류장,366,청도군
366000157,풍각순환,366000523,366000237,풍각버스정류장,화산,366,청도군
366000158,5,366000522,366000534,청도공용버스터미널,동곡버스터미널,366,청도군
366000161,0-1,157000029,366000469,가창중학교앞,청도공용버스터미널,366,청도군
366000162,동곡순환,360000028,366000534,자인정류장,동곡버스터미널,366,청도군
366000163,8,360000030,366000469,금곡교,청도공용버스터미널,366,청도군
366000164,2,366000005,366000469,유등3리,청도공용버스터미널,366,청도군
366000165,2,366000005,366000469,유등3리,청도공용버스터미널,366,청도군
366000166,7,366000643,366000469,송금리,청도공용버스터미널,366,청도군
366000167,3,366000082,366000469,두곡-숲실,청도공용버스터미널,366,청도군
366000168,7,366000120,366000469,덕암2리,청도공용버스터미널,366,청도군
366000169,7,366000120,366000469,덕암2리,청도공용버스터미널,366,청도군
366000170,2,366000159,366000469,오부실,청도공용버스터미널,366,청도군
366000171,풍각순환,366000223,366000484,화산,풍각버스정류장,366,청도군
366000172,2,366000305,366000469,신촌,청도공용버스터미널,366,청도군
366000173,3,366000533,366000469,운문사정류장,청도공용버스터미널,366,청도군
366000174,3,366000533,366000469,운문사정류장,청도공용버스터미널,366,청도군
366000175,5,366000330,366000469,유호리,청도공용버스터미널,366,청도군
366000176,3,366000368,366000469,마당,청도공용버스터미널,366,청도군
366000180,2,366000531,366000469,칠곡1리,청도공용버스터미널,366,청도군
366000181,3,366000459,366000469,운산1리-모과마을,청도공용버스터미널,366,청도군
366000182,3,366000459,366000469,운산1리-모과마을,청도공용버스터미널,366,청도군
366000183,3,366000459,366000469,운산1리-모과마을,청도공용버스터미널,366,청도군
366000185,5,366000465,366000469,동곡버스터미널,청도공용버스터미널,366,청도군
366000186,5,366000465,366000469,동곡버스터미널,청도공용버스터미널,366,청도군
366000187,5,366000465,366000469,동곡버스터미널,청도공용버스터미널,366,청도군
366000188,2,366000431,366000469,고평리,청도공용버스터미널,366,청도군
366000189,2,366000431,366000469,고평리,청도공용버스터미널,366,청도군
366000190,7,366000474,366000469,송금리,청도공용버스터미널,366,청도군
366000191,7,366000474,366000469,송금리,청도공용버스터미널,366,청도군
366000192,2,366000530,366000469,칠엽1리,청도공용버스터미널,366,청도군
366000195,2,366000262,366000469,문수리,청도공용버스터미널,366,청도군
366000197,2,366000529,366000469,대곡1리,청도공용버스터미널,366,청도군
366000198,2,366000529,366000469,대곡1리,청도공용버스터미널,366,청도군
366000204,5,366000535,366000469,상동,청도공용버스터미널,366,청도군
366000205,5,366000535,366000469,상동,청도공용버스터미널,366,청도군
366000206,5,366000535,366000469,상동,청도공용버스터미널,366,청도군
366000207,5,366000535,366000469,상동,청도공용버스터미널,366,청도군
366000209,2,366000558,366000469,수야4리(종점),청도공용버스터미널,366,청도군
366000211,3,366000522,366000321,청도공용버스터미널,운문사정류장,366,청도군
366000212,3,366000533,366000534,운문사정류장,동곡버스터미널,366,청도군
366000213,풍각순환,366000223,366000484,화산,풍각버스정류장,366,청도군
366000214,3,366000522,366000648,청도공용버스터미널,마당,366,청도군
366000215,풍각순환,366000523,366000484,풍각버스정류장,풍각버스정류장,366,청도군
366000216,풍각순환,366000523,366000484,풍각버스정류장,풍각버스정류장,366,청도군
367000001,606-4,367000454,367000453,대가야여객,대가야여객,367,고령군
367000002,606-14,367000454,367000453,대가야여객,대가야여객,367,고령군
367000003,606-47,367000454,367000453,대가야여객,대가야여객,367,고령군
367000004,606-40,367000454,367000453,대가야여객,대가야여객,367,고령군
367000005,606-45,367000454,367000453,대가야여객,대가야여객,367,고령군
367000006,606-42,367000454,367000453,대가야여객,대가야여객,367,고령군
367000007,606-9,367000454,367000453,대가야여객,대가야여객,367,고령군
367000008,606-4,367000454,367000453,대가야여객,대가야여객,367,고령군
367000009,606-2,367000454,367000453,대가야여객,대가야여객,367,고령군
367000010,606-46,367000454,367000453,대가야여객,대가야여객,367,고령군
367000011,606-38,367000454,367000453,대가야여객,대가야여객,367,고령군
367000012,606-54,367000454,367000453,대가야여객,대가야여객,367,고령군
367000013,606-60,367000454,367000453,대가야여객,대가야여객,367,고령군
367000014,606-41,367000454,367000453,대가야여객,대가야여객,367,고령군
367000015,606-55,367000454,367000453,대가야여객,대가야여객,367,고령군
367000016,606-18,367000454,367000453,대가야여객,대가야여객,367,고령군
367000017,606-64,367000454,367000453,대가야여객,대가야여객,367,고령군
367000018,606-1,367000454,367000453,대가야여객,대가야여객,367,고령군
367000019,606-39,367000454,367000453,대가야여객,대가야여객,367,고령군
367000020,606-53,367000454,367000453,대가야여객,대가야여객,367,고령군
367000021,606-11,367000454,367000453,대가야여객,대가야여객,367,고령군
367000022,606-62,367000454,367000453,대가야여객,대가야여객,367,고령군
367000023,606-36,367000454,367000453,대가야여객,대가야여객,367,고령군
367000024,606-52,367000454,367000453,대가야여객,대가야여객,367,고령군
367000025,606-16,367000454,367000453,대가야여객,대가야여객,367,고령군
367000026,606-12,367000454,367000453,대가야여객,대가야여객,367,고령군
367000027,606-22,367000454,367000453,대가야여객,대가야여객,367,고령군
367000028,606-25,367000454,367000257,대가야여객,다산회차지,367,고령군
367000029,606-25,367000092,367000453,다산회차지,대가야여객,367,고령군
367000030,606-49,367000454,367000453,대가야여객,대가야여객,367,고령군
367000031,606-13,367000454,367000453,대가야여객,대가야여객,367,고령군
367000032,606-21,367000454,367000453,대가야여객,대가야여객,367,고령군
367000033,606-10,367000454,367000453,대가야여객,대가야여객,367,고령군
367000034,606-33,367000454,367000453,대가야여객,대가야여객,367,고령군
367000035,606-15,367000454,367000453,대가야여객,대가야여객,367,고령군
367000036,606-44,367000454,367000453,대가야여객,대가야여객,367,고령군
367000037,606-18,367000454,367000453,대가야여객,대가야여객,367,고령군
367000038,606-56,367000454,367000453,대가야여객,대가야여객,367,고령군
367000039,606-58,367000454,367000453,대가야여객,대가야여객,367,고령군
367000040,606-51,367000454,367000453,대가야여객,대가야여객,367,고령군
367000041,606-30,367000454,367000453,대가야여객,대가야여객,367,고령군
367000042,606-19,367000454,367000453,대가야여객,대가야여객,367,고령군
367000043,606-60,367000454,367000453,대가야여객,대가야여객,367,고령군
367000044,606-61,367000454,367000453,대가야여객,대가야여객,367,고령군
367000045,606-43,367000454,367000453,대가야여객,대가야여객,367,고령군
367000046,606-48,367000454,367000453,대가야여객,대가야여객,367,고령군
367000047,606-5,367000454,367000453,대가야여객,대가야여객,367,고령군
367000048,606-6,367000454,367000453,대가야여객,대가야여객,367,고령군
367000049,606-32,367000454,367000453,대가야여객,대가야여객,367,고령군
367000050,606-8,367000454,367000453,대가야여객,대가야여객,367,고령군
367000051,606-29,367000454,367000453,대가야여객,대가야여객,367,고령군
367000052,606-35,367000454,367000453,대가야여객,대가야여객,367,고령군
367000053,606-50,367000454,367000453,대가야여객,대가야여객,367,고령군
367000054,606-57,367000454,367000453,대가야여객,대가야여객,367,고령군
367000055,606-23,367000454,367000453,대가야여객,대가야여객,367,고령군
367000056,606-7,367000454,367000453,대가야여객,대가야여객,367,고령군
367000057,606-59,367000454,367000453,대가야여객,대가야여객,367,고령군
367000058,606-3,367000454,367000453,대가야여객,대가야여객,367,고령군
367000059,606-34,367000454,367000453,대가야여객,대가야여객,367,고령군
367000060,606-37,367000454,367000453,대가야여객,대가야여객,367,고령군
367000061,606-31,367000454,367000453,대가야여객,대가야여객,367,고령군
367000062,606-24,367000454,367000453,대가야여객,대가야여객,367,고령군
367000063,606-28,367000454,367000453,대가야여객,대가야여객,367,고령군
367000064,606-20,367000454,367000453,대가야여객,대가야여객,367,고령군
367000065,606-26,367000454,367000453,대가야여객,대가야여객,367,고령군
367000066,606-27,367000454,367000453,대가야여객,대가야여객,367,고령군
367000067,606-63,367000454,367000453,대가야여객,대가야여객,367,고령군
367000068,606-17,367000454,367000453,대가야여객,대가야여객,367,고령군
368000006,0,368000564,368000015,성주창의문화센터(기점),성주창의문화센터(종점),368,성주군
368000007,0,368000564,368000015,성주창의문화센터(기점),성주창의문화센터(종점),368,성주군
368000008,0,368000564,368000015,성주창의문화센터(기점),성주창의문화센터(종점),368,성주군
368000009,0,368000564,368000015,성주창의문화센터(기점),성주창의문화센터(종점),368,성주군
368000010,0,368000564,368000015,성주창의문화센터(기점),성주창의문화센터(종점),368,성주군
368000011,0,368000564,368000015,성주창의문화센터(기점),성주창의문화센터(종점),368,성주군
368000012,0,368000564,368000015,성주창의문화센터(기점),성주창의문화센터(종점),368,성주군
368000013,0,368000564,368000015,성주창의문화센터(기점),성주창의문화센터(종점),368,성주군
368000015,0,368000564,368000015,성주창의문화센터(기점),성주창의문화센터(종점),368,성주군
368000016,0,368000564,368000015,성주창의문화센터(기점),성주창의문화센터(종점),368,성주군
368000017,0,368000564,368000015,성주창의문화센터(기점),성주창의문화센터(종점),368,성주군
368000018,0,368000564,368000015,성주창의문화센터(기점),성주창의문화센터(종점),368,성주군
368000019,0,368000564,368000015,성주창의문화센터(기점),성주창의문화센터(종점),368,성주군
368000020,0,368000720,368000345,가천버스터미널,가천버스터미널,368,성주군
368000021,0,368000720,368000345,가천버스터미널,가천버스터미널,368,성주군
368000022,0,368000720,368000015,가천버스터미널,성주창의문화센터(종점),368,성주군
368000023,0,368000564,368000015,성주창의문화센터(기점),성주창의문화센터(종점),368,성주군
368000024,0,368000720,368000345,가천버스터미널,가천버스터미널,368,성주군
368000025,0,368000720,368000345,가천버스터미널,가천버스터미널,368,성주군
368000026,0,368000564,368000345,성주창의문화센터(기점),가천버스터미널,368,성주군
368000027,0,368000720,368000345,가천버스터미널,가천버스터미널,368,성주군
368000028,0,368000564,368000015,성주창의문화센터(기점),성주창의문화센터(종점),368,성주군
368000029,0,368000564,368000015,성주창의문화센터(기점),성주창의문화센터(종점),368,성주군
368000031,0,368000564,368000015,성주창의문화센터(기점),성주창의문화센터(종점),368,성주군
368000032,0,368000564,368000015,성주창의문화센터(기점),성주창의문화센터(종점),368,성주군
368000033,0,368000564,368000015,성주창의문화센터(기점),성주창의문화센터(종점),368,성주군
368000034,0,368000564,368000015,성주창의문화센터(기점),성주창의문화센터(종점),368,성주군
368000035,0,368000564,368000015,성주창의문화센터(기점),성주창의문화센터(종점),368,성주군
368000036,0,368000564,157000129,성주창의문화센터(기점),문양역건너,368,성주군
368000037,0,157000128,368000015,문양역앞,성주창의문화센터(종점),368,성주군
368000038,0,368000564,368000015,성주창의문화센터(기점),성주창의문화센터(종점),368,성주군
368000041,0,368000564,368000015,성주창의문화센터(기점),성주창의문화센터(종점),368,성주군
368000042,0,368000564,368000015,성주창의문화센터(기점),성주창의문화센터(종점),368,성주군
368000043,0,368000564,368000015,성주창의문화센터(기점),성주창의문화센터(종점),368,성주군
368000044,0,368000564,368000015,성주창의문화센터(기점),성주창의문화센터(종점),368,성주군
368000045,0,368000564,368000015,성주창의문화센터(기점),성주창의문화센터(종점),368,성주군
368000049,0,368000564,368000015,성주창의문화센터(기점),성주창의문화센터(종점),368,성주군
368000050,0,368000720,368000345,가천버스터미널,가천버스터미널,368,성주군
368000051,0,368000564,368000015,성주창의문화센터(기점),성주창의문화센터(종점),368,성주군
368000053,0,368000564,368000015,성주창의문화센터(기점),성주창의문화센터(종점),368,성주군
368000054,0,368000564,368000015,성주창의문화센터(기점),성주창의문화센터(종점),368,성주군
368000059,0,368000564,368000015,성주창의문화센터(기점),성주창의문화센터(종점),368,성주군
368000062,0,368000564,368000015,성주창의문화센터(기점),성주창의문화센터(종점),368,성주군
368000065,0,368000564,368000015,성주창의문화센터(기점),성주창의문화센터(종점),368,성주군
368000066,0,368000564,368000015,성주창의문화센터(기점),성주창의문화센터(종점),368,성주군
368000067,0,368000564,368000282,성주창의문화센터(기점),성산리,368,성주군
368000076,0,368000564,368000015,성주창의문화센터(기점),성주창의문화센터(종점),368,성주군
368000077,0,368000564,368000015,성주창의문화센터(기점),성주창의문화센터(종점),368,성주군
368000078,0,368000564,368000015,성주창의문화센터(기점),성주창의문화센터(종점),368,성주군
368000079,0,368000564,368000015,성주창의문화센터(기점),성주창의문화센터(종점),368,성주군
368000080,0,368000564,368000015,성주창의문화센터(기점),성주창의문화센터(종점),368,성주군
368000081,0,368000564,368000015,성주창의문화센터(기점),성주창의문화센터(종점),368,성주군
368000085,1,368000490,368000712,임시성주버스정류장,임시성주버스정류장,368,성주군
368000086,2,368000490,368000712,임시성주버스정류장,임시성주버스정류장,368,성주군
368000089,14,368000564,368000015,성주창의문화센터(기점),성주창의문화센터(종점),368,성주군
368000090,0,368000564,368000015,성주창의문화센터(기점),성주창의문화센터(종점),368,성주군
368000091,0,368000564,368000015,성주창의문화센터(기점),성주창의문화센터(종점),368,성주군
368000092,400,368000564,368000015,성주창의문화센터(기점),성주창의문화센터(종점),368,성주군
368000093,0,368000564,368000015,성주창의문화센터(기점),성주창의문화센터(종점),368,성주군
368000094,0,368000564,368000015,성주창의문화센터(기점),성주창의문화센터(종점),368,성주군
368000095,0,368000564,368000015,성주창의문화센터(기점),성주창의문화센터(종점),368,성주군
368000096,250,368000564,368000015,성주창의문화센터(기점),성주창의문화센터(종점),368,성주군
368000097,250,368000564,368000015,성주창의문화센터(기점),성주창의문화센터(종점),368,성주군
368000098,0,368000564,368000015,성주창의문화센터(기점),성주창의문화센터(종점),368,성주군
368000100,0,368000564,368000015,성주창의문화센터(기점),성주창의문화센터(종점),368,성주군
368000101,0,368000564,368000015,성주창의문화센터(기점),성주창의문화센터(종점),368,성주군
368000102,0,368000564,368000015,성주창의문화센터(기점),성주창의문화센터(종점),368,성주군
368000103,0,368000564,368000015,성주창의문화센터(기점),성주창의문화센터(종점),368,성주군
368000104,0,368000564,368000015,성주창의문화센터(기점),성주창의문화센터(종점),368,성주군
368000105,0,368000564,368000015,성주창의문화센터(기점),성주창의문화센터(종점),368,성주군
368000106,0,368000564,368000015,성주창의문화센터(기점),성주창의문화센터(종점),368,성주군
368000107,0,368000564,368000281,성주창의문화센터(기점),성산리,368,성주군
368000108,250,368000564,368000015,성주창의문화센터(기점),성주창의문화센터(종점),368,성주군
368000109,2,368000490,368000712,임시성주버스정류장,임시성주버스정류장,368,성주군
369000001,0,368000564,368000474,성주창의문화센터(기점),왜관북부,369,칠곡군
369000002,200,369000439,152000020,황학종점,북부정류장,369,칠곡군
369000003,200,152000033,369000438,북부정류장,황학,369,칠곡군
369000004,20,157000128,368000474,문양역앞,왜관북부,369,칠곡군
369000005,20,368000474,157000129,왜관북부,문양역건너,369,칠곡군
369000006,21,368000474,368000474,왜관북부,왜관북부,369,칠곡군
369000007,250-1,368000474,152000020,왜관북부,북부정류장,369,칠곡군
369000008,250-1,152000033,368000474,북부정류장,왜관북부,369,칠곡군
369000009,250,368000474,152000020,왜관북부,북부정류장,369,칠곡군
369000010,250,368000564,152000020,성주창의문화센터(기점),북부정류장,369,칠곡군
369000011,250,368000564,152000020,성주창의문화센터(기점),북부정류장,369,칠곡군
369000012,250,152000033,368000474,북부정류장,왜관북부,369,칠곡군
369000013,250,152000033,368000015,북부정류장,성주창의문화센터(종점),369,칠곡군
369000014,250,152000033,368000015,북부정류장,성주창의문화센터(종점),369,칠곡군
369000015,26,368000474,369000459,왜관북부,봉계,369,칠곡군
369000016,26,369000459,368000474,봉계,왜관북부,369,칠곡군
369000017,27,368000474,157000120,왜관북부,기곡(종점),369,칠곡군
369000018,27,157000119,368000474,기곡종점,왜관북부,369,칠곡군
369000019,30-1,368000474,369000547,왜관북부,도개2리도개온천건너,369,칠곡군
369000020,30-1,369000530,368000474,유학파크모텔,왜관북부,369,칠곡군
369000021,300,369000693,152000020,가산2리한뜸,북부정류장,369,칠곡군
369000022,300,152000033,369000693,북부정류장,가산2리한뜸,369,칠곡군
369000023,30,368000474,369000536,왜관북부,도개2리 새마을회관,369,칠곡군
369000024,30,368000474,369000531,왜관북부,유학파크모텔건너,369,칠곡군
369000025,30,369000530,368000474,유학파크모텔,왜관북부,369,칠곡군
369000026,30,369000705,368000474,도개2리 반송건너,왜관북부,369,칠곡군
369000027,급행3,155000066,369000254,범물1동주민센터건너,동명교통,369,칠곡군
369000028,31,369000705,369000476,도개2리 반송건너,석적농협,369,칠곡군
369000029,31,369000477,369000705,석적농협 맞은편,도개2리 반송건너,369,칠곡군
369000030,팔공3,154000010,151000011,칠곡경대병원역건너2,갓바위,369,칠곡군
369000031,32,368000474,369000507,왜관북부,가산면 행정복지센터,369,칠곡군
369000032,32,369000510,368000474,천평리,왜관북부,369,칠곡군
369000033,팔공3,151000011,154000015,갓바위,칠곡경대병원후문,369,칠곡군
369000034,칠곡3,369000255,369000254,동명교통,동명교통,369,칠곡군
369000035,33,369000133,369000576,왜관남부,심곡 종점,369,칠곡군
369000036,칠곡3,369000255,369000254,동명교통,동명교통,369,칠곡군
369000037,33,369000576,369000136,심곡 종점,왜관남부정류장종점,369,칠곡군
369000038,칠곡3,369000255,369000254,동명교통,동명교통,369,칠곡군
369000039,칠곡3,369000255,369000254,동명교통,동명교통,369,칠곡군
369000040,칠곡3,369000255,369000254,동명교통,동명교통,369,칠곡군
369000041,칠곡3,369000255,369000254,동명교통,동명교통,369,칠곡군
369000042,칠곡3,369000255,369000553,동명교통,송학리윗세뜸,369,칠곡군
369000043,칠곡3,361000636,369000254,송학교입구,동명교통,369,칠곡군
369000044,34-1,368000474,369000418,왜관북부,송산3리,369,칠곡군
369000045,34-1,369000416,368000474,송산3리옻밭입구,왜관북부,369,칠곡군
369000046,34,368000474,369000418,왜관북부,송산3리,369,칠곡군
369000047,34,369000416,368000474,송산3리옻밭입구,왜관북부,369,칠곡군
369000048,35,368000474,369000438,왜관북부,황학,369,칠곡군
369000049,35,369000439,368000474,황학종점,왜관북부,369,칠곡군
369000050,36-1,368000474,369000262,왜관북부,동명면행정복지센터건너,369,칠곡군
369000051,36-1,369000258,368000474,동명면행정복지센터,왜관북부,369,칠곡군
369000052,36,368000474,369000262,왜관북부,동명면행정복지센터건너,369,칠곡군
369000053,36,369000254,368000474,동명교통,왜관북부,369,칠곡군
369000054,37,369000257,369000609,동명면우체국,웃갓골경로당,369,칠곡군
369000055,37,369000609,369000253,웃갓골경로당,새마을금고앞,369,칠곡군
369000056,38,154000015,369000599,칠곡경대병원후문,한티재,369,칠곡군
369000057,38,369000599,154000015,한티재,칠곡경대병원후문,369,칠곡군
369000058,400,368000474,368000015,왜관북부,성주창의문화센터(종점),369,칠곡군
369000059,400,368000564,368000474,성주창의문화센터(기점),왜관북부,369,칠곡군
369000060,41-1,369000058,368000474,각산,왜관북부,369,칠곡군
369000061,41-1,368000474,369000110,왜관북부,각산입구,369,칠곡군
369000062,41,368000474,369000110,왜관북부,각산입구,369,칠곡군
369000063,41,369000058,368000474,각산,왜관북부,369,칠곡군
369000064,42,368000474,368000477,왜관북부,인촌1리 마을회관,369,칠곡군
369000065,42,368000476,368000474,인촌입구,왜관북부,369,칠곡군
369000066,50-1,368000474,157000129,왜관북부,문양역건너,369,칠곡군
369000067,50-1,157000128,368000474,문양역앞,왜관북부,369,칠곡군
369000068,50,368000474,157000129,왜관북부,문양역건너,369,칠곡군
369000069,50,368000474,157000129,왜관북부,문양역건너,369,칠곡군
369000070,50,157000128,368000474,문양역앞,왜관북부,369,칠곡군
369000071,51-1,368000474,368000257,왜관북부,소학교차로(대구방향),369,칠곡군
369000072,51-1,368000257,368000474,소학교차로(대구방향),왜관북부,369,칠곡군
369000073,51-1,368000257,368000474,소학교차로(대구방향),왜관북부,369,칠곡군
369000074,51,368000474,368000257,왜관북부,소학교차로(대구방향),369,칠곡군
369000075,51,368000474,157000129,왜관북부,문양역건너,369,칠곡군
369000076,51,368000257,368000474,소학교차로(대구방향),왜관북부,369,칠곡군
369000077,51,368000257,368000474,소학교차로(대구방향),왜관북부,369,칠곡군
369000078,51,157000128,369000143,문양역앞,왜관북부정류장,369,칠곡군
369000079,527,152000009,369000254,비산지하도1,동명교통,369,칠곡군
369000080,527,152000027,369000254,두류역(달성고등학교건너),동명교통,369,칠곡군
369000081,527,369000255,157000147,동명교통,매곡(종점),369,칠곡군
369000082,527,156000078,157000147,죽전네거리2,매곡(종점),369,칠곡군
369000083,527,152000024,157000147,반고개1,매곡(종점),369,칠곡군
369000084,527,152000006,157000147,원대동행정복지센터앞,매곡(종점),369,칠곡군
369000085,527,154000086,157000147,농수산물도매시장앞,매곡(종점),369,칠곡군
369000086,527,154000030,157000147,칠곡중학교앞,매곡(종점),369,칠곡군
369000087,7,157000128,369000367,문양역앞,숭오리 종점,369,칠곡군
369000088,7,369000368,157000129,숭오리종점출발,문양역건너,369,칠곡군
369000089,730,369000255,369000258,동명교통,동명면행정복지센터,369,칠곡군
369000090,730,369000255,369000258,동명교통,동명면행정복지센터,369,칠곡군
369000091,9,157000128,369000620,문양역앞,팥재주차장,369,칠곡군
369000092,9,369000620,157000129,팥재주차장,문양역건너,369,칠곡군
369000093,순환1,369000716,369000028,석전중학교 정문,월드피아 아파트,369,칠곡군
369000094,순환1,369000029,369000716,월드피아아파트건너,석전중학교 정문,369,칠곡군
369000095,순환2,368000474,368000474,왜관북부,왜관북부,369,칠곡군
369000096,순환3,368000474,368000474,왜관북부,왜관북부,369,칠곡군
371000001,25,371000631,371000066,봉화공용터미널,봉화공용터미널,371,봉화군
371000002,18,371000631,371000066,봉화공용터미널,봉화공용터미널,371,봉화군
371000003,16,371000631,371000066,봉화공용터미널,봉화공용터미널,371,봉화군
371000004,37,371000631,371000066,봉화공용터미널,봉화공용터미널,371,봉화군
371000005,26,371000631,371000066,봉화공용터미널,봉화공용터미널,371,봉화군
371000006,51,371000631,371000066,봉화공용터미널,봉화공용터미널,371,봉화군
371000007,53,371000631,371000066,봉화공용터미널,봉화공용터미널,371,봉화군
371000008,12,371000631,371000066,봉화공용터미널,봉화공용터미널,371,봉화군
371000009,28,371000631,371000066,봉화공용터미널,봉화공용터미널,371,봉화군
371000011,52,371000631,371000066,봉화공용터미널,봉화공용터미널,371,봉화군
371000012,15,371000631,371000066,봉화공용터미널,봉화공용터미널,371,봉화군
371000013,38,371000631,371000066,봉화공용터미널,봉화공용터미널,371,봉화군
371000014,11,371000631,371000066,봉화공용터미널,봉화공용터미널,371,봉화군
371000015,10,371000631,371000066,봉화공용터미널,봉화공용터미널,371,봉화군
371000016,23,371000631,371000066,봉화공용터미널,봉화공용터미널,371,봉화군
371000017,21,371000631,371000066,봉화공용터미널,봉화공용터미널,371,봉화군
371000018,50,371000631,371000655,봉화공용터미널,춘양공용버스터미널,371,봉화군
371000019,65,371000656,371000655,춘양공용버스터미널,춘양공용버스터미널,371,봉화군
371000020,66,371000656,371000655,춘양공용버스터미널,춘양공용버스터미널,371,봉화군
371000021,68,371000656,371000655,춘양공용버스터미널,춘양공용버스터미널,371,봉화군
371000022,50,371000656,371000066,춘양공용버스터미널,봉화공용터미널,371,봉화군
371000023,37,371000631,371000066,봉화공용터미널,봉화공용터미널,371,봉화군
371000024,27,371000631,371000066,봉화공용터미널,봉화공용터미널,371,봉화군
371000025,67,371000631,371000066,봉화공용터미널,봉화공용터미널,371,봉화군
371000026,57,371000631,371000533,봉화공용터미널,석포중학교,371,봉화군
371000027,58,371000656,371000533,춘양공용버스터미널,석포중학교,371,봉화군
371000028,58,371000633,371000655,석포중학교,춘양공용버스터미널,371,봉화군
371000029,57,371000633,371000066,석포중학교,봉화공용터미널,371,봉화군
371000030,24,371000631,371000066,봉화공용터미널,봉화공용터미널,371,봉화군
371000031,22,371000631,371000066,봉화공용터미널,봉화공용터미널,371,봉화군
371000032,34-1,371000631,371000066,봉화공용터미널,봉화공용터미널,371,봉화군
371000033,59,371000631,371000066,봉화공용터미널,봉화공용터미널,371,봉화군
371000034,14,371000631,371000655,봉화공용터미널,춘양공용버스터미널,371,봉화군
371000035,64,371000656,371000655,춘양공용버스터미널,춘양공용버스터미널,371,봉화군
371000036,35,371000631,371000066,봉화공용터미널,봉화공용터미널,371,봉화군
371000037,63,371000656,371000655,춘양공용버스터미널,춘양공용버스터미널,371,봉화군
371000038,11,371000631,371000066,봉화공용터미널,봉화공용터미널,371,봉화군
371000039,20,371000631,371000066,봉화공용터미널,봉화공용터미널,371,봉화군
371000040,52,371000631,371000066,봉화공용터미널,봉화공용터미널,371,봉화군
371000041,13,371000631,371000066,봉화공용터미널,봉화공용터미널,371,봉화군
371000042,69,371000656,371000655,춘양공용버스터미널,춘양공용버스터미널,371,봉화군
371000043,70,371000656,371000178,춘양공용버스터미널,재산버스정류소,371,봉화군
371000044,10,371000179,371000066,재산버스정류소,봉화공용터미널,371,봉화군
371000045,10,371000631,371000178,봉화공용터미널,재산버스정류소,371,봉화군
371000046,36,371000631,371000066,봉화공용터미널,봉화공용터미널,371,봉화군
371000047,34,371000631,371000066,봉화공용터미널,봉화공용터미널,371,봉화군
371000049,29,371000631,356000874,봉화공용터미널,영주여객차고지,371,봉화군
371000050,71,371000631,371000517,봉화공용터미널,현동,371,봉화군
371000051,72,371000518,371000655,현동,춘양공용버스터미널,371,봉화군
371000052,62,371000656,371000655,춘양공용버스터미널,춘양공용버스터미널,371,봉화군
371000053,61,371000656,371000562,춘양공용버스터미널,모래밭,371,봉화군
371000054,61,371000563,371000655,모래밭,춘양공용버스터미널,371,봉화군
371000055,61,371000656,371000655,춘양공용버스터미널,춘양공용버스터미널,371,봉화군
371000056,70,371000179,371000655,재산버스정류소,춘양공용버스터미널,371,봉화군
371000057,21,371000631,371000066,봉화공용터미널,봉화공용터미널,371,봉화군
371000058,21,371000631,371000066,봉화공용터미널,봉화공용터미널,371,봉화군
371000059,21-3,371000631,371000066,봉화공용터미널,봉화공용터미널,371,봉화군
371000060,10,371000631,371000066,봉화공용터미널,봉화공용터미널,371,봉화군
371000061,29,356000086,371000066,영주여객,봉화공용터미널,371,봉화군
371000062,29,371000631,356000874,봉화공용터미널,영주여객차고지,371,봉화군
371000063,29,356000086,371000066,영주여객,봉화공용터미널,371,봉화군
372000001,항실-울진(11),372000024,372000119,울진여객,울진시외버스터미널(월변방면),372,울진군
372000002,사계-울진(11),372000119,372000120,울진시외버스터미널(월변방면),울진시외버스터미널(읍남1리방면),372,울진군
372000003,울진-평해(11),372000019,372000801,울진여객,평해버스정류장,372,울진군
372000004,덕산-평해(11),372000337,372000801,평해버스정류장,평해버스정류장,372,울진군
372000005,후포-평해(11),372000337,372000801,평해버스정류장,평해버스정류장,372,울진군
372000006,평해-온정(204),372000337,372000409,평해버스정류장,소태,372,울진군
372000007,곰실-평해(11),372000337,372000801,평해버스정류장,평해버스정류장,372,울진군
372000008,검성리-부구(12),372000631,372000800,부구터미널,부구터미널,372,울진군
372000009,평해-울진(11·107),372000337,372000119,평해버스정류장,울진시외버스터미널(월변방면),372,울진군
372000011,하당-부구(12),372000631,372000800,부구터미널,부구터미널,372,울진군
372000012,새점-울진(101),372000024,372000810,울진여객,울진여객,372,울진군
372000013,부구-울진(112),372000631,372000120,부구터미널,울진시외버스터미널(읍남1리방면),372,울진군
372000016,동정-울진(12),372000241,372000119,울진군청 앞,울진시외버스터미널(월변방면),372,울진군
372000017,주인3리-울진(12),372000119,372000619,울진시외버스터미널(월변방면),부구3리,372,울진군
372000018,새점-울진(101),372000024,372000119,울진여객,울진시외버스터미널(월변방면),372,울진군
372000019,죽변고(101),372000119,372000119,울진시외버스터미널(월변방면),울진시외버스터미널(월변방면),372,울진군
372000020,부구-울진(101·103·107·111),372000119,372000120,울진시외버스터미널(월변방면),울진시외버스터미널(읍남1리방면),372,울진군
372000021,신화-울진(101),372000119,372000120,울진시외버스터미널(월변방면),울진시외버스터미널(읍남1리방면),372,울진군
372000022,덕구-울진(101),372000024,372000241,울진여객,울진군청 앞,372,울진군
372000023,소광-울진(101),372000241,372000119,울진군청 앞,울진시외버스터미널(월변방면),372,울진군
372000024,울진-평해(102),372000024,372000801,울진여객,평해버스정류장,372,울진군
372000025,평해-울진(102),372000337,372000119,평해버스정류장,울진시외버스터미널(월변방면),372,울진군
372000026,부구-울진(102),372000119,372000239,울진시외버스터미널(월변방면),봉화사,372,울진군
372000027,부구-울진(102),372000024,372000241,울진여객,울진군청 앞,372,울진군
372000028,신림-울진(102·205),372000241,372000119,울진군청 앞,울진시외버스터미널(월변방면),372,울진군
372000030,덕구-울진(102·103·104),372000024,372000120,울진여객,울진시외버스터미널(읍남1리방면),372,울진군
372000031,광비-울진(103),372000024,372000119,울진여객,울진시외버스터미널(월변방면),372,울진군
372000032,덕구-울진(103),372000119,372000241,울진시외버스터미널(월변방면),울진군청 앞,372,울진군
372000033,갈마전-울진(103),372000241,372000119,울진군청 앞,울진시외버스터미널(월변방면),372,울진군
372000035,울진-부구(103),372000119,372000800,울진시외버스터미널(월변방면),부구터미널,372,울진군
372000036,무릉-울진(104),372000024,372000119,울진여객,울진시외버스터미널(월변방면),372,울진군
372000037,덕구-울진(104),372000119,372000241,울진시외버스터미널(월변방면),울진군청 앞,372,울진군
372000038,덕거리-울진(104),372000241,372000810,울진군청 앞,울진여객,372,울진군
372000040,사동-평해(105),372000241,372000801,울진군청 앞,평해버스정류장,372,울진군
372000041,거일-평해(105·201·202·203·204),372000337,372000801,평해버스정류장,평해버스정류장,372,울진군
372000042,검성리-울진(105),372000024,372000120,울진여객,울진시외버스터미널(읍남1리방면),372,울진군
372000043,평해-울진(105),372000337,372000247,평해버스정류장,울진군의료원,372,울진군
372000044,울진-평해(105·107),372000024,372000801,울진여객,평해버스정류장,372,울진군
372000045,온정-평해(11·105·106·204),372000337,372000801,평해버스정류장,평해버스정류장,372,울진군
372000050,울진-평해(106),372000241,372000801,울진군청 앞,평해버스정류장,372,울진군
372000051,평해-울진(205),372000337,372000247,평해버스정류장,울진군의료원,372,울진군
372000052,부구-울진(106),372000119,372000120,울진시외버스터미널(월변방면),울진시외버스터미널(읍남1리방면),372,울진군
372000056,주인-울진(13),372000024,372000241,울진여객,울진군청 앞,372,울진군
372000058,공석-울진(112),372000024,372000241,울진여객,울진군청 앞,372,울진군
372000059,울진-부구(112),372000024,372000800,울진여객,부구터미널,372,울진군
372000060,잘미-울진(112),372000024,372000119,울진여객,울진시외버스터미널(월변방면),372,울진군
372000061,덕구-울진(112),372000119,372000120,울진시외버스터미널(월변방면),울진시외버스터미널(읍남1리방면),372,울진군
372000062,거일-평해(203·204),372000337,372000801,평해버스정류장,평해버스정류장,372,울진군
372000063,부구-울진(112),372000119,372000241,울진시외버스터미널(월변방면),울진군청 앞,372,울진군
372000064,덕신-울진(112),372000241,372000119,울진군청 앞,울진시외버스터미널(월변방면),372,울진군
372000067,잘미-울진(108),372000241,372000119,울진군청 앞,울진시외버스터미널(월변방면),372,울진군
372000068,덕구-울진(108),372000024,372000241,울진여객,울진군청 앞,372,울진군
372000069,동정-울진(108),372000241,372000119,울진군청 앞,울진시외버스터미널(월변방면),372,울진군
372000070,공석-울진(108),372000024,372000241,울진여객,울진군청 앞,372,울진군
372000071,잘미-울진(108),372000024,372000119,울진여객,울진시외버스터미널(월변방면),372,울진군
372000072,덕구-울진(109),372000119,372000240,울진시외버스터미널(월변방면),울진농협중앙회,372,울진군
372000073,무릉-울진(109),372000024,372000119,울진여객,울진시외버스터미널(월변방면),372,울진군
372000074,두천-울진(109),372000024,372000119,울진여객,울진시외버스터미널(월변방면),372,울진군
372000075,고포-울진(109),372000119,372000241,울진시외버스터미널(월변방면),울진군청 앞,372,울진군
372000076,무릉-울진(109),372000241,372000119,울진군청 앞,울진시외버스터미널(월변방면),372,울진군
372000077,덕거리-울진(106),372000241,372000119,울진군청 앞,울진시외버스터미널(월변방면),372,울진군
372000078,두천-울진(110),372000024,372000119,울진여객,울진시외버스터미널(월변방면),372,울진군
372000079,연지-울진(110),372000119,372000241,울진시외버스터미널(월변방면),울진군청 앞,372,울진군
372000080,덕구-울진(110),372000119,372000119,울진시외버스터미널(월변방면),울진시외버스터미널(월변방면),372,울진군
372000081,길곡-울진(110),372000241,372000119,울진군청 앞,울진시외버스터미널(월변방면),372,울진군
372000082,부구-울진(105),372000019,372000241,울진여객,울진군청 앞,372,울진군
372000083,죽변-울진(110),372000119,372000120,울진시외버스터미널(월변방면),울진시외버스터미널(읍남1리방면),372,울진군
372000084,꽃방-울진(110),372000119,372000119,울진시외버스터미널(월변방면),울진시외버스터미널(월변방면),372,울진군
372000085,죽변-사계(110),372000024,372000531,울진여객,후정해수욕장,372,울진군
372000086,검성-울진(109),372000019,372000120,울진여객,울진시외버스터미널(읍남1리방면),372,울진군
372000087,죽변-울진(111),372000024,372000241,울진여객,울진군청 앞,372,울진군
372000088,소광-울진(111),372000241,372000242,울진군청 앞,울진군의료원,372,울진군
372000090,무릉-울진(111),372000241,372000119,울진군청 앞,울진시외버스터미널(월변방면),372,울진군
372000091,명도-울진(111),372000024,372000119,울진여객,울진시외버스터미널(월변방면),372,울진군
372000092,두천-울진(111),372000119,372000119,울진시외버스터미널(월변방면),울진시외버스터미널(월변방면),372,울진군
372000095,무릉-울진(13),372000241,372000247,울진군청 앞,울진군의료원,372,울진군
372000096,사계-울진(13),372000024,372000241,울진여객,울진군청 앞,372,울진군
372000097,길곡-울진(13),372000241,372000119,울진군청 앞,울진시외버스터미널(월변방면),372,울진군
372000098,박금-울진(13),372000024,372000119,울진여객,울진시외버스터미널(월변방면),372,울진군
372000099,사계-울진(13),372000119,372000119,울진시외버스터미널(월변방면),울진시외버스터미널(월변방면),372,울진군
372000100,조금-평해(201·205),372000337,372000801,평해버스정류장,평해버스정류장,372,울진군
372000102,학곡-평해(201),372000337,372000801,평해버스정류장,평해버스정류장,372,울진군
372000103,평해-울진(201),372000337,372000119,평해버스정류장,울진시외버스터미널(월변방면),372,울진군
372000104,읍남-울진(201),372000119,372000241,울진시외버스터미널(월변방면),울진군청 앞,372,울진군
372000105,신흥-울진(201),372000241,372000119,울진군청 앞,울진시외버스터미널(월변방면),372,울진군
372000106,울진-평해(201),372000019,372000801,울진여객,평해버스정류장,372,울진군
372000107,황보-평해(201·205),372000337,372000801,평해버스정류장,평해버스정류장,372,울진군
372000109,"선미-평해(201,203)",372000337,372000801,평해버스정류장,평해버스정류장,372,울진군
372000110,이평-평해(202),372000337,372000801,평해버스정류장,평해버스정류장,372,울진군
372000111,온정-평해(202),372000337,372000801,평해버스정류장,평해버스정류장,372,울진군
372000113,매화-울진(202),372000337,372000119,평해버스정류장,울진시외버스터미널(월변방면),372,울진군
372000114,매화-평해(202),372000019,372000801,울진여객,평해버스정류장,372,울진군
372000116,기성-평해(202·203),372000337,372000801,평해버스정류장,평해버스정류장,372,울진군
372000117,조금-평해(201·202·205),372000337,372000801,평해버스정류장,평해버스정류장,372,울진군
372000120,조금-평해(203),372000337,372000801,평해버스정류장,평해버스정류장,372,울진군
372000123,평해-울진(203),372000337,372000240,평해버스정류장,울진농협중앙회,372,울진군
372000124,울진-평해(203),372000019,372000801,울진여객,평해버스정류장,372,울진군
372000126,덕인-평해(204),372000337,372000801,평해버스정류장,평해버스정류장,372,울진군
372000129,기성-평해(204),372000337,372000801,평해버스정류장,평해버스정류장,372,울진군
372000132,덕인-평해(204),372000408,372000801,소태,평해버스정류장,372,울진군
372000135,평해-울진(205),372000337,372000119,평해버스정류장,울진시외버스터미널(월변방면),372,울진군
372000139,하암-평해(201·205),372000337,372000801,평해버스정류장,평해버스정류장,372,울진군
372000143,삼산-기성(1),372000814,372000691,기성공용정류장,기성공용정류장,372,울진군
372000144,방율-기성(1),372000814,372000691,기성공용정류장,기성공용정류장,372,울진군
372000149,울진-호산(12),372000024,256000435,울진여객,호산,372,울진군
372000150,호산-부구(12),256000436,372000800,호산,부구터미널,372,울진군
372000151,부구-울진(12),372000631,372000238,부구터미널,봉화사,372,울진군
372000152,울진-부구(12),372000024,372000379,울진여객,상검성,372,울진군
372000153,덕구-울진(12),372000813,372000241,상검성,울진군청 앞,372,울진군
372000157,광비-울진(107),372000241,372000119,울진군청 앞,울진시외버스터미널(월변방면),372,울진군
372000158,덕구-울진(106·107·109),372000024,372000241,울진여객,울진군청 앞,372,울진군
372000159,덕구-울진(107),372000024,372000120,울진여객,울진시외버스터미널(읍남1리방면),372,울진군
372000161,부구-울진(108),372000119,372000241,울진시외버스터미널(월변방면),울진군청 앞,372,울진군
372000162,신림-울진(102·108·205),372000241,372000119,울진군청 앞,울진시외버스터미널(월변방면),372,울진군
372000163,동정-울진(110),372000241,372000119,울진군청 앞,울진시외버스터미널(월변방면),372,울진군
372000164,부구-울진(111),372000024,372000241,울진여객,울진군청 앞,372,울진군
372000165,길곡-울진(112),372000241,372000247,울진군청 앞,울진군의료원,372,울진군
372000167,덕구-울진(108),372000024,372000241,울진여객,울진군청 앞,372,울진군
372000169,죽변-울진(110),372000532,372000241,후정해수욕장,울진군청 앞,372,울진군
372000173,신흥-울진(201),372000241,372000119,울진군청 앞,울진시외버스터미널(월변방면),372,울진군
372000174,금음-평해(202),372000337,372000801,평해버스정류장,평해버스정류장,372,울진군
372000175,선미-평해(203·204),372000337,372000801,평해버스정류장,평해버스정류장,372,울진군
372000177,조금-평해(203),372000337,372000801,평해버스정류장,평해버스정류장,372,울진군
372000179,덕인-평해(204),372000337,372000801,평해버스정류장,평해버스정류장,372,울진군
372000183,기성-평해(204),372000337,372000801,평해버스정류장,평해버스정류장,372,울진군
372000184,매화-울진(204),372000337,372000119,평해버스정류장,울진시외버스터미널(월변방면),372,울진군
372000185,울진-평해(204),372000024,372000801,울진여객,평해버스정류장,372,울진군
372000186,황보-평해(207),372000337,372000801,평해버스정류장,평해버스정류장,372,울진군
372000187,월정-울진(205),372000120,372000119,울진시외버스터미널(읍남1리방면),울진시외버스터미널(월변방면),372,울진군
372000188,기성-평해(205),372000024,372000801,울진여객,평해버스정류장,372,울진군
372000191,항실-울진(205),372000024,372000119,울진여객,울진시외버스터미널(월변방면),372,울진군
372000192,울진-평해(205),372000024,372000801,울진여객,평해버스정류장,372,울진군
372000193,황보-울진(201),372000337,372000801,평해버스정류장,평해버스정류장,372,울진군
372000195,부구-울진(101·103·107·111),372000024,372000120,울진여객,울진시외버스터미널(읍남1리방면),372,울진군
372000196,덕구-울진(109),372000119,372000119,울진시외버스터미널(월변방면),울진시외버스터미널(월변방면),372,울진군
372000197,후포-울진(105),372000337,372000240,평해버스정류장,울진농협중앙회,372,울진군
372000198,온정-울진(106),372000337,372000247,평해버스정류장,울진군의료원,372,울진군
372000199,후포-울진(107),372000337,372000119,평해버스정류장,울진시외버스터미널(월변방면),372,울진군
372000200,광비-울진(104),372000241,372000119,울진군청 앞,울진시외버스터미널(월변방면),372,울진군
372000201,기성역-기성(1),372000814,372000691,기성공용정류장,기성공용정류장,372,울진군
372000202,이평-평해(),372000337,372000801,평해버스정류장,평해버스정류장,372,울진군
372000203,덕인-기성(),372000337,372000814,평해버스정류장,기성공용정류장,372,울진군
372000204,후포-울진(113),372000019,372000247,울진여객,울진군의료원,372,울진군
372000205,매화역-울진(113),372000019,372000247,울진여객,울진군의료원,372,울진군
372000206,매화역-울진(113),372000247,372000240,울진군의료원,울진농협중앙회,372,울진군
372000207,울진-죽변(2),372000024,372000528,울진여객,죽변중고등학교,372,울진군
372000208,죽변역-죽변(2),372000824,372000823,죽변면사무소,죽변면사무소,372,울진군
372000209,죽변역-죽변(2),372000824,372000823,죽변면사무소,죽변면사무소,372,울진군
372000210,죽변-울진(2),372000528,372000823,죽변중고등학교,죽변면사무소,372,울진군
372000211,기성역-평해(),372000814,372000801,기성공용정류장,평해버스정류장,372,울진군
372000212,후포-울진(119),372000019,372000810,울진여객,울진여객,372,울진군
372000213,매화역-울진(119),372000024,372000810,울진여객,울진여객,372,울진군
372000214,매화역-울진(119),372000024,372000240,울진여객,울진농협중앙회,372,울진군
373000001,3,373000001,373000002,울릉군도동정류소,울릉군도동정류소,373,울릉군
373000002,4,373000023,373000024,천부정류장,천부정류장,373,울릉군
373000003,22,373000024,373000024,천부정류장,천부정류장,373,울릉군
373000004,11,373000023,373000023,천부정류장,천부정류장,373,울릉군
373000005,2,373000001,373000002,울릉군도동정류소,울릉군도동정류소,373,울릉군
373000006,1,373000001,373000002,울릉군도동정류소,울릉군도동정류소,373,울릉군
373000007,5-2,373000023,373000024,천부정류장,천부정류장,373,울릉군
373000008,5-1,373000027,373000024,간령,천부정류장,373,울릉군
373000009,5-3,373000023,373000028,천부정류장,간령,373,울릉군
373000010,5-4,373000027,373000028,간령,간령,373,울릉군
383000206,100,387000020,383000472,거제대교종점,도남동,383,통영시
383000207,100,383000471,387000021,도남동종점,거제대교,383,통영시
383000208,101,383000471,383000720,도남동종점,신우희가로 기종점,383,통영시
383000209,101,383000721,383000472,신우희가로,도남동,383,통영시
383000213,206,383000574,383000280,용화사,내포,383,통영시
383000214,113,387000020,383000472,거제대교종점,도남동,383,통영시
383000215,113,383000471,387000021,도남동종점,거제대교,383,통영시
383000218,121,383000471,383000058,도남동종점,시외버스터미널,383,통영시
383000219,121,383000057,383000472,시외버스터미널,도남동,383,통영시
383000222,141,383000471,383000720,도남동종점,신우희가로 기종점,383,통영시
383000223,141,383000721,383000472,신우희가로,도남동,383,통영시
383000224,143,387000020,383000472,거제대교종점,도남동,383,통영시
383000225,143,383000471,387000021,도남동종점,거제대교,383,통영시
383000226,144,383000471,383000194,도남동종점,인평종점,383,통영시
383000232,200,383000057,383000491,시외버스터미널,용화사,383,통영시
383000233,200,383000574,383000058,용화사,시외버스터미널,383,통영시
383000239,211,383000057,383000491,시외버스터미널,용화사,383,통영시
383000240,211,383000574,383000058,용화사,시외버스터미널,383,통영시
383000241,235,383000574,383000058,용화사,시외버스터미널,383,통영시
383000242,235,383000057,383000491,시외버스터미널,용화사,383,통영시
383000243,231,383000057,383000491,시외버스터미널,용화사,383,통영시
383000244,231,383000574,383000058,용화사,시외버스터미널,383,통영시
383000246,240,383000574,383000128,용화사,도산종점,383,통영시
383000247,243,383000574,387000021,용화사,거제대교,383,통영시
383000248,244,383000574,383000211,용화사,해양대종점,383,통영시
383000250,300,383000045,383000672,노산,산양스포츠파크,383,통영시
383000251,300,383000673,383000704,산양스포츠파크,노산,383,통영시
383000252,301,383000673,383000058,산양스포츠파크,시외버스터미널,383,통영시
383000253,301,383000057,383000672,시외버스터미널,산양스포츠파크,383,통영시
383000254,302,383000535,383000672,무전종점,산양스포츠파크,383,통영시
383000255,302,383000673,383000535,산양스포츠파크,무전종점,383,통영시
383000256,303,387000020,383000672,거제대교종점,산양스포츠파크,383,통영시
383000261,321,383000673,383000058,산양스포츠파크,시외버스터미널,383,통영시
383000262,321,383000057,383000672,시외버스터미널,산양스포츠파크,383,통영시
383000263,344,383000673,383000211,산양스포츠파크,해양대종점,383,통영시
383000265,400,383000057,383000211,시외버스터미널,해양대종점,383,통영시
383000266,400,383000210,383000058,해양대종점,시외버스터미널,383,통영시
383000267,401,383000057,383000194,시외버스터미널,인평종점,383,통영시
383000268,401,383000572,383000058,인평종점,시외버스터미널,383,통영시
383000271,403,383000572,387000021,인평종점,거제대교,383,통영시
383000272,409,383000138,383000211,분지포,해양대종점,383,통영시
383000273,409,383000210,383000866,해양대종점,분지포,383,통영시
383000276,414,383000535,383000211,무전종점,해양대종점,383,통영시
383000277,414,383000210,383000535,해양대종점,무전종점,383,통영시
383000280,436,383000571,383000211,황리임중,해양대종점,383,통영시
383000281,436,383000210,383000028,해양대종점,황리임중,383,통영시
383000287,442,383000057,383000194,시외버스터미널,인평종점,383,통영시
383000289,443,387000020,383000211,거제대교종점,해양대종점,383,통영시
383000290,500,383000057,383000870,시외버스터미널,원항마을,383,통영시
383000292,501,383000437,383000058,당포항,시외버스터미널,383,통영시
383000293,501,383000057,383000575,시외버스터미널,당포항,383,통영시
383000294,502,383000535,383000575,무전종점,당포항,383,통영시
383000296,503,383000437,387000021,당포항,거제대교,383,통영시
383000305,530,383000057,383000576,시외버스터미널,척포,383,통영시
383000306,530,383000576,383000058,척포,시외버스터미널,383,통영시
383000307,534,383000430,383000720,금평,신우희가로 기종점,383,통영시
383000308,534,383000720,383000869,신우희가로 기종점,금평,383,통영시
383000311,535,383000430,383000720,금평,신우희가로 기종점,383,통영시
383000312,535,383000721,383000869,신우희가로,금평,383,통영시
383000313,533,387000020,383000869,거제대교종점,금평,383,통영시
383000315,600,383000340,383000058,서호시장,시외버스터미널,383,통영시
383000316,600,383000057,383000338,시외버스터미널,서호시장,383,통영시
383000319,615,383000349,383000058,도리골,시외버스터미널,383,통영시
383000320,615,383000057,383000348,시외버스터미널,도리골,383,통영시
383000323,613,387000020,383000348,거제대교종점,도리골,383,통영시
383000324,613,383000349,387000021,도리골,거제대교,383,통영시
383000326,752,383000029,387000021,무량촌,거제대교,383,통영시
383000327,653,383000340,387000012,서호시장,성포,383,통영시
383000328,653,387000013,383000338,성포,서호시장,383,통영시
383000329,660,383000340,383000028,서호시장,황리임중,383,통영시
383000330,660,383000571,383000338,황리임중,서호시장,383,통영시
383000335,663,383000340,383000028,서호시장,황리임중,383,통영시
383000336,663,383000862,383000338,춘원마을,서호시장,383,통영시
383000337,664,383000029,383000338,무량촌,서호시장,383,통영시
383000338,664,383000340,383000554,서호시장,무량마을,383,통영시
383000339,665,392000093,383000338,고성당동,서호시장,383,통영시
383000340,665,383000340,392000094,서호시장,당동,383,통영시
383000341,667,392000093,383000348,고성당동,도리골,383,통영시
383000342,667,383000349,392000094,도리골,당동,383,통영시
383000345,671,383000138,383000339,분지포,서호시장,383,통영시
383000346,671,383000339,383000866,서호시장,분지포,383,통영시
383000348,672,383000868,383000339,가오치터미널,서호시장,383,통영시
383000352,674,383000119,383000339,수월리,서호시장,383,통영시
383000354,675,383000561,383000339,저산,서호시장,383,통영시
383000356,676,383001034,383000338,골안마을,서호시장,383,통영시
383000360,678,392000831,383000338,월평,서호시장,383,통영시
383000367,348,383000673,383000867,산양스포츠파크,해간도종점,383,통영시
383000372,104,383000057,383001053,시외버스터미널,이운마을,383,통영시
383000373,104,383001035,383000058,이운마을,시외버스터미널,383,통영시
383000375,354,383000437,383000008,당포항,구집,383,통영시
383000379,105,383000057,383000453,시외버스터미널,봉전마을입구,383,통영시
383000380,105,383000542,383000058,신봉종점,시외버스터미널,383,통영시
383000389,502,383000437,383000535,당포항,무전종점,383,통영시
383000392,303,383000673,387000021,산양스포츠파크,거제대교,383,통영시
383000395,503,387000020,383000575,거제대교종점,당포항,383,통영시
383000398,348,383000872,383000672,해간도종점,산양스포츠파크,383,통영시
383000401,610,383000340,383000058,서호시장,시외버스터미널,383,통영시
383000402,610,383000057,383000338,시외버스터미널,서호시장,383,통영시
383000407,144,383000572,383000472,인평종점,도남동,383,통영시
383000408,341,383000592,383000058,미수광바위종점,시외버스터미널,383,통영시
383000409,341,383000057,383000585,시외버스터미널,미수광바위종점,383,통영시
383000415,640,383000340,383000058,서호시장,시외버스터미널,383,통영시
383000416,640,383000057,383000339,시외버스터미널,서호시장,383,통영시
383000420,601,383000339,383000058,서호시장,시외버스터미널,383,통영시
383000421,601,383000057,383000338,시외버스터미널,서호시장,383,통영시
383000423,281,383000057,383000491,시외버스터미널,용화사,383,통영시
383000426,381,383000057,383000672,시외버스터미널,산양스포츠파크,383,통영시
383000428,181,383000471,383000058,도남동종점,시외버스터미널,383,통영시
383000430,481,383000572,383000058,인평종점,시외버스터미널,383,통영시
383000431,281,383000574,383000058,용화사,시외버스터미널,383,통영시
383000433,428,383000210,383000058,해양대종점,시외버스터미널,383,통영시
383000436,581,383000430,383000058,금평,시외버스터미널,383,통영시
383000440,581,383000057,383000869,시외버스터미널,금평,383,통영시
383000441,181,383000057,383000472,시외버스터미널,도남동,383,통영시
383000442,481,383000057,383000194,시외버스터미널,인평종점,383,통영시
383000443,428,383000057,383000211,시외버스터미널,해양대종점,383,통영시
383000446,184,383000471,383000058,도남동종점,시외버스터미널,383,통영시
383000447,184,383000057,383000472,시외버스터미널,도남동,383,통영시
383000448,128,383000057,383000472,시외버스터미널,도남동,383,통영시
383000454,312,383000535,383000672,무전종점,산양스포츠파크,383,통영시
383000455,411,383000572,383000058,인평종점,시외버스터미널,383,통영시
383000461,541,383000382,383000058,풍화리해란,시외버스터미널,383,통영시
383000462,541,383000057,383000382,시외버스터미널,풍화리해란,383,통영시
383000467,630,383000340,383000188,서호시장,우포마을,383,통영시
383000468,630,383000187,383000338,우포마을,서호시장,383,통영시
383000475,758,387000020,383000058,거제대교종점,시외버스터미널,383,통영시
383000477,440,383000721,383000211,신우희가로,해양대종점,383,통영시
383000478,405,383000210,383000058,해양대종점,시외버스터미널,383,통영시
383000482,672,383000340,383000868,서호시장,가오치터미널,383,통영시
383000484,675,383000340,383000561,서호시장,저산,383,통영시
383000486,677,383000340,383000096,서호시장,원산종점,383,통영시
383000487,674,383000340,383000119,서호시장,수월리,383,통영시
383000488,676,383000340,383001058,서호시장,골안마을,383,통영시
383000489,678,383000340,392000831,서호시장,월평,383,통영시
383000493,440,383000210,383000720,해양대종점,신우희가로 기종점,383,통영시
383000495,206,383000280,383000491,내포,용화사,383,통영시
383000498,661,383000340,383000812,서호시장,안정사,383,통영시
383000499,661,383001054,383000338,안정사,서호시장,383,통영시
383000503,965,392000093,383000057,고성당동,시외버스터미널,383,통영시
383000504,906,383000280,383000058,내포,시외버스터미널,383,통영시
383000505,940,383000129,383000057,도산면사무소,시외버스터미널,383,통영시
383000506,953,387000013,383000058,성포,시외버스터미널,383,통영시
383000507,961,383001054,383000057,안정사,시외버스터미널,383,통영시
383000509,978,392000831,383000057,월평,시외버스터미널,383,통영시
383000510,963,383000571,383000057,황리임중,시외버스터미널,383,통영시
383000511,930,383000187,383000058,우포마을,시외버스터미널,383,통영시
383000513,973,383000561,383000057,저산,시외버스터미널,383,통영시
383000515,954,383000009,383000057,구집마을,시외버스터미널,383,통영시
383000516,955,383000864,383000058,대방포,시외버스터미널,383,통영시
383000517,964,383000029,383000057,무량촌,시외버스터미널,383,통영시
383000518,971,383000138,383000058,분지포,시외버스터미널,383,통영시
383000519,976,383001034,383000057,골안마을,시외버스터미널,383,통영시
383000522,51,383000517,383001055,충렬사,충렬사,383,통영시
383000523,52,383000517,383001055,충렬사,충렬사,383,통영시
383000524,53,383000517,383001055,충렬사,충렬사,383,통영시
383000525,54,383000517,383001055,충렬사,충렬사,383,통영시
383000526,55,383000517,383001055,충렬사,충렬사,383,통영시
383000527,56,383000517,383001055,충렬사,충렬사,383,통영시
383000528,61,383000058,383000057,시외버스터미널,시외버스터미널,383,통영시
383000533,81,387000020,383000058,거제대교종점,시외버스터미널,383,통영시
383000534,60,383000058,383000611,시외버스터미널,춘원마을,383,통영시
383000535,60,383000862,383000057,춘원마을,시외버스터미널,383,통영시
383000536,81,383000057,387000021,시외버스터미널,거제대교,383,통영시
383000537,354,383000009,383000575,구집마을,당포항,383,통영시
383000538,410,383000210,383000058,해양대종점,시외버스터미널,383,통영시
383000539,410,383000057,383000211,시외버스터미널,해양대종점,383,통영시
383000540,411,383000057,383000194,시외버스터미널,인평종점,383,통영시
383000541,418,383000210,383001036,해양대종점,오촌,383,통영시
383000542,418,383000257,383000211,오촌,해양대종점,383,통영시
383000543,455,383000210,383000160,해양대종점,대방포,383,통영시
383000544,455,383000864,383000211,대방포,해양대종점,383,통영시
383000545,456,383000210,383001036,해양대종점,오촌,383,통영시
383000546,456,383000257,383000211,오촌,해양대종점,383,통영시
383000547,457,383000864,383000211,대방포,해양대종점,383,통영시
383000548,500,383000440,383000058,원항마을,시외버스터미널,383,통영시
383000549,531,383000449,383000058,척포,시외버스터미널,383,통영시
383000550,531,383000057,383000449,시외버스터미널,척포,383,통영시
383000551,540,383000381,383000058,풍화리해란,시외버스터미널,383,통영시
383000552,540,383000057,383000381,시외버스터미널,풍화리해란,383,통영시
383000553,620,383000340,383000058,서호시장,시외버스터미널,383,통영시
383000554,620,383000057,383000339,시외버스터미널,서호시장,383,통영시
383000555,673,383000340,383000561,서호시장,저산,383,통영시
383000556,673,383000561,383000339,저산,서호시장,383,통영시
383000557,750,387000020,383000720,거제대교종점,신우희가로 기종점,383,통영시
383000558,750,383000720,387000021,신우희가로 기종점,거제대교,383,통영시
383000559,900,383000058,383000704,시외버스터미널,노산,383,통영시
383000560,900,383000045,383000057,노산,시외버스터미널,383,통영시
383000561,948,383000057,383000867,시외버스터미널,해간도종점,383,통영시
383000562,948,383000872,383000058,해간도종점,시외버스터미널,383,통영시
383000563,240,383000875,383000491,도산종점,용화사,383,통영시
383000564,930,383000057,383000188,시외버스터미널,우포마을,383,통영시
383000565,940,383000058,383000128,시외버스터미널,도산종점,383,통영시
383000566,954,383000058,383000008,시외버스터미널,구집,383,통영시
383000567,955,383000057,383000160,시외버스터미널,대방포,383,통영시
383000568,963,383000058,383000028,시외버스터미널,황리임중,383,통영시
383000569,964,383000058,383000871,시외버스터미널,무량촌,383,통영시
383000570,965,383000058,392000094,시외버스터미널,당동,383,통영시
383000571,971,383000057,383000866,시외버스터미널,분지포,383,통영시
383000572,973,383000058,383000117,시외버스터미널,저산,383,통영시
383000573,976,383000058,383001058,시외버스터미널,골안마을,383,통영시
383000574,906,383000057,383000279,시외버스터미널,내포마을,383,통영시
383000594,74,383000063,383000057,한선1차아파트,시외버스터미널,383,통영시
383000595,75,383000063,383000057,한선1차아파트,시외버스터미널,383,통영시
383000596,140,383000721,383000472,신우희가로,도남동,383,통영시
383000597,140,383000471,383000720,도남동종점,신우희가로 기종점,383,통영시
383000598,972,383000868,383000057,가오치터미널,시외버스터미널,383,통영시
383000599,972,383000058,383000868,시외버스터미널,가오치터미널,383,통영시
383000600,974,383000119,383000057,수월리,시외버스터미널,383,통영시
383000601,974,383000058,383000118,시외버스터미널,수월마을,383,통영시
383000602,542,383000381,383000058,풍화리해란,시외버스터미널,383,통영시
383000603,543,383000057,383000382,시외버스터미널,풍화리해란,383,통영시
383000604,582,383000430,383000058,금평,시외버스터미널,383,통영시
383000605,931,383000057,383000187,시외버스터미널,우포마을,383,통영시
383000606,931,383000188,383000058,우포마을,시외버스터미널,383,통영시
383000607,631,383000188,383000340,우포마을,서호시장,383,통영시
383000608,631,383000338,383000187,서호시장,우포마을,383,통영시
383000609,740,387000020,383000720,거제대교종점,신우희가로 기종점,383,통영시
383000610,740,383000720,387000021,신우희가로 기종점,거제대교,383,통영시
383000611,754,383000720,387000021,신우희가로 기종점,거제대교,383,통영시
383000612,616,383000349,383000058,도리골,시외버스터미널,383,통영시
383000613,668,383000349,392000094,도리골,당동,383,통영시
389000001,2-31,389000670,389000663,의령버스터미널,다현마을,389,의령군
389000002,2-37,389000165,389000462,다현마을,의령버스터미널,389,의령군
389000003,2-62,389000670,389000462,의령버스터미널,의령버스터미널,389,의령군
389000004,2-37,389000670,389000663,의령버스터미널,다현마을,389,의령군
389000005,3-10,389000165,389000715,다현마을,신반 정류소,389,의령군
389000006,3-23,389000716,389000715,신반 정류소,신반 정류소,389,의령군
389000007,3-23,389000716,389000715,신반 정류소,신반 정류소,389,의령군
389000008,2-14,389000716,389000648,신반 정류소,두곡리,389,의령군
389000009,2-14,389000304,389000462,두곡리,의령버스터미널,389,의령군
389000010,2-60,389000670,389000462,의령버스터미널,의령버스터미널,389,의령군
389000011,2-50,389000670,389000240,의령버스터미널,천곡,389,의령군
389000012,2-50,389000241,389000462,천곡,의령버스터미널,389,의령군
389000013,888,389000670,381000100,의령버스터미널,시외버스터미널,389,의령군
389000014,888,381000100,389000462,시외버스터미널,의령버스터미널,389,의령군
389000015,2-20,389000670,390000005,의령버스터미널,함안버스터미널,389,의령군
389000016,2-20,390000056,389000462,함안버스터미널,의령버스터미널,389,의령군
389000017,2-51,389000670,389000240,의령버스터미널,천곡,389,의령군
389000018,2-51,389000670,389000240,의령버스터미널,천곡,389,의령군
389000019,2-91,389000670,390000027,의령버스터미널,군북버스터미널,389,의령군
389000020,2-91,390000858,389000462,군북버스터미널,의령버스터미널,389,의령군
389000021,2-63,389000670,389000675,의령버스터미널,상촌,389,의령군
389000022,2-63,389000125,389000462,상촌,의령버스터미널,389,의령군
389000023,2-70,389000670,389000267,의령버스터미널,후곡,389,의령군
389000024,2-70,389000670,389000635,의령버스터미널,후곡,389,의령군
389000025,2-70,389000635,389000462,후곡,의령버스터미널,389,의령군
389000026,2-70,389000635,389000462,후곡,의령버스터미널,389,의령군
389000027,2-10,389000670,389000715,의령버스터미널,신반 정류소,389,의령군
389000028,3-22,389000716,389000715,신반 정류소,신반 정류소,389,의령군
389000029,3-22,389000716,389000715,신반 정류소,신반 정류소,389,의령군
389000030,3-21,389000716,389000715,신반 정류소,신반 정류소,389,의령군
389000031,3-40,389000716,391000635,신반 정류소,남지버스터미널,389,의령군
389000032,3-40,389000716,391000635,신반 정류소,남지버스터미널,389,의령군
389000033,3-40,391000635,389000715,남지버스터미널,신반 정류소,389,의령군
389000034,3-20,389000716,389000715,신반 정류소,신반 정류소,389,의령군
389000035,3-10,389000716,389000663,신반 정류소,다현마을,389,의령군
389000036,3-21,389000716,389000462,신반 정류소,의령버스터미널,389,의령군
389000037,3-20,389000716,389000715,신반 정류소,신반 정류소,389,의령군
389000038,3-40,391000635,389000715,남지버스터미널,신반 정류소,389,의령군
389000039,2-12,389000067,389000462,부림면정류장,의령버스터미널,389,의령군
389000040,2-35,389000670,389000663,의령버스터미널,다현마을,389,의령군
389000041,2-37,389000165,389000462,다현마을,의령버스터미널,389,의령군
389000042,2-36,389000670,389000558,의령버스터미널,궁류시장,389,의령군
389000043,2-36,389000557,389000663,궁류시장,다현마을,389,의령군
389000044,2-34,389000165,389000462,다현마을,의령버스터미널,389,의령군
389000045,2-70,389000635,389000462,후곡,의령버스터미널,389,의령군
389000046,101-1,389000403,389000403,의령버스터미널,의령버스터미널,389,의령군
389000047,101-3,389000403,389000403,의령버스터미널,의령버스터미널,389,의령군
389000048,101-2,389000403,389000403,의령버스터미널,의령버스터미널,389,의령군
389000049,4-10,389000670,389000462,의령버스터미널,의령버스터미널,389,의령군
389000050,2-74,389000670,389000612,의령버스터미널,정암마을,389,의령군
389000051,2-75,389000611,389000462,정암,의령버스터미널,389,의령군
389000052,2-61,389000670,389000698,의령버스터미널,무상마을회관,389,의령군
389000053,2-61,389000697,389000462,무상마을회관,의령버스터미널,389,의령군
389000054,4-20,389000670,389000720,의령버스터미널,내산다마을,389,의령군
389000055,4-21,389000721,389000462,내산다마을,의령버스터미널,389,의령군
389000056,4-11,389000670,389000462,의령버스터미널,의령버스터미널,389,의령군
389000057,2-75,389000670,389000612,의령버스터미널,정암마을,389,의령군
389000058,4-21,389000670,389000720,의령버스터미널,내산다마을,389,의령군
389000059,4-20,389000721,389000462,내산다마을,의령버스터미널,389,의령군
389000060,2-40,389000670,389000176,의령버스터미널,구상곡,389,의령군
389000061,2-41,389000667,389000462,구상곡,의령버스터미널,389,의령군
389000062,2-21,389000670,389000079,의령버스터미널,적곡,389,의령군
389000063,2-22,389000430,389000462,적곡,의령버스터미널,389,의령군
389000066,2-37,389000670,389000663,의령버스터미널,다현마을,389,의령군
389000068,888,389000670,381000100,의령버스터미널,시외버스터미널,389,의령군
389000070,2-13,389000670,389000715,의령버스터미널,신반 정류소,389,의령군
389000071,2-10,389000716,389000462,신반 정류소,의령버스터미널,389,의령군
389000072,2-14,389000670,389000648,의령버스터미널,두곡리,389,의령군
389000073,2-14,389000304,389000715,두곡리,신반 정류소,389,의령군
389000076,2-91,390000037,389000462,안도마을,의령버스터미널,389,의령군
389000077,2-33,389000670,389000663,의령버스터미널,다현마을,389,의령군
389000078,2-30,389000165,389000462,다현마을,의령버스터미널,389,의령군
389000079,2-39,389000670,389000663,의령버스터미널,다현마을,389,의령군
389000080,2-52,389000670,389000241,의령버스터미널,천곡,389,의령군
389000081,2-51,389000241,389000462,천곡,의령버스터미널,389,의령군
389000082,2-31,389000670,389000160,의령버스터미널,궁류-석정마을,389,의령군
389000083,2-31,389000159,389000663,궁류-석정마을,다현마을,389,의령군
389000084,2-50,389000670,389000240,의령버스터미널,천곡,389,의령군
389000085,2-50,389000241,389000462,천곡,의령버스터미널,389,의령군
389000086,2-32,389000165,389000462,다현마을,의령버스터미널,389,의령군
389000093,2-11,389000670,389000715,의령버스터미널,신반 정류소,389,의령군
389000094,2-11,389000716,389000462,신반 정류소,의령버스터미널,389,의령군
389000095,2-15,389000670,389000648,의령버스터미널,두곡리,389,의령군
389000096,2-15,389000304,389000715,두곡리,신반 정류소,389,의령군
389000097,2-70,389000670,389000635,의령버스터미널,후곡,389,의령군
390000001,777-10,390000367,390000005,용산사거리,함안버스터미널,390,함안군
390000002,777-10,390000056,390000328,함안버스터미널,용산,390,함안군
390000004,777-11,390000056,390000328,함안버스터미널,용산,390,함안군
390000005,777-20,390000368,390000005,용산,함안버스터미널,390,함안군
390000006,777-22,390000328,390000005,용산,함안버스터미널,390,함안군
390000007,777-22,390000056,390000367,함안버스터미널,용산사거리,390,함안군
390000009,777-20,390000056,390000367,함안버스터미널,용산사거리,390,함안군
390000010,777-21,390000056,390000367,함안버스터미널,용산사거리,390,함안군
390000011,72-4,390000056,390000005,함안버스터미널,함안버스터미널,390,함안군
390000012,72-4,390000056,416000084,함안버스터미널,진동,390,함안군
390000013,72-5,390000056,416000084,함안버스터미널,진동,390,함안군
390000014,1-16,390000056,390000005,함안버스터미널,함안버스터미널,390,함안군
390000015,1-16,390000056,390000600,함안버스터미널,정암,390,함안군
390000017,1-90,389000670,390000005,의령버스터미널,함안버스터미널,390,함안군
390000018,1-11,390000056,390000005,함안버스터미널,함안버스터미널,390,함안군
390000019,72-2,390000056,416000083,함안버스터미널,마산남부시외버스터미널,390,함안군
390000020,1-21,390000056,390000129,함안버스터미널,사정,390,함안군
390000021,1-22,390000056,390000005,함안버스터미널,함안버스터미널,390,함안군
390000022,1-22,390000056,390000129,함안버스터미널,사정,390,함안군
390000023,1-12,390000056,390000788,함안버스터미널,가덕,390,함안군
390000024,1-14,390000056,390000788,함안버스터미널,가덕,390,함안군
390000025,1-13,390000056,390000005,함안버스터미널,함안버스터미널,390,함안군
390000026,1-91,390000858,389000462,군북버스터미널,의령버스터미널,390,함안군
390000029,1-15,390000056,390000005,함안버스터미널,함안버스터미널,390,함안군
390000030,1-30,390000056,390000005,함안버스터미널,함안버스터미널,390,함안군
390000031,1-31,390000056,390000005,함안버스터미널,함안버스터미널,390,함안군
390000032,1-32,390000056,390000005,함안버스터미널,함안버스터미널,390,함안군
390000033,250-10,416000083,416000083,마산남부시외버스터미널,마산남부시외버스터미널,390,함안군
390000034,250-10,416000083,390000423,마산남부시외버스터미널,에이스아파트,390,함안군
390000035,250-10,390000823,416000083,에이스아파트,마산남부시외버스터미널,390,함안군
390000036,252-23,416000083,390000170,마산남부시외버스터미널,주공아파트,390,함안군
390000037,252-20,390000171,416000083,주공아파트정문,마산남부시외버스터미널,390,함안군
390000038,252-20,416000083,390000170,마산남부시외버스터미널,주공아파트,390,함안군
390000039,252-24,390000171,416000083,주공아파트정문,마산남부시외버스터미널,390,함안군
390000040,1-40,390000367,390000368,용산사거리,용산,390,함안군
390000041,252-21,390000171,416000083,주공아파트정문,마산남부시외버스터미널,390,함안군
390000042,250-20,416000083,416000083,마산남부시외버스터미널,마산남부시외버스터미널,390,함안군
390000043,250-30,416000083,390000295,마산남부시외버스터미널,청계,390,함안군
390000044,250-30,390000295,416000083,청계,마산남부시외버스터미널,390,함안군
390000046,250-23,390000522,416000083,경희의원,마산남부시외버스터미널,390,함안군
390000047,252-21,416000083,390000170,마산남부시외버스터미널,주공아파트,390,함안군
390000048,252-31,416000083,390000027,마산남부시외버스터미널,군북버스터미널,390,함안군
390000049,252-32,390000027,416000083,군북버스터미널,마산남부시외버스터미널,390,함안군
390000050,1-50,390000329,390000368,용산,용산,390,함안군
390000051,113-31,389000303,417000102,두곡,마산시외버스터미널,390,함안군
390000052,113-05,390000842,417000102,장암마을,마산시외버스터미널,390,함안군
390000053,113-74,390000272,417000102,남양마을,마산시외버스터미널,390,함안군
390000054,113-01,390000368,417000102,용산,마산시외버스터미널,390,함안군
390000055,113-08,390000425,417000102,기공아파트,마산시외버스터미널,390,함안군
390000056,113-10,390000425,417000102,기공아파트,마산시외버스터미널,390,함안군
390000057,113-38,391000635,417000102,남지버스터미널,마산시외버스터미널,390,함안군
390000058,113-39,391000635,417000102,남지버스터미널,마산시외버스터미널,390,함안군
390000059,113-57,391000635,417000102,남지버스터미널,마산시외버스터미널,390,함안군
390000060,1-60,390000328,390000367,용산,용산사거리,390,함안군
390000061,113-60,417000102,390000269,마산시외버스터미널,음달마을,390,함안군
390000062,113-84,417000102,390000269,마산시외버스터미널,음달마을,390,함안군
390000063,113-59,417000102,391000635,마산시외버스터미널,남지버스터미널,390,함안군
390000064,113-81,417000102,391000635,마산시외버스터미널,남지버스터미널,390,함안군
390000065,113-35,417000102,390000816,마산시외버스터미널,장포마을,390,함안군
390000066,113-71,417000102,390000434,마산시외버스터미널,유계,390,함안군
390000067,113-52,417000102,390000476,마산시외버스터미널,이룡농협,390,함안군
390000068,113-41,417000102,391000635,마산시외버스터미널,남지버스터미널,390,함안군
390000069,113-29,417000102,389000391,마산시외버스터미널,두곡,390,함안군
390000070,1-70,390000056,390000005,함안버스터미널,함안버스터미널,390,함안군
390000071,1-71,390000056,390000748,함안버스터미널,별천종점-버드네,390,함안군
390000073,1-72,390000056,390000748,함안버스터미널,별천종점-버드네,390,함안군
390000074,1-73,390000056,390000748,함안버스터미널,별천종점-버드네,390,함안군
390000075,1-73,390000056,390000748,함안버스터미널,별천종점-버드네,390,함안군
390000076,113-22,390000814,417000102,대산버스터미널,마산시외버스터미널,390,함안군
390000077,113-36,390000254,417000102,장포마을,마산시외버스터미널,390,함안군
390000078,113-34,390000522,417000102,경희의원,마산시외버스터미널,390,함안군
390000079,113-83,390000107,417000102,내봉촌,마산시외버스터미널,390,함안군
390000080,1-80,390000368,390000368,용산,용산,390,함안군
390000081,113-51,417000102,390000476,마산시외버스터미널,이룡농협,390,함안군
390000082,113-26,417000102,390000245,마산시외버스터미널,기동,390,함안군
390000083,113-21,417000102,390000242,마산시외버스터미널,대산버스터미널,390,함안군
390000084,113-34,417000102,390000816,마산시외버스터미널,장포마을,390,함안군
390000085,113-04,417000102,390000337,마산시외버스터미널,장암마을,390,함안군
390000086,113-23,417000102,390000523,마산시외버스터미널,경희의원,390,함안군
390000087,113-25,390000523,417000102,경희의원,마산시외버스터미널,390,함안군
390000088,113-58,417000102,391000635,마산시외버스터미널,남지버스터미널,390,함안군
390000089,113-72,417000102,390000368,마산시외버스터미널,용산,390,함안군
390000090,113-24,417000102,390000245,마산시외버스터미널,기동,390,함안군
390000091,113-32,417000102,389000391,마산시외버스터미널,두곡,390,함안군
390000092,113-27,417000102,389000654,마산시외버스터미널,득소마을,390,함안군
390000093,113-30,417000102,389000391,마산시외버스터미널,두곡,390,함안군
390000094,113-54,417000102,390000476,마산시외버스터미널,이룡농협,390,함안군
390000095,113-56,417000102,391000635,마산시외버스터미널,남지버스터미널,390,함안군
390000096,113-79,417000102,390000475,마산시외버스터미널,이룡농협,390,함안군
390000097,113-74,417000102,390000101,마산시외버스터미널,남양마을,390,함안군
390000098,113-75,417000102,390000101,마산시외버스터미널,남양마을,390,함안군
390000099,113-08,417000102,390000424,마산시외버스터미널,기공아파트앞,390,함안군
390000100,113-50,417000102,390000260,마산시외버스터미널,내내,390,함안군
390000101,113-25,390000537,417000102,기동,마산시외버스터미널,390,함안군
390000102,113-34,390000254,417000102,장포마을,마산시외버스터미널,390,함안군
390000103,113-37,390000254,417000102,장포마을,마산시외버스터미널,390,함안군
390000104,113-82,391000635,417000102,남지버스터미널,마산시외버스터미널,390,함안군
390000105,113-70,390000433,414000016,유계,창원종합버스터미널,390,함안군
390000107,113-33,389000303,417000102,두곡,마산시외버스터미널,390,함안군
390000108,113-28,389000383,417000102,득소마을,마산시외버스터미널,390,함안군
390000109,114-21,417000102,390000027,마산시외버스터미널,군북버스터미널,390,함안군
390000110,114-22,390000027,417000102,군북버스터미널,마산시외버스터미널,390,함안군
390000111,113-55,390000475,390000328,이룡농협,용산,390,함안군
390000112,113-53,390000475,417000102,이룡농협,마산시외버스터미널,390,함안군
390000113,113-54,390000475,417000102,이룡농협,마산시외버스터미널,390,함안군
390000114,113-78,390000476,414000016,이룡농협,창원종합버스터미널,390,함안군
390000115,113-78,414000016,390000475,창원종합버스터미널,이룡농협,390,함안군
390000116,113-02,417000102,390000309,마산시외버스터미널,산정마을,390,함안군
390000117,113-05,417000102,390000332,마산시외버스터미널,유원,390,함안군
390000118,113-07,417000102,390000337,마산시외버스터미널,장암마을,390,함안군
390000119,113-09,417000102,390000425,마산시외버스터미널,기공아파트,390,함안군
390000120,113-03,390000851,417000102,산정마을,마산시외버스터미널,390,함안군
390000121,113-10,390000425,390000424,기공아파트,기공아파트앞,390,함안군
390000122,113-73,390000272,414000016,남양마을,창원종합버스터미널,390,함안군
390000124,114-23,390000027,417000102,군북버스터미널,마산시외버스터미널,390,함안군
390000125,113-07,390000842,417000102,장암마을,마산시외버스터미널,390,함안군
390000126,113-60,390000107,417000102,내봉촌,마산시외버스터미널,390,함안군
390000127,113-75,390000272,417000102,남양마을,마산시외버스터미널,390,함안군
390000128,113-84,390000107,417000102,내봉촌,마산시외버스터미널,390,함안군
390000130,113-34,390000254,390000523,장포마을,경희의원,390,함안군
390000131,114-13,390000171,417000102,주공아파트정문,마산시외버스터미널,390,함안군
390000132,114-11,390000171,417000102,주공아파트정문,마산시외버스터미널,390,함안군
390000133,113-29,389000303,417000102,두곡,마산시외버스터미널,390,함안군
390000135,113-83,417000102,390000269,마산시외버스터미널,음달마을,390,함안군
390000136,113-81,391000635,417000102,남지버스터미널,마산시외버스터미널,390,함안군
390000137,113-80,391000635,414000016,남지버스터미널,창원종합버스터미널,390,함안군
390000138,113-79,390000476,417000102,이룡농협,마산시외버스터미널,390,함안군
390000140,114-23,417000102,390000027,마산시외버스터미널,군북버스터미널,390,함안군
390000141,114-21,390000027,417000102,군북버스터미널,마산시외버스터미널,390,함안군
390000142,113-77,390000272,417000102,남양마을,마산시외버스터미널,390,함안군
390000144,114-14,414000016,390000170,창원종합버스터미널,주공아파트,390,함안군
390000145,114-20,414000016,390000027,창원종합버스터미널,군북버스터미널,390,함안군
390000146,114-10,414000016,390000170,창원종합버스터미널,주공아파트,390,함안군
390000147,114-12,414000016,390000170,창원종합버스터미널,주공아파트,390,함안군
390000148,114-15,390000171,414000016,주공아파트정문,창원종합버스터미널,390,함안군
390000149,114-20,390000027,414000016,군북버스터미널,창원종합버스터미널,390,함안군
390000150,114-16,390000171,414000016,주공아파트정문,창원종합버스터미널,390,함안군
390000152,114-13,417000102,390000170,마산시외버스터미널,주공아파트,390,함안군
390000153,114-12,390000171,414000016,주공아파트정문,창원종합버스터미널,390,함안군
390000154,113-81,414000016,391000635,창원종합버스터미널,남지버스터미널,390,함안군
390000155,113-40,417000102,391000635,마산시외버스터미널,남지버스터미널,390,함안군
390000156,113-58,391000635,417000102,남지버스터미널,마산시외버스터미널,390,함안군
390000157,113-06,390000842,417000102,장암마을,마산시외버스터미널,390,함안군
390000158,113-09,390000425,417000102,기공아파트,마산시외버스터미널,390,함안군
390000159,114-22,417000102,390000027,마산시외버스터미널,군북버스터미널,390,함안군
390000161,1-20,390000056,390000005,함안버스터미널,함안버스터미널,390,함안군
390000162,777-48,390000056,390000523,함안버스터미널,경희의원,390,함안군
390000163,777-41,390000056,390000540,함안버스터미널,동촌못골,390,함안군
390000164,777-42,390000056,390000540,함안버스터미널,동촌못골,390,함안군
390000165,777-45,390000056,390000540,함안버스터미널,동촌못골,390,함안군
390000166,777-46,390000367,390000005,용산사거리,함안버스터미널,390,함안군
390000167,777-52,390000056,390000328,함안버스터미널,용산,390,함안군
390000168,250-40,416000083,390000269,마산남부시외버스터미널,음달마을,390,함안군
390000169,250-41,390000107,416000083,내봉촌,마산남부시외버스터미널,390,함안군
390000170,250-40,390000107,416000083,내봉촌,마산남부시외버스터미널,390,함안군
390000171,250-41,416000083,390000269,마산남부시외버스터미널,음달마을,390,함안군
390000172,250-22,416000083,390000523,마산남부시외버스터미널,경희의원,390,함안군
390000173,252-23,390000171,416000083,주공아파트정문,마산남부시외버스터미널,390,함안군
390000174,252-30,416000083,390000027,마산남부시외버스터미널,군북버스터미널,390,함안군
390000175,252-30,390000027,416000083,군북버스터미널,마산남부시외버스터미널,390,함안군
390000176,250-20,390000522,416000083,경희의원,마산남부시외버스터미널,390,함안군
390000177,252-31,390000027,416000083,군북버스터미널,마산남부시외버스터미널,390,함안군
390000178,250-21,416000083,390000523,마산남부시외버스터미널,경희의원,390,함안군
390000179,250-23,416000083,390000523,마산남부시외버스터미널,경희의원,390,함안군
390000180,252-24,416000083,390000170,마산남부시외버스터미널,주공아파트,390,함안군
390000181,777-50,390000368,390000242,용산,대산버스터미널,390,함안군
390000182,777-50,390000247,390000242,구혜,대산버스터미널,390,함안군
390000185,1-22,390000785,390000005,사정,함안버스터미널,390,함안군
390000187,777-40,390000811,390000005,동촌못골,함안버스터미널,390,함안군
390000188,72-3,416000083,390000005,마산남부시외버스터미널,함안버스터미널,390,함안군
390000189,777-47,390000522,390000005,경희의원,함안버스터미널,390,함안군
390000190,1-75,390000852,390000005,별천종점-버드네,함안버스터미널,390,함안군
390000192,777-43,390000811,390000005,동촌못골,함안버스터미널,390,함안군
390000193,1-21,390000785,390000005,사정,함안버스터미널,390,함안군
390000194,1-17,390000600,390000005,정암,함안버스터미널,390,함안군
390000195,72-4,416000030,390000005,진동,함안버스터미널,390,함안군
390000197,72-5,416000030,390000005,진동,함안버스터미널,390,함안군
390000199,777-50,390000814,390000328,대산버스터미널,용산,390,함안군
390000200,1-76,390000852,390000005,별천종점-버드네,함안버스터미널,390,함안군
390000201,1-13,390000157,390000005,가덕,함안버스터미널,390,함안군
390000202,777-30,390000367,390000005,용산사거리,함안버스터미널,390,함안군
390000203,777-31,390000367,390000005,용산사거리,함안버스터미널,390,함안군
390000204,777-30,390000056,390000368,함안버스터미널,용산,390,함안군
390000205,777-31,390000056,390000368,함안버스터미널,용산,390,함안군
390000206,113-76,390000272,417000102,남양마을,마산시외버스터미널,390,함안군
390000207,113-11,390000328,417000102,용산,마산시외버스터미널,390,함안군
390000208,114-11,417000102,390000170,마산시외버스터미널,주공아파트,390,함안군
390000209,1-90,390000056,389000462,함안버스터미널,의령버스터미널,390,함안군
390000300,3,390000864,390000865,송정주차장,송정주차장,390,함안군
390000301,1,390000864,390000865,송정주차장,송정주차장,390,함안군
390000302,1,390000864,390000865,송정주차장,송정주차장,390,함안군
390000303,1,390000864,390000865,송정주차장,송정주차장,390,함안군
390000304,1,390000864,390000865,송정주차장,송정주차장,390,함안군
390000305,1,390000864,390000865,송정주차장,송정주차장,390,함안군
390000306,1,390000864,390000865,송정주차장,송정주차장,390,함안군
390000307,2,390000864,390000865,송정주차장,송정주차장,390,함안군
390000308,2,390000864,390000603,송정주차장,구두실,390,함안군
390000309,2,390000864,390000027,송정주차장,군북버스터미널,390,함안군
390000310,2,390000864,390000026,송정주차장,홍성빌딩앞,390,함안군
390000311,2,390000026,390000865,홍성빌딩앞,송정주차장,390,함안군
390000312,2,390000604,390000246,구두실,구혜,390,함안군
390000313,2,390000247,390000865,구혜,송정주차장,390,함안군
390000314,2,390000027,390000865,군북버스터미널,송정주차장,390,함안군
391000001,3,391000632,391000599,영신버스터미널,영신버스터미널,391,창녕군
391000002,16,391000632,391000599,영신버스터미널,영신버스터미널,391,창녕군
391000003,6-1,391000632,391000599,영신버스터미널,영신버스터미널,391,창녕군
391000004,15,391000632,391000599,영신버스터미널,영신버스터미널,391,창녕군
391000006,15-3,391000632,391000599,영신버스터미널,영신버스터미널,391,창녕군
391000007,33,391000632,391000599,영신버스터미널,영신버스터미널,391,창녕군
391000008,33-1,391000632,391000209,영신버스터미널,부곡터미널,391,창녕군
391000009,33-2,391000514,391000599,부곡터미널,영신버스터미널,391,창녕군
391000010,2,391000632,391000599,영신버스터미널,영신버스터미널,391,창녕군
391000011,2,391000632,391000674,영신버스터미널,가복,391,창녕군
391000012,2,391000224,391000599,가복,영신버스터미널,391,창녕군
391000013,1,391000632,391000679,영신버스터미널,안심,391,창녕군
391000014,1,391000534,391000599,안심,영신버스터미널,391,창녕군
391000015,1,391000632,391000599,영신버스터미널,영신버스터미널,391,창녕군
391000016,9,391000632,391000290,영신버스터미널,이방주유소,391,창녕군
391000017,9-2,391000123,398000005,이방주유소,적교,391,창녕군
391000018,9,391000632,391000599,영신버스터미널,영신버스터미널,391,창녕군
391000019,9,391000123,391000599,이방주유소,영신버스터미널,391,창녕군
391000020,9-2,398000864,391000290,적교,이방주유소,391,창녕군
391000021,12,398000864,391000599,적교,영신버스터미널,391,창녕군
391000022,12-2,391000632,398000005,영신버스터미널,적교,391,창녕군
391000023,12-3,391000632,391000599,영신버스터미널,영신버스터미널,391,창녕군
391000024,12,391000632,398000005,영신버스터미널,적교,391,창녕군
391000025,12-2,391000632,391000599,영신버스터미널,영신버스터미널,391,창녕군
391000026,12-2,398000864,391000599,적교,영신버스터미널,391,창녕군
391000027,12-3,391000632,391000599,영신버스터미널,영신버스터미널,391,창녕군
391000028,12-2,391000632,398000005,영신버스터미널,적교,391,창녕군
391000030,39,391000632,391000392,영신버스터미널,영산정류장,391,창녕군
391000031,5-1,391000632,391000599,영신버스터미널,영신버스터미널,391,창녕군
391000032,40,391000326,391000392,월하,영산정류장,391,창녕군
391000033,38,391000454,391000599,영산정류장,영신버스터미널,391,창녕군
391000034,4,391000632,391000599,영신버스터미널,영신버스터미널,391,창녕군
391000035,8,391000632,391000599,영신버스터미널,영신버스터미널,391,창녕군
391000036,33-2,391000632,391000599,영신버스터미널,영신버스터미널,391,창녕군
391000037,40,391000454,391000392,영산정류장,영산정류장,391,창녕군
391000038,19,391000632,391000599,영신버스터미널,영신버스터미널,391,창녕군
391000039,7,391000632,391000599,영신버스터미널,영신버스터미널,391,창녕군
391000040,18,391000632,391000302,영신버스터미널,동정,391,창녕군
391000041,18,391000632,391000599,영신버스터미널,영신버스터미널,391,창녕군
391000042,5-2,391000632,391000599,영신버스터미널,영신버스터미널,391,창녕군
391000043,6,391000632,391000599,영신버스터미널,영신버스터미널,391,창녕군
391000044,20,391000632,391000599,영신버스터미널,영신버스터미널,391,창녕군
391000045,37,391000209,391000514,부곡터미널,부곡터미널,391,창녕군
391000046,34,391000514,391000599,부곡터미널,영신버스터미널,391,창녕군
391000047,34,391000632,391000209,영신버스터미널,부곡터미널,391,창녕군
391000048,33-1,391000632,391000209,영신버스터미널,부곡터미널,391,창녕군
391000049,31,391000209,391000514,부곡터미널,부곡터미널,391,창녕군
391000050,31,391000209,414000022,부곡터미널,북면사무소,391,창녕군
391000051,31-1,414000022,391000392,북면사무소,영산정류장,391,창녕군
391000052,9,391000632,391000599,영신버스터미널,영신버스터미널,391,창녕군
391000053,9-1,391000632,391000290,영신버스터미널,이방주유소,391,창녕군
391000054,9-1,391000123,391000599,이방주유소,영신버스터미널,391,창녕군
391000055,25,391000632,391000599,영신버스터미널,영신버스터미널,391,창녕군
391000056,25,391000486,391000599,남지,영신버스터미널,391,창녕군
391000057,29,391000632,391000486,영신버스터미널,남지,391,창녕군
391000058,25-2,391000632,391000486,영신버스터미널,남지,391,창녕군
391000059,25-1,391000632,391000486,영신버스터미널,남지,391,창녕군
391000060,15-2,391000632,391000626,영신버스터미널,청간,391,창녕군
391000061,15-1,391000632,391000599,영신버스터미널,영신버스터미널,391,창녕군
391000062,15-1,391000678,391000599,청간,영신버스터미널,391,창녕군
391000063,19,391000632,391000599,영신버스터미널,영신버스터미널,391,창녕군
391000064,19-1,391000632,391000599,영신버스터미널,영신버스터미널,391,창녕군
391000065,35,391000632,391000599,영신버스터미널,영신버스터미널,391,창녕군
391000066,35,391000632,391000599,영신버스터미널,영신버스터미널,391,창녕군
391000067,5,391000632,391000599,영신버스터미널,영신버스터미널,391,창녕군
391000068,13,391000632,391000599,영신버스터미널,영신버스터미널,391,창녕군
391000069,13,391000632,391000599,영신버스터미널,영신버스터미널,391,창녕군
391000070,13,391000607,391000599,안리,영신버스터미널,391,창녕군
391000071,10,391000350,391000112,이방,이방,391,창녕군
391000072,14,391000632,391000599,영신버스터미널,영신버스터미널,391,창녕군
391000073,14,391000632,391000599,영신버스터미널,영신버스터미널,391,창녕군
391000074,14,391000632,391000599,영신버스터미널,영신버스터미널,391,창녕군
391000075,16,391000632,391000599,영신버스터미널,영신버스터미널,391,창녕군
391000076,16-1,391000632,391000599,영신버스터미널,영신버스터미널,391,창녕군
391000077,11,391000290,391000123,이방주유소,이방주유소,391,창녕군
391000078,8-2,391000632,391000599,영신버스터미널,영신버스터미널,391,창녕군
391000080,28,391000209,391000486,부곡터미널,남지,391,창녕군
391000081,28-1,391000486,391000514,남지,부곡터미널,391,창녕군
391000082,28,391000209,391000486,부곡터미널,남지,391,창녕군
391000083,28-2,391000486,391000392,남지,영산정류장,391,창녕군
391000084,44,391000486,391000392,남지,영산정류장,391,창녕군
391000085,44,391000454,391000486,영산정류장,남지,391,창녕군
391000086,24,391000454,391000392,영산정류장,영산정류장,391,창녕군
391000087,43,391000454,391000392,영산정류장,영산정류장,391,창녕군
391000088,29,391000454,391000486,영산정류장,남지,391,창녕군
391000089,29,391000486,391000392,남지,영산정류장,391,창녕군
391000090,38,391000188,391000599,상길,영신버스터미널,391,창녕군
391000091,38,391000632,391000064,영신버스터미널,상길,391,창녕군
391000092,26,391000486,391000486,남지,남지,391,창녕군
391000093,46,391000486,391000599,남지,영신버스터미널,391,창녕군
391000094,30,391000632,391000599,영신버스터미널,영신버스터미널,391,창녕군
391000095,17,391000632,391000599,영신버스터미널,영신버스터미널,391,창녕군
391000096,36,391000640,391000392,노리,영산정류장,391,창녕군
391000097,36,391000454,391000256,영산정류장,노리,391,창녕군
391000098,36-1,391000640,391000392,노리,영산정류장,391,창녕군
391000099,21,391000454,391000599,영산정류장,영신버스터미널,391,창녕군
391000100,21,391000632,391000392,영신버스터미널,영산정류장,391,창녕군
391000101,39,391000454,391000599,영산정류장,영신버스터미널,391,창녕군
391000102,39,391000632,391000392,영신버스터미널,영산정류장,391,창녕군
391000103,27-4,391000486,391000183,남지,월하,391,창녕군
391000105,27-5,391000326,391000486,월하,남지,391,창녕군
391000106,27-1,391000326,391000486,월하,남지,391,창녕군
391000107,27-4,391000486,391000493,남지,월평,391,창녕군
391000108,27-6,391000486,391000548,남지,남지버스터미널,391,창녕군
391000109,27-3,391000643,391000486,월평,남지,391,창녕군
391000110,23,391000454,391000392,영산정류장,영산정류장,391,창녕군
391000111,45,391000486,391000392,남지,영산정류장,391,창녕군
391000112,45,391000454,391000486,영산정류장,남지,391,창녕군
391000113,32,391000454,391000209,영산정류장,부곡터미널,391,창녕군
391000114,42,391000643,391000599,월평,영신버스터미널,391,창녕군
391000115,22-1,391000454,391000599,영산정류장,영신버스터미널,391,창녕군
391000116,22,391000632,391000392,영신버스터미널,영산정류장,391,창녕군
391000117,41,391000454,391000493,영산정류장,월평,391,창녕군
391000118,1,391000632,391000632,영신버스터미널,영신버스터미널,391,창녕군
391000119,2,391000461,391000675,동보하이빌,동보하이빌,391,창녕군
391000120,12-3,391000632,391000599,영신버스터미널,영신버스터미널,391,창녕군
392000001,111,392000158,392000837,고성여객자동차터미널,고성여객자동차터미널,392,고성군
392000002,111,392000158,392000837,고성여객자동차터미널,고성여객자동차터미널,392,고성군
392000003,111,392000158,392000837,고성여객자동차터미널,고성여객자동차터미널,392,고성군
392000004,212,392000158,392000837,고성여객자동차터미널,고성여객자동차터미널,392,고성군
392000005,212,392000158,392000837,고성여객자동차터미널,고성여객자동차터미널,392,고성군
392000006,212,392000158,392000837,고성여객자동차터미널,고성여객자동차터미널,392,고성군
392000007,222,392000158,392000837,고성여객자동차터미널,고성여객자동차터미널,392,고성군
392000008,222,392000158,392000837,고성여객자동차터미널,고성여객자동차터미널,392,고성군
392000009,222,392000158,392000837,고성여객자동차터미널,고성여객자동차터미널,392,고성군
392000010,222,392000158,392000837,고성여객자동차터미널,고성여객자동차터미널,392,고성군
392000011,225,392000158,392000837,고성여객자동차터미널,고성여객자동차터미널,392,고성군
392000012,225,392000158,392000837,고성여객자동차터미널,고성여객자동차터미널,392,고성군
392000013,225,392000158,392000837,고성여객자동차터미널,고성여객자동차터미널,392,고성군
392000014,225,392000158,392000837,고성여객자동차터미널,고성여객자동차터미널,392,고성군
392000015,233,392000158,392000837,고성여객자동차터미널,고성여객자동차터미널,392,고성군
392000016,333,392000158,392000837,고성여객자동차터미널,고성여객자동차터미널,392,고성군
392000017,333,392000158,392000837,고성여객자동차터미널,고성여객자동차터미널,392,고성군
392000018,333,392000158,392000837,고성여객자동차터미널,고성여객자동차터미널,392,고성군
392000019,553,392000158,392000837,고성여객자동차터미널,고성여객자동차터미널,392,고성군
392000020,553,392000158,392000837,고성여객자동차터미널,고성여객자동차터미널,392,고성군
392000021,553,392000158,392000837,고성여객자동차터미널,고성여객자동차터미널,392,고성군
392000022,553,392000158,392000373,고성여객자동차터미널,오서,392,고성군
392000023,553,392000158,392000837,고성여객자동차터미널,고성여객자동차터미널,392,고성군
392000024,553,392000158,392000373,고성여객자동차터미널,오서,392,고성군
392000025,553,392000158,392000837,고성여객자동차터미널,고성여객자동차터미널,392,고성군
392000026,555,392000158,392000837,고성여객자동차터미널,고성여객자동차터미널,392,고성군
392000027,557,392000158,392000837,고성여객자동차터미널,고성여객자동차터미널,392,고성군
392000028,557,392000631,392000837,오서,고성여객자동차터미널,392,고성군
392000029,557,392000631,392000837,오서,고성여객자동차터미널,392,고성군
392000030,557,392000631,392000837,오서,고성여객자동차터미널,392,고성군
392000031,557,392000631,392000837,오서,고성여객자동차터미널,392,고성군
392000032,657,392000158,392000138,고성여객자동차터미널,배둔시외버스터미널,392,고성군
392000033,657,392000158,392000373,고성여객자동차터미널,오서,392,고성군
392000034,657,392000158,392000373,고성여객자동차터미널,오서,392,고성군
392000035,657,392000158,392000837,고성여객자동차터미널,고성여객자동차터미널,392,고성군
392000036,657,392000158,392000373,고성여객자동차터미널,오서,392,고성군
392000037,753,392000158,392000837,고성여객자동차터미널,고성여객자동차터미널,392,고성군
392000038,753,392000158,392000373,고성여객자동차터미널,오서,392,고성군
392000039,753,392000158,392000837,고성여객자동차터미널,고성여객자동차터미널,392,고성군
392000040,753,392000158,392000837,고성여객자동차터미널,고성여객자동차터미널,392,고성군
392000041,753,392000158,392000837,고성여객자동차터미널,고성여객자동차터미널,392,고성군
392000042,756,392000631,392000837,오서,고성여객자동차터미널,392,고성군
392000043,756,392000158,392000373,고성여객자동차터미널,오서,392,고성군
392000044,756,392000631,392000837,오서,고성여객자동차터미널,392,고성군
392000045,767,392000158,392000837,고성여객자동차터미널,고성여객자동차터미널,392,고성군
392000046,767,392000138,392000837,배둔시외버스터미널,고성여객자동차터미널,392,고성군
392000047,767,392000158,392000138,고성여객자동차터미널,배둔시외버스터미널,392,고성군
392000048,770,392000158,392000837,고성여객자동차터미널,고성여객자동차터미널,392,고성군
392000049,770,392000158,392000837,고성여객자동차터미널,고성여객자동차터미널,392,고성군
392000050,777,392000158,392000138,고성여객자동차터미널,배둔시외버스터미널,392,고성군
392000051,777,392000138,392000138,배둔시외버스터미널,배둔시외버스터미널,392,고성군
392000052,777,392000138,392000837,배둔시외버스터미널,고성여객자동차터미널,392,고성군
392000053,777,392000158,392000837,고성여객자동차터미널,고성여객자동차터미널,392,고성군
392000054,777,392000158,392000138,고성여객자동차터미널,배둔시외버스터미널,392,고성군
392000055,777,392000138,392000373,배둔시외버스터미널,오서,392,고성군
392000056,777,392000158,392000138,고성여객자동차터미널,배둔시외버스터미널,392,고성군
392000057,777,392000138,392000837,배둔시외버스터미널,고성여객자동차터미널,392,고성군
392000058,777,392000138,392000837,배둔시외버스터미널,고성여객자동차터미널,392,고성군
392000059,777,392000138,392000837,배둔시외버스터미널,고성여객자동차터미널,392,고성군
392000060,777,392000158,392000138,고성여객자동차터미널,배둔시외버스터미널,392,고성군
392000061,777,392000158,392000837,고성여객자동차터미널,고성여객자동차터미널,392,고성군
392000062,989,392000158,392000837,고성여객자동차터미널,고성여객자동차터미널,392,고성군
392000063,989,392000158,392000837,고성여객자동차터미널,고성여객자동차터미널,392,고성군
392000064,989,392000158,392000837,고성여객자동차터미널,고성여객자동차터미널,392,고성군
392000065,989,392000158,392000837,고성여객자동차터미널,고성여객자동차터미널,392,고성군
392000066,989,392000158,392000837,고성여객자동차터미널,고성여객자동차터미널,392,고성군
392000067,989,392000158,392000837,고성여객자동차터미널,고성여객자동차터미널,392,고성군
392000068,989,392000158,392000837,고성여객자동차터미널,고성여객자동차터미널,392,고성군
392000069,989,392000158,392000837,고성여객자동차터미널,고성여객자동차터미널,392,고성군
392000070,999,392000158,392000837,고성여객자동차터미널,고성여객자동차터미널,392,고성군
392000071,999,392000158,392000837,고성여객자동차터미널,고성여객자동차터미널,392,고성군
392000072,999,392000158,392000837,고성여객자동차터미널,고성여객자동차터미널,392,고성군
392000073,999,392000158,392000837,고성여객자동차터미널,고성여객자동차터미널,392,고성군
392000074,000,392000158,392000837,고성여객자동차터미널,고성여객자동차터미널,392,고성군
392000075,000,392000158,392000837,고성여객자동차터미널,고성여객자동차터미널,392,고성군
392000076,000,392000158,392000837,고성여객자동차터미널,고성여객자동차터미널,392,고성군
392000077,000,392000158,392000837,고성여객자동차터미널,고성여객자동차터미널,392,고성군
392000078,000-1,392000158,392000837,고성여객자동차터미널,고성여객자동차터미널,392,고성군
392000079,000-1,392000158,392000837,고성여객자동차터미널,고성여객자동차터미널,392,고성군
392000080,111-1,392000158,392000837,고성여객자동차터미널,고성여객자동차터미널,392,고성군
392000081,111-1,392000158,392000837,고성여객자동차터미널,고성여객자동차터미널,392,고성군
392000082,111-1,392000158,392000837,고성여객자동차터미널,고성여객자동차터미널,392,고성군
392000083,111-1,392000158,392000837,고성여객자동차터미널,고성여객자동차터미널,392,고성군
392000084,111-1,392000158,392000837,고성여객자동차터미널,고성여객자동차터미널,392,고성군
392000085,111-2,392000158,392000837,고성여객자동차터미널,고성여객자동차터미널,392,고성군
392000086,333-1,392000158,392000837,고성여객자동차터미널,고성여객자동차터미널,392,고성군
392000087,333-1,392000158,392000837,고성여객자동차터미널,고성여객자동차터미널,392,고성군
392000088,333-1,392000158,392000837,고성여객자동차터미널,고성여객자동차터미널,392,고성군
392000089,333-1,392000158,392000837,고성여객자동차터미널,고성여객자동차터미널,392,고성군
392000090,333-2,392000158,392000837,고성여객자동차터미널,고성여객자동차터미널,392,고성군
392000091,333-2,392000158,392000837,고성여객자동차터미널,고성여객자동차터미널,392,고성군
392000092,989-1,392000158,392000837,고성여객자동차터미널,고성여객자동차터미널,392,고성군
392000094,989-1,392000158,392000837,고성여객자동차터미널,고성여객자동차터미널,392,고성군
392000095,989-1,392000158,392000837,고성여객자동차터미널,고성여객자동차터미널,392,고성군
392000096,989-1,392000158,392000837,고성여객자동차터미널,고성여객자동차터미널,392,고성군
392000097,989-1,392000158,392000837,고성여객자동차터미널,고성여객자동차터미널,392,고성군
392000098,999-1,392000158,392000837,고성여객자동차터미널,고성여객자동차터미널,392,고성군
392000099,999-1,392000158,392000837,고성여객자동차터미널,고성여객자동차터미널,392,고성군
392000100,999-1,392000158,392000837,고성여객자동차터미널,고성여객자동차터미널,392,고성군
392000101,999-1,392000158,392000837,고성여객자동차터미널,고성여객자동차터미널,392,고성군
392000102,999-2,392000158,392000837,고성여객자동차터미널,고성여객자동차터미널,392,고성군
392000103,999-2,392000158,392000837,고성여객자동차터미널,고성여객자동차터미널,392,고성군
392000104,553,392000631,392000837,오서,고성여객자동차터미널,392,고성군
392000105,553,392000631,392000837,오서,고성여객자동차터미널,392,고성군
392000106,553,392000631,392000837,오서,고성여객자동차터미널,392,고성군
392000107,657,392000158,392000373,고성여객자동차터미널,오서,392,고성군
392000108,756,392000631,392000837,오서,고성여객자동차터미널,392,고성군
392000109,657,392000158,392000138,고성여객자동차터미널,배둔시외버스터미널,392,고성군
392000110,212,392000158,392000837,고성여객자동차터미널,고성여객자동차터미널,392,고성군
392000111,770,392000158,392000837,고성여객자동차터미널,고성여객자동차터미널,392,고성군
392000112,770,392000158,392000837,고성여객자동차터미널,고성여객자동차터미널,392,고성군
392000113,111-1,392000158,392000837,고성여객자동차터미널,고성여객자동차터미널,392,고성군
392000121,순환1-1,392000158,392000837,고성여객자동차터미널,고성여객자동차터미널,392,고성군
392000122,순환1-2,392000850,392000837,대동남산아파트,고성여객자동차터미널,392,고성군
392000123,순환1-3,392000158,392000837,고성여객자동차터미널,고성여객자동차터미널,392,고성군
392000124,순환1-4,392000158,392000837,고성여객자동차터미널,고성여객자동차터미널,392,고성군
392000125,순환1-5,392000158,392000837,고성여객자동차터미널,고성여객자동차터미널,392,고성군
392000126,순환1-6,392000158,392000837,고성여객자동차터미널,고성여객자동차터미널,392,고성군
392000127,순환1-7,392000158,392000837,고성여객자동차터미널,고성여객자동차터미널,392,고성군
392000128,순환1-8,392000158,392000837,고성여객자동차터미널,고성여객자동차터미널,392,고성군
392000129,순환1-9,392000158,392000837,고성여객자동차터미널,고성여객자동차터미널,392,고성군
392000130,순환1-10,392000158,392000837,고성여객자동차터미널,고성여객자동차터미널,392,고성군
392000131,순환2-1,392000158,392000837,고성여객자동차터미널,고성여객자동차터미널,392,고성군
392000132,순환2-2,392000158,392000837,고성여객자동차터미널,고성여객자동차터미널,392,고성군
392000133,순환2-3,392000158,392000837,고성여객자동차터미널,고성여객자동차터미널,392,고성군
392000134,순환2-4,392000158,392000837,고성여객자동차터미널,고성여객자동차터미널,392,고성군
392000135,순환2-6,392000158,392000837,고성여객자동차터미널,고성여객자동차터미널,392,고성군
392000136,순환2-7,392000158,392000837,고성여객자동차터미널,고성여객자동차터미널,392,고성군
392000137,순환2-8,392000158,392000837,고성여객자동차터미널,고성여객자동차터미널,392,고성군
392000138,순환2-9,392000158,392000837,고성여객자동차터미널,고성여객자동차터미널,392,고성군
392000139,순환2-10,392000158,392000837,고성여객자동차터미널,고성여객자동차터미널,392,고성군
393000003,102,393000542,393000612,남해공용터미널(시점),남해공용터미널(종점),393,남해군
393000004,404,393000542,393000196,남해공용터미널(시점),가천다랭이마을,393,남해군
393000006,404,393000197,393000612,가천다랭이마을,남해공용터미널(종점),393,남해군
393000007,402,393000197,393000612,가천다랭이마을,남해공용터미널(종점),393,남해군
393000008,402,393000542,393000196,남해공용터미널(시점),가천다랭이마을,393,남해군
393000011,101,393000542,393000612,남해공용터미널(시점),남해공용터미널(종점),393,남해군
393000013,601,393000542,393000052,남해공용터미널(시점),남흥여객미조영업소,393,남해군
393000014,601,393000552,393000612,남흥여객미조영업소,남해공용터미널(종점),393,남해군
393000015,201,393000542,393000612,남해공용터미널(시점),남해공용터미널(종점),393,남해군
393000018,501,393000542,393000052,남해공용터미널(시점),남흥여객미조영업소,393,남해군
393000019,501,393000552,393000612,남흥여객미조영업소,남해공용터미널(종점),393,남해군
393000021,408,393000196,393000612,가천다랭이마을,남해공용터미널(종점),393,남해군
393000022,408,393000542,393000197,남해공용터미널(시점),가천다랭이마을,393,남해군
393000023,701,393000542,393000612,남해공용터미널(시점),남해공용터미널(종점),393,남해군
393000024,700,393000542,393000509,남해공용터미널(시점),삼동면 행정복지센터,393,남해군
393000028,302,393000542,393000096,남해공용터미널(시점),노량,393,남해군
393000029,306,393000542,393000513,남해공용터미널(시점),감암,393,남해군
393000031,401,393000542,393000196,남해공용터미널(시점),가천다랭이마을,393,남해군
393000032,401,393000197,393000612,가천다랭이마을,남해공용터미널(종점),393,남해군
393000033,403,393000196,393000612,가천다랭이마을,남해공용터미널(종점),393,남해군
393000034,403,393000542,393000197,남해공용터미널(시점),가천다랭이마을,393,남해군
393000035,405,393000542,393000196,남해공용터미널(시점),가천다랭이마을,393,남해군
393000036,405,393000197,393000612,가천다랭이마을,남해공용터미널(종점),393,남해군
393000037,500,393000542,393000227,남해공용터미널(시점),한려해상국립공원,393,남해군
393000040,602,393000542,393000052,남해공용터미널(시점),남흥여객미조영업소,393,남해군
393000048,802,384000107,393000508,부두주차장,삼동면 행정복지센터,393,남해군
393000049,802,393000509,384000107,삼동면 행정복지센터,부두주차장,393,남해군
393000051,803,393000509,384000107,삼동면 행정복지센터,부두주차장,393,남해군
393000052,803,393000509,384000102,삼동면 행정복지센터,연륙교-대방사거리,393,남해군
393000053,804,393000509,384000102,삼동면 행정복지센터,연륙교-대방사거리,393,남해군
393000058,406,393000196,393000612,가천다랭이마을,남해공용터미널(종점),393,남해군
393000061,407,393000542,393000612,남해공용터미널(시점),남해공용터미널(종점),393,남해군
393000062,303,393000514,393000612,감암,남해공용터미널(종점),393,남해군
393000063,804,384000107,393000509,부두주차장,삼동면 행정복지센터,393,남해군
393000064,801,384000107,393000509,부두주차장,삼동면 행정복지센터,393,남해군
393000065,801,384000119,393000509,연륙교-대방사거리,삼동면 행정복지센터,393,남해군
393000066,700,393000509,393000612,삼동면 행정복지센터,남해공용터미널(종점),393,남해군
393000068,305,393000542,393000653,남해공용터미널(시점),월곡마을,393,남해군
393000069,305,393000654,393000612,월곡마을,남해공용터미널(종점),393,남해군
393000070,201,393000542,393000612,남해공용터미널(시점),남해공용터미널(종점),393,남해군
393000071,202,393000542,393000142,남해공용터미널(시점),회룡,393,남해군
393000072,202,393000141,393000612,회룡,남해공용터미널(종점),393,남해군
393000073,203,393000542,393000130,남해공용터미널(시점),북남치,393,남해군
393000074,203,393000588,393000612,북남치,남해공용터미널(종점),393,남해군
393000075,204,393000542,393000130,남해공용터미널(시점),북남치,393,남해군
393000076,204,393000588,393000612,북남치,남해공용터미널(종점),393,남해군
393000077,301,393000542,393000513,남해공용터미널(시점),감암,393,남해군
393000078,301,393000514,393000612,감암,남해공용터미널(종점),393,남해군
393000079,303,393000542,393000513,남해공용터미널(시점),감암,393,남해군
393000080,306,393000514,393000612,감암,남해공용터미널(종점),393,남해군
393000081,302,393000096,393000612,노량,남해공용터미널(종점),393,남해군
393000082,304,393000542,393000119,남해공용터미널(시점),용강마을앞,393,남해군
393000083,304,393000587,393000612,용강마을앞,남해공용터미널(종점),393,남해군
393000084,406,393000542,393000197,남해공용터미널(시점),가천다랭이마을,393,남해군
393000085,502,393000542,393000552,남해공용터미널(시점),남흥여객미조영업소,393,남해군
393000086,502,393000052,393000612,남흥여객미조영업소,남해공용터미널(종점),393,남해군
393000087,503,393000542,393000052,남해공용터미널(시점),남흥여객미조영업소,393,남해군
393000088,503,393000552,393000612,남흥여객미조영업소,남해공용터미널(종점),393,남해군
393000089,504,393000542,393000552,남해공용터미널(시점),남흥여객미조영업소,393,남해군
393000090,504,393000052,393000612,남흥여객미조영업소,남해공용터미널(종점),393,남해군
393000091,602,393000552,393000612,남흥여객미조영업소,남해공용터미널(종점),393,남해군
393000092,603,393000542,393000553,남해공용터미널(시점),설리버스정류장,393,남해군
393000093,603,393000608,393000612,설리버스정류장,남해공용터미널(종점),393,남해군
393000094,701,393000542,393000612,남해공용터미널(시점),남해공용터미널(종점),393,남해군
393000095,801,393000509,384000107,삼동면 행정복지센터,부두주차장,393,남해군
393000096,801,393000509,384000102,삼동면 행정복지센터,연륙교-대방사거리,393,남해군
393000097,802,384000119,393000508,연륙교-대방사거리,삼동면 행정복지센터,393,남해군
393000098,802,393000509,384000102,삼동면 행정복지센터,연륙교-대방사거리,393,남해군
393000099,803,384000107,393000508,부두주차장,삼동면 행정복지센터,393,남해군
393000100,803,384000119,393000508,연륙교-대방사거리,삼동면 행정복지센터,393,남해군
393000101,804,393000509,384000107,삼동면 행정복지센터,부두주차장,393,남해군
393000103,804,384000119,393000509,연륙교-대방사거리,삼동면 행정복지센터,393,남해군
393000104,805,393000509,393000508,삼동면 행정복지센터,삼동면 행정복지센터,393,남해군
393000105,806,393000037,393000508,수산,삼동면 행정복지센터,393,남해군
393000106,010,393000542,393000612,남해공용터미널(시점),남해공용터미널(종점),393,남해군
393000107,011,393000542,393000612,남해공용터미널(시점),남해공용터미널(종점),393,남해군
393000108,012,393000542,393000612,남해공용터미널(시점),남해공용터미널(종점),393,남해군
393000109,013,393000542,393000612,남해공용터미널(시점),남해공용터미널(종점),393,남해군
393000110,014,393000542,393000612,남해공용터미널(시점),남해공용터미널(종점),393,남해군
393000111,015,393000542,393000612,남해공용터미널(시점),남해공용터미널(종점),393,남해군
393000112,020,393000542,393000612,남해공용터미널(시점),남해공용터미널(종점),393,남해군
393000113,030,393000542,393000509,남해공용터미널(시점),삼동면 행정복지센터,393,남해군
393000114,030,393000508,393000612,삼동면 행정복지센터,남해공용터미널(종점),393,남해군
393000115,040,393000542,393000652,남해공용터미널(시점),장포,393,남해군
393000116,040,393000652,393000612,장포,남해공용터미널(종점),393,남해군
393000117,040,393000542,393000346,남해공용터미널(시점),장포,393,남해군
393000118,040,393000346,393000612,장포,남해공용터미널(종점),393,남해군
393000119,050,393000542,393000612,남해공용터미널(시점),남해공용터미널(종점),393,남해군
393000120,060,393000542,393000612,남해공용터미널(시점),남해공용터미널(종점),393,남해군
393000121,500,393000610,393000612,한려해상국립공원,남해공용터미널(종점),393,남해군
393000122,1,393000542,393000612,남해공용터미널(시점),남해공용터미널(종점),393,남해군
393000123,1,393000542,393000612,남해공용터미널(시점),남해공용터미널(종점),393,남해군
393000124,1,393000542,393000612,남해공용터미널(시점),남해공용터미널(종점),393,남해군
393000125,1,393000542,393000612,남해공용터미널(시점),남해공용터미널(종점),393,남해군
393000126,1,393000542,393000612,남해공용터미널(시점),남해공용터미널(종점),393,남해군
393000127,1,393000542,393000612,남해공용터미널(시점),남해공용터미널(종점),393,남해군
393000128,1,393000542,393000612,남해공용터미널(시점),남해공용터미널(종점),393,남해군
394000001,1-1,394000630,394000108,하동버스터미널,하동버스터미널,394,하동군
394000002,1-2,394000630,394000108,하동버스터미널,하동버스터미널,394,하동군
394000003,1-3,394000630,394000108,하동버스터미널,하동버스터미널,394,하동군
394000004,1-4,394000630,394000108,하동버스터미널,하동버스터미널,394,하동군
394000005,3-1,394000142,394000635,진교터미널,진교터미널,394,하동군
394000006,3-2,394000142,394000635,진교터미널,진교터미널,394,하동군
394000007,3-3,394000142,394000635,진교터미널,진교터미널,394,하동군
394000008,6-1,394000664,394000378,옥종시외버스터미널,옥종시외버스터미널,394,하동군
394000009,6-2,394000664,394000664,옥종시외버스터미널,옥종시외버스터미널,394,하동군
394000010,6-3,394000378,394000664,옥종시외버스터미널,옥종시외버스터미널,394,하동군
394000011,12-1,394000630,394000176,하동버스터미널,중기,394,하동군
394000012,12-1,394000621,394000108,중기,하동버스터미널,394,하동군
394000013,12-2,394000630,394000176,하동버스터미널,중기,394,하동군
394000014,12-2,394000621,394000108,중기,하동버스터미널,394,하동군
394000015,12-3,394000621,394000108,중기,하동버스터미널,394,하동군
394000016,12-4,394000630,394000673,하동버스터미널,쌍계사입구,394,하동군
394000017,12-4,394000684,394000108,쌍계사입구,하동버스터미널,394,하동군
394000018,12-5,394000630,394000119,하동버스터미널,의신,394,하동군
394000019,12-5,394000463,394000108,의신,하동버스터미널,394,하동군
394000020,12-6,394000630,394000119,하동버스터미널,의신,394,하동군
394000021,12-7,394000459,394000108,칠불사-원범왕,하동버스터미널,394,하동군
394000022,12-8,394000630,394000617,하동버스터미널,칠불사-원범왕,394,하동군
394000023,12-8,394000459,394000108,칠불사-원범왕,하동버스터미널,394,하동군
394000024,12-9,394000463,394000108,의신,하동버스터미널,394,하동군
394000025,12-10,394000630,394000119,하동버스터미널,의신,394,하동군
394000026,13-1,394000630,394000635,하동버스터미널,진교터미널,394,하동군
394000027,13-2,394000142,394000108,진교터미널,하동버스터미널,394,하동군
394000028,13-2,394000630,394000635,하동버스터미널,진교터미널,394,하동군
394000029,13-3,394000630,394000635,하동버스터미널,진교터미널,394,하동군
394000030,13-3,394000142,394000108,진교터미널,하동버스터미널,394,하동군
394000031,13-4,394000630,394000635,하동버스터미널,진교터미널,394,하동군
394000032,13-5,394000630,394000635,하동버스터미널,진교터미널,394,하동군
394000033,13-6,394000142,394000108,진교터미널,하동버스터미널,394,하동군
394000034,13-7,394000630,394000635,하동버스터미널,진교터미널,394,하동군
394000035,13-8,394000630,394000635,하동버스터미널,진교터미널,394,하동군
394000036,13-8,394000142,394000108,진교터미널,하동버스터미널,394,하동군
394000037,13-9,394000142,394000108,진교터미널,하동버스터미널,394,하동군
394000038,13-10,394000142,394000108,진교터미널,하동버스터미널,394,하동군
394000039,15-1,394000630,394000178,하동버스터미널,청학동,394,하동군
394000040,15-1,394000651,394000108,청학동,하동버스터미널,394,하동군
394000041,15-2,394000630,394000178,하동버스터미널,청학동,394,하동군
394000042,15-3,394000630,394000178,하동버스터미널,청학동,394,하동군
394000043,15-4,394000630,394000178,하동버스터미널,청학동,394,하동군
394000044,15-5,394000651,394000108,청학동,하동버스터미널,394,하동군
394000045,15-6,394000651,394000108,청학동,하동버스터미널,394,하동군
394000046,16-1,394000630,394000378,하동버스터미널,옥종시외버스터미널,394,하동군
394000047,16-1,394000664,394000108,옥종시외버스터미널,하동버스터미널,394,하동군
394000048,16-2,394000630,394000378,하동버스터미널,옥종시외버스터미널,394,하동군
394000049,16-2,394000664,394000108,옥종시외버스터미널,하동버스터미널,394,하동군
394000050,16-3,394000630,394000664,하동버스터미널,옥종시외버스터미널,394,하동군
394000051,16-3,394000378,394000108,옥종시외버스터미널,하동버스터미널,394,하동군
394000052,17-1,394000630,394000264,하동버스터미널,연막종점,394,하동군
394000053,17-2,394000630,394000264,하동버스터미널,연막종점,394,하동군
394000054,17-3,394000264,394000108,연막종점,하동버스터미널,394,하동군
394000055,17-3,394000630,394000264,하동버스터미널,연막종점,394,하동군
394000056,17-4,394000264,394000108,연막종점,하동버스터미널,394,하동군
394000057,17-5,394000264,394000108,연막종점,하동버스터미널,394,하동군
394000058,17-6,394000264,394000108,연막종점,하동버스터미널,394,하동군
394000059,17-7,394000264,394000108,연막종점,하동버스터미널,394,하동군
394000060,17-2,394000264,394000108,연막종점,하동버스터미널,394,하동군
394000061,37-1,394000142,394000264,진교터미널,연막종점,394,하동군
394000062,37-2,394000142,394000264,진교터미널,연막종점,394,하동군
394000063,12-6,394000630,394000617,하동버스터미널,칠불사-원범왕,394,하동군
394000064,12-7,394000630,394000617,하동버스터미널,칠불사-원범왕,394,하동군
394000065,A1,394000630,394000714,하동버스터미널,터미널,394,하동군
394000066,A2,394000630,394000714,하동버스터미널,터미널,394,하동군
395000001,5,395000395,395000394,산청시외버스터미널,산청시외버스터미널,395,산청군
395000002,11,395000395,395000394,산청시외버스터미널,산청시외버스터미널,395,산청군
395000003,55,395000395,395000394,산청시외버스터미널,산청시외버스터미널,395,산청군
395000004,21,395000395,395000394,산청시외버스터미널,산청시외버스터미널,395,산청군
395000005,51,395000395,395000394,산청시외버스터미널,산청시외버스터미널,395,산청군
395000006,4,395000395,395000394,산청시외버스터미널,산청시외버스터미널,395,산청군
395000008,62,395000395,395000388,산청시외버스터미널,원지버스정류소,395,산청군
395000009,48,395000395,395000388,산청시외버스터미널,원지버스정류소,395,산청군
395000010,50,395000395,395000355,산청시외버스터미널,차황면,395,산청군
395000011,13,395000395,395000394,산청시외버스터미널,산청시외버스터미널,395,산청군
395000012,40,395000395,395000394,산청시외버스터미널,산청시외버스터미널,395,산청군
395000013,60,395000395,395000388,산청시외버스터미널,원지버스정류소,395,산청군
395000014,14,395000395,395000394,산청시외버스터미널,산청시외버스터미널,395,산청군
395000017,6,395000395,395000394,산청시외버스터미널,산청시외버스터미널,395,산청군
395000018,12,395000395,395000394,산청시외버스터미널,산청시외버스터미널,395,산청군
395000020,26,395000395,395000394,산청시외버스터미널,산청시외버스터미널,395,산청군
395000021,23,395000395,395000394,산청시외버스터미널,산청시외버스터미널,395,산청군
395000022,53,395000395,395000394,산청시외버스터미널,산청시외버스터미널,395,산청군
395000023,32,395000395,395000394,산청시외버스터미널,산청시외버스터미널,395,산청군
395000024,54,395000395,395000394,산청시외버스터미널,산청시외버스터미널,395,산청군
395000025,2,395000395,395000394,산청시외버스터미널,산청시외버스터미널,395,산청군
395000026,25,395000395,395000394,산청시외버스터미널,산청시외버스터미널,395,산청군
395000027,10,395000395,395000394,산청시외버스터미널,산청시외버스터미널,395,산청군
395000029,24,395000395,395000394,산청시외버스터미널,산청시외버스터미널,395,산청군
395000030,1,395000395,395000394,산청시외버스터미널,산청시외버스터미널,395,산청군
395000032,74,395000388,395000177,원지버스정류소,차황면,395,산청군
395000033,56,395000395,395000394,산청시외버스터미널,산청시외버스터미널,395,산청군
395000034,30,395000395,395000418,산청시외버스터미널,생초시외버스정류소,395,산청군
395000035,8,395000395,395000394,산청시외버스터미널,산청시외버스터미널,395,산청군
395000036,72,395000388,395000388,원지버스정류소,원지버스정류소,395,산청군
395000037,22,395000395,395000394,산청시외버스터미널,산청시외버스터미널,395,산청군
395000038,20,395000395,395000394,산청시외버스터미널,산청시외버스터미널,395,산청군
395000039,70,395000388,395000388,원지버스정류소,원지버스정류소,395,산청군
395000040,33,395000395,395000418,산청시외버스터미널,생초시외버스정류소,395,산청군
395000041,66,395000395,395000394,산청시외버스터미널,산청시외버스터미널,395,산청군
395000042,7,395000395,395000394,산청시외버스터미널,산청시외버스터미널,395,산청군
395000043,64,395000395,395000388,산청시외버스터미널,원지버스정류소,395,산청군
395000044,41,395000395,395000394,산청시외버스터미널,산청시외버스터미널,395,산청군
395000045,57,395000395,395000403,산청시외버스터미널,상법,395,산청군
395000051,80,395000388,395000388,원지버스정류소,원지버스정류소,395,산청군
395000052,93,395000388,395000388,원지버스정류소,원지버스정류소,395,산청군
395000053,65,395000389,395000394,원지버스정류소,산청시외버스터미널,395,산청군
395000054,94,395000388,395000388,원지버스정류소,원지버스정류소,395,산청군
395000055,61,395000388,395000394,원지버스정류소,산청시외버스터미널,395,산청군
395000056,95,395000388,395000388,원지버스정류소,원지버스정류소,395,산청군
395000057,82,395000388,395000388,원지버스정류소,원지버스정류소,395,산청군
395000058,67,395000388,395000388,원지버스정류소,원지버스정류소,395,산청군
395000059,84,395000388,395000388,원지버스정류소,원지버스정류소,395,산청군
395000060,68,395000388,395000394,원지버스정류소,산청시외버스터미널,395,산청군
395000061,85,395000388,395000388,원지버스정류소,원지버스정류소,395,산청군
395000062,31,395000418,395000394,생초시외버스정류소,산청시외버스터미널,395,산청군
395000063,71,395000388,395000388,원지버스정류소,원지버스정류소,395,산청군
395000064,91,395000388,395000388,원지버스정류소,원지버스정류소,395,산청군
395000065,34,395000181,395000394,생초시외버스정류소,산청시외버스터미널,395,산청군
395000066,73,395000388,395000388,원지버스정류소,원지버스정류소,395,산청군
395000067,90,395000388,395000389,원지버스정류소,원지버스정류소,395,산청군
395000069,3,395000389,395000394,원지버스정류소,산청시외버스터미널,395,산청군
395000071,81,395000388,395000388,원지버스정류소,원지버스정류소,395,산청군
395000072,49,395000177,395000394,차황면,산청시외버스터미널,395,산청군
395000073,52,395000395,395000394,산청시외버스터미널,산청시외버스터미널,395,산청군
395000074,47,395000355,395000388,차황면,원지버스정류소,395,산청군
395000075,75,395000388,395000177,원지버스정류소,차황면,395,산청군
395000076,83,395000388,395000388,원지버스정류소,원지버스정류소,395,산청군
395000077,63,395000388,395000394,원지버스정류소,산청시외버스터미널,395,산청군
395000080,59,395000177,395000177,차황면,차황면,395,산청군
395000081,58,395000404,395000388,상법,원지버스정류소,395,산청군
395000082,92,395000388,395000388,원지버스정류소,원지버스정류소,395,산청군
395000083,96,395000395,395000394,산청시외버스터미널,산청시외버스터미널,395,산청군
396000001,391,396000591,396000578,함양지리산고속,대광,396,함양군
396000002,111,396000591,396000454,함양지리산고속,추성,396,함양군
396000003,112,396000591,396000557,함양지리산고속,당흥,396,함양군
396000004,530,396000591,396000209,함양지리산고속,뇌산마을,396,함양군
396000005,421,396000591,396000119,함양지리산고속,서상버스터미널,396,함양군
396000006,313,396000591,396000352,함양지리산고속,백운-윗새재,396,함양군
396000007,510,396000591,396000211,함양지리산고속,웅곡,396,함양군
396000008,170,396000591,396000054,함양지리산고속,장항마을,396,함양군
396000009,442,396000591,396000500,함양지리산고속,옥환,396,함양군
396000010,272,396000591,396000082,함양지리산고속,제전,396,함양군
396000011,451,396000591,396000118,함양지리산고속,옥산마을,396,함양군
396000014,432,396000591,396000139,함양지리산고속,운곡승강장,396,함양군
396000015,461,396000591,396000132,함양지리산고속,노상마을,396,함양군
396000016,151,396000591,396000569,함양지리산고속,월평마을,396,함양군
396000017,212,396000591,396000549,함양지리산고속,안의버스터미널,396,함양군
396000018,282,396000591,396000054,함양지리산고속,장항마을,396,함양군
396000019,472,396000591,396000536,함양지리산고속,영각사,396,함양군
396000020,120,396000591,396000300,함양지리산고속,촉동,396,함양군
396000021,462,396000591,396000117,함양지리산고속,추상마을,396,함양군
396000022,340,396000591,396000156,함양지리산고속,대안,396,함양군
396000023,292,396000591,396000032,함양지리산고속,웅평,396,함양군
396000024,211,396000591,396000549,함양지리산고속,안의버스터미널,396,함양군
396000025,471,396000591,396000536,함양지리산고속,영각사,396,함양군
396000026,131,396000591,396000561,함양지리산고속,용유담,396,함양군
396000027,540,396000591,396000589,함양지리산고속,학동마을,396,함양군
396000029,520,396000591,396000573,함양지리산고속,삼휴-삼수대,396,함양군
396000030,422,396000591,396000119,함양지리산고속,서상버스터미널,396,함양군
396000031,481,396000591,396000581,함양지리산고속,두동,396,함양군
396000032,113,396000591,396000454,함양지리산고속,추성,396,함양군
396000033,161,396000591,396000044,함양지리산고속,진관마을,396,함양군
396000034,291,396000591,396000400,함양지리산고속,재궁,396,함양군
396000035,312,396000591,396000141,함양지리산고속,신촌,396,함양군
396000036,271,396000591,396000554,함양지리산고속,안치라골-내산,396,함양군
396000037,311,396000591,396000141,함양지리산고속,신촌,396,함양군
396000038,441,396000591,396000119,함양지리산고속,서상버스터미널,396,함양군
396000039,431,396000591,396000139,함양지리산고속,운곡승강장,396,함양군
396000040,380,396000591,396000814,함양지리산고속,대봉 캠핑랜드,396,함양군
396000041,222,396000591,396000548,함양지리산고속,황대,396,함양군
396000042,281,396000591,396000054,함양지리산고속,장항마을,396,함양군
396000043,482,396000591,396000809,함양지리산고속,(음지)주암마을,396,함양군
396000044,560,396000591,396000212,함양지리산고속,대병마을,396,함양군
396000045,152,396000591,396000569,함양지리산고속,월평마을,396,함양군
396000046,241,396000591,396000022,함양지리산고속,상비마을,396,함양군
396000047,141,396000591,396000563,함양지리산고속,도정마을,396,함양군
396000048,242,396000591,396000022,함양지리산고속,상비마을,396,함양군
396000049,132,396000591,396000561,함양지리산고속,용유담,396,함양군
396000050,570,396000591,396000565,함양지리산고속,구만,396,함양군
396000051,162,396000591,396000493,함양지리산고속,마상,396,함양군
396000052,232,396000591,396000826,함양지리산고속,바래기,396,함양군
396000053,452,396000591,396000118,함양지리산고속,옥산마을,396,함양군
396000054,360,396000591,396000161,함양지리산고속,내천마을,396,함양군
396000055,250,396000591,396000501,함양지리산고속,거기마을,396,함양군
396000056,550,396000591,396000522,함양지리산고속,평촌,396,함양군
396000057,490,396000591,396000367,함양지리산고속,덕암,396,함양군
396000058,370,396000591,396000532,함양지리산고속,연서마을,396,함양군
396000059,260,396000591,396000587,함양지리산고속,가성,396,함양군
396000060,142,396000591,396000605,함양지리산고속,문정,396,함양군
396000061,191,396000591,396000325,함양지리산고속,함양지리산고속,396,함양군
396000062,192,396000591,396000325,함양지리산고속,함양지리산고속,396,함양군
396000063,350,396000591,396000187,함양지리산고속,매치,396,함양군
396000071,410,396000591,396000549,함양지리산고속,안의버스터미널,396,함양군
396000074,392,396000591,396000864,함양지리산고속,지곡,396,함양군
396000075,231,396000591,396000826,함양지리산고속,바래기,396,함양군
396000077,392,396000867,396000325,지곡,함양지리산고속,396,함양군
396000078,111,396000560,396000325,추성,함양지리산고속,396,함양군
396000079,112,396000479,396000325,당흥,함양지리산고속,396,함양군
396000080,601,396000549,396000626,안의버스터미널,용추사,396,함양군
396000081,602,396000549,396000647,안의버스터미널,귀곡,396,함양군
396000082,603,396000549,396000634,안의버스터미널,덕산,396,함양군
396000083,604,396000549,396000826,안의버스터미널,바래기,396,함양군
396000084,611,396000120,396000847,서상버스터미널,부전마을,396,함양군
396000085,612,396000120,396000851,서상버스터미널,피적래마을,396,함양군
396000086,613,396000119,396000857,서상버스터미널,육십령마을,396,함양군
396000087,614,396000120,396000118,서상버스터미널,옥산마을,396,함양군
396000088,615,396000120,396000117,서상버스터미널,추상마을,396,함양군
396000089,616,396000119,396000132,서상버스터미널,노상마을,396,함양군
396000090,801,396000591,396000325,함양지리산고속,함양지리산고속,396,함양군
396000091,802,396000591,396000325,함양지리산고속,함양지리산고속,396,함양군
396000092,421,396000120,396000325,서상버스터미널,함양지리산고속,396,함양군
396000093,422,396000120,396000325,서상버스터미널,함양지리산고속,396,함양군
396000094,113,396000560,396000325,추성,함양지리산고속,396,함양군
396000095,441,396000120,396000325,서상버스터미널,함양지리산고속,396,함양군
396000096,432,396000541,396000325,운곡승강장,함양지리산고속,396,함양군
396000097,120,396000564,396000325,촉동,함양지리산고속,396,함양군
396000098,131,396000485,396000325,용유담,함양지리산고속,396,함양군
396000099,132,396000485,396000325,용유담,함양지리산고속,396,함양군
396000100,141,396000483,396000325,도정마을,함양지리산고속,396,함양군
396000101,142,396000604,396000325,문정,함양지리산고속,396,함양군
396000102,151,396000269,396000325,월평마을,함양지리산고속,396,함양군
396000103,152,396000269,396000325,월평마을,함양지리산고속,396,함양군
396000104,161,396000567,396000325,진관마을,함양지리산고속,396,함양군
396000105,162,396000568,396000325,마상,함양지리산고속,396,함양군
396000106,170,396000566,396000325,장항마을,함양지리산고속,396,함양군
396000107,211,396000549,396000325,안의버스터미널,함양지리산고속,396,함양군
396000108,212,396000549,396000325,안의버스터미널,함양지리산고속,396,함양군
396000109,222,396000087,396000325,황대,함양지리산고속,396,함양군
396000110,231,396000827,396000325,바래기,함양지리산고속,396,함양군
396000111,232,396000827,396000325,바래기,함양지리산고속,396,함양군
396000112,241,396000552,396000325,상비마을,함양지리산고속,396,함양군
396000113,242,396000552,396000325,상비마을,함양지리산고속,396,함양군
396000114,250,396000540,396000325,거기마을,함양지리산고속,396,함양군
396000115,260,396000503,396000325,가성,함양지리산고속,396,함양군
396000116,271,396000075,396000325,안치라골-내산,함양지리산고속,396,함양군
396000117,272,396000553,396000325,제전,함양지리산고속,396,함양군
396000118,281,396000566,396000325,장항마을,함양지리산고속,396,함양군
396000119,282,396000566,396000325,장항마을,함양지리산고속,396,함양군
396000120,291,396000400,396000325,재궁,함양지리산고속,396,함양군
396000121,292,396000031,396000325,웅평,함양지리산고속,396,함양군
396000122,311,396000140,396000325,신촌,함양지리산고속,396,함양군
396000123,312,396000141,396000325,신촌,함양지리산고속,396,함양군
396000124,313,396000352,396000325,백운-윗새재,함양지리산고속,396,함양군
396000125,340,396000547,396000325,대안,함양지리산고속,396,함양군
396000126,350,396000188,396000325,매치,함양지리산고속,396,함양군
396000127,360,396000575,396000325,내천마을,함양지리산고속,396,함양군
396000128,370,396000576,396000325,연서마을,함양지리산고속,396,함양군
396000129,380,396000866,396000325,대봉 캠핑랜드,함양지리산고속,396,함양군
396000130,391,396000181,396000325,대광,함양지리산고속,396,함양군
396000131,410,396000549,396000325,안의버스터미널,함양지리산고속,396,함양군
396000132,431,396000541,396000325,운곡승강장,함양지리산고속,396,함양군
396000133,442,396000542,396000325,옥환,함양지리산고속,396,함양군
396000134,451,396000539,396000325,옥산마을,함양지리산고속,396,함양군
396000135,452,396000539,396000325,옥산마을,함양지리산고속,396,함양군
396000136,461,396000537,396000325,노상마을,함양지리산고속,396,함양군
396000137,462,396000538,396000325,추상마을,함양지리산고속,396,함양군
396000138,471,396000131,396000325,영각사,함양지리산고속,396,함양군
396000139,472,396000131,396000325,영각사,함양지리산고속,396,함양군
396000140,481,396000225,396000325,두동,함양지리산고속,396,함양군
396000141,482,396000883,396000325,(음지)주암마을,함양지리산고속,396,함양군
396000142,490,396000367,396000325,덕암,함양지리산고속,396,함양군
396000143,510,396000572,396000325,웅곡,함양지리산고속,396,함양군
396000144,520,396000210,396000325,삼휴-삼수대,함양지리산고속,396,함양군
396000145,530,396000570,396000325,뇌산마을,함양지리산고속,396,함양군
396000146,540,396000252,396000325,학동마을,함양지리산고속,396,함양군
396000147,550,396000523,396000325,평촌,함양지리산고속,396,함양군
396000148,560,396000590,396000325,대병마을,함양지리산고속,396,함양군
396000149,570,396000011,396000325,구만,함양지리산고속,396,함양군
396000150,601,396000646,396000549,용추사,안의버스터미널,396,함양군
396000151,602,396000641,396000549,귀곡,안의버스터미널,396,함양군
396000152,603,396000648,396000549,덕산,안의버스터미널,396,함양군
396000153,604,396000827,396000549,바래기,안의버스터미널,396,함양군
396000154,611,396000846,396000119,부전마을,서상버스터미널,396,함양군
396000155,612,396000852,396000119,피적래마을,서상버스터미널,396,함양군
396000156,613,396000858,396000120,육십령마을,서상버스터미널,396,함양군
396000157,614,396000539,396000119,옥산마을,서상버스터미널,396,함양군
396000158,615,396000538,396000119,추상마을,서상버스터미널,396,함양군
396000159,616,396000537,396000120,노상마을,서상버스터미널,396,함양군
396000160,801,396000591,396000325,함양지리산고속,함양지리산고속,396,함양군
396000161,802,396000591,396000325,함양지리산고속,함양지리산고속,396,함양군
396000162,803,396000591,396000325,함양지리산고속,함양지리산고속,396,함양군
396000163,803,396000591,396000325,함양지리산고속,함양지리산고속,396,함양군
396000164,804,396000591,396000325,함양지리산고속,함양지리산고속,396,함양군
396000165,804,396000591,396000325,함양지리산고속,함양지리산고속,396,함양군
397000001,10,397000039,397000042,서흥여객버스터미널,서흥여객버스터미널,397,거창군
397000004,50,397000039,397000039,서흥여객버스터미널,서흥여객버스터미널,397,거창군
397000005,30,397000039,397000039,서흥여객버스터미널,서흥여객버스터미널,397,거창군
397000006,30-3,397000039,397000042,서흥여객버스터미널,서흥여객버스터미널,397,거창군
397000007,30-2,397000039,397000039,서흥여객버스터미널,서흥여객버스터미널,397,거창군
397000008,30-1,397000039,397000039,서흥여객버스터미널,서흥여객버스터미널,397,거창군
397000009,60-1,397000039,397000039,서흥여객버스터미널,서흥여객버스터미널,397,거창군
397000010,60,397000039,397000039,서흥여객버스터미널,서흥여객버스터미널,397,거창군
397000011,71,397000039,397000755,서흥여객버스터미널,과정,397,거창군
397000013,71-3,397000754,397000042,과정,서흥여객버스터미널,397,거창군
397000014,71-4,397000754,397000042,과정,서흥여객버스터미널,397,거창군
397000015,70-5,397000754,397000039,과정,서흥여객버스터미널,397,거창군
397000016,70-2,397000754,397000039,과정,서흥여객버스터미널,397,거창군
397000017,45,397000006,397000427,신원-합천-춘전방면-박약국앞,한성사랑채,397,거창군
397000018,45-1,397000006,397000021,신원-합천-춘전방면-박약국앞,마리-위천-북상-가북-안의-가야방면,397,거창군
397000019,76,397000039,397000039,서흥여객버스터미널,서흥여객버스터미널,397,거창군
397000020,76-1,397000039,397000039,서흥여객버스터미널,서흥여객버스터미널,397,거창군
397000021,70,397000042,397000755,서흥여객버스터미널,과정,397,거창군
397000023,51,397000039,397000757,서흥여객버스터미널,빼재,397,거창군
397000024,51-1,397000758,397000042,빼재,서흥여객버스터미널,397,거창군
397000025,51-4,397000039,397000039,서흥여객버스터미널,서흥여객버스터미널,397,거창군
397000026,6,397000039,397000042,서흥여객버스터미널,서흥여객버스터미널,397,거창군
397000027,75,397000039,397000042,서흥여객버스터미널,서흥여객버스터미널,397,거창군
397000028,51-2,397000039,397000266,서흥여객버스터미널,상수내,397,거창군
397000029,51-3,397000267,397000039,상수내,서흥여객버스터미널,397,거창군
397000030,33,397000039,397000039,서흥여객버스터미널,서흥여객버스터미널,397,거창군
397000031,33-1,397000039,397000039,서흥여객버스터미널,서흥여객버스터미널,397,거창군
397000032,34-1,397000039,397000039,서흥여객버스터미널,서흥여객버스터미널,397,거창군
397000033,11,397000762,397000763,북상초,북상초,397,거창군
397000034,11-1,397000762,397000763,북상초,북상초,397,거창군
397000035,12,397000762,397000762,북상초,북상초,397,거창군
397000036,13-1,397000762,397000762,북상초,북상초,397,거창군
397000038,40-2,397000042,398000661,서흥여객버스터미널,합천터미널,397,거창군
397000039,40-3,397000042,398000661,서흥여객버스터미널,합천터미널,397,거창군
397000040,40-1,397000042,398000661,서흥여객버스터미널,합천터미널,397,거창군
397000041,75-1,397000039,397000042,서흥여객버스터미널,서흥여객버스터미널,397,거창군
397000042,75-2,397000039,397000042,서흥여객버스터미널,서흥여객버스터미널,397,거창군
397000043,75-4,397000039,397000724,서흥여객버스터미널,외춘-춘전,397,거창군
397000044,75-3,397000128,397000042,외춘-춘전,서흥여객버스터미널,397,거창군
397000045,79,397000039,397000042,서흥여객버스터미널,서흥여객버스터미널,397,거창군
397000046,17-1,397000689,397000516,넘터,위천정류소,397,거창군
397000047,15,397000517,397000516,위천정류소,위천정류소,397,거창군
397000048,17,397000517,397000516,위천정류소,위천정류소,397,거창군
397000049,17-2,397000517,397000250,위천정류소,넘터,397,거창군
397000050,17-4,397000517,397000250,위천정류소,넘터,397,거창군
397000051,17-3,397000689,397000517,넘터,위천정류소,397,거창군
397000052,16,397000516,397000517,위천정류소,위천정류소,397,거창군
397000053,90,397000039,397000333,서흥여객버스터미널,보광,397,거창군
397000056,90-6,397000341,397000042,심방,서흥여객버스터미널,397,거창군
397000057,46,397000039,397000042,서흥여객버스터미널,서흥여객버스터미널,397,거창군
397000058,46-1,397000039,397000042,서흥여객버스터미널,서흥여객버스터미널,397,거창군
397000059,8,397000039,397000042,서흥여객버스터미널,서흥여객버스터미널,397,거창군
397000060,91,397000039,397000333,서흥여객버스터미널,보광,397,거창군
397000061,90-2,397000334,397000042,보광,서흥여객버스터미널,397,거창군
397000062,91-1,397000334,397000042,보광,서흥여객버스터미널,397,거창군
397000064,24,397000039,397000042,서흥여객버스터미널,서흥여객버스터미널,397,거창군
397000065,24-2,397000039,397000697,서흥여객버스터미널,심방,397,거창군
397000066,90-5,397000039,397000697,서흥여객버스터미널,심방,397,거창군
397000068,25,397000039,397000042,서흥여객버스터미널,서흥여객버스터미널,397,거창군
397000069,25-3,397000062,397000698,가조,개금,397,거창군
397000071,25-1,397000039,397000042,서흥여객버스터미널,서흥여객버스터미널,397,거창군
397000072,26,397000039,397000042,서흥여객버스터미널,서흥여객버스터미널,397,거창군
397000073,27,397000039,398000728,서흥여객버스터미널,황산,397,거창군
397000074,20,397000039,397000039,서흥여객버스터미널,서흥여객버스터미널,397,거창군
397000075,23,397000039,397000039,서흥여객버스터미널,서흥여객버스터미널,397,거창군
397000076,28,397000039,397000062,서흥여객버스터미널,가조,397,거창군
397000078,28-3,397000703,397000039,어인마을,서흥여객버스터미널,397,거창군
397000080,28-1,397000703,397000705,어인마을,가조면행정복지센터,397,거창군
397000082,20-2,397000039,397000039,서흥여객버스터미널,서흥여객버스터미널,397,거창군
397000083,60-2,397000039,397000039,서흥여객버스터미널,서흥여객버스터미널,397,거창군
397000084,71-1,397000039,397000755,서흥여객버스터미널,과정,397,거창군
397000085,77,397000039,397000039,서흥여객버스터미널,서흥여객버스터미널,397,거창군
397000086,77-1,397000039,397000039,서흥여객버스터미널,서흥여객버스터미널,397,거창군
397000087,20-1,397000062,397000039,가조,서흥여객버스터미널,397,거창군
397000088,74,397000754,397000754,과정,과정,397,거창군
397000089,73,397000755,397000754,과정,과정,397,거창군
397000091,5-1,397000549,397000548,거창문화센터,거창문화센터,397,거창군
397000096,1,397000787,397000669,서경병원,코아루아파트,397,거창군
397000097,1,397000787,397000417,서경병원,서경병원,397,거창군
397000100,1-1,397000740,397000417,코아루아파트,서경병원,397,거창군
397000102,3,397000787,397000417,서경병원,서경병원,397,거창군
397000106,3-4,397000432,397000417,거창종합운동장,서경병원,397,거창군
397000109,3-3,397000787,397000432,서경병원,거창종합운동장,397,거창군
397000113,90-1,397000039,397000333,서흥여객버스터미널,보광,397,거창군
397000114,71-5,397000754,397000042,과정,서흥여객버스터미널,397,거창군
397000115,10-1,397000039,397000020,서흥여객버스터미널,대동,397,거창군
397000116,10-2,397000039,397000039,서흥여객버스터미널,서흥여객버스터미널,397,거창군
397000117,10-3,397000039,397000039,서흥여객버스터미널,서흥여객버스터미널,397,거창군
397000118,10-4,397000039,397000039,서흥여객버스터미널,서흥여객버스터미널,397,거창군
397000119,11-2,397000763,397000762,북상초,북상초,397,거창군
397000120,11-3,397000763,397000762,북상초,북상초,397,거창군
397000121,11-4,397000763,397000762,북상초,북상초,397,거창군
397000122,11-5,397000763,397000762,북상초,북상초,397,거창군
397000123,12-1,397000763,397000762,북상초,북상초,397,거창군
397000124,12-2,397000763,397000762,북상초,북상초,397,거창군
397000125,12-3,397000763,397000762,북상초,북상초,397,거창군
397000126,1-2,397000787,397000787,서경병원,서경병원,397,거창군
397000127,1-3,397000740,397000787,코아루아파트,서경병원,397,거창군
397000128,1-4,397000042,397000669,서흥여객버스터미널,코아루아파트,397,거창군
397000129,1-5,397000740,397000669,코아루아파트,코아루아파트,397,거창군
397000130,3-7,397000128,397000039,외춘-춘전,서흥여객버스터미널,397,거창군
397000131,3-8,397000042,397000417,서흥여객버스터미널,서경병원,397,거창군
397000132,24-1,397000341,397000039,심방,서흥여객버스터미널,397,거창군
397000133,25-2,397000039,397000039,서흥여객버스터미널,서흥여객버스터미널,397,거창군
397000134,25-4,397000368,397000039,개금,서흥여객버스터미널,397,거창군
397000135,270,398000727,397000039,황산,서흥여객버스터미널,397,거창군
397000136,270-1,398000727,397000039,황산,서흥여객버스터미널,397,거창군
397000137,270-2,398000727,397000039,황산,서흥여객버스터미널,397,거창군
397000138,270-3,398000727,397000039,황산,서흥여객버스터미널,397,거창군
397000139,27-1,397000039,398000728,서흥여객버스터미널,황산,397,거창군
397000140,27-2,397000039,398000728,서흥여객버스터미널,황산,397,거창군
397000141,27-3,397000039,398000728,서흥여객버스터미널,황산,397,거창군
397000142,28-2,397000062,397000372,가조,어인마을,397,거창군
397000143,28-4,397000039,397000372,서흥여객버스터미널,어인마을,397,거창군
397000144,28-5,397000039,397000372,서흥여객버스터미널,어인마을,397,거창군
397000145,3,397000787,397000432,서경병원,거창종합운동장,397,거창군
397000146,3-2,397000787,397000417,서경병원,서경병원,397,거창군
397000147,3-5,397000432,397000417,거창종합운동장,서경병원,397,거창군
397000148,3-6,397000787,397000417,서경병원,서경병원,397,거창군
397000149,33-2,397000039,397000042,서흥여객버스터미널,서흥여객버스터미널,397,거창군
397000150,34,397000039,397000039,서흥여객버스터미널,서흥여객버스터미널,397,거창군
397000151,5,397000042,397000548,서흥여객버스터미널,거창문화센터,397,거창군
397000152,5-1,397000549,397000548,거창문화센터,거창문화센터,397,거창군
397000153,5-2,397000549,397000548,거창문화센터,거창문화센터,397,거창군
397000154,5-3,397000549,397000548,거창문화센터,거창문화센터,397,거창군
397000155,5-4,397000549,397000548,거창문화센터,거창문화센터,397,거창군
397000156,5-5,397000549,397000746,거창문화센터,정장리,397,거창군
397000157,50-1,397000039,397000039,서흥여객버스터미널,서흥여객버스터미널,397,거창군
397000158,50-2,397000039,397000039,서흥여객버스터미널,서흥여객버스터미널,397,거창군
397000159,70-1,397000042,397000755,서흥여객버스터미널,과정,397,거창군
397000160,70-3,397000754,397000039,과정,서흥여객버스터미널,397,거창군
397000161,70-4,397000042,397000755,서흥여객버스터미널,과정,397,거창군
397000162,71-2,397000039,397000755,서흥여객버스터미널,과정,397,거창군
397000163,74-1,397000755,397000755,과정,과정,397,거창군
397000164,79-1,397000039,397000042,서흥여객버스터미널,서흥여객버스터미널,397,거창군
397000165,90-3,397000334,397000042,보광,서흥여객버스터미널,397,거창군
397000166,90-4,397000039,397000697,서흥여객버스터미널,심방,397,거창군
397000167,91-2,397000039,397000697,서흥여객버스터미널,심방,397,거창군
397000168,91-3,397000341,397000039,심방,서흥여객버스터미널,397,거창군
397000169,13,397000763,397000762,북상초,북상초,397,거창군
397000170,3-9,397000042,397000417,서흥여객버스터미널,서경병원,397,거창군
398000001,800,398000661,389000001,합천터미널,부림면정류장,398,합천군
398000002,800-1,398000661,389000001,합천터미널,부림면정류장,398,합천군
398000003,800-2,398000661,398000661,합천터미널,합천터미널,398,합천군
398000004,810-2,389000067,398000661,부림면정류장,합천터미널,398,합천군
398000005,810,389000067,398000661,부림면정류장,합천터미널,398,합천군
398000006,880,398000661,398000661,합천터미널,합천터미널,398,합천군
398000007,820-1,389000001,389000067,부림면정류장,부림면정류장,398,합천군
398000010,810-1,389000067,398000661,부림면정류장,합천터미널,398,합천군
398000011,800-3,398000661,389000001,합천터미널,부림면정류장,398,합천군
398000012,500-1,398000661,398000666,합천터미널,대병버스정류장,398,합천군
398000013,510-2,398000220,398000661,대병버스정류장,합천터미널,398,합천군
398000014,500,398000661,398000661,합천터미널,합천터미널,398,합천군
398000015,500-2,398000661,398000666,합천터미널,대병버스정류장,398,합천군
398000016,200-1,398000661,398000666,합천터미널,대병버스정류장,398,합천군
398000017,210,398000220,398000661,대병버스정류장,합천터미널,398,합천군
398000019,530,398000661,398000661,합천터미널,합천터미널,398,합천군
398000020,530-1,398000661,398000661,합천터미널,합천터미널,398,합천군
398000021,660,398000661,398000661,합천터미널,합천터미널,398,합천군
398000022,100-1,398000661,398000661,합천터미널,합천터미널,398,합천군
398000023,300,398000661,398000674,합천터미널,삼가정류소,398,합천군
398000024,300-1,398000277,398000661,삼가정류소,합천터미널,398,합천군
398000025,300-2,398000661,398000661,합천터미널,합천터미널,398,합천군
398000026,700,398000277,398000666,삼가정류소,대병버스정류장,398,합천군
398000027,700-1,398000277,398000666,삼가정류소,대병버스정류장,398,합천군
398000028,700-4,398000220,398000674,대병버스정류장,삼가정류소,398,합천군
398000029,700-3,398000220,398000674,대병버스정류장,삼가정류소,398,합천군
398000030,710-2,398000220,398000674,대병버스정류장,삼가정류소,398,합천군
398000031,710-3,398000220,398000674,대병버스정류장,삼가정류소,398,합천군
398000033,710,398000277,398000666,삼가정류소,대병버스정류장,398,합천군
398000034,710-1,398000277,398000666,삼가정류소,대병버스정류장,398,합천군
398000035,320,398000277,398000674,삼가정류소,삼가정류소,398,합천군
398000038,370,398000277,398000674,삼가정류소,삼가정류소,398,합천군
398000039,370-1,398000277,398000674,삼가정류소,삼가정류소,398,합천군
398000040,600,398000661,398000661,합천터미널,합천터미널,398,합천군
398000041,600-1,398000661,398000661,합천터미널,합천터미널,398,합천군
398000042,500-3,398000661,398000666,합천터미널,대병버스정류장,398,합천군
398000043,510-1,398000220,398000661,대병버스정류장,합천터미널,398,합천군
398000044,510-3,398000220,398000661,대병버스정류장,합천터미널,398,합천군
398000045,110-1,398000661,389000067,합천터미널,부림면정류장,398,합천군
398000046,110-4,398000661,389000067,합천터미널,부림면정류장,398,합천군
398000047,110-2,398000661,389000067,합천터미널,부림면정류장,398,합천군
398000048,110-3,398000661,389000067,합천터미널,부림면정류장,398,합천군
398000049,110-5,398000661,389000067,합천터미널,부림면정류장,398,합천군
398000050,100-2,398000661,398000661,합천터미널,합천터미널,398,합천군
398000051,410-5,398000661,398000661,합천터미널,합천터미널,398,합천군
398000052,410,398000661,397000039,합천터미널,서흥여객버스터미널,398,합천군
398000053,410-3,397000042,398000661,서흥여객버스터미널,합천터미널,398,합천군
398000054,120,398000661,398000661,합천터미널,합천터미널,398,합천군
398000055,120-10,398000661,398000030,합천터미널,박곡,398,합천군
398000056,120-6,398000661,398000030,합천터미널,박곡,398,합천군
398000057,120-5,398000700,398000661,박곡,합천터미널,398,합천군
398000058,120-1,398000700,398000661,박곡,합천터미널,398,합천군
398000059,200,398000661,398000666,합천터미널,대병버스정류장,398,합천군
398000060,200-3,398000220,398000661,대병버스정류장,합천터미널,398,합천군
398000062,210-2,398000354,398000661,유전삼거리,합천터미널,398,합천군
398000063,200-4,398000661,398000228,합천터미널,유전삼거리,398,합천군
398000064,210-1,398000220,398000666,대병버스정류장,대병버스정류장,398,합천군
398000065,220,398000220,398000666,대병버스정류장,대병버스정류장,398,합천군
398000066,550,398000661,398000661,합천터미널,합천터미널,398,합천군
398000067,550-1,398000661,398000661,합천터미널,합천터미널,398,합천군
398000068,820-2,389000001,389000067,부림면정류장,부림면정류장,398,합천군
398000069,400,398000661,397000039,합천터미널,서흥여객버스터미널,398,합천군
398000070,420,398000220,397000039,대병버스정류장,서흥여객버스터미널,398,합천군
398000071,420-4,398000220,397000039,대병버스정류장,서흥여객버스터미널,398,합천군
398000072,420-3,397000042,398000666,서흥여객버스터미널,대병버스정류장,398,합천군
398000073,420-1,397000042,398000666,서흥여객버스터미널,대병버스정류장,398,합천군
398000074,310-2,398000277,398000674,삼가정류소,삼가정류소,398,합천군
398000075,310-1,398000277,389000010,삼가정류소,신전,398,합천군
398000076,310-4,389000011,398000674,신전,삼가정류소,398,합천군
398000077,310,398000277,389000010,삼가정류소,신전,398,합천군
398000078,310-3,389000011,398000674,신전,삼가정류소,398,합천군
398000081,360,398000277,398000674,삼가정류소,삼가정류소,398,합천군
398000085,350,398000277,398000674,삼가정류소,삼가정류소,398,합천군
398000086,380,398000277,398000674,삼가정류소,삼가정류소,398,합천군
398000087,140,398000661,398000661,합천터미널,합천터미널,398,합천군
398000088,140-1,398000048,398000661,송정,합천터미널,398,합천군
398000090,100,398000661,398000661,합천터미널,합천터미널,398,합천군
398000091,670,398000661,398000661,합천터미널,합천터미널,398,합천군
398000093,110-10,389000001,398000864,부림면정류장,적교,398,합천군
398000094,110-8,398000005,389000067,적교,부림면정류장,398,합천군
398000095,390,398000277,398000674,삼가정류소,삼가정류소,398,합천군
398000098,340,398000277,398000674,삼가정류소,삼가정류소,398,합천군
398000099,340-1,398000277,398000674,삼가정류소,삼가정류소,398,합천군
398000102,330,398000277,398000674,삼가정류소,삼가정류소,398,합천군
398000103,110-7,389000001,398000661,부림면정류장,합천터미널,398,합천군
398000104,110-9,389000001,398000661,부림면정류장,합천터미널,398,합천군
398000105,110-12,389000001,398000540,부림면정류장,초계,398,합천군
398000107,100-4,398000539,398000005,초계,적교,398,합천군
398000108,100-3,398000864,398000661,적교,합천터미널,398,합천군
398000111,150-1,398000539,398000540,초계,초계,398,합천군
398000112,900-3,398000729,398000730,가야합동버스정류장,가야합동버스정류장,398,합천군
398000113,900,398000729,398000730,가야합동버스정류장,가야합동버스정류장,398,합천군
398000114,900-1,398000729,398000730,가야합동버스정류장,가야합동버스정류장,398,합천군
398000115,900-4,398000729,398000730,가야합동버스정류장,가야합동버스정류장,398,합천군
398000116,900-2,398000729,398000730,가야합동버스정류장,가야합동버스정류장,398,합천군
398000117,180,398000539,398000540,초계,초계,398,합천군
398000118,170,398000539,398000540,초계,초계,398,합천군
398000119,130,398000541,398000542,아막,아막,398,합천군
398000120,650,398000661,398000661,합천터미널,합천터미널,398,합천군
398000121,650-1,398000661,398000661,합천터미널,합천터미널,398,합천군
398000122,110-6,389000001,398000661,부림면정류장,합천터미널,398,합천군
398000123,400-4,398000661,398000361,합천터미널,묘산,398,합천군
398000124,808,398000661,398000661,합천터미널,합천터미널,398,합천군
398000125,400-3,398000656,398000661,묘산,합천터미널,398,합천군
398000127,410-2,398000388,398000661,봉산정류장,합천터미널,398,합천군
398000128,410-6,398000388,398000661,봉산정류장,합천터미널,398,합천군
398000129,630,398000661,398000661,합천터미널,합천터미널,398,합천군
398000130,650-3,398000661,398000661,합천터미널,합천터미널,398,합천군
398000131,710-4,398000220,398000674,대병버스정류장,삼가정류소,398,합천군
398000132,690,398000661,398000661,합천터미널,합천터미널,398,합천군
398000133,620-1,398000661,398000661,합천터미널,합천터미널,398,합천군
398000134,120-3,398000661,398000661,합천터미널,합천터미널,398,합천군
398000135,550-3,398000661,398000661,합천터미널,합천터미널,398,합천군
398000138,680,398000661,398000661,합천터미널,합천터미널,398,합천군
398000139,610,398000661,398000661,합천터미널,합천터미널,398,합천군
398000140,670-1,398000661,398000661,합천터미널,합천터미널,398,합천군
398000141,630-1,398000661,398000661,합천터미널,합천터미널,398,합천군
398000142,210-3,398000220,398000661,대병버스정류장,합천터미널,398,합천군
398000143,550-2,398000661,398000661,합천터미널,합천터미널,398,합천군
398000145,690-1,398000661,398000661,합천터미널,합천터미널,398,합천군
398000146,880-1,398000661,398000661,합천터미널,합천터미널,398,합천군
398000147,650-2,398000661,398000661,합천터미널,합천터미널,398,합천군
398000148,620,398000661,398000661,합천터미널,합천터미널,398,합천군
398000149,410-4,397000042,398000661,서흥여객버스터미널,합천터미널,398,합천군
398000150,400-1,398000661,397000039,합천터미널,서흥여객버스터미널,398,합천군
398000151,350-1,398000277,398000674,삼가정류소,삼가정류소,398,합천군
398000152,350-2,398000277,398000674,삼가정류소,삼가정류소,398,합천군
398000153,360-2,398000277,398000674,삼가정류소,삼가정류소,398,합천군
398000154,360-1,398000277,398000674,삼가정류소,삼가정류소,398,합천군
398000155,150,398000542,398000541,아막,아막,398,합천군
398000157,160,398000541,398000542,아막,아막,398,합천군
398000158,160-1,398000541,398000542,아막,아막,398,합천군
398000159,170-1,398000541,398000542,아막,아막,398,합천군
398000160,900-5,398000729,398000730,가야합동버스정류장,가야합동버스정류장,398,합천군
398000161,170-2,398000541,398000542,아막,아막,398,합천군
398000162,900-6,398000729,398000730,가야합동버스정류장,가야합동버스정류장,398,합천군
398000163,900-8,398000729,398000727,가야합동버스정류장,황산,398,합천군
398000164,120-9,398000542,398000541,아막,아막,398,합천군
398000165,120-4,398000661,398000661,합천터미널,합천터미널,398,합천군
398000166,200-2,398000661,398000666,합천터미널,대병버스정류장,398,합천군
398000167,410-1,398000661,398000389,합천터미널,봉산정류장,398,합천군
398000168,610-1,398000661,398000661,합천터미널,합천터미널,398,합천군
398000169,660-1,398000661,398000661,합천터미널,합천터미널,398,합천군
398000170,670-2,398000661,398000661,합천터미널,합천터미널,398,합천군
398000171,810-3,389000067,398000661,부림면정류장,합천터미널,398,합천군
398000172,110-13,389000001,398000661,부림면정류장,합천터미널,398,합천군
398000173,120-7,398000542,398000030,아막,박곡,398,합천군
398000174,170-4,398000539,398000540,초계,초계,398,합천군
