노선 아이디,요일,일일운행횟수,기점첫차출발시각,기점막차출발시각,종점첫차출발시각,종점막차출발시각,최소배차간격,최대배차간격
254000001,토요일,1,07:20,07:20,,,0,0
254000001,공휴일,1,07:20,07:20,,,0,0
254000001,평일,1,07:20,07:20,,,0,0
254000002,공휴일,1,16:15,16:15,,,0,0
254000002,토요일,1,16:15,16:15,,,0,0
254000002,평일,1,16:15,16:15,,,0,0
254000003,토요일,41,06:30,22:10,,,10,40
254000003,평일,46,06:30,22:10,,,10,30
254000003,공휴일,41,06:30,22:10,,,10,40
254000005,평일,8,07:40,21:10,,,90,120
254000005,토요일,8,07:40,21:10,,,90,120
254000005,공휴일,8,07:40,21:10,,,90,120
254000010,공휴일,7,09:30,21:30,,,120,120
254000010,토요일,7,09:30,21:30,,,120,120
254000010,평일,7,09:30,21:30,,,120,120
254000011,공휴일,1,07:30,07:30,,,0,0
254000011,토요일,1,07:30,07:30,,,0,0
254000011,평일,1,07:30,07:30,,,0,0
254000017,공휴일,1,06:20,06:20,,,0,0
254000017,토요일,1,06:20,06:20,,,0,0
254000017,평일,1,06:20,06:20,,,0,0
254000018,공휴일,1,12:00,12:00,,,0,0
254000018,토요일,1,12:00,12:00,,,0,0
254000018,평일,1,12:00,12:00,,,0,0
254000019,공휴일,1,19:00,19:00,,,0,0
254000019,평일,1,19:00,19:00,,,0,0
254000019,토요일,1,19:00,19:00,,,0,0
254000020,평일,1,17:30,17:30,,,0,0
254000020,토요일,1,17:30,17:30,,,0,0
254000020,공휴일,1,17:30,17:30,,,0,0
254000021,평일,1,14:40,14:40,,,0,0
254000021,토요일,1,14:40,14:40,,,0,0
254000021,공휴일,1,14:40,14:40,,,0,0
254000022,공휴일,1,09:35,09:35,,,0,0
254000022,토요일,1,09:35,09:35,,,0,0
254000022,평일,1,09:35,09:35,,,0,0
254000023,공휴일,2,08:30,15:00,,,390,390
254000023,평일,2,08:30,15:00,,,390,390
254000023,토요일,2,08:30,15:00,,,390,390
254000025,평일,3,12:00,20:50,13:10,21:50,260,270
254000025,토요일,4,07:20,20:50,08:30,21:50,260,280
254000025,공휴일,4,07:20,20:50,08:30,21:50,260,280
254000026,평일,3,06:40,18:20,07:32,19:05,200,500
254000026,토요일,3,06:50,18:10,07:42,18:55,200,480
254000026,공휴일,3,06:50,18:10,07:42,18:55,200,480
254000027,평일,3,07:20,16:00,08:14,16:54,255,265
254000028,공휴일,40,06:20,22:00,,,20,60
254000028,토요일,40,06:20,22:00,,,20,60
254000028,평일,45,06:20,22:00,,,20,40
254000031,토요일,5,06:50,18:40,07:42,19:30,30,370
254000031,평일,5,07:50,18:40,08:40,19:30,140,200
254000031,공휴일,5,06:50,18:40,07:42,19:30,30,370
254000032,평일,17,08:15,21:35,08:35,21:55,35,65
254000032,토요일,17,08:15,21:35,08:35,21:55,35,65
254000032,공휴일,17,08:15,21:35,08:35,21:55,35,65
254000038,평일,1,06:40,06:40,,,0,0
254000038,토요일,1,06:50,06:50,,,0,0
254000038,공휴일,1,06:50,06:50,,,0,0
254000039,공휴일,2,12:25,18:15,12:50,18:40,350,350
254000039,평일,2,12:25,18:15,12:50,18:40,350,350
254000039,토요일,2,12:25,18:15,12:50,18:40,350,350
254000040,공휴일,1,07:25,07:25,08:05,08:05,0,0
254000040,토요일,1,07:25,07:25,08:05,08:05,0,0
254000040,평일,1,07:25,07:25,08:05,08:05,0,0
254000041,평일,1,06:50,06:50,08:20,08:20,0,0
257000001,공휴일,1,06:40,06:40,07:15,07:15,0,0
257000001,평일,1,06:40,06:40,07:15,07:15,0,0
257000001,토요일,1,06:40,06:40,07:15,07:15,0,0
257000002,평일,1,17:20,17:20,18:10,18:10,0,0
257000002,토요일,1,17:20,17:20,18:10,18:10,0,0
257000002,공휴일,1,17:20,17:20,18:10,18:10,0,0
257000003,토요일,1,06:35,06:35,07:10,07:10,0,0
257000003,공휴일,1,06:35,06:35,07:10,07:10,0,0
257000003,평일,1,06:35,06:35,07:10,07:10,0,0
257000004,평일,2,08:20,12:55,09:10,13:30,275,275
257000004,토요일,2,08:20,12:55,09:10,13:30,275,275
257000004,공휴일,2,08:20,12:55,09:10,13:30,275,275
257000005,평일,1,17:50,17:50,18:30,18:30,0,0
257000005,토요일,1,17:50,17:50,18:30,18:30,0,0
257000005,공휴일,1,17:50,17:50,18:30,18:30,0,0
257000006,공휴일,1,18:50,18:50,19:25,19:25,0,0
257000006,평일,1,18:50,18:50,19:25,19:25,0,0
257000006,토요일,1,18:50,18:50,19:25,19:25,0,0
257000007,평일,2,13:00,18:15,13:45,19:10,315,315
257000007,토요일,2,13:00,18:15,13:45,19:10,315,315
257000007,공휴일,2,13:00,18:15,13:45,19:10,315,315
257000008,공휴일,1,06:25,06:25,07:10,07:10,0,0
257000008,평일,1,06:25,06:25,07:10,07:10,0,0
257000008,토요일,1,06:25,06:25,07:10,07:10,0,0
257000009,평일,9,08:30,22:00,08:55,22:25,60,145
257000009,토요일,9,08:30,22:00,08:55,22:25,60,145
257000009,공휴일,9,08:30,22:00,08:55,22:25,60,145
257000010,공휴일,7,08:00,20:00,08:25,20:25,65,245
257000010,평일,7,08:00,20:00,08:25,20:25,65,245
257000010,토요일,7,08:00,20:00,08:25,20:25,65,245
257000011,공휴일,1,11:35,11:35,11:55,11:55,0,0
257000011,토요일,1,11:35,11:35,11:55,11:55,0,0
257000011,평일,1,11:35,11:35,11:55,11:55,0,0
257000012,공휴일,9,07:50,21:00,08:00,21:00,30,180
257000012,토요일,9,07:50,21:00,08:00,21:00,30,180
257000012,평일,9,07:50,21:00,08:00,21:00,30,180
257000013,공휴일,1,14:35,14:35,14:55,14:55,0,0
257000013,평일,1,14:35,14:35,14:55,14:55,0,0
257000013,토요일,1,14:35,14:35,14:55,14:55,0,0
257000014,공휴일,1,16:00,16:00,16:30,16:30,0,0
257000014,토요일,1,16:00,16:00,16:30,16:30,0,0
257000014,평일,1,16:00,16:00,16:30,16:30,0,0
257000015,공휴일,1,06:45,06:45,07:15,07:15,0,0
257000015,토요일,1,06:45,06:45,07:15,07:15,0,0
257000015,평일,1,06:45,06:45,07:15,07:15,0,0
257000018,평일,1,07:50,07:50,08:15,08:15,0,0
257000018,토요일,1,07:50,07:50,08:15,08:15,0,0
257000018,공휴일,1,07:50,07:50,08:15,08:15,0,0
257000019,평일,4,06:30,18:30,07:00,19:00,160,290
257000019,토요일,4,06:30,18:30,07:00,19:00,160,290
257000019,공휴일,4,06:30,18:30,07:00,19:00,160,290
257000020,평일,3,09:10,17:20,09:30,17:40,205,285
257000020,공휴일,3,09:10,17:20,09:30,17:40,205,285
257000020,토요일,3,09:10,17:20,09:30,17:40,205,285
257000021,공휴일,5,07:10,20:10,07:30,20:30,130,330
257000021,토요일,5,07:10,20:10,07:30,20:30,130,330
257000021,평일,5,07:10,20:10,07:30,20:30,130,330
257000022,공휴일,5,08:20,16:10,08:35,16:30,80,190
257000022,토요일,5,08:20,16:10,08:35,16:30,80,190
257000022,평일,5,08:20,16:10,08:35,16:30,80,190
257000023,평일,3,09:50,14:20,10:25,14:55,80,190
257000023,토요일,3,09:50,14:20,10:25,14:55,80,190
257000023,공휴일,3,09:50,14:20,10:25,14:55,80,190
257000024,평일,3,08:15,19:10,08:35,19:35,315,340
257000024,공휴일,3,08:15,19:10,08:35,19:35,315,340
257000024,토요일,3,08:15,19:10,08:35,19:35,315,340
257000025,공휴일,3,06:50,16:50,07:20,17:15,215,385
257000025,토요일,3,06:50,16:50,07:20,17:15,215,385
257000025,평일,3,06:50,16:50,07:20,17:15,215,385
257000026,공휴일,4,06:20,16:10,07:00,19:10,90,330
257000026,토요일,4,06:20,16:10,07:00,19:10,90,330
257000026,평일,4,06:20,16:10,07:00,19:10,90,330
257000027,평일,1,12:00,12:00,12:40,12:40,0,0
257000027,공휴일,1,12:00,12:00,12:40,12:40,0,0
257000027,토요일,1,12:00,12:00,12:40,12:40,0,0
257000028,공휴일,7,06:40,17:55,07:45,19:00,50,190
257000028,토요일,7,06:40,17:55,07:45,19:00,50,190
257000028,평일,7,06:40,17:55,07:45,19:00,50,190
257000029,평일,9,06:30,18:40,,,50,230
257000029,토요일,9,06:30,18:40,,,50,230
257000029,공휴일,9,06:30,18:40,,,50,230
257000030,평일,8,06:55,18:20,,,50,240
257000030,토요일,8,06:55,18:20,,,50,240
257000030,공휴일,8,06:55,18:20,,,50,240
257000031,평일,3,08:30,21:40,08:50,22:00,110,680
257000031,공휴일,3,08:30,21:40,08:50,22:00,110,680
257000031,토요일,3,08:30,21:40,08:50,22:00,110,680
257000032,공휴일,5,10:00,20:10,11:55,20:45,60,310
257000032,토요일,5,10:00,20:10,11:55,20:45,60,310
257000032,평일,5,10:00,20:10,11:00,20:45,60,310
257000033,평일,3,09:40,17:40,10:25,18:25,230,250
257000033,토요일,3,09:40,17:40,10:25,18:25,230,250
257000033,공휴일,3,09:40,17:40,10:25,18:25,230,250
257000034,토요일,1,06:30,06:30,07:30,07:30,0,0
257000034,공휴일,1,06:30,06:30,07:30,07:30,0,0
257000034,평일,1,06:30,06:30,07:30,07:30,0,0
257000035,평일,4,06:40,18:15,07:30,19:00,130,350
257000035,토요일,4,06:40,18:15,07:30,19:00,130,350
257000035,공휴일,4,06:40,18:15,07:30,19:00,130,350
257000036,공휴일,2,12:00,17:50,13:10,18:45,350,350
257000036,평일,2,12:00,17:50,13:10,18:45,350,350
257000036,토요일,2,12:00,17:50,13:10,18:45,350,350
257000037,공휴일,1,06:00,06:00,07:10,07:10,0,0
257000037,토요일,1,06:00,06:00,07:10,07:10,0,0
257000037,평일,1,06:00,06:00,07:10,07:10,0,0
257000038,공휴일,7,06:00,19:00,07:20,20:20,50,290
257000038,토요일,7,06:00,19:00,07:20,20:20,50,290
257000038,평일,7,06:00,19:00,07:20,20:20,50,290
257000039,평일,1,14:30,14:30,16:20,16:20,0,0
257000039,토요일,1,14:30,14:30,16:20,16:20,0,0
257000039,공휴일,1,14:30,14:30,16:20,16:20,0,0
257000040,평일,1,18:45,18:45,20:10,20:10,0,0
257000040,토요일,1,18:45,18:45,20:10,20:10,0,0
257000040,공휴일,1,18:45,18:45,20:10,20:10,0,0
257000041,평일,1,07:10,07:10,08:30,08:30,0,0
257000041,토요일,1,07:10,07:10,08:30,08:30,0,0
257000041,공휴일,1,07:10,07:10,08:30,08:30,0,0
257000042,평일,3,08:10,16:20,09:40,17:50,210,280
257000042,토요일,3,08:10,16:20,09:40,17:50,210,280
257000042,공휴일,3,08:10,16:20,09:40,17:50,210,280
257000043,공휴일,1,15:30,15:30,16:40,16:40,0,0
257000043,평일,1,15:30,15:30,16:40,16:40,0,0
257000043,토요일,1,15:30,15:30,16:40,16:40,0,0
257000045,평일,1,09:30,09:30,,,0,0
257000045,토요일,1,09:30,09:30,,,0,0
257000045,공휴일,1,09:30,09:30,,,0,0
257000046,공휴일,1,09:30,09:30,,,0,0
257000046,토요일,1,09:30,09:30,,,0,0
257000046,평일,1,09:30,09:30,,,0,0
257000047,공휴일,3,06:00,18:30,06:50,19:00,150,600
257000047,토요일,3,06:00,18:30,06:50,19:00,150,600
257000047,평일,3,06:00,18:30,06:50,19:00,150,600
257000048,평일,1,12:10,12:10,13:00,13:00,0,0
257000048,토요일,1,12:10,12:10,13:00,13:00,0,0
257000048,공휴일,1,12:10,12:10,13:00,13:00,0,0
257000050,공휴일,2,08:00,17:00,08:40,17:35,540,540
257000050,평일,2,08:00,17:00,08:40,17:35,540,540
257000050,토요일,2,08:00,17:00,08:40,17:35,540,540
257000052,공휴일,1,09:00,09:00,09:30,09:30,0,0
257000052,평일,1,09:00,09:00,09:30,09:30,0,0
257000052,토요일,1,09:00,09:00,09:30,09:30,0,0
257000055,평일,1,15:30,15:30,16:00,16:00,0,0
257000055,토요일,1,15:30,15:30,16:00,16:00,0,0
257000055,공휴일,1,15:30,15:30,16:00,16:00,0,0
257000057,평일,2,09:00,15:20,,,380,380
257000057,토요일,2,09:00,15:20,,,380,380
257000057,공휴일,2,09:00,15:20,,,380,380
257000059,공휴일,2,10:50,18:00,,,430,430
257000059,토요일,2,10:50,18:00,,,430,430
257000059,평일,2,10:50,18:00,,,430,430
257000060,평일,2,08:30,09:40,,,70,70
257000060,토요일,2,08:30,09:40,,,70,70
257000060,공휴일,2,08:30,09:40,,,70,70
257000061,공휴일,1,13:40,13:40,,,0,0
257000061,토요일,1,13:40,13:40,,,0,0
257000061,평일,1,13:40,13:40,,,0,0
257000062,공휴일,1,18:00,18:00,,,0,0
257000062,토요일,1,18:00,18:00,,,0,0
257000062,평일,1,18:00,18:00,,,0,0
257000063,토요일,8,07:10,20:10,,,30,160
257000063,공휴일,8,07:10,20:10,,,30,160
257000063,평일,8,07:10,20:10,,,30,160
257000064,공휴일,1,11:30,11:30,,,0,0
257000064,토요일,1,11:30,11:30,,,0,0
257000064,평일,1,11:30,11:30,,,0,0
257000065,공휴일,6,07:10,19:20,,,50,200
257000065,토요일,6,07:10,19:20,,,50,200
257000065,평일,6,07:10,19:20,,,50,200
257000066,공휴일,2,08:30,13:40,,,310,310
257000066,평일,2,08:30,13:40,,,310,310
257000066,토요일,2,08:30,13:40,,,310,310
257000068,공휴일,2,08:00,14:00,09:00,15:00,360,360
257000068,평일,2,08:00,14:00,09:00,15:00,360,360
257000068,토요일,2,08:00,14:00,09:00,15:00,360,360
257000069,공휴일,1,17:20,17:20,18:20,18:20,0,0
257000069,토요일,1,17:20,17:20,18:20,18:20,0,0
257000069,평일,1,17:20,17:20,18:20,18:20,0,0
257000070,평일,4,08:40,18:20,09:20,19:00,130,250
257000070,토요일,4,08:40,18:20,09:20,19:00,130,250
257000070,공휴일,4,08:40,18:20,09:20,19:00,130,250
257000071,평일,2,12:00,17:00,12:40,17:40,300,300
257000071,토요일,2,12:00,17:00,12:40,17:40,300,300
257000071,공휴일,2,12:00,17:00,12:40,17:40,300,300
257000072,평일,1,06:10,06:10,07:20,07:20,0,0
257000072,토요일,1,06:10,06:10,07:20,07:20,0,0
257000072,공휴일,1,06:10,06:10,07:20,07:20,0,0
257000074,평일,1,06:30,06:30,06:50,06:50,0,0
257000074,토요일,1,06:30,06:30,06:50,06:50,0,0
257000074,공휴일,1,06:30,06:30,06:50,06:50,0,0
257000075,평일,3,08:50,15:50,09:40,16:50,160,260
257000075,토요일,3,08:50,15:50,09:40,16:50,160,260
257000075,공휴일,3,08:50,15:50,09:40,16:50,160,260
257000076,평일,1,06:20,06:20,07:20,07:20,0,0
257000076,토요일,1,06:20,06:20,07:20,07:20,0,0
257000076,공휴일,1,06:20,06:20,07:20,07:20,0,0
257000078,평일,2,11:00,18:15,11:50,19:00,435,435
257000078,토요일,2,11:00,18:15,11:50,19:00,435,435
257000078,공휴일,2,11:00,18:15,11:50,19:00,435,435
257000079,평일,1,06:30,06:30,07:00,07:00,0,0
257000079,토요일,1,06:30,06:30,07:00,07:00,0,0
257000079,공휴일,1,06:30,06:30,07:00,07:00,0,0
257000080,평일,2,13:00,17:30,13:40,18:10,270,270
257000080,공휴일,2,13:00,17:30,13:40,18:10,270,270
257000080,토요일,2,13:00,17:30,13:40,18:10,270,270
257000081,평일,3,09:10,16:50,09:35,17:20,200,260
257000081,토요일,3,09:10,16:50,09:35,17:20,200,260
257000081,공휴일,3,09:10,16:50,09:35,17:20,200,260
257000082,평일,3,10:00,15:10,10:40,15:50,90,220
257000082,토요일,3,10:00,15:10,10:40,15:50,90,220
257000082,공휴일,3,10:00,15:10,10:40,15:50,90,220
257000084,공휴일,3,07:30,18:35,08:05,19:10,295,370
257000084,토요일,3,07:30,18:35,08:05,19:10,295,370
257000084,평일,3,07:30,18:35,08:05,19:10,295,370
257000085,평일,1,06:00,06:00,07:25,07:25,0,0
257000085,토요일,1,06:00,06:00,07:25,07:25,0,0
257000085,공휴일,1,06:00,06:00,07:25,07:25,0,0
257000087,공휴일,1,11:10,11:10,13:00,13:00,0,0
257000087,토요일,1,11:10,11:10,13:00,13:00,0,0
257000087,평일,1,11:10,11:10,13:00,13:00,0,0
257000088,평일,1,06:50,06:50,07:00,07:00,0,0
257000088,토요일,1,06:50,06:50,07:00,07:00,0,0
257000088,공휴일,1,06:50,06:50,07:00,07:00,0,0
257000089,평일,2,12:20,17:10,12:35,17:25,290,290
257000089,토요일,2,12:20,17:10,12:35,17:25,290,290
257000089,공휴일,2,12:20,17:10,12:35,17:25,290,290
257000090,평일,2,08:50,16:40,09:05,16:55,470,470
257000090,토요일,2,08:50,16:40,09:05,16:55,470,470
257000090,공휴일,2,08:50,16:40,09:05,16:55,470,470
257000091,토요일,1,18:00,18:00,18:30,18:30,0,0
257000091,공휴일,1,18:00,18:00,18:30,18:30,0,0
257000091,평일,1,18:00,18:00,18:30,18:30,0,0
257000095,평일,1,07:40,07:40,,,0,0
257000095,토요일,1,07:40,07:40,,,0,0
257000095,공휴일,1,07:40,07:40,,,0,0
257000096,평일,1,07:50,07:50,08:10,08:10,0,0
257000096,토요일,1,07:50,07:50,08:10,08:10,0,0
257000096,공휴일,1,07:50,07:50,08:10,08:10,0,0
257000097,공휴일,1,08:10,08:10,08:20,08:20,0,0
257000097,평일,1,08:10,08:10,08:20,08:20,0,0
257000097,토요일,1,08:10,08:10,08:20,08:20,0,0
257000098,평일,1,10:00,10:00,10:30,10:30,0,0
257000098,토요일,1,10:00,10:00,10:30,10:30,0,0
257000098,공휴일,1,10:00,10:00,10:30,10:30,0,0
257000100,평일,4,06:40,18:25,07:10,18:55,140,325
257000100,토요일,4,06:40,18:25,07:10,18:55,140,325
257000100,공휴일,4,06:40,18:25,07:10,18:55,140,325
257000101,평일,1,16:50,16:50,,,0,0
257000101,토요일,1,16:50,16:50,,,0,0
257000101,공휴일,1,16:50,16:50,,,0,0
257000102,토요일,1,07:10,07:10,,,0,0
257000102,공휴일,1,07:10,07:10,,,0,0
257000102,평일,1,07:10,07:10,,,0,0
257000103,공휴일,1,14:20,14:20,,,0,0
257000103,평일,1,14:20,14:20,,,0,0
257000103,토요일,1,14:20,14:20,,,0,0
257000104,평일,1,17:50,17:50,,,0,0
257000104,토요일,1,17:50,17:50,,,0,0
257000104,공휴일,1,17:50,17:50,,,0,0
257000105,평일,1,15:10,15:10,,,0,0
257000105,토요일,1,15:10,15:10,,,0,0
257000105,공휴일,1,15:10,15:10,,,0,0
257000106,평일,1,06:40,06:40,07:25,07:25,0,0
257000108,토요일,2,09:50,14:20,10:20,14:50,270,270
257000108,공휴일,2,09:50,14:20,10:20,14:50,270,270
257000108,평일,2,09:50,14:20,10:20,14:50,270,270
257000109,평일,1,09:10,09:10,09:50,09:50,0,0
257000109,토요일,1,09:10,09:10,09:50,09:50,0,0
257000109,공휴일,1,09:10,09:10,09:50,09:50,0,0
257000110,평일,1,07:55,07:55,,,0,0
257000110,토요일,1,07:55,07:55,,,0,0
257000110,공휴일,1,07:55,07:55,,,0,0
257000111,평일,2,08:00,17:40,08:25,18:00,580,580
257000111,토요일,2,08:00,17:40,08:25,18:00,580,580
257000111,공휴일,2,08:00,17:40,08:25,18:00,580,580
257000112,토요일,7,07:30,19:30,09:00,20:40,100,150
257000112,평일,7,07:30,19:30,09:00,20:40,100,150
257000112,공휴일,7,07:30,19:30,09:00,20:40,100,150
257000113,토요일,2,10:00,15:30,10:55,16:25,330,330
257000113,평일,2,10:00,15:30,10:55,16:25,330,330
257000113,공휴일,2,10:00,15:30,10:55,16:25,330,330
257000115,공휴일,1,19:30,19:30,,,0,0
257000115,토요일,1,19:30,19:30,,,0,0
257000115,평일,1,19:30,19:30,,,0,0
259000033,매일,3,06:20,18:30,07:10,19:30,340,390
259000049,매일,1,10:00,10:00,10:50,10:50,0,0
259000075,매일,1,17:30,17:30,18:05,18:05,0,0
259000076,매일,1,13:30,13:30,14:00,14:00,0,0
259000077,매일,2,09:55,16:10,10:20,16:40,375,375
259000078,매일,1,07:30,07:30,08:00,08:00,0,0
259000079,매일,2,08:00,17:00,08:15,17:15,540,540
259000080,매일,1,09:10,09:10,09:35,09:35,0,0
259000081,매일,1,14:05,14:05,14:30,14:30,0,0
259000082,매일,2,07:00,17:30,07:25,17:55,630,630
259000083,매일,4,08:30,18:30,09:10,19:10,160,250
259000084,매일,1,06:35,06:35,07:05,07:05,0,0
259000085,매일,1,06:20,06:20,07:00,07:00,0,0
259000086,매일,1,08:40,08:40,09:25,09:25,0,0
259000087,매일,2,14:20,18:15,15:10,18:55,235,235
259000088,매일,1,06:30,06:30,07:20,07:20,0,0
259000089,매일,1,14:40,14:40,15:40,15:40,0,0
259000090,매일,1,19:00,19:00,19:50,19:50,0,0
259000091,매일,4,06:50,17:50,07:35,18:35,120,380
259000092,매일,1,14:50,14:50,15:35,15:35,0,0
259000093,매일,2,06:15,10:00,07:00,10:50,225,225
259000094,매일,3,10:30,19:30,11:20,20:20,120,420
259000095,매일,1,07:40,07:40,08:30,08:30,0,0
259000096,매일,1,13:30,13:30,14:20,14:20,0,0
259000097,매일,1,17:00,17:00,17:50,17:50,0,0
259000098,매일,1,12:30,12:30,13:20,13:20,0,0
259000099,매일,3,07:00,18:00,07:40,18:40,300,360
259000100,매일,1,09:00,09:00,09:55,09:55,0,0
259000101,매일,1,15:10,15:10,16:05,16:05,0,0
259000102,매일,4,06:20,18:30,07:00,19:10,230,250
259000103,매일,1,17:10,17:10,17:45,17:45,0,0
259000104,매일,2,09:10,13:30,09:50,14:10,260,260
259000105,매일,4,06:30,19:10,07:20,20:00,110,430
259000106,매일,1,08:30,08:30,09:20,09:20,0,0
259000107,매일,1,11:20,11:20,12:20,12:20,0,0
259000108,매일,2,07:40,16:00,08:40,17:00,500,500
259000109,매일,1,19:30,19:30,20:00,20:00,0,0
259000110,매일,1,06:40,06:40,07:40,07:40,0,0
259000111,매일,1,17:50,17:50,18:50,18:50,0,0
259000112,매일,1,14:45,14:45,15:45,15:45,0,0
259000113,매일,1,07:55,07:55,08:50,08:50,0,0
259000114,매일,1,13:20,13:20,14:10,14:10,0,0
259000115,매일,2,12:10,17:00,13:15,18:05,290,290
259000116,매일,3,06:20,16:20,07:05,17:15,290,310
259000117,매일,2,08:50,13:40,10:00,14:50,290,290
259000118,매일,1,10:30,10:30,11:20,11:20,0,0
259000119,매일,2,08:00,17:40,08:40,18:20,580,580
259000120,매일,1,14:00,14:00,14:50,14:50,0,0
259000121,매일,1,18:25,18:25,19:25,19:25,0,0
259000122,매일,2,09:00,15:30,10:00,16:30,390,390
259000124,매일,1,08:40,08:40,09:30,09:30,0,0
259000125,매일,1,11:40,11:40,12:20,12:20,0,0
259000126,매일,1,15:30,15:30,16:20,16:20,0,0
259000127,매일,1,13:00,13:00,13:50,13:50,0,0
262000001,매일,15,07:00,21:20,,,30,115
262000002,매일,6,07:30,19:40,,,65,280
262000005,매일,15,06:30,20:40,,,25,125
262000006,매일,5,08:15,19:30,,,75,245
262000009,매일,11,07:35,20:40,,,25,170
262000010,매일,6,08:45,21:20,,,85,245
262000011,매일,2,15:00,17:20,,,140,140
262000012,매일,2,09:20,15:40,,,380,380
262000013,매일,5,08:00,18:25,,,65,220
262000014,매일,4,07:20,17:30,,,80,290
262000015,매일,10,06:50,20:00,,,20,170
262000016,매일,6,07:00,20:40,,,70,280
262000017,매일,2,07:20,10:10,,,170,170
262000018,매일,1,13:00,13:00,,,0,0
262000019,매일,5,06:45,16:45,,,90,230
262000020,매일,4,07:00,17:30,,,120,270
262000021,매일,7,06:50,19:20,,,80,170
262000024,매일,4,07:25,17:50,,,185,230
262000026,매일,6,06:30,18:00,,,120,155
262000027,매일,5,07:30,19:30,,,135,270
262000028,매일,2,17:00,18:00,,,60,60
262000029,매일,2,09:00,11:00,,,120,120
262000030,매일,8,07:00,19:00,,,50,300
262000031,매일,13,06:30,21:45,,,70,85
262000032,매일,6,07:00,18:30,,,100,200
262000033,매일,3,10:20,17:20,,,60,360
262000034,매일,5,06:50,18:40,,,120,240
262000035,매일,5,06:30,20:00,,,90,335
262000036,매일,4,07:30,19:05,,,115,425
262000037,매일,6,07:10,17:20,,,80,190
262000038,매일,2,08:35,18:20,,,585,585
262000039,매일,5,06:40,18:30,,,140,230
262000040,매일,7,07:05,20:05,,,60,240
262000041,매일,7,07:05,20:05,,,60,240
262000042,매일,2,09:25,15:25,,,360,360
262000043,매일,2,11:35,18:35,,,420,420
262000044,매일,2,11:00,18:00,,,420,420
262000045,매일,2,08:50,14:50,,,360,360
262000046,매일,2,11:30,18:30,,,420,420
262000047,매일,3,08:40,17:50,,,170,380
262000048,매일,1,10:50,10:50,,,0,0
262000049,매일,6,07:40,22:00,08:00,22:20,50,570
262000050,매일,2,09:30,14:30,10:10,15:10,300,300
262000051,매일,1,14:10,14:10,15:10,15:10,0,0
262000052,매일,4,08:00,20:50,08:55,21:45,130,500
262000053,매일,5,07:50,21:10,08:50,22:10,390,130
277000001,매일,1,19:30,19:30,20:05,20:05,0,0
277000002,매일,3,07:20,17:40,07:40,18:00,280,340
277000003,매일,4,07:10,18:50,07:40,19:20,150,280
277000004,매일,3,06:10,18:30,06:40,19:00,310,430
277000005,매일,11,08:00,18:40,08:50,19:30,30,120
277000006,매일,1,07:00,07:00,07:50,07:50,0,0
277000007,매일,1,14:30,14:30,15:25,15:25,0,0
277000008,매일,1,19:40,19:40,20:10,20:10,0,0
277000009,매일,4,10:10,16:00,11:10,16:50,50,190
277000010,매일,2,09:00,13:50,09:50,14:40,290,290
277000011,매일,2,16:50,19:00,17:40,19:45,130,130
277000012,매일,3,08:10,13:10,09:10,14:00,140,160
277000013,매일,1,06:20,06:20,07:00,07:00,0,0
277000014,매일,2,14:50,18:20,15:50,19:20,210,210
277000015,매일,2,06:40,09:50,07:30,10:30,190,190
277000016,매일,2,07:40,18:00,08:25,18:50,620,620
277000017,매일,1,06:20,06:20,06:50,06:50,0,0
277000018,매일,1,18:30,18:30,19:05,19:05,0,0
277000019,매일,1,08:50,08:50,09:20,09:20,0,0
277000020,매일,2,14:10,17:00,14:45,17:35,170,170
277000021,매일,2,15:00,19:20,15:30,19:50,260,260
277000022,매일,1,06:20,06:20,07:25,07:25,0,0
277000023,매일,2,10:20,13:40,11:30,15:30,200,200
277000024,매일,1,06:10,06:10,07:10,07:10,0,0
277000025,매일,1,17:20,17:20,18:35,18:35,0,0
277000026,매일,5,06:20,17:50,06:45,18:15,130,260
277000027,매일,1,10:20,10:20,10:40,10:40,0,0
277000028,매일,2,13:50,16:30,14:15,16:55,160,160
277000029,매일,1,07:40,07:40,08:00,08:00,0,0
277000030,매일,2,13:10,17:00,14:00,17:50,230,230
277000031,매일,2,08:00,10:10,08:30,10:40,130,130
277000032,매일,2,10:00,19:50,10:25,20:15,590,590
277000033,매일,2,07:30,14:40,08:10,15:30,430,430
277000034,매일,3,06:20,18:00,07:00,18:45,280,420
277000035,매일,1,10:40,10:40,11:25,11:25,0,0
277000036,매일,3,08:20,16:40,09:00,17:20,250,250
277000037,매일,3,11:40,18:50,12:25,19:30,210,220
277000038,매일,1,06:10,06:10,06:45,06:45,0,0
277000039,매일,1,09:00,09:00,09:50,09:50,0,0
277000040,매일,1,16:00,16:00,16:30,16:30,0,0
277000041,매일,1,06:50,06:50,07:10,07:10,0,0
277000042,매일,1,10:30,10:30,10:50,10:50,0,0
277000043,매일,13,07:20,19:30,08:05,20:10,30,110
277000044,매일,4,06:30,17:40,07:10,18:25,100,380
277000048,매일,2,14:00,17:20,14:45,18:00,200,200
277000049,매일,1,06:00,06:00,06:35,06:35,0,0
277000050,매일,1,08:40,08:40,09:20,09:20,0,0
277000051,매일,1,06:30,06:30,06:50,06:50,0,0
277000052,매일,2,14:50,18:50,15:30,19:30,240,240
277000053,매일,1,09:10,09:10,09:40,09:40,0,0
277000054,매일,1,07:00,07:00,07:40,07:40,0,0
277000055,매일,1,15:50,15:50,17:20,17:20,0,0
277000056,매일,1,07:10,07:10,07:50,07:50,0,0
277000057,매일,1,08:30,08:30,09:35,09:35,0,0
277000058,매일,1,19:50,19:50,20:10,20:10,0,0
277000059,매일,1,11:50,11:50,13:20,13:20,0,0
277000060,매일,1,13:00,13:00,13:20,13:20,0,0
277000061,매일,1,06:15,06:15,06:55,06:55,0,0
277000062,매일,1,17:20,17:20,18:05,18:05,0,0
277000063,매일,2,08:40,13:20,09:50,14:30,280,280
277000064,매일,1,18:20,18:20,18:50,18:50,0,0
277000065,매일,1,16:30,16:30,17:35,17:35,0,0
277000066,매일,1,19:00,19:00,19:50,19:50,0,0
277000067,매일,1,08:30,08:30,08:55,08:55,0,0
277000068,매일,1,06:20,06:20,07:05,07:05,0,0
277000069,매일,1,13:30,13:30,14:25,14:25,0,0
277000070,매일,1,18:10,18:10,19:00,19:00,0,0
277000071,매일,2,18:30,19:20,19:15,20:10,50,50
277000072,매일,1,13:10,13:10,14:00,14:00,0,0
277000073,매일,1,11:40,11:40,13:00,13:00,0,0
277000074,매일,1,08:30,08:30,09:30,09:30,0,0
277000075,매일,3,09:20,17:10,10:30,18:30,190,280
277000076,매일,3,06:10,16:20,07:05,17:40,300,310
277000078,매일,1,07:00,07:00,08:10,08:10,0,0
277000079,매일,1,17:50,17:50,19:10,19:10,0,0
277000080,매일,1,07:30,07:30,09:30,09:30,0,0
277000081,매일,2,12:20,14:40,14:00,16:30,140,140
277000082,매일,2,06:00,16:50,07:10,18:00,650,650
277000083,매일,1,09:40,09:40,10:50,10:50,0,0
277000109,매일,12,08:30,17:10,,,100,40
277000110,매일,1,10:30,10:30,11:25,11:25,0,0
277000111,매일,1,06:30,06:30,07:40,07:40,0,0
277000112,매일,1,12:40,12:40,14:50,14:50,0,0
277000113,매일,1,15:10,15:10,16:30,16:30,0,0
277000114,매일,1,15:40,15:40,16:20,16:20,0,0
277000115,매일,1,08:00,08:00,,,0,0
279000001,매일,1,08:50,08:50,09:20,09:20,0,0
279000002,매일,1,17:50,17:50,18:20,18:20,0,0
279000003,매일,1,19:30,19:30,,,0,0
279000004,매일,1,13:40,13:40,14:10,14:10,0,0
279000005,매일,1,15:50,15:50,16:20,16:20,0,0
279000006,매일,1,11:30,11:30,12:10,12:10,0,0
279000007,매일,1,08:00,08:00,08:30,08:30,0,0
279000008,매일,1,08:00,08:00,09:10,09:10,0,0
279000009,매일,1,14:00,14:00,14:40,14:40,0,0
279000010,매일,4,07:30,19:00,07:50,19:20,120,350
279000011,매일,5,07:30,18:40,07:50,19:00,130,210
279000012,매일,1,17:00,17:00,17:30,17:30,0,0
279000013,매일,2,09:20,11:30,09:40,11:50,130,130
279000014,매일,3,06:40,11:20,07:00,14:00,100,180
279000015,매일,1,16:10,16:10,17:20,17:20,0,0
279000016,매일,1,18:50,18:50,19:20,19:20,0,0
279000017,매일,1,13:40,13:40,14:10,14:10,0,0
279000018,매일,2,13:30,20:10,,,400,400
279000019,매일,1,18:00,18:00,,,0,0
279000020,매일,2,10:30,15:50,,,320,320
279000021,매일,1,07:10,07:10,,,0,0
279000022,매일,6,06:40,17:20,,,60,210
279000023,매일,1,16:30,16:30,,,0,0
279000024,매일,1,18:40,18:40,,,0,0
279000025,매일,1,09:00,09:00,,,0,0
279000026,매일,3,06:20,15:00,,,120,400
279000027,매일,1,11:50,11:50,,,0,0
279000028,매일,7,08:40,19:30,08:50,19:40,80,140
279000029,매일,1,19:40,19:40,,,0,0
279000030,매일,1,09:50,09:50,,,0,0
279000031,매일,2,19:50,20:40,,,50,50
279000032,매일,1,13:30,13:30,,,0,0
279000033,매일,1,16:50,16:50,,,0,0
279000034,매일,1,15:10,15:10,,,0,0
279000035,매일,1,10:20,10:20,11:00,11:00,0,0
279000036,매일,1,13:10,13:10,,,0,0
279000037,매일,1,15:20,15:20,,,0,0
279000038,매일,1,17:50,17:50,18:40,18:40,0,0
279000039,매일,1,19:20,19:20,,,0,0
279000040,매일,1,20:00,20:00,,,0,0
279000041,매일,1,15:40,15:40,16:20,16:20,0,0
279000042,매일,1,07:40,07:40,08:20,08:20,0,0
279000043,매일,5,10:30,19:50,11:10,20:10,80,200
279000044,매일,1,08:20,08:20,09:10,09:10,0,0
279000045,매일,3,06:30,19:30,07:00,20:00,100,680
279000046,매일,3,08:20,15:40,09:10,16:30,170,270
279000047,매일,1,13:50,13:50,14:40,14:40,0,0
279000048,매일,1,09:20,09:20,,,0,0
279000049,매일,9,07:20,20:20,08:00,21:00,40,160
279000050,매일,1,06:40,06:40,07:40,07:40,0,0
279000051,매일,2,06:20,18:30,07:10,19:20,730,730
279000052,매일,3,10:50,16:10,11:40,17:00,80,240
279000053,매일,1,09:20,09:20,10:20,10:20,0,0
279000054,매일,1,07:50,07:50,08:40,08:40,0,0
279000056,매일,1,17:50,17:50,18:30,18:30,0,0
279000057,매일,1,08:40,08:40,09:20,09:20,0,0
279000058,매일,1,12:30,12:30,13:10,13:10,0,0
279000059,매일,5,06:30,19:50,07:00,20:20,120,260
279000060,매일,5,08:00,18:10,08:40,18:50,90,240
279000062,매일,1,09:50,09:50,10:20,10:20,0,0
279000063,매일,1,06:50,06:50,07:10,07:10,0,0
279000064,매일,2,14:40,18:40,15:10,19:10,240,240
279000065,매일,4,08:00,17:30,08:30,18:00,150,230
279000066,매일,6,09:40,19:20,10:00,19:40,60,160
279000067,매일,1,07:30,07:30,07:50,07:50,0,0
279000068,매일,1,07:30,07:30,07:40,07:40,0,0
279000069,매일,1,18:00,18:00,18:30,18:30,0,0
279000070,매일,2,13:20,15:30,13:50,16:00,130,130
279000071,매일,1,08:30,08:30,09:00,09:00,0,0
279000072,매일,1,11:30,11:30,12:00,12:00,0,0
279000073,매일,6,06:20,18:40,07:00,19:20,110,190
279000074,매일,2,10:20,15:00,11:10,15:50,280,280
279000075,매일,1,07:30,07:30,08:00,08:00,0,0
279000076,매일,2,09:30,12:40,10:10,13:20,190,190
279000077,매일,3,11:00,17:20,11:40,18:10,180,200
279000078,매일,1,20:10,20:10,20:50,20:50,0,0
279000079,매일,2,06:30,16:00,07:10,16:40,570,570
279000080,매일,1,08:10,08:10,09:00,09:00,0,0
279000081,매일,3,12:40,18:30,,,100,250
279000082,매일,6,06:15,20:20,,,50,285
279000083,매일,2,06:40,11:50,,,310,310
279000084,매일,1,08:20,08:20,,,0,0
279000085,매일,1,07:30,07:30,,,0,0
279000086,매일,1,10:10,10:10,,,0,0
279000087,매일,1,19:20,19:20,,,0,0
279000088,매일,1,06:30,06:30,,,0,0
279000089,매일,2,09:30,17:40,,,490,490
279000090,매일,1,14:20,14:20,,,0,0
279000091,매일,1,17:20,17:20,18:00,18:00,0,0
279000092,매일,1,14:40,14:40,,,0,0
279000093,매일,1,09:10,09:10,,,0,0
279000094,매일,1,06:30,06:30,,,0,0
279000095,매일,2,07:10,09:00,,,110,110
279000096,매일,1,09:50,09:50,10:30,10:30,0,0
279000097,매일,2,17:20,19:00,18:00,19:40,100,100
279000098,매일,1,06:30,06:30,07:00,07:00,0,0
279000099,매일,1,13:50,13:50,14:30,14:30,0,0
279000100,매일,2,08:30,15:40,09:10,16:20,430,430
279000101,매일,1,11:30,11:30,12:10,12:10,0,0
279000102,매일,2,06:40,18:50,06:50,19:00,730,730
279000103,매일,4,09:00,15:20,09:10,15:30,120,140
279000104,매일,6,06:30,19:10,07:00,19:40,100,240
279000105,매일,3,09:00,17:00,09:10,17:20,100,380
279000106,매일,3,08:20,17:30,08:35,17:45,100,450
279000107,매일,1,17:00,17:00,,,0,0
279000108,매일,1,18:10,18:10,,,0,0
279000109,매일,1,07:50,07:50,08:10,08:10,0,0
279000110,매일,1,16:30,16:30,16:40,16:40,0,0
279000111,매일,1,09:40,09:40,,,0,0
279000112,매일,6,06:40,18:40,06:55,18:55,120,240
280000001,매일,9,06:00,06:00,19:30,19:30,20,210
280000002,매일,2,07:00,08:20,,,80,80
280000003,매일,4,08:10,15:50,,,140,180
280000004,매일,4,09:20,17:30,,,140,180
280000005,매일,2,07:20,18:50,,,0,0
280000006,매일,2,09:30,20:10,,,640,640
280000007,매일,5,06:10,17:50,,,120,210
280000008,매일,5,07:10,19:00,,,120,260
280000009,매일,1,06:15,06:15,,,0,0
280000010,매일,1,10:00,10:00,,,0,0
280000011,매일,1,17:30,17:30,,,0,0
280000012,매일,10,08:50,19:30,,,50,180
280000013,매일,1,11:00,11:00,,,0,0
280000014,매일,1,06:50,06:50,,,0,0
280000015,매일,1,10:30,10:30,,,0,0
280000016,매일,1,18:10,18:10,,,0,0
280000018,매일,2,08:10,17:00,08:50,17:25,530,530
280000019,매일,2,10:00,13:40,10:30,14:20,220,220
280000020,매일,2,11:30,15:00,11:55,15:25,210,210
280000021,매일,1,07:10,07:10,07:40,07:40,0,0
280000022,매일,2,07:25,14:00,07:50,14:25,395,395
280000023,매일,1,10:40,10:40,11:10,11:10,0,0
280000024,매일,1,08:20,08:20,08:50,08:50,0,0
280000025,매일,1,19:20,19:20,,,0,0
280000026,매일,1,09:30,15:20,09:55,15:45,160,190
280000027,매일,2,10:10,13:10,,,180,180
280000029,매일,1,18:10,18:10,18:35,18:35,0,0
280000030,매일,1,06:30,06:30,07:30,07:30,0,0
280000031,매일,2,08:30,16:50,,,500,500
280000032,매일,1,11:50,11:50,,,0,0
280000033,매일,4,07:20,19:30,,,70,530
280000034,매일,2,11:20,20:10,,,530,530
280000035,매일,1,07:50,07:50,,,0,0
280000036,매일,1,07:15,07:15,,,0,0
280000037,매일,4,08:50,16:40,,,120,180
280000038,매일,1,06:35,06:35,,,0,0
280000039,매일,1,18:40,18:40,,,0,0
280000040,매일,5,07:40,17:40,,,120,200
280000041,매일,2,11:40,14:50,11:55,15:05,190,190
280000042,매일,1,09:00,09:00,,,0,0
280000043,매일,2,14:00,16:00,,,120,120
280000044,매일,1,06:30,06:30,,,0,0
280000045,매일,1,17:30,17:30,,,0,0
280000046,매일,1,06:30,06:30,,,0,0
280000047,매일,1,09:20,09:20,,,0,0
280000049,매일,2,12:40,17:15,,,275,275
280000050,매일,2,08:35,15:30,,,415,415
280000051,매일,1,07:50,07:50,,,0,0
280000052,매일,1,10:30,10:30,,,0,0
280000053,매일,1,13:50,13:50,,,0,0
280000054,매일,1,16:30,16:30,,,0,0
280000055,매일,1,18:10,18:10,,,0,0
280000056,매일,2,07:00,19:00,,,720,720
280000057,매일,1,06:10,06:10,06:50,06:50,0,0
280000058,매일,6,07:30,18:10,,,100,200
280000059,매일,4,09:10,18:50,09:40,19:20,180,200
280000060,매일,3,07:40,13:50,08:30,14:40,50,320
280000061,매일,2,08:00,14:00,08:20,14:20,360,360
280000062,매일,2,10:50,16:20,11:20,16:50,330,330
280000063,매일,1,18:40,18:40,,,0,0
280000064,매일,2,06:50,16:30,,,580,580
280000065,매일,1,06:40,06:40,,,0,0
280000066,매일,1,06:10,06:10,,,0,0
280000067,매일,1,19:00,19:00,19:20,19:20,0,0
280000068,매일,1,06:20,06:20,,,0,0
280000069,매일,1,19:40,19:40,,,0,0
280000072,매일,5,08:50,18:50,,,110,210
280000073,매일,5,06:00,18:40,,,10,700
280000074,매일,4,08:10,17:40,,,180,200
280000075,매일,5,07:20,18:40,,,160,190
280000076,매일,1,17:30,17:30,18:10,18:10,0,0
280000077,매일,1,06:00,06:00,,,0,0
280000078,매일,1,19:50,19:50,,,0,0
280000079,매일,1,06:30,06:30,07:00,07:00,0,0
280000080,매일,1,08:00,08:00,08:30,08:30,0,0
280000081,매일,3,10:40,17:00,11:10,17:30,190,190
280000082,매일,4,09:20,18:50,09:50,19:20,140,230
280000083,매일,3,09:30,16:00,,,170,200
280000084,매일,4,08:10,17:40,,,150,220
280000085,매일,1,19:40,19:40,,,0,0
280000086,매일,4,07:40,15:40,08:00,16:00,150,180
280000087,매일,3,08:50,14:30,09:25,15:15,140,200
280000089,매일,1,06:25,06:25,06:50,06:50,0,0
280000094,매일,1,19:50,19:50,,,0,0
280000095,매일,1,06:10,06:10,06:35,06:35,0,0
280000096,매일,3,07:50,17:20,08:15,17:35,180,390
280000097,매일,3,09:20,18:50,10:00,19:30,70,250
280000098,매일,3,08:50,16:00,09:05,16:45,210,250
280000100,매일,1,06:10,06:10,,,0,0
280000101,매일,1,07:00,07:00,,,0,0
280000102,매일,2,09:20,09:20,14:30,14:30,310,310
280000103,매일,2,10:00,10:00,16:30,16:30,390,390
280000105,매일,1,07:50,11:40,,,230,230
280000106,매일,5,06:20,18:00,,,90,280
280000107,매일,1,08:10,19:05,,,225,430
280000108,매일,1,18:30,18:30,,,0,0
280000109,매일,1,19:30,19:30,,,0,0
280000110,매일,2,06:30,17:30,07:00,18:00,660,660
280000111,매일,3,07:50,14:10,08:20,14:40,130,250
280000112,매일,2,08:40,13:10,09:10,13:40,270,270
280000113,매일,1,11:00,11:00,11:30,11:30,0,0
280000114,매일,2,15:10,18:50,15:40,19:20,220,220
280000115,매일,1,16:10,16:10,16:40,16:40,0,0
280000117,매일,4,09:20,17:30,,,140,180
280000118,매일,4,10:30,18:50,,,140,180
280000119,매일,1,06:15,06:15,,,0,0
280000120,매일,1,09:40,09:40,,,0,0
280000121,매일,1,11:20,11:20,,,0,0
280000122,매일,1,12:15,12:15,,,0,0
280000123,매일,1,13:40,13:40,,,0,0
280000124,매일,1,14:45,14:45,,,0,0
280000125,매일,1,18:15,18:15,,,0,0
280000126,매일,1,06:10,06:10,06:40,06:40,0,0
280000127,매일,3,07:10,17:40,07:30,18:00,190,440
280000128,매일,1,08:00,08:00,08:40,08:40,0,0
280000129,매일,4,07:40,18:40,,,110,240
280000130,매일,1,13:30,13:30,13:45,13:45,0,0
280000131,매일,1,15:40,15:40,16:10,16:10,0,0
280000132,매일,1,19:30,19:30,,,0,0
280000133,매일,5,07:00,18:40,,,120,300
280000134,매일,5,08:00,19:40,,,130,270
280000135,매일,1,06:20,06:20,,,0,0
280000137,매일,1,09:20,09:20,09:50,09:50,0,0
280000138,매일,1,10:20,10:20,10:50,10:50,0,0
280000139,매일,1,12:30,12:30,13:00,13:00,0,0
280000140,매일,1,13:50,13:50,14:20,14:20,0,0
280000141,매일,1,15:10,15:10,15:40,15:40,0,0
280000142,매일,1,16:40,16:40,17:10,17:10,0,0
280000143,매일,1,18:10,18:10,18:40,18:40,0,0
280000144,매일,1,19:20,19:20,,,0,0
280000146,매일,3,07:20,15:30,,,240,250
280000147,매일,3,10:10,16:50,10:30,17:10,150,250
280000148,매일,2,12:50,18:50,13:30,19:30,360,360
280000149,매일,2,06:50,16:40,,,590,590
280000150,매일,1,09:15,09:15,,,0,0
280000151,매일,3,10:50,10:50,18:00,18:00,210,220
280000153,매일,3,08:00,19:40,,,190,510
280000154,매일,3,08:40,20:00,,,280,400
280000155,매일,2,09:45,17:10,,,445,445
280000156,매일,1,11:30,11:30,,,0,0
280000157,매일,1,14:00,14:00,,,0,0
280000159,매일,10,06:30,18:40,,,40,120
280000160,매일,10,07:10,19:30,,,60,110
280000161,매일,8,07:00,16:30,,,60,100
280000162,매일,9,09:00,19:40,,,40,100
280000163,매일,2,18:00,19:00,,,60,60
280000164,매일,1,07:50,07:50,,,0,0
280000165,토요일,1,07:30,07:30,07:40,07:40,0,0
280000165,평일,1,07:10,07:10,07:20,07:20,0,0
280000165,공휴일,1,07:30,07:30,07:40,07:40,0,0
280000166,매일,1,07:30,07:30,,,0,0
280000168,매일,1,08:30,13:00,,,0,0
280000169,매일,4,09:00,19:35,,,320,45
280000170,매일,1,09:30,09:30,,,0,0
280000171,매일,1,10:10,10:10,,,0,0
280000172,매일,3,11:00,16:00,,,120,180
280000173,매일,3,11:45,16:45,,,120,180
280000174,매일,2,06:40,17:20,07:05,17:45,640,640
280000175,매일,4,07:40,18:20,,,170,260
280000177,매일,3,09:00,16:50,,,230,240
280000178,매일,2,09:30,13:55,10:15,14:40,265,265
280000179,매일,2,10:30,13:30,10:50,13:50,180,180
280000181,매일,1,06:20,06:20,,,0,0
280000182,매일,1,06:40,06:40,,,0,0
280000183,매일,1,08:10,08:10,08:30,08:30,0,0
280000184,매일,3,09:30,18:40,,,240,290
280000185,매일,1,10:10,14:30,,,260,260
280000186,매일,1,12:30,12:30,12:55,12:55,0,0
280000187,매일,1,15:20,15:20,15:50,15:50,0,0
280000188,매일,1,17:10,17:10,,17:30,0,1730
280000189,매일,1,19:10,19:10,,,0,0
280000190,매일,1,18:00,18:00,,,0,0
280000191,매일,1,13:30,13:30,,,0,0
280000192,매일,1,09:00,09:00,,,0,0
280000193,매일,1,15:00,15:00,,,0,0
281000001,매일,1,06:50,06:50,,,0,0
281000002,매일,1,06:50,06:50,07:30,07:30,0,0
281000003,매일,1,17:20,17:20,18:10,18:10,0,0
281000004,매일,1,14:10,14:10,15:00,15:00,0,0
281000005,매일,1,09:20,09:20,,,0,0
281000006,매일,1,18:20,18:20,18:30,18:30,0,0
281000007,매일,1,06:40,06:40,,,0,0
281000008,매일,1,07:00,07:00,,,0,0
281000009,매일,1,07:30,07:30,,,0,0
281000010,매일,1,10:20,10:20,,,0,0
281000011,매일,3,11:40,15:40,,,90,150
281000012,매일,1,14:40,14:40,,,0,0
281000013,매일,1,12:00,12:00,12:30,12:30,0,0
281000014,매일,1,17:00,17:00,,,0,0
281000015,매일,6,07:10,20:20,,,50,420
281000016,매일,1,09:10,09:10,,,0,0
281000017,매일,2,15:10,16:20,,,70,70
281000018,매일,1,18:20,18:20,,,0,0
281000019,매일,1,11:10,11:10,,,0,0
281000020,매일,1,19:20,19:20,,,0,0
281000021,매일,1,14:00,14:00,,,0,0
281000022,매일,1,06:50,06:50,07:20,07:20,0,0
281000023,매일,1,10:30,10:30,10:50,10:50,0,0
281000024,매일,1,08:00,08:00,,,0,0
281000025,매일,1,13:00,13:00,,,0,0
281000026,매일,1,16:00,16:00,16:20,16:20,0,0
281000027,매일,1,06:50,06:50,,,0,0
281000028,매일,1,07:00,07:00,,,0,0
281000029,매일,1,19:20,19:20,,,0,0
281000030,매일,1,06:40,06:40,07:00,07:00,0,0
281000031,매일,18,06:40,20:00,,,10,100
281000032,매일,1,18:40,18:40,,,0,0
281000033,매일,19,07:00,20:30,,,20,90
281000034,매일,1,08:00,08:00,,,0,0
281000035,매일,3,13:00,18:00,13:40,18:40,140,160
281000036,매일,4,09:00,14:20,09:40,15:00,70,160
281000037,매일,1,17:00,17:00,17:40,17:40,0,0
281000038,매일,1,19:50,19:50,,,0,0
281000040,매일,2,06:50,12:00,07:00,12:20,310,310
281000041,매일,1,09:00,09:00,09:20,09:20,0,0
281000042,매일,1,14:00,14:00,14:10,14:10,0,0
281000043,매일,1,17:40,17:40,18:00,18:00,0,0
281000044,매일,2,09:40,14:00,09:50,14:10,260,260
281000045,매일,2,06:50,19:00,07:00,19:10,730,730
281000046,매일,4,09:50,16:00,10:00,16:20,10,190
281000047,매일,1,14:40,14:40,15:00,15:00,0,0
281000048,매일,9,07:50,19:30,,,40,240
281000049,매일,2,06:40,18:40,,,720,720
281000050,매일,1,07:10,07:10,,,0,0
281000051,매일,1,09:20,09:20,,,0,0
281000052,매일,1,10:20,10:20,,,0,0
281000053,매일,1,11:50,11:50,,,0,0
281000054,매일,1,16:00,16:00,,,0,0
281000055,매일,1,14:50,14:50,,,0,0
281000056,매일,12,07:20,20:10,,,30,160
281000057,매일,1,08:40,08:40,,,0,0
281000058,매일,1,09:40,09:40,,,0,0
281000059,매일,2,14:10,16:00,,,110,110
281000060,매일,1,18:00,18:00,,,0,0
281000061,매일,4,07:30,15:40,07:40,15:50,110,220
281000062,매일,3,08:30,16:00,09:00,16:30,190,260
281000063,매일,1,10:00,10:00,10:40,10:40,0,0
281000064,매일,1,19:30,19:30,,,0,0
281000065,매일,1,17:40,17:40,18:10,18:10,0,0
281000066,매일,1,06:20,06:20,,,0,0
281000067,매일,1,14:40,14:40,15:20,15:20,0,0
281000068,매일,4,08:20,18:40,08:40,19:00,150,280
281000069,매일,2,07:00,09:40,07:30,10:00,160,160
281000070,매일,1,17:50,17:50,18:10,18:10,0,0
281000071,매일,1,13:30,13:30,14:10,14:10,0,0
281000072,매일,2,07:30,19:30,07:40,19:40,720,720
281000073,매일,4,08:30,17:10,08:50,17:30,140,190
281000074,매일,4,12:50,19:30,13:10,19:50,60,190
281000075,매일,1,06:40,06:40,07:00,07:00,0,0
281000076,매일,1,06:30,06:30,,,0,0
281000077,매일,2,07:40,14:00,08:00,14:20,380,380
281000078,매일,2,08:50,10:40,09:20,11:20,110,110
281000079,매일,1,17:10,17:10,17:30,17:30,0,0
281000080,매일,1,09:40,09:40,10:20,10:20,0,0
281000081,매일,1,15:20,15:20,15:40,15:40,0,0
281000082,매일,5,07:50,17:40,08:00,17:50,60,200
281000083,매일,2,09:10,19:00,09:20,19:10,590,590
281000084,매일,1,16:30,16:30,16:50,16:50,0,0
281000085,매일,5,10:30,19:10,,,0,390
281000086,매일,2,09:10,14:40,,,330,330
281000087,매일,2,13:00,17:40,,,280,280
281000088,매일,1,07:50,07:50,,,0,0
281000089,매일,1,13:50,13:50,,,0,0
281000090,매일,1,15:30,15:30,,,0,0
281000091,매일,1,07:10,07:10,07:30,07:30,0,0
281000092,매일,1,06:30,06:30,07:00,07:00,0,0
281000093,매일,2,11:20,20:10,11:40,20:30,530,530
281000094,매일,1,08:40,08:40,09:20,09:20,0,0
281000095,매일,2,06:50,19:40,07:10,20:00,770,770
281000096,매일,1,07:30,07:30,07:45,07:45,0,0
281000097,매일,1,10:50,10:50,11:10,11:10,0,0
281000098,매일,1,18:00,18:00,18:20,18:20,0,0
281000099,매일,1,09:40,09:40,10:10,10:10,0,0
281000100,매일,2,12:30,14:40,13:00,15:10,130,130
281000101,매일,1,16:20,16:20,16:50,16:50,0,0
281000102,매일,1,11:40,11:40,12:10,12:10,0,0
281000103,매일,1,09:40,09:40,10:10,10:10,0,0
281000104,매일,1,07:10,07:10,07:30,07:30,0,0
281000105,매일,1,08:00,08:00,08:30,08:30,0,0
281000106,매일,1,18:20,18:20,18:40,18:40,0,0
281000107,매일,1,14:00,14:00,14:30,14:30,0,0
281000108,매일,1,15:10,15:10,15:40,15:40,0,0
281000109,매일,1,17:00,17:00,17:30,17:30,0,0
281000110,매일,1,06:50,06:50,07:30,07:30,0,0
281000111,매일,1,08:30,08:30,08:50,08:50,0,0
281000112,매일,1,09:30,09:30,10:10,10:10,0,0
281000113,매일,1,10:40,10:40,11:10,11:10,0,0
281000114,매일,1,12:00,12:00,12:20,12:20,0,0
281000115,매일,1,07:50,07:50,08:20,08:20,0,0
281000116,매일,1,16:00,16:00,16:20,16:20,0,0
281000117,매일,1,17:00,17:00,17:20,17:20,0,0
281000118,매일,1,18:10,18:10,18:30,18:30,0,0
281000119,매일,1,19:30,19:30,20:00,20:00,0,0
281000120,매일,7,07:20,19:30,07:30,19:40,100,150
281000121,매일,1,07:20,07:20,,,0,0
281000122,매일,3,11:20,20:10,,,235,295
281000123,매일,3,06:40,14:00,,,170,270
281000124,매일,1,12:10,12:10,12:40,12:40,0,0
281000125,매일,1,06:20,06:20,,,0,0
281000126,매일,1,08:40,08:40,,,0,0
281000127,매일,4,13:00,19:20,13:30,19:50,30,260
281000128,매일,1,15:40,15:40,16:10,16:10,0,0
281000129,매일,2,08:10,16:20,08:50,17:10,490,490
281000130,매일,2,10:20,18:10,10:50,18:40,470,470
281000131,매일,1,08:50,08:50,09:10,09:10,0,0
281000132,매일,1,10:00,10:00,10:20,10:20,0,0
281000133,매일,2,14:50,19:40,15:10,20:00,290,290
281000134,매일,1,16:30,16:30,16:50,16:50,0,0
281000135,매일,1,08:30,08:30,09:00,09:00,0,0
281000136,매일,9,08:20,19:30,,,50,170
281000137,매일,1,07:20,07:20,07:50,07:50,0,0
281000138,매일,2,09:20,14:00,10:00,14:30,280,280
281000139,매일,9,08:10,19:20,,,60,170
281000140,매일,1,16:00,16:00,16:30,16:30,0,0
281000141,매일,1,19:00,19:00,19:30,19:30,0,0
281000142,매일,1,14:50,14:50,15:20,15:20,0,0
281000143,매일,1,17:00,17:00,10:50,10:50,0,0
281000144,매일,1,06:50,06:50,07:10,07:10,0,0
281000145,매일,1,18:20,18:20,18:40,18:40,0,0
281000146,매일,1,13:20,13:20,13:40,13:40,0,0
281000149,매일,1,09:10,09:10,,,0,0
281000150,매일,1,09:10,09:10,,,0,0
281000151,매일,1,07:30,07:30,,,0,0
281000152,매일,1,07:05,07:05,,,0,0
281000153,매일,1,07:20,07:20,,,0,0
281000154,매일,1,07:00,07:00,,,0,0
281000155,매일,1,09:40,09:40,,,0,0
281000156,매일,1,12:00,12:00,,,0,0
281000157,매일,1,08:20,08:20,08:40,08:40,0,0
281000158,매일,1,19:30,19:30,19:50,19:50,0,0
281000159,매일,1,14:50,14:50,15:10,15:10,0,0
281000160,매일,1,12:40,12:40,13:00,13:00,0,0
281000161,매일,1,18:10,18:10,18:30,18:30,0,0
281000162,매일,1,10:30,10:30,17:20,17:20,0,0
281000163,매일,1,20:00,20:00,,,0,0
281000164,매일,1,13:10,13:10,,,0,0
281000165,매일,1,19:20,19:20,,,0,0
281000166,매일,1,08:30,08:30,,,0,0
281000167,매일,1,11:50,11:50,12:30,12:30,0,0
281000168,매일,1,11:30,11:30,12:00,12:00,0,0
281000169,매일,1,13:20,13:20,13:50,13:50,0,0
281000170,매일,4,07:00,16:20,,,140,270
281000171,매일,4,06:50,16:40,,,130,300
281000172,매일,4,07:10,17:20,,,140,320
281000173,매일,4,07:00,17:00,,,150,300
281000174,매일,1,19:30,19:30,,,0,0
281000175,매일,1,19:00,19:00,,,0,0
281000176,매일,1,19:00,19:00,,,0,0
281000177,매일,1,18:40,18:40,,,0,0
281000180,매일,1,18:40,18:40,,,0,0
281000181,매일,1,17:40,17:40,,,0,0
282000101,평일,11,07:45,19:00,09:10,20:10,30,150
282000101,토요일,11,07:45,19:00,09:10,20:10,30,150
282000101,공휴일,11,07:45,19:00,09:10,20:10,30,150
282000103,평일,1,09:35,09:35,10:20,10:20,0,0
282000103,공휴일,1,09:35,09:35,10:20,10:20,0,0
282000103,토요일,1,09:35,09:35,10:20,10:20,0,0
282000104,토요일,1,06:35,06:35,,,0,0
282000104,평일,1,06:35,06:35,,,0,0
282000104,공휴일,1,06:35,06:35,,,0,0
282000105,공휴일,1,16:05,16:05,17:30,17:30,0,0
282000105,토요일,1,16:05,16:05,17:30,17:30,0,0
282000105,평일,1,16:05,16:05,17:30,17:30,0,0
282000106,평일,1,05:55,05:55,06:50,06:50,0,0
282000106,토요일,1,05:55,05:55,06:50,06:50,0,0
282000106,공휴일,1,05:55,05:55,06:50,06:50,0,0
282000107,공휴일,1,15:15,15:15,16:50,16:50,0,0
282000107,토요일,1,15:15,15:15,16:50,16:50,0,0
282000107,평일,1,15:15,15:15,16:50,16:50,0,0
282000108,평일,1,09:20,09:20,10:45,10:45,0,0
282000108,토요일,1,09:20,09:20,10:45,10:45,0,0
282000108,공휴일,1,09:20,09:20,10:45,10:45,0,0
282000111,평일,3,08:40,17:40,09:40,19:00,210,330
282000111,토요일,3,08:40,17:40,09:40,19:00,210,330
282000111,공휴일,3,08:40,17:40,09:40,19:00,210,330
282000201,공휴일,1,07:25,07:25,07:55,07:55,0,0
282000201,토요일,1,07:25,07:25,07:55,07:55,0,0
282000201,평일,1,07:25,07:25,07:55,07:55,0,0
282000202,공휴일,1,20:35,20:35,21:10,21:10,0,0
282000202,토요일,1,20:35,20:35,21:10,21:10,0,0
282000202,평일,1,20:35,20:35,21:10,21:10,0,0
282000203,평일,2,16:40,21:20,17:10,21:50,280,280
282000203,공휴일,2,16:40,21:20,17:10,21:50,280,280
282000203,토요일,2,16:40,21:20,17:10,21:50,280,280
282000204,평일,1,09:40,09:40,10:20,10:20,0,0
282000204,공휴일,1,09:40,09:40,10:20,10:20,0,0
282000204,토요일,1,09:40,09:40,10:20,10:20,0,0
282000211,평일,1,08:20,08:20,09:00,09:00,0,0
282000211,공휴일,1,08:20,08:20,09:00,09:00,0,0
282000211,토요일,1,08:20,08:20,09:00,09:00,0,0
282000212,평일,1,15:35,15:35,15:55,15:55,0,0
282000212,토요일,1,15:35,15:35,15:55,15:55,0,0
282000212,공휴일,1,15:35,15:35,15:55,15:55,0,0
282000213,평일,2,10:15,15:40,,,325,325
282000213,토요일,2,10:15,15:40,,,325,325
282000213,공휴일,2,10:15,15:40,,,325,325
282000214,평일,1,19:25,19:25,,,0,0
282000214,토요일,1,19:25,19:25,,,0,0
282000214,공휴일,1,19:25,19:25,,,0,0
282000221,평일,1,18:20,18:20,19:05,19:05,0,0
282000221,토요일,1,18:20,18:20,19:05,19:05,0,0
282000221,공휴일,1,18:20,18:20,19:05,19:05,0,0
282000222,토요일,1,07:35,07:35,08:10,08:10,0,0
282000222,공휴일,1,07:35,07:35,08:10,08:10,0,0
282000222,평일,1,07:35,07:35,08:10,08:10,0,0
282000223,공휴일,1,16:25,16:25,17:10,17:10,0,0
282000223,토요일,1,16:25,16:25,17:10,17:10,0,0
282000223,평일,1,16:25,16:25,17:10,17:10,0,0
282000301,평일,2,07:05,18:20,07:20,18:50,675,675
282000301,토요일,2,07:05,18:20,07:20,18:50,675,675
282000301,공휴일,2,07:05,18:20,07:20,18:50,675,675
282000302,평일,1,09:50,09:50,,,0,0
282000302,토요일,1,09:50,09:50,,,0,0
282000302,공휴일,1,09:50,09:50,,,0,0
282000303,공휴일,2,08:30,14:05,09:20,14:55,335,335
282000303,평일,2,08:30,14:05,09:20,14:55,335,335
282000303,토요일,2,08:30,14:55,09:20,09:20,385,385
282000304,공휴일,8,08:00,19:55,08:30,20:20,45,210
282000304,토요일,8,08:00,19:55,08:30,20:20,45,210
282000304,평일,8,08:00,19:55,08:30,20:20,45,210
282000401,평일,1,12:20,12:20,,,0,0
282000401,토요일,1,12:20,12:20,,,0,0
282000401,공휴일,1,12:20,12:20,,,0,0
282000402,평일,2,10:55,16:10,11:45,17:15,315,315
282000402,토요일,2,10:55,16:10,11:45,17:15,315,315
282000402,공휴일,2,10:55,16:10,11:45,17:15,315,315
282000403,평일,1,08:15,08:15,09:05,09:05,0,0
282000403,토요일,1,08:15,08:15,09:05,09:05,0,0
282000403,공휴일,1,08:15,08:15,09:05,09:05,0,0
282000404,평일,2,14:25,18:45,15:20,19:35,260,260
282000404,토요일,2,14:25,18:45,15:20,19:35,260,260
282000404,공휴일,2,14:25,18:45,15:20,19:35,260,260
282000405,공휴일,1,06:40,06:40,07:20,07:20,0,0
282000405,평일,1,06:40,06:40,07:20,07:20,0,0
282000405,토요일,1,06:40,06:40,07:20,07:20,0,0
282000412,평일,1,08:35,08:35,09:50,09:50,0,0
282000412,토요일,1,08:35,08:35,09:50,09:50,0,0
282000412,공휴일,1,08:35,08:35,09:50,09:50,0,0
282000413,공휴일,1,13:55,13:55,14:50,14:50,0,0
282000413,토요일,1,13:55,13:55,14:50,14:50,0,0
282000413,평일,1,13:55,13:55,14:50,14:50,0,0
282000414,공휴일,1,16:50,16:50,17:50,17:50,0,0
282000414,토요일,1,16:50,16:50,17:50,17:50,0,0
282000414,평일,1,16:50,16:50,17:50,17:50,0,0
282000415,공휴일,1,06:10,06:10,07:00,07:00,0,0
282000415,토요일,1,06:10,06:10,07:00,07:00,0,0
282000415,평일,1,06:10,06:10,07:00,07:00,0,0
282000416,토요일,1,07:30,07:30,08:30,08:30,0,0
282000416,평일,1,07:30,07:30,08:30,08:30,0,0
282000416,공휴일,1,07:30,07:30,08:30,08:30,0,0
282000417,평일,1,19:00,19:00,19:50,19:50,0,0
282000417,토요일,1,19:00,19:00,19:50,19:50,0,0
282000417,공휴일,1,19:00,19:00,19:50,19:50,0,0
282000501,공휴일,1,20:30,20:30,21:00,21:00,0,0
282000501,토요일,1,20:30,20:30,21:00,21:00,0,0
282000501,평일,1,20:30,20:30,21:00,21:00,0,0
282000502,평일,1,10:05,10:05,10:30,10:30,0,0
282000502,토요일,1,10:05,10:05,10:30,10:30,0,0
282000502,공휴일,1,10:05,10:05,10:30,10:30,0,0
282000503,토요일,1,06:35,06:35,06:55,06:55,0,0
282000503,공휴일,1,06:35,06:35,06:55,06:55,0,0
282000503,평일,1,06:35,06:35,06:55,06:55,0,0
282000504,토요일,1,21:05,21:05,21:30,21:30,0,0
282000504,공휴일,1,21:05,21:05,21:30,21:30,0,0
282000504,평일,1,21:05,21:05,21:30,21:30,0,0
282000511,토요일,1,07:50,07:50,08:20,08:20,0,0
282000511,공휴일,1,07:50,07:50,08:20,08:20,0,0
282000511,평일,1,07:50,07:50,08:20,08:20,0,0
282000512,공휴일,1,11:10,11:10,11:40,11:40,0,0
282000512,토요일,1,11:10,11:10,11:40,11:40,0,0
282000512,평일,1,11:10,11:10,11:40,11:40,0,0
282000513,토요일,1,16:40,16:40,17:15,17:15,0,0
282000513,공휴일,1,16:40,16:40,17:15,17:15,0,0
282000513,평일,1,16:40,16:40,17:15,17:15,0,0
282000515,토요일,1,06:45,06:45,07:40,07:40,0,0
282000515,공휴일,1,06:45,06:45,07:40,07:40,0,0
282000515,평일,1,06:45,06:45,07:40,07:40,0,0
282000516,토요일,1,07:40,07:40,09:05,09:05,0,0
282000516,평일,1,07:40,07:40,09:05,09:05,0,0
282000516,공휴일,1,07:40,07:40,09:05,09:05,0,0
282000517,평일,2,12:55,17:00,14:00,17:55,245,245
282000517,토요일,2,12:55,17:00,14:00,17:55,245,245
282000517,공휴일,2,12:55,17:00,14:00,17:55,245,245
282000518,평일,1,15:00,15:00,15:55,15:55,0,0
282000518,토요일,1,15:00,15:00,15:55,15:55,0,0
282000518,공휴일,1,15:00,15:00,15:55,15:55,0,0
282000521,평일,2,13:10,14:45,14:10,15:50,95,95
282000521,토요일,2,13:10,14:45,14:10,15:50,95,95
282000521,공휴일,2,13:10,14:45,14:10,15:50,95,95
282000522,평일,1,08:55,08:55,09:50,09:50,0,0
282000522,토요일,1,08:55,08:55,09:50,09:50,0,0
282000522,공휴일,1,08:55,08:55,09:50,09:50,0,0
282000523,공휴일,2,10:25,17:40,11:15,18:40,435,435
282000523,토요일,2,10:25,17:40,11:15,18:40,435,435
282000523,평일,2,10:25,17:40,11:15,18:40,435,435
282000531,평일,1,06:15,06:15,07:20,07:20,0,0
282000531,토요일,1,06:15,06:15,07:20,07:20,0,0
282000531,공휴일,1,06:15,06:15,07:20,07:20,0,0
282000532,평일,1,08:00,08:00,08:50,08:50,0,0
282000532,토요일,1,08:00,08:00,08:50,08:50,0,0
282000532,공휴일,1,08:00,08:00,08:50,08:50,0,0
282000533,평일,1,12:35,12:35,13:45,13:45,0,0
282000533,토요일,1,12:35,12:35,13:45,13:45,0,0
282000533,공휴일,1,12:35,12:35,13:45,13:45,0,0
282000534,평일,1,15:10,15:10,16:15,16:15,0,0
282000534,토요일,1,15:10,15:10,16:15,16:15,0,0
282000534,공휴일,1,15:10,15:10,16:15,16:15,0,0
282000535,평일,1,13:40,13:40,14:50,14:50,0,0
282000535,토요일,1,13:40,13:40,14:50,14:50,0,0
282000535,공휴일,1,13:40,13:40,14:50,14:50,0,0
282000536,공휴일,1,16:25,16:25,17:35,17:35,0,0
282000536,토요일,1,16:25,16:25,17:35,17:35,0,0
282000536,평일,1,16:25,16:25,17:35,17:35,0,0
282000537,평일,1,19:30,19:30,20:15,20:15,0,0
282000537,토요일,1,19:30,19:30,20:15,20:15,0,0
282000537,공휴일,1,19:30,19:30,20:15,20:15,0,0
282000538,평일,2,09:30,18:25,10:45,19:30,535,535
282000538,토요일,2,09:30,18:25,10:45,19:30,535,535
282000538,공휴일,2,09:30,18:25,10:45,19:30,535,535
282000601,토요일,1,08:10,08:10,,,0,0
282000601,평일,1,08:10,08:10,,,0,0
282000601,공휴일,1,08:10,08:10,,,0,0
282000602,공휴일,1,06:25,06:25,07:05,07:05,0,0
282000602,토요일,1,06:25,06:25,07:05,07:05,0,0
282000602,평일,1,06:25,06:25,07:05,07:05,0,0
282000603,평일,1,15:20,15:20,16:05,16:05,0,0
282000603,토요일,1,15:20,15:20,16:05,16:05,0,0
282000603,공휴일,1,15:20,15:20,16:05,16:05,0,0
282000605,공휴일,1,18:55,18:55,19:35,19:35,0,0
282000605,토요일,1,18:55,18:55,19:35,19:35,0,0
282000605,평일,1,18:55,18:55,19:35,19:35,0,0
282000611,평일,1,09:05,09:05,10:10,10:10,0,0
282000611,토요일,1,09:05,09:05,10:10,10:10,0,0
282000611,공휴일,1,09:05,09:05,10:10,10:10,0,0
282000612,공휴일,1,12:55,12:55,13:55,13:55,0,0
282000612,토요일,1,12:55,12:55,13:55,13:55,0,0
282000612,평일,1,12:55,12:55,13:55,13:55,0,0
282000613,평일,1,18:40,18:40,19:35,19:35,0,0
282000613,토요일,1,18:40,18:40,19:35,19:35,0,0
282000613,공휴일,1,18:40,18:40,19:35,19:35,0,0
282000621,평일,1,06:35,06:35,07:25,07:25,0,0
282000621,토요일,1,06:35,06:35,07:25,07:25,0,0
282000621,공휴일,1,06:35,06:35,07:25,07:25,0,0
282000622,평일,4,07:30,17:05,08:30,18:00,130,300
282000622,토요일,4,07:30,17:05,08:30,18:00,130,300
282000622,공휴일,4,07:30,17:05,08:30,18:00,130,300
282000623,평일,2,08:25,18:25,09:35,19:10,600,600
282000623,토요일,2,08:25,18:25,09:35,19:10,600,600
282000623,공휴일,2,08:25,18:25,09:35,19:10,600,600
282000624,공휴일,1,15:45,15:45,16:20,16:20,0,0
282000624,토요일,1,15:45,15:45,16:20,16:20,0,0
282000624,평일,1,15:45,15:45,16:20,16:20,0,0
282000625,공휴일,2,06:40,15:50,07:20,16:30,550,550
282000625,토요일,2,06:40,15:50,07:20,16:30,550,550
282000625,평일,2,06:40,15:50,07:20,16:30,550,550
282000631,공휴일,1,06:45,06:45,07:20,07:20,0,0
282000631,토요일,1,06:45,06:45,07:20,07:20,0,0
282000631,평일,1,06:45,06:45,07:20,07:20,0,0
282000632,토요일,1,07:35,07:35,08:40,08:40,0,0
282000632,공휴일,1,07:35,07:35,08:40,08:40,0,0
282000632,평일,1,07:35,07:35,08:40,08:40,0,0
282000633,공휴일,1,18:05,18:05,18:45,18:45,0,0
282000633,평일,1,18:05,18:05,18:45,18:45,0,0
282000633,토요일,1,18:05,18:05,18:45,18:45,0,0
282000634,평일,1,12:30,12:30,14:05,14:05,0,0
282000634,토요일,1,12:30,12:30,14:05,14:05,0,0
282000634,공휴일,1,12:30,12:30,14:05,14:05,0,0
282000635,평일,1,15:30,15:30,16:30,16:30,0,0
282000635,토요일,1,15:30,15:30,16:30,16:30,0,0
282000635,공휴일,1,15:30,15:30,16:30,16:30,0,0
282000636,공휴일,1,10:10,10:10,11:10,11:10,0,0
282000636,토요일,1,10:10,10:10,11:10,11:10,0,0
282000636,평일,1,10:10,10:10,11:10,11:10,0,0
282000637,토요일,1,12:40,12:40,13:40,13:40,0,0
282000637,공휴일,1,12:40,12:40,13:40,13:40,0,0
282000637,평일,1,12:40,12:40,13:40,13:40,0,0
282000701,평일,1,06:55,06:55,08:45,08:45,0,0
282000701,토요일,1,06:55,06:55,08:45,08:45,0,0
282000701,공휴일,1,06:55,06:55,08:45,08:45,0,0
282000702,평일,1,12:15,12:15,,,0,0
282000702,공휴일,1,12:15,12:15,,,0,0
282000702,토요일,1,12:15,12:15,,,0,0
282000703,평일,1,13:25,13:25,14:50,14:50,0,0
282000703,토요일,1,13:25,13:25,14:50,14:50,0,0
282000703,공휴일,1,13:25,13:25,14:50,14:50,0,0
282000704,평일,1,16:55,16:55,18:00,18:00,0,0
282000704,토요일,1,16:55,16:55,18:00,18:00,0,0
282000704,공휴일,1,16:55,16:55,18:00,18:00,0,0
282000801,평일,1,06:45,06:45,07:10,07:10,0,0
282000801,공휴일,1,06:45,06:45,07:10,07:10,0,0
282000801,토요일,1,06:45,06:45,07:10,07:10,0,0
282000802,공휴일,1,11:25,11:25,12:30,12:30,0,0
282000802,토요일,1,11:25,11:25,12:30,12:30,0,0
282000802,평일,1,11:25,11:25,12:30,12:30,0,0
282000803,공휴일,1,07:40,07:40,09:10,09:10,0,0
282000803,토요일,1,07:40,07:40,09:10,09:10,0,0
282000803,평일,1,07:40,07:40,09:10,09:10,0,0
282000804,토요일,1,13:35,13:35,14:45,14:45,0,0
282000804,평일,1,13:35,13:35,14:45,14:45,0,0
282000804,공휴일,1,13:35,13:35,14:45,14:45,0,0
282000805,공휴일,1,15:25,15:25,16:00,16:00,0,0
282000805,토요일,1,15:25,15:25,16:00,16:00,0,0
282000805,평일,1,15:25,15:25,16:00,16:00,0,0
282000806,평일,1,17:20,17:20,18:20,18:20,0,0
282000806,토요일,1,17:20,17:20,18:20,18:20,0,0
282000806,공휴일,1,17:20,17:20,18:20,18:20,0,0
282000807,평일,1,19:00,19:00,20:10,20:10,0,0
282000807,토요일,1,19:00,19:00,20:10,20:10,0,0
282000807,공휴일,1,19:00,19:00,20:10,20:10,0,0
282000811,평일,1,06:40,06:40,07:15,07:15,0,0
282000811,토요일,1,06:40,06:40,07:15,07:15,0,0
282000811,공휴일,1,06:40,06:40,07:15,07:15,0,0
282000812,공휴일,1,07:55,07:55,08:55,08:55,0,0
282000812,토요일,1,07:55,07:55,08:55,08:55,0,0
282000812,평일,1,07:55,07:55,08:55,08:55,0,0
282000813,토요일,1,12:25,12:25,13:15,13:15,0,0
282000813,공휴일,1,12:25,12:25,13:15,13:15,0,0
282000813,평일,1,12:25,12:25,13:15,13:15,0,0
282000814,평일,1,15:45,15:45,16:30,16:30,0,0
282000814,토요일,1,15:45,15:45,16:30,16:30,0,0
282000814,공휴일,1,15:45,15:45,16:30,16:30,0,0
282000815,평일,1,16:55,16:55,,,0,0
282000815,토요일,1,16:55,16:55,,,0,0
282000815,공휴일,1,16:55,16:55,,,0,0
282000816,평일,1,06:55,06:55,07:30,07:30,0,0
282000816,공휴일,1,06:55,06:55,07:30,07:30,0,0
282000816,토요일,1,06:55,06:55,07:30,07:30,0,0
282000817,공휴일,1,18:40,18:40,19:10,19:10,0,0
282000817,토요일,1,18:40,18:40,19:10,19:10,0,0
282000817,평일,1,18:40,18:40,19:10,19:10,0,0
282000818,평일,1,12:10,12:10,12:40,12:40,0,0
282000818,토요일,1,12:10,12:10,12:40,12:40,0,0
282000818,공휴일,1,12:10,12:10,12:40,12:40,0,0
282000901,평일,1,21:45,21:45,,,0,0
282000901,토요일,1,21:45,21:45,,,0,0
282000901,공휴일,1,21:45,21:45,,,0,0
282000911,평일,4,06:40,17:20,07:15,18:00,160,275
282000911,공휴일,4,06:40,17:20,07:15,18:00,160,275
282000911,토요일,4,06:40,17:20,07:15,18:00,160,275
282000912,공휴일,1,19:15,19:15,19:40,19:40,0,0
282000912,토요일,1,19:15,19:15,19:40,19:40,0,0
282000912,평일,1,19:15,19:15,19:40,19:40,0,0
282000921,공휴일,1,09:35,09:35,10:05,10:05,0,0
282000921,토요일,1,09:35,09:35,10:05,10:05,0,0
282000921,평일,1,09:35,09:35,10:05,10:05,0,0
282000922,공휴일,2,14:05,17:55,14:30,18:20,230,230
282000922,토요일,2,14:05,17:55,14:30,18:20,230,230
282000922,평일,2,14:05,17:55,14:30,18:20,230,230
282000931,평일,2,08:05,12:25,08:30,12:55,260,260
282000931,토요일,2,08:05,12:25,08:30,12:55,260,260
282000931,공휴일,2,08:05,12:25,08:30,12:55,260,260
290000001,매일,49,06:05,21:50,06:30,22:20,5,20
290000004,매일,4,07:10,16:40,09:10,18:55,85,395
290000007,매일,1,20:30,20:30,,,0,0
290000009,매일,4,09:55,18:05,07:40,14:15,105,270
290000014,평일,35,06:00,22:00,06:30,22:30,5,75
290000014,토요일,35,06:00,22:00,06:30,22:30,5,75
290000014,공휴일,22,06:00,22:00,06:30,22:30,5,180
290000016,매일,5,06:12,12:00,18:20,21:15,58,104
290000018,평일,2,09:48,16:36,07:10,20:45,408,408
290000018,토요일,2,09:48,16:36,07:10,20:45,408,408
290000018,공휴일,1,16:36,16:36,13:26,15:00,0,0
290000020,공휴일,5,06:05,19:12,17:24,20:25,75,300
290000020,평일,5,06:05,19:12,12:24,20:25,75,300
290000020,토요일,5,06:05,19:12,12:24,20:25,75,300
290000022,매일,4,07:50,18:12,07:30,19:18,144,240
290000024,매일,1,06:45,06:45,,,0,0
290000027,토요일,8,06:55,18:48,07:50,19:48,52,144
290000027,공휴일,7,06:55,18:48,07:50,19:48,96,144
290000027,평일,8,06:55,18:48,07:50,19:48,52,144
290000030,공휴일,2,16:24,17:36,06:50,15:14,72,72
290000030,토요일,3,11:24,17:36,06:50,15:14,72,300
290000030,평일,3,11:24,17:36,06:50,15:14,72,300
290000032,토요일,7,08:10,18:24,09:05,19:36,96,120
290000032,평일,7,08:10,18:24,09:05,19:36,96,120
290000032,공휴일,5,08:10,16:48,09:05,17:43,96,216
290000034,매일,1,19:36,19:36,06:55,06:55,0,0
290000035,평일,4,06:35,19:40,07:00,20:10,155,390
290000035,토요일,4,06:35,19:40,07:00,20:10,155,390
290000035,공휴일,3,09:10,19:40,09:40,20:10,240,390
290000037,평일,3,06:20,10:12,14:50,18:51,102,130
290000037,토요일,3,06:20,10:12,14:50,18:51,102,130
290000037,공휴일,2,06:20,10:12,14:50,18:51,232,232
290000038,평일,3,13:36,17:48,07:30,11:15,108,144
290000038,토요일,3,13:36,17:48,07:30,11:15,108,144
290000038,공휴일,2,13:36,15:24,07:30,11:15,108,108
290000041,평일,4,06:30,20:00,10:45,17:36,96,360
290000041,토요일,4,06:30,20:00,10:45,17:36,96,360
290000041,공휴일,2,12:24,14:00,17:36,17:36,96,96
290000044,매일,1,20:12,20:12,07:00,13:00,0,0
290000046,매일,2,15:12,17:12,08:05,11:30,120,120
290000049,매일,2,13:00,19:00,09:43,09:43,360,360
290000052,토요일,9,08:55,20:55,06:50,20:30,60,120
290000052,평일,9,08:55,20:55,06:50,20:30,60,120
290000052,공휴일,7,10:55,19:55,07:25,20:30,60,120
290000054,매일,2,09:55,14:55,12:30,17:30,300,300
290000056,매일,3,06:50,17:55,11:30,19:30,305,360
290000058,평일,8,07:15,19:35,07:00,20:40,75,125
290000058,토요일,8,07:15,19:35,07:00,20:40,75,125
290000058,공휴일,7,07:15,19:35,07:00,20:40,75,205
290000060,매일,3,10:25,19:25,11:35,18:10,145,395
290000062,매일,11,07:40,21:00,,,65,120
290000065,매일,1,06:20,06:20,,,0,0
290000066,평일,6,06:20,18:20,10:50,19:30,60,290
290000066,토요일,6,06:20,18:20,10:50,19:30,60,290
290000066,공휴일,5,06:20,18:20,10:50,19:30,60,360
290000068,매일,3,08:00,13:40,07:20,15:00,100,240
290000070,매일,2,08:25,14:25,09:45,15:45,360,360
290000072,공휴일,7,06:50,18:40,07:20,19:10,60,200
290000072,토요일,8,06:50,18:40,07:20,19:10,60,140
290000072,평일,8,06:50,18:40,07:20,19:10,60,140
290000074,매일,3,08:40,18:00,09:05,18:25,120,440
290000076,매일,2,06:40,20:00,07:00,20:20,800,800
290000078,매일,1,19:30,19:30,,,0,0
290000081,매일,1,20:00,20:00,,,0,0
290000082,매일,1,06:35,06:35,07:00,07:00,0,0
290000085,매일,1,06:40,06:40,07:45,07:45,0,0
290000087,매일,2,07:50,16:00,09:15,17:20,490,490
290000089,평일,6,08:10,17:50,09:05,18:50,85,135
290000089,토요일,6,08:10,17:50,09:05,18:50,85,135
290000089,공휴일,5,08:10,15:35,09:05,16:35,85,135
290000091,매일,1,07:05,07:05,,,0,0
290000093,매일,1,06:00,06:00,,,0,0
290000094,매일,1,14:40,14:40,,,0,0
290000096,매일,3,07:00,18:40,08:00,19:40,350,350
290000098,매일,2,08:45,12:40,10:05,14:00,235,235
290000101,공휴일,1,19:50,19:50,20:30,20:30,0,0
290000101,평일,2,06:25,19:50,20:30,20:30,805,805
290000101,토요일,2,06:25,19:50,20:30,20:30,805,805
290000104,평일,3,06:25,21:30,19:45,19:45,75,830
290000104,토요일,3,06:25,21:30,19:45,19:45,75,830
290000104,공휴일,2,06:25,21:30,19:45,19:45,905,905
290000106,평일,4,07:00,17:45,07:58,18:50,185,235
290000106,토요일,4,07:00,17:45,07:58,18:50,185,235
290000106,공휴일,3,10:05,17:45,07:58,18:50,225,235
290000108,평일,3,08:50,18:30,16:15,19:26,195,385
290000108,토요일,3,08:50,18:30,16:15,19:26,195,385
290000108,공휴일,2,15:15,18:30,16:15,19:26,195,195
290000109,평일,1,09:35,09:35,,,0,0
290000109,토요일,1,09:35,09:35,,,0,0
290000110,매일,2,07:30,17:40,18:30,21:40,610,610
290000112,매일,1,07:05,07:05,,,0,0
290000116,매일,5,08:25,18:55,13:35,19:55,75,195
290000117,매일,2,09:35,12:20,,,165,165
290000122,매일,2,06:30,19:30,10:15,20:15,780,780
290000125,토요일,1,19:15,19:15,13:15,21:55,0,0
290000125,평일,1,19:15,19:15,13:15,21:55,0,0
290000125,공휴일,1,19:15,19:15,13:15,21:55,0,0
290000128,평일,5,11:30,20:35,14:20,19:15,80,245
290000128,토요일,5,11:30,20:35,14:20,19:15,80,245
290000128,공휴일,4,11:30,20:35,14:20,19:15,80,345
290000134,매일,4,06:45,20:00,07:10,20:30,175,405
290000135,매일,4,10:20,17:55,10:55,20:45,135,170
290000141,평일,2,12:40,16:05,,,205,205
290000141,토요일,2,12:40,16:05,,,205,205
290000141,공휴일,1,12:40,12:40,,,0,0
290000143,매일,1,20:10,20:10,06:50,06:50,0,0
290000145,매일,3,08:00,18:10,,,100,510
290000146,매일,2,09:00,12:25,,,205,205
290000150,매일,1,06:10,06:10,20:40,20:40,0,0
290000151,매일,1,10:45,10:45,11:35,11:35,0,0
290000153,매일,1,07:15,07:15,,,0,0
290000154,매일,3,06:20,21:00,,,360,520
290000157,매일,3,07:15,15:15,11:00,16:05,170,310
290000158,매일,1,07:55,07:55,,,0,0
290000160,매일,3,09:05,17:00,10:05,18:00,210,265
290000162,매일,6,06:25,18:30,08:20,20:20,110,180
290000164,매일,1,21:00,21:00,,,0,0
290000165,매일,2,15:25,18:20,15:55,18:50,175,175
290000166,매일,1,08:30,08:30,14:50,14:50,0,0
290000167,매일,8,06:15,20:15,07:00,20:55,75,170
290000169,매일,6,07:25,19:30,07:00,21:45,120,175
290000171,매일,1,09:35,09:35,16:40,16:40,0,0
290000173,매일,1,16:10,16:10,10:05,10:05,0,0
290000175,매일,1,06:20,06:20,06:45,06:45,0,0
290000176,매일,2,06:55,10:00,07:20,10:25,185,185
290000178,평일,5,08:05,20:35,07:10,21:10,85,405
290000178,토요일,5,08:05,20:35,07:10,21:10,85,405
290000178,공휴일,5,08:05,20:35,09:00,21:10,85,405
290000181,토요일,1,06:25,06:25,,,0,0
290000181,평일,1,06:25,06:25,,,0,0
290000183,매일,2,12:45,14:35,,,110,110
290000184,매일,8,06:25,21:00,06:55,21:30,60,205
290000186,매일,3,13:40,19:00,14:20,19:40,160,160
290000188,매일,8,06:40,20:30,07:05,21:00,110,120
290000189,평일,7,07:20,19:20,07:50,19:50,120,120
290000189,토요일,7,07:20,19:20,07:50,19:50,120,120
290000189,공휴일,6,07:20,19:20,07:50,19:50,120,240
290000190,매일,1,08:00,08:00,08:35,08:35,0,0
290000191,매일,4,06:15,20:20,07:00,21:00,25,620
290000193,매일,2,07:50,18:10,13:30,17:30,620,620
290000195,매일,2,14:50,17:40,08:45,12:35,170,170
290000197,매일,1,07:20,07:20,,,0,0
290000198,매일,16,06:15,21:15,06:30,21:00,60,60
290000199,매일,3,07:30,17:30,,,280,320
290000200,매일,3,07:00,17:00,,,280,320
290000202,매일,2,08:20,12:10,15:20,18:10,230,230
290000203,평일,12,06:55,20:45,,,20,615
290000203,토요일,12,06:55,20:45,,,20,615
290000203,공휴일,11,06:55,20:45,,,20,615
290000205,평일,26,08:15,17:35,,,20,60
290000205,토요일,26,08:15,17:35,,,20,60
290000205,공휴일,22,08:15,17:35,,,20,60
290000207,평일,9,07:05,20:30,,,20,660
290000207,토요일,9,07:05,20:30,,,20,660
290000207,공휴일,7,07:05,20:05,,,20,680
290000208,평일,28,08:05,17:45,,,20,40
290000208,토요일,28,08:05,17:45,,,20,40
290000208,공휴일,25,08:05,17:45,,,20,60
290000209,매일,2,21:00,21:30,,,30,30
290000211,공휴일,1,12:25,12:25,,,0,0
290000211,토요일,2,10:45,12:25,,,100,100
290000211,평일,2,10:45,12:25,,,100,100
290000212,매일,1,07:25,07:25,,,0,0
290000213,매일,3,10:15,14:35,,,20,240
290000214,토요일,1,07:50,07:50,,,0,0
290000214,평일,1,07:50,07:50,,,0,0
290000215,매일,1,16:35,16:35,,,0,0
290000216,매일,1,08:00,08:00,,,0,0
290000302,매일,8,06:20,18:00,07:40,20:30,30,180
290000304,공휴일,1,21:15,21:15,,,0,0
290000304,토요일,2,21:15,21:45,,,30,30
290000304,평일,2,21:15,21:45,,,30,30
290000305,평일,1,07:05,07:05,,,0,0
290000305,토요일,1,07:05,07:05,,,0,0
290000306,매일,1,10:40,10:40,,,0,0
290000356,토요일,2,14:15,16:17,,,122,122
290000356,평일,2,14:15,16:17,,,122,122
290000358,매일,1,08:35,08:35,,,0,0
290000359,매일,1,20:00,20:00,,,0,0
290000360,매일,1,20:25,20:25,,,0,0
290000361,평일,1,07:05,07:05,,,0,0
290000361,토요일,1,07:05,07:05,,,0,0
290000362,매일,1,20:20,20:20,21:00,21:00,0,0
290000363,매일,1,11:35,11:35,,,0,0
290000364,매일,1,13:10,13:10,,,0,0
290000365,공휴일,2,09:10,16:55,,,465,465
290000365,평일,3,09:10,16:55,,,155,310
290000365,토요일,3,09:10,16:55,,,155,310
290000366,공휴일,1,21:05,21:05,,,0,0
290000366,평일,1,06:35,06:35,21:05,21:05,0,0
290000366,토요일,1,06:35,06:35,21:05,21:05,0,0
290000367,매일,1,14:15,14:15,09:00,09:00,0,0
290000368,매일,1,11:25,11:25,12:00,12:00,0,0
290000371,매일,4,15:10,22:00,,,60,265
290000372,매일,2,14:00,19:50,09:40,16:25,350,350
290000373,토요일,1,14:20,14:20,08:10,08:10,0,0
290000373,평일,1,14:20,14:20,08:10,08:10,0,0
290000374,매일,1,19:55,19:55,20:35,20:35,0,0
290000375,매일,1,13:45,13:45,14:40,14:40,0,0
290000376,매일,11,07:15,20:10,,,60,110
290000377,매일,1,21:50,21:50,,,0,0
290000378,평일,1,21:30,21:30,22:10,22:10,0,0
290000378,토요일,1,21:30,21:30,22:10,22:10,0,0
290000379,토요일,1,20:10,20:10,20:45,20:45,0,0
290000379,평일,1,20:10,20:10,20:45,20:45,0,0
294000001,매일,12,06:20,20:20,,,30,150
294000002,매일,2,07:10,13:10,,,360,360
294000003,매일,1,10:00,10:00,,,0,0
294000004,매일,1,08:30,08:30,,,0,0
294000006,매일,2,11:40,15:00,,,200,200
294000014,매일,1,06:40,06:40,07:05,07:05,0,0
294000026,매일,1,06:55,06:55,,,0,0
294000029,매일,5,13:00,18:00,13:35,18:35,50,95
294000030,매일,3,09:50,18:05,,,185,310
294000034,매일,2,07:25,13:30,07:50,13:55,365,365
294000037,매일,9,06:15,20:03,,,53,180
294000038,공휴일,10,07:15,21:00,,,35,135
294000038,토요일,10,07:15,21:00,,,35,135
294000038,평일,9,08:00,21:00,,,35,135
294000041,매일,1,12:30,12:30,,,0,0
294000042,매일,1,11:45,11:45,,,0,0
294000043,매일,2,08:30,12:00,,,210,210
294000044,매일,4,08:45,18:25,,,125,235
294000045,매일,2,06:45,15:20,,,515,515
294000046,매일,4,07:30,17:10,,,177,220
294000047,매일,3,09:40,16:40,,,210,210
294000050,매일,2,10:13,15:30,,,317,317
294000052,매일,1,06:25,06:25,,,0,0
294000053,매일,1,07:40,07:40,,,0,0
294000054,매일,1,17:27,17:27,,,0,0
294000055,매일,1,07:05,07:05,,,0,0
294000056,매일,2,08:35,19:30,,,655,655
294000057,매일,1,12:55,12:55,,,0,0
294000058,매일,2,14:35,18:40,,,245,245
294000059,매일,1,18:23,18:23,,,0,0
294000061,매일,1,08:15,08:15,,,0,0
294000062,매일,1,09:20,09:20,,,0,0
294000063,매일,6,07:15,18:15,,,110,160
294000064,매일,3,10:45,19:05,,,130,370
294000065,매일,3,07:58,15:05,,,115,312
294000069,매일,2,08:05,09:10,08:20,09:55,65,65
294000070,매일,1,16:40,16:40,16:55,16:55,0,0
294000071,매일,1,09:20,09:20,,,0,0
294000072,매일,3,11:15,19:15,,,180,300
294000073,매일,1,13:55,13:55,14:45,14:45,0,0
294000077,매일,2,06:40,14:30,,,470,470
294000080,매일,1,16:50,16:50,,,0,0
294000081,매일,2,08:50,14:45,,,355,355
294000082,매일,3,10:20,16:05,,,165,180
294000083,매일,1,12:50,12:50,13:40,13:40,0,0
294000087,매일,1,13:40,13:40,,,0,0
294000089,매일,1,15:00,15:00,,,0,0
294000093,매일,1,07:43,07:43,,,0,0
294000096,매일,6,06:30,18:20,,,100,230
294000099,매일,1,09:10,09:10,,,0,0
294000101,매일,7,06:55,19:25,,,65,270
294000102,매일,1,13:50,13:50,,,0,0
294000106,매일,1,07:25,07:25,,,0,0
294000107,매일,1,07:30,07:30,,,0,0
294000110,매일,2,12:50,14:57,13:30,15:40,127,127
294000111,매일,1,16:52,16:52,17:50,17:50,0,0
294000112,매일,1,09:30,09:30,10:10,10:10,0,0
294000113,매일,1,17:20,17:20,18:05,18:05,0,0
294000114,평일,1,14:05,14:05,15:10,15:10,0,0
294000117,매일,2,06:25,11:32,07:00,12:20,307,307
294000119,매일,1,10:40,10:40,11:20,11:20,0,0
294000120,매일,1,06:35,06:35,07:10,07:10,0,0
294000126,매일,2,16:05,18:30,,,145,145
294000128,매일,1,06:20,06:20,,,0,0
294000129,매일,2,13:05,16:05,,,180,180
294000130,매일,2,15:10,17:38,,,148,148
294000131,매일,1,07:10,07:10,,,0,0
294000133,매일,2,13:25,16:10,14:10,16:45,165,165
294000134,매일,1,09:58,09:58,10:40,10:40,0,0
294000135,매일,1,07:27,07:27,08:00,08:00,0,0
294000136,매일,3,08:28,18:05,,,257,320
294000137,매일,2,09:10,14:35,,,325,325
294000138,매일,1,18:45,18:45,,,0,0
294000139,매일,3,06:42,15:40,,,232,306
294000140,평일,2,12:35,16:20,,,225,225
294000140,토요일,3,07:25,16:20,,,225,310
294000140,공휴일,3,07:25,16:20,,,225,310
294000141,평일,1,07:25,07:25,,,0,0
294000142,매일,1,06:25,06:25,,,0,0
294000143,매일,1,07:00,07:00,,,0,0
294000144,공휴일,3,07:30,14:05,07:40,14:15,120,275
294000144,토요일,3,07:30,14:05,07:40,14:15,120,275
294000144,평일,2,09:30,14:05,09:40,14:15,275,275
294000145,평일,1,18:10,18:10,,,0,0
294000146,매일,1,07:30,07:30,07:35,07:35,0,0
294000147,매일,2,07:30,14:30,,,420,420
294000154,매일,6,06:55,19:30,07:10,19:50,110,205
294000156,평일,1,18:32,18:32,,,0,0
294000158,매일,2,13:08,15:12,13:40,15:45,124,124
294000160,평일,1,10:57,10:57,,,0,0
294000161,매일,1,17:24,17:24,17:50,17:50,0,0
294000165,매일,1,19:00,19:00,,,0,0
294000166,매일,2,12:15,15:37,12:45,16:07,202,202
294000167,토요일,3,10:42,19:20,11:20,19:55,158,360
294000167,평일,2,10:42,19:20,11:20,19:55,518,518
294000167,공휴일,3,10:42,19:20,11:20,19:55,158,360
294000172,토요일,1,15:50,15:50,16:30,16:30,0,0
294000172,공휴일,1,15:50,15:50,16:30,16:30,0,0
294000173,매일,1,18:35,18:35,19:20,19:20,0,0
294000175,토요일,2,09:40,14:35,10:30,15:20,295,295
294000175,공휴일,2,09:40,14:35,10:30,15:20,295,295
294000175,평일,1,14:35,14:35,15:20,15:20,0,0
294000176,매일,1,11:27,11:27,12:10,12:10,0,0
294000180,매일,1,06:27,06:27,07:00,07:00,0,0
294000183,평일,1,17:48,17:48,18:20,18:20,0,0
294000183,토요일,2,12:10,17:48,12:50,18:20,338,338
294000183,공휴일,2,12:10,17:48,12:50,18:20,338,338
294000185,평일,1,08:22,08:22,08:55,08:55,0,0
294000187,매일,1,20:20,20:20,20:50,20:50,0,0
294000189,공휴일,1,21:00,21:00,21:15,21:15,0,0
294000189,평일,1,21:00,21:00,21:15,21:15,0,0
294000190,평일,3,16:45,21:15,,,30,240
294000190,토요일,4,07:10,21:15,,,30,575
294000190,공휴일,4,07:10,21:15,,,30,575
294000194,매일,3,10:00,19:45,,,105,480
294000198,매일,6,06:55,20:40,,,95,260
294000199,매일,1,11:45,11:45,,,0,0
294000200,매일,2,06:32,12:45,,,373,373
294000202,매일,1,07:38,07:38,,,0,0
294000203,매일,1,09:15,09:15,,,0,0
294000204,매일,1,15:45,15:45,,,0,0
294000205,매일,1,12:25,12:25,,,0,0
294000206,매일,4,11:00,18:50,,,125,190
294000207,매일,1,07:35,07:35,,,0,0
294000209,매일,2,10:10,14:15,10:50,15:03,245,245
294000210,매일,1,18:38,18:38,19:20,19:20,0,0
294000212,매일,1,16:27,16:27,17:20,17:20,0,0
294000217,매일,1,15:00,15:00,16:00,16:00,0,0
294000223,매일,1,10:58,10:58,11:43,11:43,0,0
294000225,매일,1,06:55,06:55,,,0,0
294000229,매일,2,12:15,16:15,,,240,240
294000231,매일,3,08:45,17:05,,,150,350
294000234,매일,1,07:05,07:05,,,0,0
294000235,매일,1,07:20,07:20,,,0,0
294000237,매일,2,13:40,16:55,,,195,195
294000240,매일,1,15:05,15:05,,,0,0
294000245,매일,4,06:05,20:10,,,55,590
294000247,매일,4,06:40,21:00,,,50,607
294000248,매일,1,08:20,08:20,,,0,0
294000249,매일,1,09:30,09:30,,,0,0
294000252,매일,1,16:13,16:13,,,0,0
294000254,매일,3,10:15,17:35,,,170,270
294000256,매일,1,15:05,15:05,,,0,0
294000257,매일,6,08:03,19:30,,,57,270
294000258,매일,8,06:55,19:00,,,70,145
294000259,토요일,1,17:30,17:30,,,0,0
294000259,공휴일,1,17:30,17:30,,,0,0
294000260,매일,2,06:10,07:00,,,50,50
294000264,매일,1,10:10,10:10,,,0,0
294000265,매일,2,13:10,18:03,,,293,293
294000266,매일,1,07:50,07:50,,,0,0
294000267,매일,3,08:00,18:50,,,200,450
294000269,매일,1,17:12,17:12,,,0,0
294000271,매일,4,09:00,19:50,,,200,225
294000273,매일,1,07:10,07:10,,,0,0
294000276,매일,1,14:40,14:40,,,0,0
294000277,매일,2,11:55,16:00,,,245,245
294000278,매일,1,09:55,09:55,,,0,0
294000279,매일,3,08:20,17:35,,,240,315
294000280,매일,4,07:55,18:00,,,155,240
294000287,매일,1,06:30,06:30,,,0,0
294000288,매일,1,07:30,07:30,,,0,0
294000299,공휴일,4,08:50,17:40,09:05,17:55,100,325
294000299,평일,3,08:50,17:40,09:05,17:55,205,325
294000299,토요일,4,08:50,17:40,09:05,17:55,100,325
294000303,매일,1,19:20,19:20,19:35,19:35,0,0
294000305,매일,1,07:00,07:00,,,0,0
294000309,매일,8,06:38,21:55,,,20,355
294000312,매일,1,14:33,14:33,,,0,0
294000320,매일,1,15:55,15:55,,,0,0
294000321,매일,1,10:25,10:25,,,0,0
294000323,매일,2,09:15,13:27,,,252,252
294000324,매일,1,18:15,18:15,,,0,0
294000325,매일,1,19:25,19:25,,,0,0
294000326,매일,1,14:55,14:55,,,0,0
294000327,매일,1,17:30,17:30,,,0,0
294000329,매일,1,07:50,07:50,08:45,08:45,0,0
294000330,매일,1,06:20,06:20,06:55,06:55,0,0
294000331,매일,2,17:45,19:35,18:30,20:10,110,110
294000332,매일,1,08:40,08:40,,,0,0
294000333,매일,1,11:35,11:35,,,0,0
294000334,매일,1,06:27,06:27,,,0,0
294000335,매일,1,07:40,07:40,,,0,0
294000337,매일,1,12:55,12:55,,,0,0
294000339,매일,1,06:10,06:10,,,0,0
294000340,매일,2,08:40,10:40,,,120,120
294000341,매일,1,14:00,14:00,,,0,0
294000343,매일,1,17:15,17:15,,,0,0
294000345,매일,1,08:10,08:10,,,0,0
294000347,매일,4,10:30,18:20,10:55,18:40,103,260
294000348,매일,1,17:12,17:12,,,0,0
294000349,평일,1,08:00,08:00,,,0,0
294000352,매일,1,14:50,14:50,,,0,0
294000353,매일,1,06:40,06:40,,,0,0
294000354,매일,1,11:38,11:38,,,0,0
294000355,매일,1,17:45,17:45,,,0,0
294000356,매일,1,09:55,09:55,,,0,0
294000357,매일,1,11:15,11:15,,,0,0
294000358,매일,1,19:40,19:40,,,0,0
294000359,매일,1,07:12,07:12,,,0,0
294000360,매일,1,08:20,08:20,08:45,08:45,0,0
294000361,매일,1,07:55,07:55,08:45,08:45,0,0
294000362,매일,1,11:30,11:30,,,0,0
294000363,매일,1,07:10,07:10,,,0,0
294000365,매일,1,08:30,08:30,,,0,0
294000367,매일,1,06:35,06:35,06:50,06:50,0,0
294000368,매일,1,09:10,09:10,,,0,0
294000369,매일,1,17:48,17:48,,,0,0
294000372,매일,1,09:00,09:00,09:20,09:20,0,0
294000373,매일,1,07:50,07:50,08:00,08:00,0,0
294000376,매일,1,18:50,18:50,,,0,0
294000378,매일,1,15:42,15:42,,,0,0
294000379,매일,1,17:00,17:00,,,0,0
294000382,토요일,2,18:10,19:25,,,75,75
294000382,공휴일,2,18:10,19:25,,,75,75
294000382,평일,2,07:30,19:25,,,715,715
294000384,매일,1,12:10,12:10,12:50,12:50,0,0
294000388,공휴일,1,07:45,07:45,08:00,08:00,0,0
294000388,평일,3,07:45,15:55,08:00,16:10,238,252
294000388,토요일,1,07:45,07:45,08:00,08:00,0,0
294000389,매일,1,07:35,07:35,08:10,08:10,0,0
294000391,매일,1,09:40,09:40,10:30,10:30,0,0
294000392,매일,1,19:07,19:07,19:33,19:33,0,0
294000393,매일,5,06:55,12:20,07:25,12:50,55,100
294000396,토요일,1,21:00,21:00,21:15,21:15,0,0
294000398,매일,1,07:15,07:15,,,0,0
294000400,매일,1,18:40,18:40,,,0,0
294000404,매일,2,10:30,14:45,,,255,255
294000405,매일,3,08:10,16:35,08:20,16:45,200,305
294000406,매일,1,08:55,08:55,,,0,0
294000409,매일,1,19:10,19:10,20:00,20:00,0,0
294000410,매일,1,20:00,20:00,,,0,0
294000413,매일,9,09:10,21:00,,,30,150
294000416,매일,1,20:25,20:25,,,0,0
294000417,매일,1,12:05,12:05,,,0,0
294000419,매일,1,13:20,13:20,14:00,14:00,0,0
294000422,매일,1,18:20,18:20,,,0,0
294000423,매일,1,20:30,20:30,,,0,0
294000424,매일,2,09:10,09:10,,,0,0
294000426,매일,1,07:35,07:35,08:00,08:00,0,0
294000427,매일,1,21:00,21:00,,,0,0
294000430,매일,1,09:35,09:35,,,0,0
294000433,평일,1,07:10,07:10,07:40,07:40,0,0
294000434,토요일,1,07:10,07:10,07:40,07:40,0,0
294000434,공휴일,1,07:10,07:10,07:40,07:40,0,0
294000435,토요일,1,08:55,08:55,09:40,09:40,0,0
294000435,공휴일,1,08:55,08:55,09:40,09:40,0,0
294000436,매일,1,08:55,08:55,09:40,09:40,0,0
294000437,평일,1,15:50,15:50,16:30,16:30,0,0
294000438,매일,1,18:55,18:55,19:40,19:40,0,0
294000440,매일,1,08:25,08:25,08:45,08:45,0,0
294000443,공휴일,1,18:30,18:30,,,0,0
294000443,토요일,1,18:30,18:30,,,0,0
294000444,매일,1,17:05,17:05,,,0,0
300000001,매일,3,09:40,18:40,,,240,300
300000002,매일,3,10:35,19:35,,,240,300
300000003,공휴일,2,08:23,12:13,,,230,230
300000003,토요일,3,07:20,12:13,,,63,230
300000003,평일,3,07:20,12:13,,,63,230
300000004,매일,2,19:05,20:05,,,60,60
300000005,매일,1,08:45,08:45,,,0,0
300000006,토요일,1,08:05,08:05,,,0,0
300000006,평일,1,08:05,08:05,,,0,0
300000007,매일,3,08:55,18:10,,,150,405
300000008,매일,3,07:30,20:30,,,200,580
300000009,매일,1,11:45,11:45,,,0,0
300000010,매일,1,13:25,13:25,,,0,0
300000011,토요일,1,07:55,07:55,,,0,0
300000011,공휴일,1,07:55,07:55,,,0,0
300000012,토요일,1,07:05,07:05,,,0,0
300000012,평일,1,07:05,07:05,,,0,0
300000013,토요일,1,06:45,06:45,,,0,0
300000013,평일,1,06:45,06:45,,,0,0
300000014,토요일,1,09:15,09:15,,,0,0
300000014,평일,2,07:30,09:15,,,105,105
300000014,공휴일,1,09:15,09:15,,,0,0
300000016,매일,1,09:35,09:35,,,0,0
300000017,매일,1,18:30,18:30,,,0,0
300000018,매일,1,20:30,20:30,,,0,0
300000019,매일,1,06:48,06:48,,,0,0
300000020,매일,12,08:30,19:30,,,60,60
300000021,토요일,1,07:05,07:05,,,0,0
300000021,공휴일,1,07:05,07:05,,,0,0
300000022,평일,2,06:30,07:30,,,60,60
300000023,평일,2,07:20,08:30,,,70,70
300000025,매일,1,06:20,06:20,,,0,0
300000026,매일,6,08:00,18:00,,,120,120
300000028,매일,6,08:00,18:00,,,120,120
300000029,매일,7,07:00,19:00,,,120,120
300000030,평일,2,14:05,15:05,,,60,60
300000031,매일,5,09:00,17:00,,,120,120
300000032,매일,1,07:30,07:30,,,0,0
300000033,매일,1,19:40,19:40,,,0,0
300000034,평일,3,08:40,17:40,,,180,360
300000035,평일,1,07:00,07:00,,,0,0
300000035,토요일,1,07:00,07:00,,,0,0
300000036,매일,1,08:30,08:30,,,0,0
300000037,매일,1,20:30,20:30,,,0,0
300000038,매일,1,17:00,17:00,,,0,0
300000039,매일,1,16:40,16:40,,,0,0
300000040,평일,1,07:05,07:05,,,0,0
300000040,토요일,1,07:05,07:05,,,0,0
300000041,매일,1,17:18,17:18,,,0,0
300000042,매일,2,10:45,16:05,,,320,320
300000043,공휴일,1,10:40,10:40,,,0,0
300000043,토요일,2,06:35,10:40,,,245,245
300000043,평일,2,06:35,10:40,,,245,245
300000044,매일,1,19:15,19:15,,,0,0
300000045,매일,2,16:55,18:55,,,120,120
300000046,매일,1,17:55,17:55,,,0,0
300000047,매일,1,09:18,09:18,,,0,0
300000049,매일,1,12:45,12:45,,,0,0
300000050,매일,1,16:20,16:20,,,0,0
300000051,매일,2,09:35,18:50,,,555,555
300000052,매일,4,06:50,19:55,,,60,525
300000053,토요일,1,07:45,07:45,,,0,0
300000053,평일,1,07:45,07:45,,,0,0
300000054,공휴일,1,16:48,16:48,,,0,0
300000054,토요일,2,06:40,16:48,,,608,608
300000054,평일,2,06:40,16:48,,,608,608
300000055,매일,1,10:13,10:13,,,0,0
300000056,매일,13,06:25,21:20,,,45,180
300000057,토요일,1,17:55,17:55,,,0,0
300000057,평일,2,07:40,17:55,,,615,615
300000057,공휴일,1,17:55,17:55,,,0,0
300000058,매일,1,14:08,14:08,,,0,0
300000059,매일,1,09:35,09:35,,,0,0
300000060,매일,1,10:53,10:53,,,0,0
300000061,토요일,1,07:35,07:35,,,0,0
300000061,평일,1,07:35,07:35,,,0,0
300000062,매일,2,08:48,18:15,,,567,567
300000063,매일,2,11:45,15:05,,,200,200
300000064,매일,1,20:05,20:05,,,0,0
300000065,매일,1,14:00,14:00,,,0,0
300000066,매일,1,20:20,20:20,,,0,0
300000067,매일,1,08:05,08:05,,,0,0
300000068,매일,1,10:10,10:10,,,0,0
300000070,매일,4,09:25,18:25,,,180,180
300000071,평일,1,06:50,06:50,,,0,0
300000071,토요일,1,06:50,06:50,,,0,0
300000072,매일,1,16:25,16:25,,,0,0
300000073,매일,1,06:40,06:40,,,0,0
300000074,매일,1,16:05,16:05,,,0,0
300000075,매일,1,15:55,15:55,,,0,0
300000076,매일,1,20:15,20:15,,,0,0
300000077,평일,1,09:25,09:25,,,0,0
300000078,매일,1,20:30,20:30,,,0,0
300000079,평일,2,07:20,21:35,,,855,855
300000079,토요일,2,07:20,21:35,,,855,855
300000079,공휴일,1,21:35,21:35,,,0,0
300000080,매일,1,08:45,08:45,,,0,0
300000081,평일,3,07:30,21:45,,,10,845
300000081,토요일,2,07:40,21:45,,,845,845
300000081,공휴일,2,07:40,21:45,,,845,845
300000082,토요일,4,10:30,18:30,,,120,180
300000082,공휴일,4,10:30,18:30,,,120,180
300000083,매일,1,08:30,08:30,,,0,0
300000084,매일,1,17:30,17:30,,,0,0
300000085,매일,1,08:20,08:20,,,0,0
300000086,매일,2,06:38,10:15,,,217,217
300000087,매일,2,08:05,17:30,,,565,565
300000088,매일,2,10:00,15:10,,,310,310
300000089,매일,1,20:10,20:10,,,0,0
300000090,평일,1,07:00,07:00,,,0,0
300000090,토요일,1,07:00,07:00,,,0,0
300000091,매일,13,09:10,21:05,,,50,70
300000092,매일,4,07:00,20:00,,,80,500
300000093,매일,3,09:15,18:45,,,190,380
300000094,매일,3,09:00,18:30,,,190,380
300000095,매일,2,17:00,20:20,,,200,200
300000096,매일,1,10:30,10:30,,,0,0
300000097,매일,2,07:15,15:35,,,500,500
300000098,공휴일,2,08:05,09:05,,,60,60
300000098,토요일,3,07:15,09:05,,,50,60
300000098,평일,3,07:15,09:05,,,50,60
300000099,토요일,1,08:05,08:05,,,0,0
300000099,평일,1,08:05,08:05,,,0,0
300000100,매일,1,13:45,13:45,,,0,0
300000101,매일,2,09:00,14:00,,,300,300
300000102,매일,2,19:00,20:10,,,70,70
300000103,매일,5,07:30,17:50,,,115,185
300000104,매일,6,07:40,18:00,,,85,160
300000105,매일,1,14:45,14:45,,,0,0
300000106,평일,9,09:35,17:35,,,60,60
300000107,매일,1,07:18,07:18,,,0,0
300000108,매일,2,10:45,15:45,,,300,300
300000109,매일,1,07:35,07:35,,,0,0
300000110,매일,1,22:40,22:40,,,0,0
300000111,매일,12,07:55,20:00,,,50,120
300000112,평일,1,15:45,15:45,,,0,0
300000113,평일,1,16:30,16:30,,,0,0
300000114,매일,2,13:20,14:20,,,60,60
300000115,평일,2,08:45,09:45,,,60,60
300000116,매일,2,14:05,17:05,,,180,180
300000117,평일,1,07:45,07:45,,,0,0
300000118,토요일,1,06:10,06:10,,,0,0
300000118,평일,1,06:10,06:10,,,0,0
300000119,매일,1,08:10,08:10,,,0,0
300000120,평일,3,07:30,07:50,,,10,10
300000121,평일,1,07:50,07:50,,,0,0
300000122,매일,1,20:00,20:00,,,0,0
300000123,매일,15,06:20,20:25,,,55,70
300000124,매일,15,07:15,21:25,,,60,70
300000125,매일,3,07:58,20:35,,,120,637
300000126,매일,4,07:55,20:55,,,60,595
300000127,공휴일,1,22:00,22:00,,,0,0
300000127,토요일,1,22:00,22:00,,,0,0
300000127,평일,2,06:25,22:00,,,935,935
300000128,매일,3,06:45,20:45,,,60,780
300000129,매일,2,06:55,07:50,,,55,55
300000130,평일,2,09:00,10:00,,,60,60
300000130,토요일,8,09:00,21:00,,,60,240
300000130,공휴일,5,10:00,19:00,,,60,240
300000131,평일,1,13:55,13:55,,,0,0
300000132,공휴일,5,09:05,18:05,,,60,240
300000132,토요일,8,08:05,20:05,,,60,240
300000132,평일,4,16:05,20:05,,,60,120
300000133,평일,1,13:05,13:05,,,0,0
300000134,매일,2,13:45,16:45,,,180,180
300000135,매일,2,11:05,16:05,,,300,300
300000139,매일,6,08:55,18:55,,,120,120
300000140,매일,9,07:45,17:45,,,60,180
300000141,평일,6,07:50,19:50,,,120,240
300000141,토요일,5,09:50,19:50,,,120,240
300000141,공휴일,5,09:50,19:50,,,120,240
300000142,공휴일,2,11:48,14:48,,,180,180
300000142,토요일,2,11:48,14:48,,,180,180
300000145,매일,10,09:05,20:05,,,60,180
300000148,평일,1,07:30,07:30,,,0,0
300000148,토요일,1,07:30,07:30,,,0,0
300000151,토요일,1,06:50,06:50,,,0,0
300000151,평일,1,06:50,06:50,,,0,0
300000154,매일,1,13:18,13:18,,,0,0
300000158,매일,2,14:10,18:10,,,240,240
300000162,매일,1,09:55,09:55,,,0,0
300000163,매일,1,07:53,07:53,,,0,0
300000171,매일,2,08:55,11:55,,,180,180
300000172,평일,2,09:40,12:40,,,180,180
300000172,토요일,2,09:40,12:40,,,180,180
300000172,공휴일,2,09:40,12:40,,,180,180
300000173,평일,5,06:35,18:53,,,150,213
300000173,토요일,5,06:35,18:53,,,150,213
300000173,공휴일,4,10:08,18:53,,,150,210
300000174,매일,3,10:20,16:15,,,145,210
300000184,토요일,1,06:45,06:45,,,0,0
300000184,평일,1,06:45,06:45,,,0,0
300000185,매일,12,07:10,21:10,,,60,180
300000194,매일,13,08:35,20:35,,,60,60
300000197,매일,14,06:50,19:50,,,60,60
300000201,매일,3,13:15,19:15,,,120,240
300000203,매일,2,14:05,16:05,,,120,120
300000204,평일,1,07:05,07:05,,,0,0
300000204,토요일,1,07:05,07:05,,,0,0
300000205,매일,3,08:33,17:15,,,102,420
300000206,매일,3,09:05,17:55,,,110,420
300000208,매일,1,08:10,08:10,,,0,0
300000209,토요일,1,07:40,07:40,,,0,0
300000209,공휴일,1,07:40,07:40,,,0,0
300000210,매일,1,09:43,09:43,,,0,0
300000211,매일,1,16:43,16:43,,,0,0
300000212,매일,1,17:15,17:15,,,0,0
300000213,매일,1,10:10,10:10,,,0,0
300000214,매일,3,14:15,20:10,,,117,238
300000217,매일,3,13:43,19:43,,,120,240
300000218,평일,3,06:55,11:43,,,58,230
300000218,토요일,3,06:55,11:43,,,58,230
300000218,공휴일,2,07:53,11:43,,,230,230
300000220,매일,2,15:50,18:55,,,185,185
300000221,매일,1,08:45,08:45,,,0,0
300000222,평일,1,06:55,06:55,,,0,0
300000222,토요일,1,06:55,06:55,,,0,0
300000223,매일,2,15:05,18:05,,,180,180
300000225,공휴일,1,11:05,11:05,,,0,0
300000225,토요일,2,06:25,11:05,,,280,280
300000225,평일,2,06:25,11:05,,,280,280
300000226,매일,1,13:05,13:05,,,0,0
300000228,매일,1,19:36,19:36,,,0,0
300000230,매일,2,12:15,15:15,,,180,180
300000231,매일,2,12:35,15:35,,,180,180
300000232,매일,2,09:35,14:05,,,270,270
300000234,매일,2,12:05,17:05,,,300,300
300000236,매일,4,08:05,18:25,,,85,295
300000239,평일,2,21:40,22:10,,,30,30
300000239,토요일,1,22:10,22:10,,,0,0
300000239,공휴일,1,22:10,22:10,,,0,0
300000240,매일,1,14:20,14:20,,,0,0
300000241,매일,6,09:50,18:55,,,65,120
300000242,매일,5,10:25,19:30,,,65,240
300000243,매일,1,08:25,08:25,,,0,0
300000248,매일,1,07:50,07:50,,,0,0
300000250,매일,13,07:30,20:20,,,50,120
300000251,평일,2,21:20,21:50,,,30,30
300000251,토요일,1,21:50,21:50,,,0,0
300000251,공휴일,1,21:50,21:50,,,0,0
300000252,매일,1,09:30,09:30,,,0,0
300000253,평일,14,06:45,20:05,,,30,120
300000253,토요일,14,06:45,20:05,,,30,120
300000253,공휴일,13,06:45,20:05,,,45,120
300000254,공휴일,1,20:55,20:55,,,0,0
300000254,평일,2,06:50,20:55,,,845,845
300000254,토요일,2,06:50,20:55,,,845,845
300000255,매일,1,20:30,20:30,,,0,0
300000256,평일,3,07:15,19:45,,,180,570
300000256,토요일,3,07:15,19:45,,,180,570
300000256,공휴일,2,16:45,19:45,,,180,180
300000257,매일,2,17:00,20:00,,,180,180
300000260,매일,1,12:55,12:55,,,0,0
300000261,매일,1,12:20,12:20,,,0,0
300000262,매일,3,09:55,17:55,,,180,300
300000263,매일,3,07:40,19:10,,,150,540
300000264,매일,2,08:45,15:25,,,400,400
300000266,매일,4,08:30,18:55,,,120,325
300000267,매일,5,07:10,19:45,,,120,275
300000268,매일,1,16:55,16:55,,,0,0
300000269,매일,1,15:45,15:45,,,0,0
300000270,매일,1,09:45,09:45,,,0,0
300000271,매일,1,12:55,12:55,,,0,0
300000272,매일,1,18:15,18:15,,,0,0
300000273,매일,1,13:50,13:50,,,0,0
300000275,매일,2,10:25,19:25,,,540,540
300000277,토요일,1,06:30,06:30,,,0,0
300000277,평일,1,06:30,06:30,,,0,0
300000279,매일,3,09:15,15:20,,,150,215
300000280,매일,1,14:25,14:25,,,0,0
300000281,매일,2,11:55,18:25,,,390,390
300000282,평일,12,06:40,21:05,,,30,155
300000282,토요일,12,06:40,21:05,,,30,155
300000282,공휴일,11,07:25,21:05,,,30,155
300000283,매일,8,08:20,20:35,,,60,195
300000286,매일,1,08:05,08:05,,,0,0
300000287,매일,3,12:50,16:50,,,120,120
300000288,매일,1,09:55,09:55,,,0,0
300000290,매일,1,20:40,20:40,,,0,0
300000293,매일,2,08:10,18:55,,,645,645
300000294,매일,2,09:58,18:58,,,540,540
300000295,공휴일,4,08:10,17:58,,,120,240
300000295,토요일,4,08:10,17:58,,,120,240
300000295,평일,5,08:10,17:58,,,120,228
300000296,평일,8,06:50,17:55,,,50,120
300000296,토요일,8,06:50,17:55,,,50,120
300000296,공휴일,7,06:50,17:55,,,60,150
300000297,평일,1,07:15,07:15,,,0,0
300000297,토요일,1,07:15,07:15,,,0,0
300000299,공휴일,1,07:30,07:30,,,0,0
300000301,매일,1,20:45,20:45,,,0,0
300000302,토요일,2,06:05,07:00,,,55,55
300000302,평일,2,06:05,07:00,,,55,55
300000302,공휴일,1,06:05,06:05,,,0,0
300000303,공휴일,3,08:55,14:15,,,80,240
300000303,평일,3,06:55,14:15,,,120,320
300000303,토요일,3,06:55,14:15,,,120,320
300000304,평일,2,13:25,19:25,,,360,360
300000304,토요일,3,09:25,19:25,,,240,360
300000304,공휴일,3,09:25,19:25,,,240,360
300000308,매일,4,09:20,17:15,,,120,235
300000310,매일,1,11:00,11:00,,,0,0
300000311,매일,1,07:20,07:20,,,0,0
300000313,매일,1,14:15,14:15,,,0,0
300000314,매일,2,19:15,20:35,,,80,80
300000315,매일,4,12:15,19:35,,,80,240
300000316,매일,5,07:40,19:20,,,105,215
300000317,매일,5,07:45,19:30,,,105,215
300000320,매일,4,09:40,19:50,,,130,300
300000321,평일,4,07:15,17:53,,,70,343
300000321,토요일,4,07:15,17:53,,,70,343
300000321,공휴일,3,08:25,17:53,,,225,343
300000333,평일,3,07:00,08:50,,,50,60
300000333,토요일,3,07:00,08:50,,,50,60
300000333,공휴일,2,07:50,08:50,,,60,60
300000336,평일,2,13:05,17:10,,,245,245
300000337,매일,1,12:35,12:35,,,0,0
300000338,매일,1,19:30,19:30,,,0,0
300000339,매일,1,19:40,19:40,,,0,0
300000344,토요일,1,07:30,07:30,,,0,0
300000344,평일,1,07:30,07:30,,,0,0
300000344,공휴일,1,07:30,07:30,,,0,0
300000345,매일,3,09:00,14:15,,,155,160
300000346,매일,3,08:50,12:20,,,40,170
300000348,매일,1,17:15,17:15,,,0,0
300000351,토요일,1,06:55,06:55,,,0,0
300000351,평일,1,06:55,06:55,,,0,0
300000358,평일,11,08:55,19:55,,,50,120
300000358,토요일,11,08:55,19:55,,,60,120
300000358,공휴일,11,08:55,19:55,,,60,120
300000359,평일,11,08:35,19:35,,,50,120
300000359,토요일,11,08:35,19:35,,,60,120
300000359,공휴일,11,08:35,19:35,,,60,120
300000360,매일,12,08:00,20:05,,,60,120
300000361,매일,12,08:30,20:30,,,60,120
300000362,매일,3,08:50,19:50,,,120,540
300000363,매일,10,08:25,18:25,,,60,120
300000364,평일,10,09:00,19:00,,,60,120
300000365,매일,1,16:10,16:10,,,0,0
300000366,매일,2,09:30,12:30,,,180,180
300000367,평일,12,07:55,19:55,,,60,120
300000368,평일,12,08:30,20:30,,,60,120
300000376,토요일,1,15:58,15:58,,,0,0
300000376,공휴일,1,15:58,15:58,,,0,0
300000378,평일,1,07:05,07:05,,,0,0
300000378,토요일,1,07:05,07:05,,,0,0
300000392,매일,2,06:35,22:10,,,935,935
300000394,매일,1,23:20,23:20,,,0,0
300000395,토요일,6,08:30,16:30,,,60,120
300000395,공휴일,6,08:30,16:30,,,60,120
300000396,매일,1,12:55,12:55,,,0,0
300000398,매일,1,20:20,20:20,,,0,0
300000399,평일,1,18:43,18:43,,,0,0
300000399,토요일,1,18:43,18:43,,,0,0
300000399,공휴일,2,08:05,18:43,,,638,638
300000400,평일,2,11:10,17:15,,,365,365
300000401,공휴일,3,08:48,19:48,,,120,540
300000401,토요일,3,08:48,19:48,,,120,540
300000401,평일,5,08:48,19:48,,,120,180
300000402,평일,1,07:00,07:00,,,0,0
300000403,매일,1,07:30,07:30,,,0,0
300000404,매일,1,18:00,18:00,,,0,0
300000405,매일,1,18:45,18:45,,,0,0
300000407,매일,2,06:00,22:25,,,985,985
300000408,매일,1,06:00,06:00,,,0,0
300000410,매일,2,13:23,19:38,,,375,375
300000411,매일,1,09:23,09:23,,,0,0
300000413,매일,1,17:55,17:55,,,0,0
300000414,매일,1,18:40,18:40,,,0,0
300000415,매일,1,10:10,10:10,,,0,0
300000416,매일,1,09:05,09:05,,,0,0
300000418,매일,1,19:55,19:55,,,0,0
300000419,평일,1,13:26,13:26,,,0,0
300000419,토요일,2,13:26,19:26,,,360,360
300000419,공휴일,2,13:26,19:26,,,360,360
300000420,공휴일,1,07:00,07:00,,,0,0
300000421,매일,4,08:40,20:05,,,193,270
300000422,매일,4,09:10,20:30,,,193,265
300000423,매일,4,09:35,18:30,,,145,210
300000424,토요일,1,07:35,07:35,,,0,0
300000424,평일,1,07:35,07:35,,,0,0
300000425,평일,1,07:23,07:23,,,0,0
300000425,토요일,1,07:23,07:23,,,0,0
300000426,매일,1,18:50,18:50,,,0,0
300000427,매일,2,15:10,19:10,,,240,240
300000428,평일,1,12:15,12:15,,,0,0
300000429,매일,1,11:50,11:50,,,0,0
300000430,매일,2,14:50,18:50,,,240,240
300000431,매일,3,07:45,18:00,,,90,525
300000432,매일,2,09:15,14:45,,,330,330
300000433,평일,1,06:45,06:45,,,0,0
300000433,토요일,1,06:45,06:45,,,0,0
300000434,평일,1,06:45,06:45,,,0,0
300000434,토요일,1,06:45,06:45,,,0,0
300000435,매일,2,09:20,13:20,,,240,240
300000437,매일,1,21:30,21:30,,,0,0
300000439,평일,1,07:55,07:55,,,0,0
300000440,매일,2,14:20,20:35,,,375,375
300000441,평일,1,07:10,07:10,,,0,0
300000441,토요일,1,07:10,07:10,,,0,0
300000442,매일,1,13:05,13:05,,,0,0
300000443,매일,1,22:15,22:15,,,0,0
300000444,매일,2,08:50,19:40,,,650,650
300000445,매일,1,07:45,07:45,,,0,0
300000446,매일,1,13:50,13:50,,,0,0
300000447,매일,1,09:30,09:30,,,0,0
300000448,평일,2,10:05,11:05,,,60,60
300000449,매일,1,08:20,08:20,,,0,0
300000450,토요일,1,07:15,07:15,,,0,0
300000450,평일,1,07:15,07:15,,,0,0
300000451,평일,1,08:05,08:05,,,0,0
300000451,토요일,1,08:05,08:05,,,0,0
300000452,평일,1,08:15,08:15,,,0,0
300000452,토요일,1,08:15,08:15,,,0,0
300000453,매일,3,07:05,19:35,,,210,540
300000454,매일,1,14:40,14:40,,,0,0
300000455,매일,1,10:30,10:30,,,0,0
300000456,매일,1,19:10,19:10,,,0,0
300000457,매일,3,12:55,16:55,,,120,120
300000458,평일,1,10:15,10:15,,,0,0
300000459,매일,2,19:15,20:25,,,70,70
300000460,매일,3,09:55,15:50,,,145,210
300000461,매일,3,07:55,18:10,,,90,525
300000462,매일,2,09:30,15:00,,,330,330
300000463,매일,1,06:40,06:40,,,0,0
300000464,매일,2,11:15,14:15,,,180,180
300000465,토요일,1,11:15,11:15,11:20,11:20,0,0
300000465,평일,2,11:15,17:10,11:20,17:15,355,355
300000465,공휴일,1,11:15,11:15,11:20,11:20,0,0
300000467,토요일,1,10:55,10:55,11:10,11:10,0,0
300000467,평일,2,10:55,16:50,11:10,17:05,355,355
300000467,공휴일,1,10:55,10:55,11:10,11:10,0,0
300000469,평일,1,07:35,07:35,,,0,0
300000470,매일,12,09:30,20:30,,,60,60
300000471,평일,1,16:30,16:30,,,0,0
300000472,매일,1,23:00,23:00,,,0,0
300000473,매일,2,09:50,13:50,,,240,240
300000474,매일,2,10:15,14:15,,,240,240
300000475,토요일,1,07:40,07:40,,,0,0
300000475,공휴일,1,07:40,07:40,,,0,0
300000476,평일,1,07:55,07:55,,,0,0
300000477,평일,1,23:05,23:05,,,0,0
300000477,토요일,2,07:55,23:05,,,910,910
300000477,공휴일,2,07:55,23:05,,,910,910
300000478,매일,1,16:18,16:18,,,0,0
300000479,매일,1,17:30,17:30,,,0,0
300000480,매일,1,14:55,14:55,,,0,0
300000481,매일,1,11:50,11:50,,,0,0
300000482,평일,1,07:55,07:55,,,0,0
300000483,평일,2,15:25,16:20,,,55,55
300000484,매일,1,06:45,06:45,,,0,0
300000485,매일,1,06:00,06:00,,,0,0
300000486,매일,1,20:35,20:35,,,0,0
300000487,매일,13,06:30,19:55,,,30,155
300000488,매일,13,07:00,20:30,,,30,140
300000489,매일,4,08:40,16:10,08:45,16:15,80,220
300000490,매일,1,18:20,18:20,,,0,0
300000491,매일,1,07:05,07:05,,,0,0
300000492,평일,1,07:35,07:35,,,0,0
300000493,매일,1,19:25,19:25,,,0,0
300000494,평일,1,20:00,20:00,,,0,0
300000495,토요일,10,09:00,19:00,,,60,120
300000495,공휴일,10,09:00,19:00,,,60,120
300000496,토요일,1,20:00,20:00,,,0,0
300000496,공휴일,1,20:00,20:00,,,0,0
300000498,공휴일,1,07:00,07:00,,,0,0
300000498,토요일,1,07:00,07:00,,,0,0
300000499,토요일,1,07:55,07:55,,,0,0
300000499,공휴일,1,07:55,07:55,,,0,0
300000500,평일,1,07:05,07:05,,,0,0
300000501,공휴일,1,07:10,07:10,,,0,0
300000502,공휴일,1,07:10,07:10,,,0,0
300000503,평일,1,07:20,07:20,,,0,0
300000503,토요일,1,07:20,07:20,,,0,0
300000504,평일,1,07:40,07:40,,,0,0
300000505,평일,1,07:40,07:40,,,0,0
300000506,평일,1,07:55,07:55,,,0,0
300000507,평일,6,08:30,16:30,,,60,120
300000508,매일,1,19:30,19:30,,,0,0
300000509,공휴일,10,09:35,19:35,,,60,120
300000509,토요일,10,09:35,19:35,,,60,120
300000509,평일,1,19:35,19:35,,,0,0
300000510,매일,1,18:35,18:35,,,0,0
300000511,매일,1,20:45,20:45,,,0,0
300000512,평일,4,10:30,18:30,,,120,180
300000513,평일,6,14:00,21:00,,,60,120
300000514,평일,4,08:05,15:05,,,60,240
300000515,평일,5,13:05,19:05,,,60,180
300000516,공휴일,2,08:45,09:45,,,60,60
300000516,토요일,2,08:45,09:45,,,60,60
300000517,토요일,2,14:05,15:05,,,60,60
300000517,공휴일,2,14:05,15:05,,,60,60
300000518,평일,1,07:52,07:52,,,0,0
300000519,평일,2,14:05,15:05,,,60,60
300000520,공휴일,2,10:05,11:05,,,60,60
300000520,토요일,2,10:05,11:05,,,60,60
300000521,공휴일,1,06:55,06:55,,,0,0
300000522,매일,1,22:05,22:05,,,0,0
309000001,공휴일,1,06:20,06:20,,,0,0
309000001,토요일,1,06:20,06:20,,,0,0
309000001,평일,1,06:20,06:20,,,0,0
309000002,평일,1,07:32,07:32,,,0,0
309000002,토요일,1,07:32,07:32,,,0,0
309000002,공휴일,1,07:32,07:32,,,0,0
309000003,평일,1,09:20,09:20,,,0,0
309000003,토요일,1,09:20,09:20,,,0,0
309000003,공휴일,1,09:20,09:20,,,0,0
309000004,평일,1,11:33,11:33,,,0,0
309000004,토요일,1,11:33,11:33,,,0,0
309000004,공휴일,1,11:33,11:33,,,0,0
309000005,평일,1,12:47,12:47,,,0,0
309000005,토요일,1,12:47,12:47,,,0,0
309000005,공휴일,1,12:47,12:47,,,0,0
309000006,평일,1,14:15,14:15,,,0,0
309000006,토요일,1,14:15,14:15,,,0,0
309000006,공휴일,1,14:15,14:15,,,0,0
309000007,토요일,2,14:15,17:25,,,310,310
309000007,평일,2,14:15,17:25,,,310,310
309000007,공휴일,2,14:15,17:25,,,310,310
309000008,공휴일,1,18:33,18:33,,,0,0
309000008,토요일,1,18:33,18:33,,,0,0
309000008,평일,1,18:33,18:33,,,0,0
309000009,공휴일,1,06:15,06:15,06:54,06:54,0,0
309000009,토요일,1,06:15,06:15,06:54,06:54,0,0
309000009,평일,1,06:15,06:15,06:54,06:54,0,0
309000010,평일,1,07:23,07:23,08:18,08:18,0,0
309000010,토요일,1,07:23,07:23,08:18,08:18,0,0
309000010,공휴일,1,07:23,07:23,08:18,08:18,0,0
309000012,평일,5,08:35,19:49,09:36,20:21,137,498
309000012,토요일,5,08:35,19:49,09:36,20:21,137,498
309000012,공휴일,5,08:35,19:49,09:36,20:21,137,498
309000013,평일,2,11:35,18:11,12:08,19:20,676,676
309000013,토요일,2,11:35,18:11,12:08,19:20,676,676
309000013,공휴일,2,11:35,18:11,12:08,19:20,676,676
309000015,평일,1,13:50,13:50,14:44,14:44,0,0
309000015,토요일,1,13:50,13:50,14:44,14:44,0,0
309000015,공휴일,1,13:50,13:50,14:44,14:44,0,0
309000016,평일,1,06:47,06:47,,,0,0
309000016,토요일,1,06:47,06:47,,,0,0
309000016,공휴일,1,06:47,06:47,,,0,0
309000017,평일,1,07:16,07:16,,,0,0
309000017,토요일,1,07:16,07:16,,,0,0
309000017,공휴일,1,07:16,07:16,,,0,0
309000018,공휴일,1,09:55,09:55,,,0,0
309000018,토요일,1,09:55,09:55,,,0,0
309000018,평일,1,09:55,09:55,,,0,0
309000019,토요일,1,10:34,10:34,,,0,0
309000019,공휴일,1,10:34,10:34,,,0,0
309000019,평일,1,10:34,10:34,,,0,0
309000020,평일,2,12:18,14:50,,,232,232
309000020,토요일,2,12:18,14:50,,,232,232
309000020,공휴일,2,12:18,14:50,,,232,232
309000021,평일,1,12:47,12:47,,,0,0
309000021,토요일,1,12:47,12:47,,,0,0
309000021,공휴일,1,12:47,12:47,,,0,0
309000022,평일,2,12:12,15:45,,,333,333
309000022,토요일,2,12:12,15:45,,,333,333
309000022,공휴일,2,12:12,15:45,,,333,333
309000023,공휴일,1,16:28,16:28,17:00,17:00,0,0
309000023,평일,1,16:28,16:28,17:00,17:00,0,0
309000023,토요일,1,16:28,16:28,17:00,17:00,0,0
309000024,공휴일,1,18:15,18:15,,,0,0
309000024,평일,1,18:15,18:15,,,0,0
309000024,토요일,1,18:15,18:15,,,0,0
309000025,공휴일,1,06:33,06:33,,,0,0
309000025,평일,1,06:33,06:33,,,0,0
309000025,토요일,1,06:33,06:33,,,0,0
309000026,평일,1,09:20,09:20,,,0,0
309000026,토요일,1,09:20,09:20,,,0,0
309000026,공휴일,1,09:20,09:20,,,0,0
309000030,공휴일,1,16:30,16:30,,,0,0
309000030,토요일,1,16:30,16:30,,,0,0
309000030,평일,1,16:30,16:30,,,0,0
309000032,평일,1,06:30,06:30,,,0,0
309000032,토요일,1,06:30,06:30,,,0,0
309000032,공휴일,1,06:30,06:30,,,0,0
309000033,평일,1,06:57,06:57,07:49,07:49,0,0
309000033,토요일,1,06:57,06:57,07:49,07:49,0,0
309000033,공휴일,1,06:57,06:57,07:49,07:49,0,0
309000034,공휴일,1,08:39,08:39,09:27,09:27,0,0
309000034,토요일,1,08:39,08:39,09:27,09:27,0,0
309000034,평일,1,08:39,08:39,09:27,09:27,0,0
309000035,평일,1,10:58,10:58,,,0,0
309000035,토요일,1,10:58,10:58,,,0,0
309000035,공휴일,1,10:58,10:58,,,0,0
309000036,평일,1,12:42,12:42,,,0,0
309000036,토요일,1,12:42,12:42,,,0,0
309000036,공휴일,1,12:42,12:42,,,0,0
309000037,평일,1,14:25,14:25,,,0,0
309000037,토요일,1,14:25,14:25,,,0,0
309000037,공휴일,1,14:25,14:25,,,0,0
309000038,평일,1,16:36,16:36,,,0,0
309000038,토요일,1,16:36,16:36,,,0,0
309000038,공휴일,1,16:36,16:36,,,0,0
309000039,평일,1,19:35,19:35,,,0,0
309000039,토요일,1,19:35,19:35,,,0,0
309000039,공휴일,1,19:35,19:35,,,0,0
309000040,공휴일,2,07:00,14:35,,,735,735
309000040,평일,2,07:00,14:35,,,735,735
309000040,토요일,2,07:00,14:35,,,735,735
309000041,공휴일,1,08:30,08:30,,,0,0
309000041,토요일,1,08:30,08:30,,,0,0
309000041,평일,1,08:30,08:30,,,0,0
309000042,평일,1,10:25,10:25,,,0,0
309000042,공휴일,1,10:25,10:25,,,0,0
309000042,토요일,1,10:25,10:25,,,0,0
309000043,평일,1,11:50,11:50,,,0,0
309000043,토요일,1,11:50,11:50,,,0,0
309000043,공휴일,1,11:50,11:50,,,0,0
309000044,평일,1,12:20,12:20,,,0,0
309000044,토요일,1,12:20,12:20,,,0,0
309000044,공휴일,1,12:20,12:20,,,0,0
309000045,공휴일,1,14:15,14:15,,,0,0
309000045,토요일,1,14:15,14:15,,,0,0
309000045,평일,1,14:15,14:15,,,0,0
309000046,평일,1,17:26,17:26,,,0,0
309000046,공휴일,1,17:26,17:26,,,0,0
309000046,토요일,1,17:26,17:26,,,0,0
309000047,토요일,1,19:54,19:54,,,0,0
309000047,공휴일,1,19:54,19:54,,,0,0
309000047,평일,1,19:54,19:54,,,0,0
309000048,평일,1,06:40,06:40,,,0,0
309000048,토요일,1,06:40,06:40,,,0,0
309000048,공휴일,1,06:40,06:40,,,0,0
309000049,평일,1,07:37,07:37,,,0,0
309000049,토요일,1,07:37,07:37,,,0,0
309000049,공휴일,1,07:37,07:37,,,0,0
309000050,평일,1,18:50,18:50,,,0,0
309000050,토요일,1,18:50,18:50,,,0,0
309000050,공휴일,1,18:50,18:50,,,0,0
309000053,공휴일,1,07:10,07:10,,,0,0
309000053,토요일,1,07:10,07:10,,,0,0
309000053,평일,1,07:10,07:10,,,0,0
309000054,평일,1,08:06,08:06,,,0,0
309000054,토요일,1,08:06,08:06,,,0,0
309000054,공휴일,1,08:06,08:06,,,0,0
309000055,토요일,1,09:23,09:23,,,0,0
309000055,공휴일,1,09:23,09:23,,,0,0
309000055,평일,1,09:23,09:23,,,0,0
309000056,토요일,1,10:55,10:55,11:40,11:40,0,0
309000056,공휴일,1,10:55,10:55,11:40,11:40,0,0
309000056,평일,1,10:55,10:55,11:40,11:40,0,0
309000057,평일,1,13:05,13:05,,,0,0
309000057,토요일,1,13:05,13:05,,,0,0
309000057,공휴일,1,13:05,13:05,,,0,0
309000058,평일,1,14:00,14:00,,,0,0
309000058,토요일,1,14:00,14:00,,,0,0
309000058,공휴일,1,14:00,14:00,,,0,0
309000059,평일,1,15:50,15:50,,,0,0
309000059,토요일,1,15:50,15:50,,,0,0
309000059,공휴일,1,15:50,15:50,,,0,0
309000060,평일,1,17:02,17:02,,,0,0
309000060,토요일,1,17:02,17:02,,,0,0
309000060,공휴일,1,17:02,17:02,,,0,0
309000061,공휴일,1,18:20,18:20,19:12,19:12,0,0
309000061,토요일,1,18:20,18:20,19:12,19:12,0,0
309000061,평일,1,18:20,18:20,19:12,19:12,0,0
309000062,평일,1,06:55,06:55,,,0,0
309000062,토요일,1,06:55,06:55,,,0,0
309000062,공휴일,1,06:55,06:55,,,0,0
309000063,공휴일,1,08:10,08:10,,,0,0
309000063,토요일,1,08:10,08:10,,,0,0
309000063,평일,1,08:10,08:10,,,0,0
309000064,공휴일,1,11:23,11:23,,,0,0
309000064,토요일,1,11:23,11:23,,,0,0
309000064,평일,1,11:23,11:23,,,0,0
309000065,공휴일,1,13:30,13:30,,,0,0
309000065,토요일,1,13:30,13:30,,,0,0
309000065,평일,1,13:30,13:30,,,0,0
309000066,토요일,1,15:13,15:13,,,0,0
309000066,평일,1,15:13,15:13,,,0,0
309000066,공휴일,1,15:13,15:13,,,0,0
309000067,토요일,1,18:21,18:21,,,0,0
309000067,공휴일,1,18:21,18:21,,,0,0
309000067,평일,1,18:21,18:21,,,0,0
309000068,평일,1,20:10,20:10,,,0,0
309000068,토요일,1,20:10,20:10,,,0,0
309000068,공휴일,1,20:10,20:10,,,0,0
309000069,평일,1,06:58,06:58,,,0,0
309000069,토요일,1,06:58,06:58,,,0,0
309000069,공휴일,1,06:58,06:58,,,0,0
309000070,공휴일,2,08:02,13:50,,,548,548
309000070,토요일,2,08:02,13:50,,,548,548
309000070,평일,2,08:02,13:50,,,548,548
309000071,평일,1,10:20,10:20,,,0,0
309000071,토요일,1,10:20,10:20,,,0,0
309000071,공휴일,1,10:20,10:20,,,0,0
309000072,평일,1,12:35,12:35,,,0,0
309000072,토요일,1,12:35,12:35,,,0,0
309000072,공휴일,1,12:35,12:35,,,0,0
309000074,평일,1,16:26,16:26,,,0,0
309000074,토요일,1,16:26,16:26,,,0,0
309000074,공휴일,1,16:26,16:26,,,0,0
309000075,평일,1,18:13,18:13,,,0,0
309000075,토요일,1,18:13,18:13,,,0,0
309000075,공휴일,1,18:13,18:13,,,0,0
309000076,공휴일,1,06:03,06:03,,,0,0
309000076,토요일,1,06:03,06:03,,,0,0
309000076,평일,1,06:03,06:03,,,0,0
309000077,공휴일,1,06:43,06:43,,,0,0
309000077,토요일,1,06:43,06:43,,,0,0
309000077,평일,1,06:43,06:43,,,0,0
309000078,공휴일,1,08:53,08:53,,,0,0
309000078,토요일,1,08:53,08:53,,,0,0
309000078,평일,1,08:53,08:53,,,0,0
309000079,평일,1,12:36,12:36,,,0,0
309000079,공휴일,1,12:36,12:36,,,0,0
309000079,토요일,1,12:36,12:36,,,0,0
309000080,공휴일,1,15:39,15:39,,,0,0
309000080,토요일,1,15:39,15:39,,,0,0
309000080,평일,1,15:39,15:39,,,0,0
309000081,공휴일,1,18:18,18:18,,,0,0
309000081,토요일,1,18:18,18:18,,,0,0
309000081,평일,1,18:18,18:18,,,0,0
309000082,평일,1,06:45,06:45,,,0,0
309000082,토요일,1,06:45,06:45,,,0,0
309000082,공휴일,1,06:45,06:45,,,0,0
309000083,공휴일,1,08:27,08:27,,,0,0
309000083,토요일,1,08:27,08:27,,,0,0
309000083,평일,1,08:27,08:27,,,0,0
309000084,공휴일,1,10:16,10:16,,,0,0
309000084,토요일,1,10:16,10:16,,,0,0
309000084,평일,1,10:16,10:16,,,0,0
309000085,공휴일,1,12:00,12:00,,,0,0
309000085,토요일,1,12:00,12:00,,,0,0
309000085,평일,1,12:00,12:00,,,0,0
309000086,공휴일,1,13:40,13:40,,,0,0
309000086,토요일,1,13:40,13:40,,,0,0
309000086,평일,1,13:40,13:40,,,0,0
309000087,토요일,1,16:24,16:24,,,0,0
309000087,평일,1,16:24,16:24,,,0,0
309000087,공휴일,1,16:24,16:24,,,0,0
309000088,공휴일,1,18:33,18:33,,,0,0
309000088,토요일,1,18:33,18:33,,,0,0
309000088,평일,1,18:33,18:33,,,0,0
309000089,토요일,1,20:08,20:08,,,0,0
309000089,공휴일,1,20:08,20:08,,,0,0
309000089,평일,1,20:08,20:08,,,0,0
309000090,평일,1,06:50,06:50,,,0,0
309000090,토요일,1,06:50,06:50,,,0,0
309000090,공휴일,1,06:50,06:50,,,0,0
309000091,평일,1,09:12,09:12,,,0,0
309000091,토요일,1,09:12,09:12,,,0,0
309000091,공휴일,1,09:12,09:12,,,0,0
309000092,평일,1,12:37,12:37,,,0,0
309000092,토요일,1,12:37,12:37,,,0,0
309000092,공휴일,1,12:37,12:37,,,0,0
309000093,평일,1,16:03,16:03,,,0,0
309000093,토요일,1,16:03,16:03,,,0,0
309000093,공휴일,1,16:03,16:03,,,0,0
309000094,평일,1,19:46,19:46,,,0,0
309000094,공휴일,1,19:46,19:46,,,0,0
309000094,토요일,1,19:46,19:46,,,0,0
309000095,평일,1,06:23,06:23,,,0,0
309000095,토요일,1,06:23,06:23,,,0,0
309000095,공휴일,1,06:23,06:23,,,0,0
309000096,평일,1,07:20,07:20,,,0,0
309000096,토요일,1,07:20,07:20,,,0,0
309000096,공휴일,1,07:20,07:20,,,0,0
309000097,평일,1,09:00,09:00,,,0,0
309000097,토요일,1,09:00,09:00,,,0,0
309000097,공휴일,1,09:00,09:00,,,0,0
309000098,평일,1,10:22,10:22,,,0,0
309000098,토요일,1,10:22,10:22,,,0,0
309000098,공휴일,1,10:22,10:22,,,0,0
309000099,평일,1,11:45,11:45,,,0,0
309000099,토요일,1,11:45,11:45,,,0,0
309000099,공휴일,1,11:45,11:45,,,0,0
309000101,평일,1,16:27,16:27,,,0,0
309000101,토요일,1,16:27,16:27,,,0,0
309000101,공휴일,1,16:27,16:27,,,0,0
309000102,평일,1,18:17,18:17,,,0,0
309000102,공휴일,1,18:17,18:17,,,0,0
309000102,토요일,1,18:17,18:17,,,0,0
309000103,공휴일,1,20:25,20:25,,,0,0
309000103,토요일,1,20:25,20:25,,,0,0
309000103,평일,1,20:25,20:25,,,0,0
309000104,공휴일,2,06:31,12:55,,,624,624
309000104,토요일,2,06:31,12:55,,,624,624
309000104,평일,2,06:31,12:55,,,624,624
309000105,공휴일,2,07:14,18:32,,,0,0
309000105,토요일,2,07:14,18:32,,,0,0
309000105,평일,2,07:14,18:32,,,0,0
309000106,공휴일,2,08:53,15:13,,,660,660
309000106,토요일,2,08:53,15:13,,,660,660
309000106,평일,2,08:53,15:13,,,660,660
309000107,공휴일,1,10:27,10:27,,,0,0
309000107,토요일,1,10:27,10:27,,,0,0
309000107,평일,1,10:27,10:27,,,0,0
309000110,평일,1,19:54,19:54,,,0,0
309000110,토요일,1,19:54,19:54,,,0,0
309000110,공휴일,1,19:54,19:54,,,0,0
309000111,평일,1,06:47,06:47,07:08,07:08,0,0
309000111,토요일,1,06:47,06:47,07:08,07:08,0,0
309000111,공휴일,1,06:47,06:47,07:08,07:08,0,0
309000113,공휴일,1,08:18,08:18,,,0,0
309000113,토요일,1,08:18,08:18,,,0,0
309000113,평일,1,08:18,08:18,,,0,0
309000114,평일,1,09:15,09:15,09:40,09:40,0,0
309000114,토요일,1,09:15,09:15,09:40,09:40,0,0
309000114,공휴일,1,09:15,09:15,09:40,09:40,0,0
309000115,평일,2,08:23,11:00,08:43,11:20,277,277
309000115,토요일,2,08:23,11:00,08:43,11:20,277,277
309000115,공휴일,2,08:23,11:00,08:43,11:20,277,277
309000116,공휴일,1,11:45,11:45,12:06,12:06,0,0
309000116,토요일,1,11:45,11:45,12:06,12:06,0,0
309000116,평일,1,11:45,11:45,12:06,12:06,0,0
309000117,공휴일,1,13:25,13:25,14:00,14:00,0,0
309000117,평일,1,13:25,13:25,14:00,14:00,0,0
309000117,토요일,1,13:25,13:25,14:00,14:00,0,0
309000118,공휴일,1,14:55,14:05,,,0,0
309000118,토요일,1,14:55,14:05,,,0,0
309000118,평일,1,14:55,14:05,,,0,0
309000119,평일,3,11:45,19:15,,,260,510
309000119,토요일,3,11:45,19:15,,,260,510
309000119,공휴일,3,11:45,19:15,,,260,510
309000121,평일,1,06:27,06:27,,,0,0
309000121,토요일,1,06:27,06:27,,,0,0
309000121,공휴일,1,06:27,06:27,,,0,0
309000122,평일,1,07:36,07:36,,,0,0
309000122,토요일,1,07:36,07:36,,,0,0
309000122,공휴일,1,07:36,07:36,,,0,0
309000123,토요일,1,09:13,09:13,,,0,0
309000123,평일,1,09:13,09:13,,,0,0
309000123,공휴일,1,09:13,09:13,,,0,0
309000124,토요일,3,10:21,18:40,,,105,714
309000124,공휴일,3,10:21,18:40,,,105,714
309000124,평일,3,10:21,18:40,,,105,714
309000125,평일,1,13:50,13:50,,,0,0
309000125,토요일,1,13:50,13:50,,,0,0
309000125,공휴일,1,13:50,13:50,,,0,0
309000126,평일,1,15:25,15:25,,,0,0
309000126,토요일,1,15:25,15:25,,,0,0
309000126,공휴일,1,15:25,15:25,,,0,0
309000127,공휴일,1,17:50,17:50,,,0,0
309000127,평일,1,17:50,17:50,,,0,0
309000127,토요일,1,17:50,17:50,,,0,0
309000128,평일,1,06:20,06:20,,,0,0
309000128,공휴일,1,06:20,06:20,,,0,0
309000128,토요일,1,06:20,06:20,,,0,0
309000129,평일,1,07:00,07:00,,,0,0
309000129,토요일,1,07:00,07:00,,,0,0
309000129,공휴일,1,07:00,07:00,,,0,0
309000130,평일,1,08:09,08:09,,,0,0
309000130,토요일,1,08:09,08:09,,,0,0
309000130,공휴일,1,08:09,08:09,,,0,0
309000131,평일,1,10:24,10:24,,,0,0
309000131,토요일,1,10:24,10:24,,,0,0
309000131,공휴일,1,10:24,10:24,,,0,0
309000132,평일,1,13:16,13:16,13:57,13:57,0,0
309000132,토요일,1,13:16,13:16,13:57,13:57,0,0
309000132,공휴일,1,13:16,13:16,13:57,13:57,0,0
309000133,평일,1,16:00,16:00,,,0,0
309000133,토요일,1,16:00,16:00,,,0,0
309000133,공휴일,1,16:00,16:00,,,0,0
309000134,토요일,2,06:08,13:15,,,707,707
309000134,공휴일,2,06:08,13:15,,,707,707
309000134,평일,2,06:08,13:15,,,707,707
309000135,평일,1,06:10,06:10,,,0,0
309000135,토요일,1,06:10,06:10,,,0,0
309000135,공휴일,1,06:10,06:10,,,0,0
309000136,공휴일,1,07:15,07:15,,,0,0
309000136,토요일,1,07:15,07:15,,,0,0
309000136,평일,1,07:15,07:15,,,0,0
309000138,평일,1,09:46,09:46,,,0,0
309000138,토요일,1,09:46,09:46,,,0,0
309000138,공휴일,1,09:46,09:46,,,0,0
309000139,평일,1,17:35,17:35,,,0,0
309000139,토요일,1,17:35,17:35,,,0,0
309000139,공휴일,1,17:35,17:35,,,0,0
309000142,평일,1,06:10,06:10,,,0,0
309000142,토요일,1,06:10,06:10,,,0,0
309000142,공휴일,1,06:10,06:10,,,0,0
309000145,평일,1,11:33,11:33,,,0,0
309000145,토요일,1,11:33,11:33,,,0,0
309000145,공휴일,1,11:33,11:33,,,0,0
309000146,평일,1,13:25,13:25,,,0,0
309000146,토요일,1,13:25,13:25,,,0,0
309000146,공휴일,1,13:25,13:25,,,0,0
309000147,평일,1,14:55,14:55,,,0,0
309000147,토요일,1,14:55,14:55,,,0,0
309000147,공휴일,1,14:55,14:55,,,0,0
309000148,공휴일,1,17:14,17:14,,,0,0
309000148,평일,1,17:14,17:14,,,0,0
309000148,토요일,1,17:14,17:14,,,0,0
309000149,공휴일,1,19:00,19:00,,,0,0
309000149,토요일,1,19:00,19:00,,,0,0
309000149,평일,1,19:00,19:00,,,0,0
309000150,토요일,1,06:25,06:25,,,0,0
309000150,평일,1,06:25,06:25,,,0,0
309000150,공휴일,1,06:25,06:25,,,0,0
309000151,공휴일,1,08:00,08:00,,,0,0
309000151,토요일,1,08:00,08:00,,,0,0
309000151,평일,1,08:00,08:00,,,0,0
309000152,공휴일,1,09:08,09:08,,,0,0
309000152,토요일,1,09:08,09:08,,,0,0
309000152,평일,1,09:08,09:08,,,0,0
309000153,공휴일,1,09:41,09:41,,,0,0
309000153,토요일,1,09:41,09:41,,,0,0
309000153,평일,1,09:41,09:41,,,0,0
309000154,평일,1,12:25,12:25,,,0,0
309000154,토요일,1,12:25,12:25,,,0,0
309000154,공휴일,1,12:25,12:25,,,0,0
309000155,평일,1,14:10,14:10,,,0,0
309000155,토요일,1,14:10,14:10,,,0,0
309000155,공휴일,1,14:10,14:10,,,0,0
309000156,공휴일,1,15:15,15:15,,,0,0
309000156,토요일,1,15:15,15:15,,,0,0
309000156,평일,1,15:15,15:15,,,0,0
309000157,공휴일,1,16:09,16:09,,,0,0
309000157,토요일,1,16:09,16:09,,,0,0
309000157,평일,1,16:09,16:09,,,0,0
309000158,평일,1,17:37,17:37,,,0,0
309000158,토요일,1,17:37,17:37,,,0,0
309000158,공휴일,1,17:37,17:37,,,0,0
309000159,평일,1,18:16,18:16,,,0,0
309000159,토요일,1,18:16,18:16,,,0,0
309000159,공휴일,1,18:16,18:16,,,0,0
309000160,공휴일,1,19:35,19:35,,,0,0
309000160,토요일,1,19:35,19:35,,,0,0
309000160,평일,1,19:35,19:35,,,0,0
309000161,평일,1,06:05,06:05,,,0,0
309000161,토요일,1,06:05,06:05,,,0,0
309000161,공휴일,1,06:05,06:05,,,0,0
309000162,평일,1,06:56,06:56,,,0,0
309000162,토요일,1,06:56,06:56,,,0,0
309000162,공휴일,1,06:56,06:56,,,0,0
309000163,평일,1,08:40,08:40,,,0,0
309000163,토요일,1,08:40,08:40,,,0,0
309000163,공휴일,1,08:40,08:40,,,0,0
309000164,평일,1,10:11,10:11,,,0,0
309000164,토요일,1,10:11,10:11,,,0,0
309000164,공휴일,1,10:11,10:11,,,0,0
309000166,공휴일,1,13:30,13:30,,,0,0
309000166,토요일,1,13:30,13:30,,,0,0
309000166,평일,1,13:30,13:30,,,0,0
309000167,공휴일,1,14:04,14:04,,,0,0
309000167,토요일,1,14:04,14:04,,,0,0
309000167,평일,1,14:04,14:04,,,0,0
309000168,평일,1,17:16,17:16,,,0,0
309000168,토요일,1,17:16,17:16,,,0,0
309000168,공휴일,1,17:16,17:16,,,0,0
309000169,토요일,1,20:25,20:25,,,0,0
309000169,공휴일,1,20:25,20:25,,,0,0
309000169,평일,1,20:25,20:25,,,0,0
309000170,공휴일,1,06:50,06:50,,,0,0
309000170,토요일,1,06:50,06:50,,,0,0
309000170,평일,1,06:50,06:50,,,0,0
309000171,토요일,1,08:05,08:05,,,0,0
309000171,평일,1,08:05,08:05,,,0,0
309000171,공휴일,1,08:05,08:05,,,0,0
309000172,공휴일,1,10:08,10:08,,,0,0
309000172,평일,1,10:08,10:08,,,0,0
309000172,토요일,1,10:08,10:08,,,0,0
309000173,평일,1,11:46,11:46,,,0,0
309000173,토요일,1,11:46,11:46,,,0,0
309000173,공휴일,1,11:46,11:46,,,0,0
309000174,평일,1,13:20,13:20,,,0,0
309000174,토요일,1,13:20,13:20,,,0,0
309000174,공휴일,1,13:20,13:20,,,0,0
309000177,평일,1,18:15,18:15,,,0,0
309000177,토요일,1,18:15,18:15,,,0,0
309000177,공휴일,1,18:15,18:15,,,0,0
309000178,평일,1,19:13,19:13,,,0,0
309000178,토요일,1,19:13,19:13,,,0,0
309000178,공휴일,1,19:13,19:13,,,0,0
309000179,평일,1,06:26,06:26,,,0,0
309000179,토요일,1,06:26,06:26,,,0,0
309000179,공휴일,1,06:26,06:26,,,0,0
309000180,토요일,1,07:20,07:20,,,0,0
309000180,평일,1,07:20,07:20,,,0,0
309000180,공휴일,1,07:20,07:20,,,0,0
309000182,공휴일,1,09:00,09:00,,,0,0
309000182,토요일,1,09:00,09:00,,,0,0
309000182,평일,1,09:00,09:00,,,0,0
309000183,공휴일,1,10:02,10:02,,,0,0
309000183,토요일,1,10:02,10:02,,,0,0
309000183,평일,1,10:02,10:02,,,0,0
309000186,공휴일,1,12:36,12:36,,,0,0
309000186,평일,1,12:36,12:36,,,0,0
309000186,토요일,1,12:36,12:36,,,0,0
309000187,평일,1,13:50,13:50,,,0,0
309000187,토요일,1,13:50,13:50,,,0,0
309000187,공휴일,1,13:50,13:50,,,0,0
309000188,평일,1,16:28,16:28,,,0,0
309000188,토요일,1,16:28,16:28,,,0,0
309000188,공휴일,1,16:28,16:28,,,0,0
309000189,평일,1,17:50,17:50,,,0,0
309000189,토요일,1,17:50,17:50,,,0,0
309000189,공휴일,1,17:50,17:50,,,0,0
309000190,공휴일,1,06:40,06:40,,,0,0
309000190,토요일,1,06:40,06:40,,,0,0
309000190,평일,1,06:40,06:40,,,0,0
309000191,평일,1,10:47,10:47,,,0,0
309000191,토요일,1,10:47,10:47,,,0,0
309000191,공휴일,1,10:47,10:47,,,0,0
309000192,평일,1,06:00,06:00,,,0,0
309000192,토요일,1,06:00,06:00,,,0,0
309000192,공휴일,1,06:00,06:00,,,0,0
309000193,평일,1,06:53,06:53,,,0,0
309000193,토요일,1,06:53,06:53,,,0,0
309000193,공휴일,1,06:53,06:53,,,0,0
309000194,공휴일,1,07:30,07:30,,,0,0
309000194,토요일,1,07:30,07:30,,,0,0
309000194,평일,1,07:30,07:30,,,0,0
309000195,평일,1,08:10,08:10,,,0,0
309000195,토요일,1,08:10,08:10,,,0,0
309000195,공휴일,1,08:10,08:10,,,0,0
309000196,평일,1,09:05,09:05,,,0,0
309000196,토요일,1,09:05,09:05,,,0,0
309000196,공휴일,1,09:05,09:05,,,0,0
309000197,평일,1,11:40,11:40,,,0,0
309000197,토요일,1,11:40,11:40,,,0,0
309000197,공휴일,1,11:40,11:40,,,0,0
309000198,공휴일,1,14:15,14:15,,,0,0
309000198,토요일,1,14:15,14:15,,,0,0
309000198,평일,1,14:15,14:15,,,0,0
309000199,평일,1,15:30,15:30,,,0,0
309000199,토요일,1,15:30,15:30,,,0,0
309000199,공휴일,1,15:30,15:30,,,0,0
309000200,평일,1,16:30,16:30,,,0,0
309000200,토요일,1,16:30,16:30,,,0,0
309000200,공휴일,1,16:30,16:30,,,0,0
309000201,평일,1,17:03,17:03,,,0,0
309000201,토요일,1,17:03,17:03,,,0,0
309000201,공휴일,1,17:03,17:03,,,0,0
309000202,공휴일,1,19:25,19:25,,,0,0
309000202,토요일,1,19:25,19:25,,,0,0
309000202,평일,1,19:25,19:25,,,0,0
309000203,평일,1,06:45,06:45,,,0,0
309000203,토요일,1,06:45,06:45,,,0,0
309000203,공휴일,1,06:45,06:45,,,0,0
309000204,평일,1,07:00,07:00,,,0,0
309000204,토요일,1,07:00,07:00,,,0,0
309000204,공휴일,1,07:00,07:00,,,0,0
309000205,공휴일,1,09:05,09:05,,,0,0
309000205,토요일,1,09:05,09:05,,,0,0
309000205,평일,1,09:05,09:05,,,0,0
309000206,평일,1,09:44,09:44,,,0,0
309000206,토요일,1,09:44,09:44,,,0,0
309000206,공휴일,1,09:44,09:44,,,0,0
309000208,평일,1,14:45,14:45,,,0,0
309000208,토요일,1,14:45,14:45,,,0,0
309000208,공휴일,1,14:45,14:45,,,0,0
309000210,평일,1,19:56,19:56,,,0,0
309000210,토요일,1,19:56,19:56,,,0,0
309000210,공휴일,1,19:56,19:56,,,0,0
309000211,공휴일,1,06:30,06:30,,,0,0
309000211,토요일,1,06:30,06:30,,,0,0
309000211,평일,1,06:30,06:30,,,0,0
309000212,평일,1,07:34,07:34,,,0,0
309000212,토요일,1,07:34,07:34,,,0,0
309000212,공휴일,1,07:34,07:34,,,0,0
309000213,평일,1,09:45,09:45,,,0,0
309000213,토요일,1,09:45,09:45,,,0,0
309000213,공휴일,1,09:45,09:45,,,0,0
309000214,평일,1,11:30,11:30,,,0,0
309000214,토요일,1,11:30,11:30,,,0,0
309000214,공휴일,1,11:30,11:30,,,0,0
309000215,공휴일,1,13:17,13:17,,,0,0
309000215,토요일,1,13:17,13:17,,,0,0
309000215,평일,1,13:17,13:17,,,0,0
309000216,평일,1,16:10,16:10,,,0,0
309000216,토요일,1,16:10,16:10,,,0,0
309000216,공휴일,1,16:10,16:10,,,0,0
309000217,평일,1,18:33,18:33,,,0,0
309000217,토요일,1,18:33,18:33,,,0,0
309000217,공휴일,1,18:33,18:33,,,0,0
309000218,토요일,1,20:10,20:10,,,0,0
309000218,공휴일,1,20:10,20:10,,,0,0
309000218,평일,1,20:10,20:10,,,0,0
309000219,평일,1,06:15,06:15,,,0,0
309000219,토요일,1,06:15,06:15,,,0,0
309000219,공휴일,1,06:15,06:15,,,0,0
309000220,평일,1,07:15,07:15,,,0,0
309000220,토요일,1,07:15,07:15,,,0,0
309000220,공휴일,1,07:15,07:15,,,0,0
309000221,토요일,1,09:10,09:10,,,0,0
309000221,평일,1,09:10,09:10,,,0,0
309000221,공휴일,1,09:10,09:10,,,0,0
309000222,평일,1,11:00,11:00,,,0,0
309000222,토요일,1,11:00,11:00,,,0,0
309000222,공휴일,1,11:00,11:00,,,0,0
309000223,공휴일,3,12:50,19:15,,,290,375
309000223,평일,3,12:50,19:15,,,290,375
309000223,토요일,3,12:50,19:15,,,290,375
309000224,토요일,3,13:50,20:12,,,283,379
309000224,평일,3,13:50,20:12,,,283,379
309000224,공휴일,3,13:50,20:12,,,283,379
309000227,토요일,1,07:35,07:35,,,0,0
309000227,평일,1,07:35,07:35,,,0,0
309000227,공휴일,1,07:35,07:35,,,0,0
309000228,공휴일,2,09:20,15:10,,,590,590
309000228,토요일,2,09:20,15:10,,,590,590
309000228,평일,2,09:20,15:10,,,590,590
309000229,공휴일,3,11:25,20:27,,,227,675
309000229,토요일,3,11:25,20:27,,,227,675
309000229,평일,3,11:25,20:27,,,227,675
309000230,공휴일,2,13:25,19:25,,,600,600
309000230,토요일,2,13:25,19:25,,,600,600
309000230,평일,2,13:25,19:25,,,600,600
309000234,공휴일,1,06:10,06:10,,,0,0
309000234,토요일,1,06:10,06:10,,,0,0
309000234,평일,1,06:10,06:10,,,0,0
309000235,공휴일,1,07:30,07:30,,,0,0
309000235,토요일,1,07:30,07:30,,,0,0
309000235,평일,1,07:30,07:30,,,0,0
309000236,평일,3,06:45,18:20,,,185,990
309000236,토요일,3,06:45,18:20,,,185,990
309000236,공휴일,3,06:45,18:20,,,185,990
309000237,평일,1,09:04,09:04,,,0,0
309000237,토요일,1,09:04,09:04,,,0,0
309000237,공휴일,1,09:04,09:04,,,0,0
309000238,평일,2,11:55,17:44,,,589,589
309000238,토요일,2,11:55,17:44,,,589,589
309000238,공휴일,2,11:55,17:44,,,589,589
309000240,평일,1,15:40,15:40,16:05,16:05,0,0
309000240,토요일,1,15:40,15:40,16:05,16:05,0,0
309000240,공휴일,1,15:40,15:40,16:05,16:05,0,0
309000241,공휴일,1,07:39,07:39,,,0,0
309000241,평일,1,07:39,07:39,,,0,0
309000241,토요일,1,07:39,07:39,,,0,0
309000243,평일,2,09:00,18:45,,,945,945
309000243,토요일,2,09:00,18:45,,,945,945
309000243,공휴일,2,09:00,18:45,,,945,945
309000244,토요일,1,19:15,19:15,,,0,0
309000244,공휴일,1,19:15,19:15,,,0,0
309000244,평일,1,19:15,19:15,,,0,0
309000245,공휴일,1,06:10,06:10,,,0,0
309000245,토요일,1,06:10,06:10,,,0,0
309000245,평일,1,06:10,06:10,,,0,0
309000249,평일,1,10:55,10:55,,,0,0
309000249,토요일,1,10:55,10:55,,,0,0
309000249,공휴일,1,10:55,10:55,,,0,0
309000250,토요일,1,12:40,12:40,,,0,0
309000250,공휴일,1,12:40,12:40,,,0,0
309000250,평일,1,12:40,12:40,,,0,0
309000253,평일,1,19:00,19:00,,,0,0
309000253,토요일,1,19:00,19:00,,,0,0
309000253,공휴일,1,19:00,19:00,,,0,0
309000255,토요일,3,08:56,16:08,,,165,587
309000255,평일,3,08:56,16:08,,,165,587
309000255,공휴일,3,08:56,16:08,,,165,587
309000256,평일,1,13:27,13:27,,,0,0
309000256,토요일,1,13:27,13:27,,,0,0
309000256,공휴일,1,13:27,13:27,,,0,0
309000258,공휴일,1,19:55,19:55,,,0,0
309000258,토요일,1,19:55,19:55,,,0,0
309000258,평일,1,19:55,19:55,,,0,0
309000259,평일,1,06:15,06:15,,,0,0
309000259,공휴일,1,06:15,06:15,,,0,0
309000259,토요일,1,06:15,06:15,,,0,0
309000260,공휴일,1,07:50,07:50,,,0,0
309000260,평일,1,07:50,07:50,,,0,0
309000260,토요일,1,07:50,07:50,,,0,0
309000261,평일,1,08:55,08:55,,,0,0
309000261,토요일,1,08:55,08:55,,,0,0
309000261,공휴일,1,08:55,08:55,,,0,0
309000262,공휴일,1,11:14,11:14,,,0,0
309000262,토요일,1,11:14,11:14,,,0,0
309000262,평일,1,11:14,11:14,,,0,0
309000263,토요일,1,13:44,13:44,,,0,0
309000263,공휴일,1,13:44,13:44,,,0,0
309000263,평일,1,13:44,13:44,,,0,0
309000264,평일,1,15:35,15:35,,,0,0
309000264,토요일,1,15:35,15:35,,,0,0
309000264,공휴일,1,15:35,15:35,,,0,0
309000265,평일,1,16:34,16:34,,,0,0
309000265,토요일,1,16:34,16:34,,,0,0
309000265,공휴일,1,16:34,16:34,,,0,0
309000266,토요일,1,18:25,18:25,,,0,0
309000266,평일,1,18:25,18:25,,,0,0
309000266,공휴일,1,18:25,18:25,,,0,0
309000275,토요일,1,06:23,06:23,,,0,0
309000275,평일,1,06:23,06:23,,,0,0
309000275,공휴일,1,06:23,06:23,,,0,0
309000278,공휴일,1,07:10,07:10,07:45,07:45,0,0
309000278,토요일,1,07:10,07:10,07:45,07:45,0,0
309000278,평일,1,07:10,07:10,07:45,07:45,0,0
309000279,평일,3,08:25,15:15,,,194,496
309000279,토요일,3,08:25,15:15,,,194,496
309000279,공휴일,3,08:25,15:15,,,194,496
309000280,공휴일,2,09:03,15:50,,,647,647
309000280,토요일,2,09:03,15:50,,,647,647
309000280,평일,2,09:03,15:50,,,647,647
309000282,공휴일,2,11:38,13:45,,,207,207
309000282,토요일,2,11:38,13:45,,,207,207
309000282,평일,2,11:38,13:45,,,207,207
309000286,평일,1,07:00,07:00,,,0,0
309000286,토요일,1,07:00,07:00,,,0,0
309000286,공휴일,1,07:00,07:00,,,0,0
309000287,평일,1,07:25,07:25,,,0,0
309000287,토요일,1,07:25,07:25,,,0,0
309000287,공휴일,1,07:25,07:25,,,0,0
309000288,토요일,1,08:17,08:17,,,0,0
309000288,평일,1,08:17,08:17,,,0,0
309000288,공휴일,1,08:17,08:17,,,0,0
309000290,토요일,1,11:55,11:55,,,0,0
309000290,평일,1,11:55,11:55,,,0,0
309000290,공휴일,1,11:55,11:55,,,0,0
309000291,평일,1,14:01,14:01,,,0,0
309000291,토요일,1,14:01,14:01,,,0,0
309000291,공휴일,1,14:01,14:01,,,0,0
309000292,평일,1,16:31,16:31,,,0,0
309000292,토요일,1,16:31,16:31,,,0,0
309000292,공휴일,1,16:31,16:31,,,0,0
309000294,평일,1,06:00,06:00,,,0,0
309000294,토요일,1,06:00,06:00,,,0,0
309000294,공휴일,1,06:00,06:00,,,0,0
309000295,토요일,1,06:57,06:57,,,0,0
309000295,공휴일,1,06:57,06:57,,,0,0
309000295,평일,1,06:57,06:57,,,0,0
309000296,토요일,1,09:33,09:33,,,0,0
309000296,평일,1,09:33,09:33,,,0,0
309000296,공휴일,1,09:33,09:33,,,0,0
309000297,평일,1,12:05,12:05,,,0,0
309000297,토요일,1,12:05,12:05,,,0,0
309000297,공휴일,1,12:05,12:05,,,0,0
309000298,평일,1,14:27,14:27,,,0,0
309000298,토요일,1,14:27,14:27,,,0,0
309000298,공휴일,1,14:27,14:27,,,0,0
309000299,평일,1,16:25,16:25,,,0,0
309000299,토요일,1,16:25,16:25,,,0,0
309000299,공휴일,1,16:25,16:25,,,0,0
309000300,평일,1,17:46,17:46,,,0,0
309000300,공휴일,1,17:46,17:46,,,0,0
309000300,토요일,1,17:46,17:46,,,0,0
309000301,평일,1,06:16,06:16,,,0,0
309000301,토요일,1,06:16,06:16,,,0,0
309000301,공휴일,1,06:16,06:16,,,0,0
309000302,평일,1,06:49,06:49,07:32,07:32,0,0
309000302,공휴일,1,06:49,06:49,07:32,07:32,0,0
309000302,토요일,1,06:49,06:49,07:32,07:32,0,0
309000303,평일,1,09:10,09:10,,,0,0
309000303,공휴일,1,09:10,09:10,,,0,0
309000303,토요일,1,09:10,09:10,,,0,0
309000304,평일,1,10:07,10:07,10:40,10:40,0,0
309000304,토요일,1,10:07,10:07,10:40,10:40,0,0
309000304,공휴일,1,10:07,10:07,10:40,10:40,0,0
309000305,평일,1,12:45,12:45,13:30,13:30,0,0
309000305,토요일,1,12:45,12:45,13:30,13:30,0,0
309000305,공휴일,1,12:45,12:45,13:30,13:30,0,0
309000306,공휴일,1,15:11,15:11,16:02,16:02,0,0
309000306,평일,1,15:11,15:11,16:02,16:02,0,0
309000306,토요일,1,15:11,15:11,16:02,16:02,0,0
309000307,평일,1,17:51,17:51,,,0,0
309000307,토요일,1,17:51,17:51,,,0,0
309000307,공휴일,1,17:51,17:51,,,0,0
309000308,평일,1,19:21,19:21,,,0,0
309000308,토요일,1,19:21,19:21,,,0,0
309000308,공휴일,1,19:21,19:21,,,0,0
309000309,공휴일,1,06:40,06:40,,,0,0
309000309,토요일,1,06:40,06:40,,,0,0
309000309,평일,1,06:40,06:40,,,0,0
309000310,공휴일,1,07:05,07:05,07:59,07:59,0,0
309000310,토요일,1,07:05,07:05,07:59,07:59,0,0
309000310,평일,1,07:05,07:05,07:59,07:59,0,0
309000311,공휴일,1,08:59,08:59,,,0,0
309000311,토요일,1,08:59,08:59,,,0,0
309000311,평일,1,08:59,08:59,,,0,0
309000312,공휴일,1,11:12,11:12,11:55,11:55,0,0
309000312,토요일,1,11:12,11:12,11:55,11:55,0,0
309000312,평일,1,11:12,11:12,11:55,11:55,0,0
309000313,공휴일,1,12:57,12:57,,,0,0
309000313,토요일,1,12:57,12:57,,,0,0
309000313,평일,1,12:57,12:57,,,0,0
309000315,토요일,1,16:08,16:08,16:55,16:55,0,0
309000315,공휴일,1,16:08,16:08,16:55,16:55,0,0
309000315,평일,1,16:08,16:08,16:55,16:55,0,0
309000316,공휴일,1,18:07,18:07,,,0,0
309000316,토요일,1,18:07,18:07,,,0,0
309000316,평일,1,18:07,18:07,,,0,0
309000317,공휴일,1,20:00,20:00,21:00,21:00,0,0
309000317,토요일,1,20:00,20:00,21:00,21:00,0,0
309000317,평일,1,20:00,20:00,21:00,21:00,0,0
309000318,평일,1,18:07,18:07,,,0,0
309000318,토요일,1,18:07,18:07,,,0,0
309000318,공휴일,1,18:07,18:07,,,0,0
309000319,평일,1,06:23,06:23,,,0,0
309000319,토요일,1,06:23,06:23,,,0,0
309000319,공휴일,1,06:23,06:23,,,0,0
309000320,평일,1,06:50,06:50,,,0,0
309000320,토요일,1,06:50,06:50,,,0,0
309000320,공휴일,1,06:50,06:50,,,0,0
309000321,평일,1,08:43,08:43,,,0,0
309000321,토요일,1,08:43,08:43,,,0,0
309000321,공휴일,1,08:43,08:43,,,0,0
309000322,평일,1,10:51,10:51,,,0,0
309000322,토요일,1,10:51,10:51,,,0,0
309000322,공휴일,1,10:51,10:51,,,0,0
309000323,공휴일,1,12:32,12:32,,,0,0
309000323,토요일,1,12:32,12:32,,,0,0
309000323,평일,1,12:32,12:32,,,0,0
309000324,평일,2,13:32,17:35,,,403,403
309000324,토요일,2,13:32,17:35,,,403,403
309000324,공휴일,2,13:32,17:35,,,403,403
309000325,평일,3,10:07,18:08,,,398,403
309000325,토요일,3,10:07,18:08,,,398,403
309000325,공휴일,3,10:07,18:08,,,398,403
309000326,평일,1,15:00,15:00,,,0,0
309000326,토요일,1,15:00,15:00,,,0,0
309000326,공휴일,1,15:00,15:00,,,0,0
309000327,토요일,1,16:27,16:27,,,0,0
309000327,평일,1,16:27,16:27,,,0,0
309000327,공휴일,1,16:27,16:27,,,0,0
309000328,평일,1,06:35,06:35,,,0,0
309000328,토요일,1,06:35,06:35,,,0,0
309000328,공휴일,1,06:35,06:35,,,0,0
309000329,공휴일,1,07:47,07:47,,,0,0
309000329,평일,1,07:47,07:47,,,0,0
309000329,토요일,1,07:47,07:47,,,0,0
309000330,평일,4,09:10,18:08,,,205,438
309000330,토요일,4,09:10,18:08,,,205,438
309000330,공휴일,4,09:10,18:08,,,205,438
309000331,평일,2,10:49,19:37,,,888,888
309000331,토요일,2,10:49,19:37,,,888,888
309000331,공휴일,2,10:49,19:37,,,888,888
309000332,평일,1,12:10,12:10,,,0,0
309000332,토요일,1,12:10,12:10,,,0,0
309000332,공휴일,1,12:10,12:10,,,0,0
309000333,토요일,1,18:30,18:30,,,0,0
309000333,평일,1,18:30,18:30,,,0,0
309000333,공휴일,1,18:30,18:30,,,0,0
309000334,토요일,1,19:46,19:46,,,0,0
309000334,공휴일,1,19:46,19:46,,,0,0
309000334,평일,1,19:46,19:46,,,0,0
309000335,공휴일,1,06:39,06:39,,,0,0
309000335,토요일,1,06:39,06:39,,,0,0
309000335,평일,1,06:39,06:39,,,0,0
309000336,공휴일,1,07:11,07:11,,,0,0
309000336,평일,1,07:11,07:11,,,0,0
309000336,토요일,1,07:11,07:11,,,0,0
309000337,공휴일,1,08:46,08:46,,,0,0
309000337,토요일,1,08:46,08:46,,,0,0
309000337,평일,1,08:46,08:46,,,0,0
309000338,평일,1,09:32,09:32,,,0,0
309000338,토요일,1,09:32,09:32,,,0,0
309000338,공휴일,1,09:32,09:32,,,0,0
309000339,평일,1,10:19,10:19,,,0,0
309000339,공휴일,1,10:19,10:19,,,0,0
309000339,토요일,1,10:19,10:19,,,0,0
309000340,공휴일,1,11:07,11:07,,,0,0
309000340,평일,1,11:07,11:07,,,0,0
309000340,토요일,1,11:07,11:07,,,0,0
309000341,공휴일,1,13:55,13:55,14:25,14:25,0,0
309000341,토요일,1,13:55,13:55,14:25,14:25,0,0
309000341,평일,1,13:55,13:55,14:25,14:25,0,0
309000342,공휴일,1,15:40,15:40,,,0,0
309000342,토요일,1,15:40,15:40,,,0,0
309000342,평일,1,15:40,15:40,,,0,0
309000343,공휴일,1,17:15,17:15,,,0,0
309000343,토요일,1,17:15,17:15,,,0,0
309000343,평일,1,17:15,17:15,,,0,0
309000344,공휴일,1,06:35,06:35,,,0,0
309000344,토요일,1,06:35,06:35,,,0,0
309000344,평일,1,06:35,06:35,,,0,0
309000345,공휴일,1,07:53,07:53,,,0,0
309000345,토요일,1,07:53,07:53,,,0,0
309000345,평일,1,07:53,07:53,,,0,0
309000346,평일,1,10:20,10:20,,,0,0
309000346,토요일,1,10:20,10:20,,,0,0
309000346,공휴일,1,10:20,10:20,,,0,0
309000347,공휴일,1,12:35,12:35,,,0,0
309000347,토요일,1,12:35,12:35,,,0,0
309000347,평일,1,12:35,12:35,,,0,0
309000348,평일,1,14:18,14:18,,,0,0
309000348,토요일,1,14:18,14:18,,,0,0
309000348,공휴일,1,14:18,14:18,,,0,0
309000350,평일,1,16:46,16:46,,,0,0
309000350,토요일,1,16:46,16:46,,,0,0
309000350,공휴일,1,16:46,16:46,,,0,0
309000351,평일,1,18:20,18:20,,,0,0
309000351,토요일,1,18:20,18:20,,,0,0
309000351,공휴일,1,18:20,18:20,,,0,0
309000352,공휴일,1,19:18,19:18,,,0,0
309000352,토요일,1,19:18,19:18,,,0,0
309000352,평일,1,19:18,19:18,,,0,0
309000353,공휴일,1,06:15,06:15,,,0,0
309000353,토요일,1,06:15,06:15,,,0,0
309000353,평일,1,06:15,06:15,,,0,0
309000354,평일,1,07:22,07:22,,,0,0
309000354,토요일,1,07:22,07:22,,,0,0
309000354,공휴일,1,07:22,07:22,,,0,0
309000355,평일,1,07:31,07:31,,,0,0
309000355,공휴일,1,07:31,07:31,,,0,0
309000355,토요일,1,07:31,07:31,,,0,0
309000356,평일,1,09:27,09:27,,,0,0
309000356,토요일,1,09:27,09:27,,,0,0
309000356,공휴일,1,09:27,09:27,,,0,0
309000357,토요일,1,11:58,11:58,,,0,0
309000357,평일,1,11:58,11:58,,,0,0
309000357,공휴일,1,11:58,11:58,,,0,0
309000358,평일,1,13:28,13:28,,,0,0
309000358,토요일,1,13:28,13:28,,,0,0
309000358,공휴일,1,13:28,13:28,,,0,0
309000359,평일,1,14:36,14:36,,,0,0
309000359,토요일,1,14:36,14:36,,,0,0
309000359,공휴일,1,14:36,14:36,,,0,0
309000360,평일,1,16:56,16:56,,,0,0
309000360,토요일,1,16:56,16:56,,,0,0
309000360,공휴일,1,16:56,16:56,,,0,0
309000361,평일,1,18:40,18:40,,,0,0
309000361,토요일,1,18:40,18:40,,,0,0
309000361,공휴일,1,18:40,18:40,,,0,0
309000362,공휴일,2,12:55,17:20,13:10,17:40,465,465
309000362,토요일,2,12:55,17:20,13:10,17:40,465,465
309000362,평일,2,12:55,17:20,13:10,17:40,465,465
309000363,평일,1,18:44,18:44,19:25,19:25,0,0
309000363,토요일,1,18:44,18:44,19:25,19:25,0,0
309000363,공휴일,1,18:44,18:44,19:25,19:25,0,0
309000364,평일,1,19:50,19:50,,,0,0
309000364,토요일,1,19:50,19:50,,,0,0
309000364,공휴일,1,19:50,19:50,,,0,0
309000368,평일,1,09:19,09:19,09:55,09:55,0,0
309000368,토요일,1,09:19,09:19,09:55,09:55,0,0
309000368,공휴일,1,09:19,09:19,09:55,09:55,0,0
309000369,평일,2,11:05,16:28,11:35,17:00,523,523
309000369,토요일,2,11:05,16:28,11:35,17:00,523,523
309000369,공휴일,2,11:05,16:28,11:35,17:00,523,523
309000371,평일,1,13:10,13:10,,,0,0
309000371,토요일,1,13:10,13:10,,,0,0
309000371,공휴일,1,13:10,13:10,,,0,0
309000372,공휴일,1,14:15,14:15,14:50,14:50,0,0
309000372,토요일,1,14:15,14:15,14:50,14:50,0,0
309000372,평일,1,14:15,14:15,14:50,14:50,0,0
309000373,평일,1,16:28,16:28,,,0,0
309000373,공휴일,1,16:28,16:28,,,0,0
309000373,토요일,1,16:28,16:28,,,0,0
309000374,평일,1,14:25,14:25,,,0,0
309000374,토요일,1,14:25,14:25,,,0,0
309000374,공휴일,1,14:25,14:25,,,0,0
309000375,평일,1,16:45,16:45,,,0,0
309000375,토요일,1,16:45,16:45,,,0,0
309000375,공휴일,1,16:45,16:45,,,0,0
309000377,공휴일,1,06:15,06:15,,,0,0
309000377,토요일,1,06:15,06:15,,,0,0
309000377,평일,1,06:15,06:15,,,0,0
309000378,평일,3,07:10,15:10,,,115,685
309000378,토요일,3,07:10,15:10,,,115,685
309000378,공휴일,3,07:10,15:10,,,115,685
309000379,공휴일,2,07:55,10:00,,,245,245
309000379,토요일,2,07:55,10:00,,,245,245
309000379,평일,2,07:55,10:00,,,245,245
309000381,토요일,1,10:35,10:35,,,0,0
309000381,평일,1,10:35,10:35,,,0,0
309000381,공휴일,1,10:35,10:35,,,0,0
309000382,평일,1,11:25,11:25,,,0,0
309000382,토요일,1,11:25,11:25,,,0,0
309000382,공휴일,1,11:25,11:25,,,0,0
309000383,공휴일,1,11:40,11:40,,,0,0
309000383,토요일,1,11:40,11:40,,,0,0
309000383,평일,1,11:40,11:40,,,0,0
309000384,공휴일,1,11:55,11:55,,,0,0
309000384,토요일,1,11:55,11:55,,,0,0
309000384,평일,1,11:55,11:55,,,0,0
309000385,토요일,2,13:15,17:30,,,315,315
309000385,공휴일,2,13:15,17:30,,,315,315
309000385,평일,2,13:15,17:30,,,315,315
309000386,평일,1,06:38,06:38,,,0,0
309000386,토요일,1,06:38,06:38,,,0,0
309000386,공휴일,1,06:38,06:38,,,0,0
309000387,평일,2,08:20,17:50,,,930,930
309000387,토요일,2,08:20,17:50,,,930,930
309000387,공휴일,2,08:20,17:50,,,930,930
309000388,평일,5,09:50,18:50,,,35,390
309000388,토요일,5,09:50,18:50,,,35,390
309000388,공휴일,5,09:50,18:50,,,35,390
309000389,평일,1,16:50,16:50,,,0,0
309000389,토요일,1,16:50,16:50,,,0,0
309000389,공휴일,1,16:50,16:50,,,0,0
309000390,토요일,1,07:10,07:10,,,0,0
309000390,평일,1,07:10,07:10,,,0,0
309000390,공휴일,1,07:10,07:10,,,0,0
309000391,평일,3,07:50,15:50,,,160,640
309000391,토요일,3,07:50,15:50,,,160,640
309000391,공휴일,3,07:50,15:50,,,160,640
309000392,평일,4,10:20,19:50,,,30,870
309000392,토요일,4,10:20,19:50,,,30,870
309000392,공휴일,4,10:20,19:50,,,30,870
309000394,공휴일,2,07:03,14:03,,,700,700
309000394,토요일,2,07:03,14:03,,,700,700
309000394,평일,2,07:03,14:03,,,700,700
309000395,토요일,1,08:40,08:40,,,0,0
309000395,공휴일,1,08:40,08:40,,,0,0
309000395,평일,1,08:40,08:40,,,0,0
309000396,평일,1,17:20,17:20,,,0,0
309000396,토요일,1,17:20,17:20,,,0,0
309000396,공휴일,1,17:20,17:20,,,0,0
309000399,평일,1,11:20,11:20,,,0,0
309000399,토요일,1,11:20,11:20,,,0,0
309000399,공휴일,1,11:20,11:20,,,0,0
309000402,평일,3,12:23,16:20,,,180,217
309000402,토요일,3,12:23,16:20,,,180,217
309000402,공휴일,3,12:23,16:20,,,180,217
309000428,평일,1,07:05,07:05,,,0,0
309000428,토요일,1,07:05,07:05,,,0,0
309000428,공휴일,1,07:05,07:05,,,0,0
309000429,평일,1,11:30,11:30,,,0,0
309000429,토요일,1,11:30,11:30,,,0,0
309000429,공휴일,1,11:30,11:30,,,0,0
309000430,평일,1,14:05,14:05,,,0,0
309000430,토요일,1,14:05,14:05,,,0,0
309000430,공휴일,1,14:05,14:05,,,0,0
309000431,평일,1,18:37,18:37,,,0,0
309000431,토요일,1,18:37,18:37,,,0,0
309000431,공휴일,1,18:37,18:37,,,0,0
309000432,평일,1,20:07,20:07,,,0,0
309000432,토요일,1,20:07,20:07,,,0,0
309000432,공휴일,1,20:07,20:07,,,0,0
309000433,평일,3,10:32,16:25,11:21,17:14,278,315
309000433,공휴일,3,10:32,16:25,11:21,17:14,278,315
309000433,토요일,3,10:32,16:25,11:21,17:14,278,315
309000436,평일,1,16:38,16:38,17:10,17:10,0,0
309000436,공휴일,1,16:38,16:38,17:10,17:10,0,0
309000436,토요일,1,16:38,16:38,17:10,17:10,0,0
309000438,평일,1,14:50,14:50,,,0,0
309000438,공휴일,1,14:50,14:50,,,0,0
309000438,토요일,1,14:50,14:50,,,0,0
309000439,공휴일,1,16:40,16:40,17:20,17:20,0,0
309000439,토요일,1,16:40,16:40,17:20,17:20,0,0
309000439,평일,1,16:40,16:40,17:20,17:20,0,0
309000440,평일,1,17:56,17:56,,,0,0
309000440,토요일,1,17:56,17:56,,,0,0
309000440,공휴일,1,17:56,17:56,,,0,0
309000441,토요일,1,19:41,19:41,,,0,0
309000441,평일,1,19:41,19:41,,,0,0
309000441,공휴일,1,19:41,19:41,,,0,0
309000442,공휴일,13,07:18,18:47,,,30,203
309000442,토요일,13,07:18,18:47,,,30,203
309000442,평일,13,07:18,18:47,,,30,203
309000443,토요일,3,10:06,19:59,,,230,723
309000443,평일,3,10:06,19:59,,,230,723
309000443,공휴일,3,10:06,19:59,,,230,723
309000444,토요일,1,09:06,09:06,,,0,0
309000444,평일,1,09:06,09:06,,,0,0
309000444,공휴일,1,09:06,09:06,,,0,0
309000445,평일,1,19:11,19:11,,,0,0
309000445,토요일,1,19:11,19:11,,,0,0
309000445,공휴일,1,19:11,19:11,,,0,0
309000448,평일,1,20:25,20:25,,,0,0
309000448,토요일,1,20:25,20:25,,,0,0
309000448,공휴일,1,20:25,20:25,,,0,0
309000449,평일,3,11:49,16:11,,,107,355
309000449,토요일,3,11:49,16:11,,,107,355
309000449,공휴일,3,11:49,16:11,,,107,355
309000450,공휴일,1,14:55,14:55,,,0,0
309000450,토요일,1,14:55,14:55,,,0,0
309000450,평일,1,14:55,14:55,,,0,0
309000452,평일,1,08:45,08:45,,,0,0
309000452,토요일,1,08:45,08:45,,,0,0
309000452,공휴일,1,08:45,08:45,,,0,0
309000453,토요일,1,19:04,19:04,,,0,0
309000453,평일,1,19:04,19:04,,,0,0
309000453,공휴일,1,19:04,19:04,,,0,0
309000454,공휴일,1,17:40,17:40,18:20,18:20,0,0
309000454,토요일,1,17:40,17:40,18:20,18:20,0,0
309000454,평일,1,17:40,17:40,18:20,18:20,0,0
309000456,공휴일,2,07:19,18:54,,,935,935
309000456,토요일,2,07:19,18:54,,,935,935
309000456,평일,2,07:19,18:54,,,935,935
309000457,토요일,1,07:03,07:03,,,0,0
309000457,평일,1,07:03,07:03,,,0,0
309000457,공휴일,1,07:03,07:03,,,0,0
309000458,평일,1,17:05,17:05,,,0,0
309000458,토요일,1,17:05,17:05,,,0,0
309000458,공휴일,1,17:05,17:05,,,0,0
309000459,공휴일,1,06:42,06:42,06:57,06:57,0,0
309000459,토요일,1,06:42,06:42,06:57,06:57,0,0
309000459,평일,1,06:42,06:42,06:57,06:57,0,0
309000460,평일,1,07:46,07:46,,,0,0
309000460,토요일,1,07:46,07:46,,,0,0
309000460,공휴일,1,07:46,07:46,,,0,0
309000461,공휴일,1,08:34,08:34,,,0,0
309000461,토요일,1,08:34,08:34,,,0,0
309000461,평일,1,08:34,08:34,,,0,0
309000462,공휴일,1,09:31,09:31,,,0,0
309000462,토요일,1,09:31,09:31,,,0,0
309000462,평일,1,09:31,09:31,,,0,0
309000463,평일,1,13:51,13:51,14:20,14:20,0,0
309000463,토요일,1,13:51,13:51,14:20,14:20,0,0
309000463,공휴일,1,13:51,13:51,14:20,14:20,0,0
309000464,평일,1,16:50,16:50,17:10,17:10,0,0
309000464,토요일,1,16:50,16:50,17:10,17:10,0,0
309000464,공휴일,1,16:50,16:50,17:10,17:10,0,0
309000467,공휴일,1,06:40,06:40,,,0,0
309000467,토요일,1,06:40,06:40,,,0,0
309000467,평일,1,06:40,06:40,,,0,0
309000468,평일,1,07:15,07:15,,,0,0
309000468,토요일,1,07:15,07:15,,,0,0
309000468,공휴일,1,07:15,07:15,,,0,0
309000469,평일,1,18:59,18:59,,,0,0
309000469,공휴일,1,18:59,18:59,,,0,0
309000469,토요일,1,18:59,18:59,,,0,0
309000470,평일,1,07:13,07:13,,,0,0
309000470,토요일,1,07:13,07:13,,,0,0
309000470,공휴일,1,07:13,07:13,,,0,0
309000473,평일,1,21:00,21:00,,,0,0
309000473,토요일,1,21:00,21:00,,,0,0
309000473,공휴일,1,21:00,21:00,,,0,0
309000474,평일,2,10:44,20:42,,,998,998
309000474,토요일,2,10:44,20:42,,,998,998
309000474,공휴일,2,10:44,20:42,,,998,998
309000475,공휴일,2,11:20,13:25,,,205,205
309000475,토요일,2,11:20,13:25,,,205,205
309000475,평일,2,11:20,13:25,,,205,205
309000477,평일,1,12:55,12:55,,,0,0
309000477,토요일,1,12:55,12:55,,,0,0
309000477,공휴일,1,12:55,12:55,,,0,0
309000478,평일,1,18:20,18:20,,,0,0
309000478,토요일,1,18:20,18:20,,,0,0
309000478,공휴일,1,18:20,18:20,,,0,0
309000479,평일,1,19:05,19:05,,,0,0
309000479,토요일,1,19:05,19:05,,,0,0
309000479,공휴일,1,19:05,19:05,,,0,0
309000480,공휴일,2,11:58,17:51,,,593,593
309000480,평일,2,11:58,17:51,,,593,593
309000480,토요일,2,11:58,17:51,,,593,593
309000481,토요일,1,17:25,17:25,,,0,0
309000481,공휴일,1,17:25,17:25,,,0,0
309000481,평일,1,17:25,17:25,,,0,0
309000482,공휴일,1,18:05,18:05,,,0,0
309000482,토요일,1,18:05,18:05,,,0,0
309000482,평일,1,18:05,18:05,,,0,0
309000483,공휴일,1,19:10,19:10,,,0,0
309000483,토요일,1,19:10,19:10,,,0,0
309000483,평일,1,19:10,19:10,,,0,0
309000484,공휴일,1,08:55,08:55,,,0,0
309000484,토요일,1,08:55,08:55,,,0,0
309000484,평일,1,08:55,08:55,,,0,0
309000485,토요일,1,10:13,10:13,,,0,0
309000485,공휴일,1,10:13,10:13,,,0,0
309000485,평일,1,10:13,10:13,,,0,0
309000486,평일,1,14:57,14:57,,,0,0
309000486,토요일,1,14:57,14:57,,,0,0
309000486,공휴일,1,14:57,14:57,,,0,0
309000487,평일,1,17:00,17:00,,,0,0
309000487,토요일,1,17:00,17:00,,,0,0
309000487,공휴일,1,17:00,17:00,,,0,0
309000489,공휴일,1,06:35,06:35,,,0,0
309000489,토요일,1,06:35,06:35,,,0,0
309000489,평일,1,06:35,06:35,,,0,0
309000490,평일,1,11:06,11:06,,,0,0
309000490,토요일,1,11:06,11:06,,,0,0
309000490,공휴일,1,11:06,11:06,,,0,0
309000491,평일,1,15:30,15:30,,,0,0
309000491,토요일,1,15:30,15:30,,,0,0
309000491,공휴일,1,15:30,15:30,,,0,0
311000001,매일,3,07:00,18:45,,,230,475
311000002,매일,2,13:30,18:00,,,270,270
311000003,매일,1,07:40,07:40,,,0,0
311000004,매일,3,09:07,16:20,,,95,338
311000005,매일,2,09:50,15:30,,,340,340
311000006,매일,1,20:05,20:05,,,0,0
311000007,매일,2,06:40,20:05,,,805,805
311000008,매일,1,07:15,07:15,,,0,0
311000010,매일,2,08:00,18:30,,,630,630
311000011,매일,1,10:10,10:10,,,0,0
311000012,매일,2,13:10,15:50,,,160,160
311000013,매일,2,14:30,19:20,,,290,290
311000014,매일,3,09:10,16:50,,,130,330
311000015,매일,9,06:30,20:50,,,70,195
311000016,매일,2,07:30,10:10,,,160,160
311000017,매일,1,07:35,07:35,,,0,0
311000018,매일,5,07:00,15:10,,,90,200
311000019,매일,1,08:00,08:00,,,0,0
311000020,매일,3,09:00,18:10,,,90,460
311000021,매일,8,06:40,20:00,,,55,280
311000022,매일,8,08:45,19:15,,,40,135
311000023,매일,2,15:00,16:20,,,80,80
311000024,매일,1,12:55,12:55,,,0,0
311000025,매일,1,19:50,19:50,,,0,0
311000026,매일,9,07:05,19:50,,,30,155
311000027,매일,4,09:35,18:00,,,125,245
311000028,매일,4,08:05,17:10,,,130,155
311000029,매일,2,06:30,11:20,,,290,290
311000030,매일,3,09:43,16:28,,,167,238
311000031,매일,11,07:28,20:45,,,40,190
311000032,매일,2,13:38,18:25,,,287,287
311000033,매일,1,20:50,20:50,,,0,0
311000034,매일,3,08:55,15:25,,,125,265
311000035,매일,1,06:50,06:50,,,0,0
311000036,매일,1,19:30,19:30,,,0,0
311000037,매일,5,07:25,16:20,,,35,330
311000038,매일,2,06:40,11:05,,,265,265
311000039,매일,3,07:15,16:27,,,187,365
311000040,매일,2,11:57,18:12,,,375,375
311000041,매일,1,08:25,08:25,,,0,0
311000042,매일,1,17:10,17:10,,,0,0
311000043,매일,2,18:00,20:50,,,170,170
311000044,매일,1,08:00,08:00,,,0,0
311000045,매일,1,13:00,13:00,,,0,0
311000046,매일,2,10:10,15:30,,,320,320
311000047,매일,1,19:50,19:50,,,0,0
311000048,매일,1,06:50,06:50,,,0,0
311000049,매일,4,10:00,18:55,,,145,200
311000050,매일,1,07:43,07:43,,,0,0
311000051,매일,1,12:05,12:05,,,0,0
311000052,매일,1,09:17,09:17,,,0,0
311000053,매일,1,17:15,17:15,,,0,0
311000054,매일,2,11:05,17:35,,,390,390
311000055,매일,1,14:40,14:40,,,0,0
311000056,매일,1,19:40,19:40,,,0,0
311000057,매일,1,13:55,13:55,,,0,0
311000058,매일,1,18:50,18:50,,,0,0
311000059,매일,2,07:33,19:50,,,737,737
311000060,매일,3,08:00,17:10,,,70,480
311000062,매일,5,07:10,18:25,,,118,242
311000064,매일,1,06:35,06:35,,,0,0
311000065,매일,1,09:00,09:00,,,0,0
311000066,매일,1,08:25,08:25,,,0,0
311000067,매일,1,15:00,15:00,,,0,0
311000068,매일,1,12:35,12:35,,,0,0
311000069,매일,2,10:00,12:00,,,120,120
311000070,매일,2,10:35,12:35,,,120,120
311000071,매일,2,14:35,18:27,,,232,232
311000072,매일,1,15:58,15:58,,,0,0
311000073,매일,1,19:05,19:05,,,0,0
311000074,매일,1,08:20,08:20,,,0,0
311000075,매일,1,07:35,07:35,,,0,0
311000076,매일,1,12:35,12:35,,,0,0
311000077,매일,5,07:55,18:45,,,80,300
311000078,매일,1,19:55,19:55,,,0,0
311000079,매일,4,11:30,18:40,,,115,160
311000080,매일,1,09:05,09:05,,,0,0
311000082,매일,5,08:10,17:50,,,110,210
311000083,매일,1,19:40,19:40,,,0,0
311000084,매일,5,09:10,18:50,,,105,220
311000085,매일,1,07:03,07:03,,,0,0
311000086,매일,5,08:25,20:15,,,135,240
311000087,매일,4,10:20,19:35,,,155,205
311000088,매일,1,07:40,07:40,,,0,0
311000089,매일,2,09:00,17:50,,,530,530
311000090,매일,2,12:30,15:40,,,190,190
311000091,매일,3,13:15,18:50,,,140,195
311000092,매일,1,09:45,09:45,,,0,0
311000093,매일,1,07:05,07:05,,,0,0
311000094,매일,1,07:20,07:20,,,0,0
311000095,매일,4,08:30,17:10,,,95,305
311000096,매일,1,19:50,19:50,,,0,0
311000097,매일,3,11:02,18:00,,,88,330
311000098,매일,2,09:20,14:25,,,305,305
311000099,매일,1,13:25,13:25,,,0,0
311000100,매일,1,07:58,07:58,,,0,0
311000101,매일,3,12:00,19:10,,,170,260
311000102,매일,1,07:35,07:35,,,0,0
311000103,매일,3,09:00,18:10,,,230,320
311000104,매일,7,08:25,19:50,,,55,175
311000105,매일,1,20:40,20:40,,,0,0
311000106,매일,1,07:00,07:00,,,0,0
311000107,매일,2,07:45,20:40,,,775,775
311000109,매일,4,07:07,21:15,,,80,463
311000110,매일,3,12:10,19:40,,,110,340
311000111,매일,1,08:17,08:17,,,0,0
311000112,매일,4,09:10,20:35,,,88,300
311000113,매일,1,17:00,17:00,,,0,0
311000114,매일,1,07:10,07:10,,,0,0
311000115,매일,1,17:40,17:40,,,0,0
311000116,매일,1,06:45,06:45,,,0,0
311000117,매일,1,09:55,09:55,,,0,0
311000118,매일,1,16:00,16:00,,,0,0
311000119,매일,1,07:48,07:48,,,0,0
311000120,매일,1,10:50,10:50,,,0,0
311000121,매일,5,07:25,18:40,,,110,335
311000122,매일,3,06:25,11:35,,,45,265
311000123,매일,1,08:45,08:45,,,0,0
311000124,매일,2,09:57,12:52,,,175,175
311000125,매일,4,07:17,17:55,,,73,363
311000126,매일,2,14:47,16:37,,,110,110
311000127,매일,1,19:40,19:40,,,0,0
311000128,매일,3,06:45,20:10,,,85,720
311000129,매일,1,17:40,17:40,,,0,0
311000130,매일,3,10:05,15:35,,,145,185
311000131,매일,2,10:55,18:30,,,455,455
311000132,매일,1,07:25,07:25,,,0,0
311000133,매일,3,09:17,16:55,,,125,333
311000134,매일,4,08:55,17:00,,,120,245
311000135,매일,1,07:25,07:25,,,0,0
311000136,매일,1,08:10,08:10,,,0,0
311000137,매일,1,18:00,18:00,,,0,0
311000138,매일,3,10:10,16:15,,,120,245
311000139,매일,3,14:00,18:30,,,115,155
311000140,매일,3,14:40,18:55,,,95,160
311000141,매일,1,08:05,08:05,,,0,0
311000142,매일,1,08:32,08:32,,,0,0
311000143,매일,3,06:30,19:50,,,330,470
311000144,매일,2,15:45,18:40,,,175,175
311000145,매일,1,11:15,11:15,,,0,0
311000146,매일,1,10:20,10:20,,,0,0
311000147,매일,3,07:45,18:00,,,100,515
311000148,매일,3,07:00,17:18,,,218,400
311000149,매일,1,08:20,08:20,,,0,0
311000150,매일,1,12:50,12:50,,,0,0
311000151,매일,3,09:00,15:50,,,195,215
311000152,매일,3,09:50,17:00,,,205,225
311000153,매일,1,07:00,07:00,,,0,0
311000154,매일,1,19:30,19:30,,,0,0
311000155,매일,3,07:20,16:50,,,110,460
311000156,매일,1,13:40,13:40,,,0,0
311000157,매일,2,09:40,17:30,,,470,470
311000158,매일,1,07:40,07:40,,,0,0
311000159,매일,1,14:30,14:30,,,0,0
311000160,매일,2,14:55,17:30,,,155,155
311000161,매일,2,15:23,18:00,,,157,157
311000162,매일,1,06:45,06:45,,,0,0
311000164,매일,1,08:10,08:10,,,0,0
311000165,매일,3,10:05,15:20,,,140,175
311000166,매일,1,18:10,18:10,,,0,0
311000167,매일,1,20:00,20:00,,,0,0
311000168,매일,3,09:10,16:20,,,115,315
311000169,매일,1,11:00,11:00,,,0,0
311000170,매일,1,07:15,07:15,,,0,0
311000172,매일,1,19:00,19:00,,,0,0
311000173,매일,14,06:10,20:40,,,35,140
311000174,매일,14,07:00,21:30,,,50,85
311000175,매일,5,07:24,17:10,,,71,250
311000176,매일,1,18:55,18:55,,,0,0
311000177,매일,2,13:20,16:30,,,190,190
311000178,매일,1,18:20,18:20,,,0,0
311000179,매일,1,07:52,07:52,,,0,0
311000180,매일,1,09:15,09:15,,,0,0
311000181,매일,4,07:48,17:10,,,127,230
311000182,매일,1,15:20,15:20,,,0,0
311000183,매일,1,19:30,19:30,,,0,0
311000184,매일,3,11:17,18:00,,,195,208
311000185,매일,1,09:07,09:07,,,0,0
311000186,매일,1,06:50,06:50,,,0,0
311000187,매일,1,06:35,06:35,,,0,0
311000188,매일,1,16:30,16:30,,,0,0
311000189,매일,1,07:55,07:55,,,0,0
311000190,매일,3,06:40,20:10,,,250,560
311000191,매일,4,09:25,17:50,,,100,245
311000192,매일,4,07:15,17:10,,,90,320
311000193,매일,2,15:22,18:35,,,193,193
311000194,매일,1,10:27,10:27,,,0,0
311000195,매일,2,10:50,14:00,,,190,190
311000197,매일,1,17:40,17:40,,,0,0
311000198,매일,1,06:40,06:40,,,0,0
311000199,매일,1,09:40,09:40,,,0,0
311000200,매일,2,07:20,18:55,,,695,695
311000201,매일,1,07:10,07:10,,,0,0
311000203,매일,2,13:20,16:45,,,205,205
311000204,매일,1,10:05,10:05,,,0,0
311000205,매일,1,10:35,10:35,,,0,0
311000206,매일,3,14:00,19:15,,,100,215
311000207,매일,1,15:45,15:45,,,0,0
311000208,매일,1,08:35,08:35,,,0,0
311000209,매일,1,15:00,15:00,,,0,0
311000210,매일,2,07:53,18:30,,,637,637
311000211,매일,1,19:50,19:50,,,0,0
311000212,매일,2,16:25,17:40,,,75,75
311000213,매일,3,06:55,11:05,,,115,135
311000214,매일,1,13:45,13:45,,,0,0
311000215,매일,3,14:20,18:15,,,45,190
311000216,매일,1,07:20,07:20,,,0,0
311000217,매일,1,09:25,09:25,,,0,0
311000218,매일,1,11:40,11:40,,,0,0
311000219,매일,1,18:40,18:40,,,0,0
311000220,매일,1,15:10,15:10,,,0,0
311000221,매일,1,09:15,09:15,,,0,0
311000222,매일,1,11:50,11:50,,,0,0
311000223,매일,2,10:00,15:55,,,355,355
311000224,매일,1,12:35,12:35,,,0,0
311000225,매일,1,19:20,19:20,,,0,0
311000226,매일,1,07:10,07:10,,,0,0
311000227,매일,1,06:20,06:20,,,0,0
311000228,매일,1,18:00,18:00,,,0,0
311000229,매일,2,09:45,16:10,,,385,385
311000230,매일,2,07:00,10:40,,,220,220
311000231,매일,1,19:00,19:00,,,0,0
311000232,매일,1,17:00,17:00,,,0,0
311000233,매일,2,08:15,16:20,,,485,485
311000234,매일,1,12:00,12:00,,,0,0
311000235,매일,1,17:25,17:25,,,0,0
311000236,매일,2,09:05,13:00,,,235,235
311000237,매일,6,06:30,19:00,,,92,180
311000238,매일,9,07:00,20:00,,,60,150
311000239,매일,1,17:00,17:00,,,0,0
311000240,매일,1,07:45,07:45,,,0,0
311000241,매일,1,08:20,08:20,,,0,0
311000242,매일,2,11:50,15:20,,,210,210
311000243,매일,2,06:58,19:50,,,772,772
311000244,매일,3,07:20,16:45,,,245,300
311000245,매일,3,09:45,18:30,,,190,325
313000001,매일,1,07:10,07:10,,,0,0
313000002,매일,4,07:50,15:40,,,120,200
313000003,매일,3,08:10,16:00,08:25,16:30,205,265
313000004,매일,1,08:40,08:40,08:55,08:55,0,0
313000005,매일,4,07:20,16:55,,,115,325
313000006,매일,1,11:40,11:40,,,0,0
313000007,매일,1,12:00,12:00,12:10,12:10,0,0
313000008,매일,1,12:30,12:30,13:10,13:10,0,0
313000009,매일,1,13:35,13:35,,,0,0
313000010,매일,1,14:50,14:50,,,0,0
313000011,매일,2,12:10,15:35,13:20,16:40,205,205
313000012,매일,2,08:05,17:10,,,545,545
313000013,매일,2,15:30,18:00,,,150,150
313000014,매일,2,15:55,18:25,,,150,150
313000015,매일,1,18:55,18:55,19:10,19:10,0,0
313000016,매일,2,06:40,07:00,,,20,20
313000017,매일,1,07:20,07:20,,,0,0
313000018,매일,2,07:50,12:35,,,285,285
313000019,매일,1,08:45,08:45,,,0,0
313000020,매일,2,09:50,18:05,,,495,495
313000021,매일,3,08:50,17:30,09:10,17:50,240,280
313000022,매일,1,14:00,14:00,14:35,14:35,0,0
313000023,매일,2,15:10,17:40,15:30,18:00,150,150
313000024,매일,2,07:30,16:10,,,520,520
313000025,매일,1,16:25,16:25,17:15,17:15,0,0
313000026,매일,1,18:40,18:40,19:15,19:15,0,0
313000027,매일,1,06:30,06:30,06:50,06:50,0,0
313000028,매일,2,07:40,11:05,08:30,12:10,205,205
313000029,매일,1,09:00,09:00,09:20,09:20,0,0
313000030,매일,1,12:40,12:40,13:00,13:00,0,0
313000031,매일,1,13:45,13:45,,,0,0
313000032,매일,2,14:35,17:30,15:00,18:00,175,175
313000033,매일,2,06:30,15:50,06:45,16:05,560,560
313000034,매일,1,17:00,17:00,17:30,17:30,0,0
313000035,매일,5,07:20,19:40,,,90,380
313000036,매일,2,06:45,15:30,07:15,16:00,525,525
313000037,매일,1,08:00,08:00,08:30,08:30,0,0
313000038,매일,1,08:50,08:50,09:30,09:30,0,0
313000039,매일,2,06:10,11:30,,,320,320
313000040,매일,2,09:30,13:40,,,250,250
313000041,매일,3,12:55,19:10,13:15,19:30,125,250
313000043,매일,3,11:20,18:20,11:30,18:30,120,300
313000044,매일,3,13:40,19:00,14:20,19:40,115,205
313000045,매일,2,07:20,16:20,07:30,16:30,540,540
313000046,매일,1,07:40,07:40,08:10,08:10,0,0
313000047,매일,2,09:00,18:30,09:15,18:45,570,570
313000048,매일,1,09:35,09:35,10:00,10:00,0,0
313000049,매일,2,10:25,13:00,10:40,13:15,155,155
313000050,매일,2,10:30,12:00,,,90,90
313000051,매일,1,15:10,15:10,15:35,15:35,0,0
313000052,매일,1,18:30,18:30,18:50,18:50,0,0
313000053,매일,1,06:50,06:50,,,0,0
313000054,매일,1,07:40,07:40,07:50,07:50,0,0
313000055,매일,1,09:50,09:50,,,0,0
313000056,매일,1,10:50,10:50,11:10,11:10,0,0
313000057,매일,1,12:45,12:45,13:10,13:10,0,0
313000058,매일,2,08:30,16:00,,,450,450
313000059,매일,4,09:00,16:40,,,100,230
313000060,매일,3,10:55,19:30,,,130,385
313000061,매일,1,18:40,18:40,19:25,19:25,0,0
313000063,매일,1,07:00,07:00,07:50,07:50,0,0
313000064,매일,4,07:30,14:50,,,55,320
313000065,매일,1,10:50,10:50,,,0,0
313000066,매일,1,11:30,11:30,12:00,12:00,0,0
313000067,매일,1,13:40,13:40,14:10,14:10,0,0
313000068,매일,1,15:25,15:25,16:00,16:00,0,0
313000069,매일,1,17:10,17:10,,,0,0
313000070,매일,3,06:25,18:00,,,120,575
313000071,매일,1,07:00,07:00,,,0,0
313000072,매일,1,07:40,07:40,,,0,0
313000073,매일,1,09:00,09:00,,,0,0
313000074,매일,1,12:30,12:30,,,0,0
313000075,매일,1,16:45,16:45,,,0,0
313000078,매일,1,18:40,18:40,,,0,0
313000079,매일,1,06:10,06:10,06:50,06:50,0,0
313000080,매일,1,08:10,08:10,,,0,0
313000081,매일,5,08:50,18:30,,,70,315
313000082,매일,3,09:50,19:10,,,50,510
313000083,매일,1,10:20,10:20,,,0,0
313000084,매일,1,11:10,11:10,,,0,0
313000085,매일,2,11:45,16:45,,,300,300
313000086,매일,1,14:20,14:20,,,0,0
313000088,매일,1,18:20,18:20,18:50,18:50,0,0
313000089,매일,1,19:00,19:00,19:15,19:15,0,0
313000090,매일,3,07:00,18:20,,,260,420
313000092,매일,4,09:00,16:30,,,90,240
313000094,매일,1,14:00,14:00,,,0,0
313000095,매일,2,10:45,14:35,11:05,15:00,230,230
313000096,매일,2,15:20,18:55,16:00,19:15,215,215
313000098,매일,3,10:35,18:45,,,120,370
313000099,매일,1,19:10,19:10,,,0,0
313000100,매일,4,07:40,09:40,,,20,65
313000101,매일,1,08:25,08:25,08:45,08:45,0,0
313000102,매일,1,10:10,10:10,10:30,10:30,0,0
313000103,매일,1,16:20,16:20,17:15,17:15,0,0
313000104,매일,1,06:50,06:50,,,0,0
313000106,매일,1,10:55,10:55,,,0,0
313000107,매일,1,11:05,11:05,,,0,0
313000108,매일,1,12:40,12:40,,,0,0
313000109,매일,1,14:30,14:30,,,0,0
313000111,매일,1,16:30,16:30,,,0,0
313000112,매일,2,14:10,17:05,,,175,175
313000113,매일,1,06:50,06:50,,,0,0
313000114,매일,1,07:45,07:45,,,0,0
313000115,매일,1,08:30,08:30,,,0,0
313000116,매일,1,13:20,13:20,,,0,0
313000117,매일,1,15:20,15:20,,,0,0
313000118,매일,1,17:10,17:10,,,0,0
313000121,매일,1,06:10,06:10,,,0,0
313000123,매일,1,08:40,08:40,08:50,08:50,0,0
313000124,매일,1,09:10,09:10,,,0,0
313000125,매일,1,11:50,11:50,,,0,0
313000126,매일,1,06:50,06:50,,,0,0
313000129,매일,1,09:50,09:50,,,0,0
313000130,매일,1,10:15,10:15,,,0,0
313000131,매일,1,11:30,11:30,12:20,12:20,0,0
313000132,매일,1,13:30,13:30,,,0,0
313000134,매일,1,17:20,17:20,,,0,0
313000135,매일,1,18:00,18:00,18:30,18:30,0,0
313000136,매일,1,18:50,18:50,,,0,0
313000137,매일,1,06:30,06:30,,,0,0
313000138,매일,1,12:30,12:30,,,0,0
313000141,매일,2,07:40,16:30,07:50,18:00,530,530
313000142,매일,1,08:00,08:00,,,0,0
313000143,매일,1,08:40,08:40,09:15,09:15,0,0
313000144,매일,1,10:20,10:20,,,0,0
313000145,매일,1,12:00,12:00,12:20,12:20,0,0
313000146,매일,1,17:20,17:20,,,0,0
313000147,매일,1,17:45,17:45,18:30,18:30,0,0
313000148,매일,1,18:55,18:55,,,0,0
313000149,매일,1,06:35,06:35,07:15,07:15,0,0
313000150,매일,1,08:00,08:00,,,0,0
313000151,매일,1,09:30,09:30,,,0,0
313000152,매일,1,13:15,13:15,13:55,13:55,0,0
313000153,매일,1,18:10,18:10,,,0,0
313000154,매일,1,08:00,08:00,08:40,08:40,0,0
314000001,매일,3,06:05,13:40,06:40,14:15,200,255
314000002,매일,2,07:50,19:30,,,700,700
314000003,매일,1,08:20,08:20,08:35,08:35,0,0
314000004,매일,1,09:00,09:00,,,0,0
314000005,매일,2,10:00,16:00,,,360,360
314000006,매일,3,10:30,16:30,10:45,16:45,120,240
314000007,매일,3,11:00,17:00,,,120,240
314000009,매일,1,13:20,13:20,,,0,0
314000010,매일,2,11:40,15:30,,,230,230
314000011,매일,1,16:10,16:10,16:25,16:25,0,0
314000012,매일,2,12:50,16:40,,,230,230
314000013,매일,3,09:00,18:00,09:30,18:30,200,340
314000014,매일,1,19:10,19:10,19:35,19:35,0,0
314000015,매일,1,06:20,06:20,,,0,0
314000016,매일,1,08:10,08:10,08:40,08:40,0,0
314000017,매일,2,11:00,19:00,,,480,480
314000018,매일,1,13:20,13:20,13:50,13:50,0,0
314000019,매일,5,07:30,17:00,08:00,17:30,30,330
314000020,매일,1,19:20,19:20,19:50,19:50,0,0
314000021,매일,1,06:25,06:25,06:50,06:50,0,0
314000022,매일,1,07:20,07:20,07:35,07:35,0,0
314000023,매일,1,13:30,13:30,14:10,14:10,0,0
314000024,매일,4,06:30,18:30,07:00,19:00,180,300
314000025,매일,6,07:30,19:30,,,90,270
314000028,매일,7,08:20,18:50,08:45,19:15,30,130
314000030,매일,1,17:15,17:15,,,0,0
314000031,매일,2,07:30,17:55,08:00,18:30,625,625
314000032,매일,2,12:20,19:00,12:35,19:15,400,400
314000033,매일,1,07:10,07:10,,,0,0
314000034,매일,1,09:40,09:40,10:10,10:10,0,0
314000036,매일,6,06:00,18:00,,,60,240
314000037,매일,1,14:50,14:50,16:00,16:00,0,0
314000038,매일,1,17:50,17:50,18:40,18:40,0,0
314000039,매일,1,06:30,06:30,06:50,06:50,0,0
314000040,매일,6,08:30,18:20,09:00,18:40,90,140
314000041,매일,1,10:00,10:00,,,0,0
314000042,매일,1,17:50,17:50,18:45,18:45,0,0
314000043,매일,1,06:40,06:40,,,0,0
314000044,매일,2,08:10,13:00,,,290,290
314000045,매일,2,11:00,16:00,,,300,300
314000046,매일,1,14:00,14:00,,,0,0
314000047,매일,1,16:40,16:40,,,0,0
314000048,매일,1,19:20,19:20,,,0,0
314000049,매일,1,06:40,06:40,,,0,0
314000050,매일,1,08:50,08:50,09:10,09:10,0,0
314000051,매일,2,07:30,11:40,,,250,250
314000052,매일,1,14:40,14:40,,,0,0
314000053,매일,1,18:00,18:00,,,0,0
314000055,매일,1,13:20,13:20,,,0,0
314000056,매일,1,18:30,18:30,,,0,0
314000058,매일,1,06:50,06:50,,,0,0
314000059,매일,1,16:00,16:00,,,0,0
314000060,매일,1,07:00,07:00,,,0,0
314000061,매일,1,08:30,08:30,,,0,0
314000062,매일,1,10:20,10:20,,,0,0
314000063,매일,1,12:30,12:30,13:00,13:00,0,0
314000064,매일,7,06:30,18:20,,,60,150
314000065,매일,4,08:20,17:20,08:35,17:35,170,190
314000066,매일,3,07:20,19:00,07:30,19:10,100,600
314000067,매일,3,07:40,18:00,07:50,18:10,280,340
314000068,매일,2,08:00,13:00,08:10,13:10,300,300
314000069,매일,2,09:20,11:50,09:40,12:10,150,150
314000070,매일,2,10:00,15:30,10:10,15:40,330,330
314000071,매일,2,13:50,15:50,14:10,16:10,120,120
314000072,매일,1,06:30,06:30,07:00,07:00,0,0
314000073,매일,5,07:30,19:20,07:45,19:35,160,190
314000074,매일,5,07:10,18:20,07:20,18:30,130,200
314000075,평일,24,07:00,18:30,,,30,30
314000075,토요일,24,07:00,18:30,,,30,30
314000075,공휴일,24,07:00,18:30,,,30,30
314000076,평일,18,07:00,18:20,,,40,40
314000076,토요일,18,07:00,18:20,,,40,40
314000076,공휴일,18,07:00,18:20,,,40,40
315000001,매일,6,06:50,19:30,07:40,20:20,70,240
315000002,매일,3,08:40,16:30,09:35,17:00,220,250
315000003,매일,1,14:30,14:30,15:20,15:20,0,0
315000004,매일,1,18:20,18:20,,,0,0
315000005,매일,1,07:30,07:30,08:20,08:20,0,0
315000006,매일,2,12:00,16:00,12:45,16:45,240,240
315000007,매일,2,10:00,14:00,10:25,14:25,240,240
315000008,매일,1,18:30,18:30,19:10,19:10,0,0
315000009,매일,1,07:00,07:00,07:40,07:40,0,0
315000010,매일,1,08:30,08:30,09:00,09:00,0,0
315000011,매일,1,10:00,10:00,11:40,11:40,0,0
315000012,매일,2,12:20,19:30,12:35,19:50,430,430
315000013,매일,1,13:30,13:30,14:10,14:10,0,0
315000014,매일,1,16:20,16:20,17:00,17:00,0,0
315000015,매일,1,18:10,18:10,18:40,18:40,0,0
315000016,매일,1,06:45,06:45,07:10,07:10,0,0
315000017,매일,1,08:00,08:00,08:45,08:45,0,0
315000018,매일,1,11:40,11:40,11:50,11:50,0,0
315000019,매일,1,06:20,06:20,07:40,07:40,0,0
315000020,매일,1,10:30,10:30,11:20,11:20,0,0
315000021,매일,1,13:00,13:00,13:20,13:20,0,0
315000022,매일,1,14:00,14:00,14:50,14:50,0,0
315000023,매일,1,18:10,18:10,19:00,19:00,0,0
315000024,매일,5,06:25,18:50,06:50,19:10,45,270
315000025,매일,2,08:10,16:00,08:40,16:30,470,470
315000026,매일,2,11:50,17:00,12:35,17:45,310,310
315000027,매일,2,12:50,18:00,13:20,18:30,310,310
315000028,매일,3,06:30,12:10,06:55,12:30,160,180
315000029,매일,1,07:30,07:30,07:40,07:40,0,0
315000030,매일,1,07:50,07:50,08:30,08:30,0,0
315000031,매일,3,10:40,16:00,10:50,16:10,140,180
315000032,매일,2,15:10,18:10,15:40,18:35,180,180
315000033,매일,6,06:45,18:10,07:05,18:30,100,155
315000034,매일,6,07:25,18:50,,,100,155
315000035,매일,1,06:45,06:45,06:55,06:55,0,0
316000001,매일,4,06:30,13:00,,,75,165
316000002,매일,1,14:50,14:50,,,0,0
316000003,매일,1,10:30,10:30,10:45,10:45,0,0
316000004,매일,1,16:50,16:50,17:20,17:20,0,0
316000005,매일,1,19:10,19:10,,,0,0
316000006,매일,3,07:20,17:50,07:40,18:05,200,430
316000007,매일,1,06:45,06:45,,,0,0
316000008,매일,1,07:10,07:10,07:20,07:20,0,0
316000009,매일,1,08:00,08:00,,,0,0
316000010,평일,4,08:00,18:00,,,180,240
316000011,매일,5,08:45,17:15,,,60,180
316000012,매일,1,10:50,10:50,11:30,11:30,0,0
316000013,매일,1,06:50,06:50,07:20,07:20,0,0
316000014,매일,1,13:20,13:20,13:50,13:50,0,0
316000015,매일,1,09:00,09:00,,,0,0
316000016,매일,2,07:00,12:20,07:25,12:50,320,320
316000017,매일,1,09:40,09:40,10:10,10:10,0,0
316000018,매일,1,15:00,15:00,,,0,0
316000019,매일,2,06:30,11:00,06:40,11:10,270,270
316000020,매일,1,19:50,19:50,,,0,0
316000021,매일,1,14:25,14:25,14:45,14:45,0,0
316000022,매일,1,06:40,06:40,,,0,0
316000023,매일,1,18:20,18:20,18:30,18:30,0,0
316000024,매일,1,07:20,07:20,07:50,07:50,0,0
316000025,매일,1,09:10,09:10,10:20,10:20,0,0
316000026,매일,6,06:30,18:50,06:50,19:10,80,200
316000027,매일,2,08:50,11:40,,,170,170
316000028,매일,1,16:20,16:20,17:30,17:30,0,0
316000029,매일,2,07:20,11:10,08:25,12:00,230,230
316000030,매일,1,10:30,10:30,,,0,0
316000031,매일,1,14:20,14:20,14:45,14:45,0,0
316000032,매일,1,12:00,12:00,,,0,0
316000033,매일,2,07:45,17:00,08:15,17:30,555,555
316000034,매일,1,13:30,13:30,14:00,14:00,0,0
316000035,매일,1,15:10,15:10,15:50,15:50,0,0
316000036,매일,1,07:30,17:10,,,580,580
316000037,매일,2,08:50,16:10,,,440,440
316000038,매일,3,06:30,18:40,07:00,19:10,240,490
316000039,매일,1,17:50,17:50,18:50,18:50,0,0
316000040,매일,1,19:30,19:30,,,0,0
316000041,매일,1,16:55,16:55,,,0,0
316000042,매일,1,06:45,06:45,07:50,07:50,0,0
316000044,매일,2,09:30,09:45,10:20,14:45,270,270
316000045,매일,1,12:40,12:40,13:30,13:30,0,0
316000046,매일,1,17:25,17:25,,,0,0
316000047,매일,1,16:00,16:00,,,0,0
316000048,매일,1,17:45,17:45,18:20,18:20,0,0
316000049,매일,1,13:10,13:10,13:40,13:40,0,0
316000050,매일,1,07:30,07:30,,,0,0
316000051,매일,10,08:20,19:50,08:45,20:15,20,240
316000052,매일,1,14:40,14:40,15:10,15:10,0,0
316000053,매일,1,17:10,17:10,17:30,17:30,0,0
316000054,매일,1,17:20,17:20,17:50,17:50,0,0
316000055,매일,3,06:30,20:00,06:45,20:20,200,610
316000056,매일,4,12:40,18:00,,,90,120
316000057,매일,1,16:30,16:30,17:20,17:20,0,0
316000058,매일,1,13:45,13:45,14:00,14:00,0,0
316000059,매일,1,06:30,06:30,,,0,0
316000060,매일,1,18:30,18:30,,,0,0
316000061,매일,1,08:05,08:05,,,0,0
316000062,매일,1,10:15,10:15,10:50,10:50,0,0
316000063,매일,1,07:00,07:00,07:30,07:30,0,0
316000064,매일,2,12:30,15:00,13:30,16:05,150,150
316000065,매일,1,07:05,07:05,07:30,07:30,0,0
316000066,매일,2,10:55,14:30,11:20,15:00,215,215
316000067,매일,1,16:20,16:20,,,0,0
316000068,매일,1,17:40,17:40,,,0,0
316000069,매일,3,08:40,18:30,,,250,340
316000070,매일,5,07:40,16:40,08:00,17:00,90,190
316000071,매일,4,07:10,12:00,,,110,320
316000072,매일,1,18:10,18:10,18:50,18:50,0,0
316000073,매일,2,12:40,18:00,13:00,18:20,320,320
316000074,매일,2,17:20,19:00,,,100,100
316000075,매일,4,09:00,16:40,09:20,17:00,70,210
316000077,매일,1,18:00,18:00,,,0,0
316000078,매일,1,15:00,15:00,15:30,15:30,0,0
316000079,매일,1,06:30,06:30,06:50,06:50,0,0
316000080,매일,1,16:40,16:40,17:00,17:00,0,0
316000081,매일,1,13:30,13:30,13:50,13:50,0,0
316000082,매일,2,18:00,19:30,19:00,20:10,90,90
316000083,매일,1,09:00,09:00,,,0,0
316000084,매일,1,10:00,10:00,,,0,0
316000085,매일,2,10:00,15:30,,,330,330
316000086,매일,2,12:00,16:00,,,240,240
316000088,매일,3,08:20,12:30,,,115,135
316000089,매일,2,16:40,17:40,17:00,18:00,60,60
316000090,매일,1,17:25,17:25,17:50,17:50,0,0
316000091,매일,1,07:40,07:40,08:30,08:30,0,0
316000092,매일,1,15:30,15:30,,,0,0
316000093,매일,1,15:50,15:50,16:30,16:30,0,0
316000095,매일,1,06:45,13:20,07:00,13:35,395,395
316000096,매일,1,08:00,08:00,08:30,08:30,0,0
316000097,매일,1,09:10,09:10,,,0,0
316000098,매일,3,08:20,18:10,,,500,90
316000100,매일,1,08:20,08:20,08:50,08:50,0,0
316000101,매일,2,10:10,15:40,10:30,16:00,330,330
316000103,매일,1,08:40,08:40,09:00,09:00,0,0
316000104,매일,3,09:35,16:50,,,135,300
316000105,토요일,1,08:00,18:00,,,600,600
316000105,공휴일,1,08:00,18:00,,,600,600
316000106,매일,1,11:30,11:30,,,0,0
316000107,매일,3,06:50,18:30,,,250,450
316000108,매일,1,11:20,11:20,11:50,11:50,0,0
316000109,매일,1,17:20,17:20,,,0,0
316000110,매일,1,18:50,18:50,19:10,19:10,0,0
316000111,매일,1,19:40,19:40,,,0,0
316000112,매일,1,06:50,06:50,07:20,07:20,0,0
316000113,매일,2,10:20,14:20,,,240,240
316000114,매일,1,12:10,12:10,12:20,12:20,0,0
316000115,매일,1,13:10,13:10,,,0,0
316000116,매일,2,06:40,09:30,07:00,09:50,170,170
316000117,매일,1,17:00,17:00,,,0,0
316000118,매일,7,07:40,18:20,07:50,18:30,30,240
316000119,매일,1,07:30,07:30,07:40,07:40,0,0
316000120,매일,3,07:20,17:40,07:50,18:10,310,310
316000121,매일,1,09:20,09:20,09:40,09:40,0,0
316000122,매일,2,10:00,16:10,10:20,16:30,370,370
316000123,매일,1,12:10,12:10,12:40,12:40,0,0
316000124,매일,3,06:50,19:10,07:10,19:30,70,670
316000125,매일,1,06:30,06:30,,,0,0
316000126,매일,1,19:30,19:30,,,0,0
316000127,매일,1,10:10,10:10,,,0,0
316000128,매일,1,16:50,16:50,,,0,0
316000129,매일,4,07:00,18:30,,,180,300
316000130,매일,1,18:40,18:40,,,0,0
316000131,매일,1,15:50,15:50,,,0,0
316000132,매일,1,08:00,08:00,,,0,0
316000133,매일,1,13:30,13:30,,,0,0
316000134,매일,1,11:00,11:00,,,0,0
316000135,매일,1,19:15,19:15,19:35,19:35,0,0
316000136,매일,1,09:30,14:10,09:35,14:15,280,280
316000137,매일,1,14:10,14:10,14:50,14:50,0,0
316000138,매일,1,15:30,15:30,15:50,15:50,0,0
316000139,매일,1,08:40,08:40,09:25,09:25,0,0
316000140,매일,1,18:50,18:50,19:40,19:40,0,0
316000141,매일,1,13:00,13:00,14:00,14:00,0,0
316000142,매일,1,11:00,11:00,11:20,11:20,0,0
316000143,매일,1,18:40,18:40,18:50,18:50,0,0
316000144,매일,3,08:30,15:00,09:10,15:40,130,260
316000145,매일,1,06:50,06:50,,,0,0
316000146,매일,1,07:45,07:45,,,0,0
316000147,매일,3,08:30,17:30,,,270,270
316000148,매일,1,09:20,09:20,09:50,09:50,0,0
316000149,매일,1,07:10,07:10,,,0,0
316000150,매일,1,08:40,08:40,09:30,09:30,0,0
316000151,매일,1,11:40,11:40,12:10,12:10,0,0
316000152,매일,1,13:00,13:00,,,0,0
316000153,매일,2,13:30,16:40,13:50,17:00,190,190
316000155,매일,6,07:10,19:40,,,20,375
316000156,매일,2,08:00,10:30,,,150,150
316000157,매일,8,08:00,20:20,,,20,270
316000158,매일,1,13:30,13:30,14:00,14:00,0,0
316000159,매일,1,15:00,15:00,15:50,15:50,0,0
316000160,매일,1,06:30,06:30,07:10,07:10,0,0
316000161,매일,1,09:00,09:00,09:40,09:40,0,0
316000162,매일,1,10:50,10:50,11:10,11:10,0,0
316000163,매일,2,13:10,16:00,,,170,170
316000164,매일,2,09:00,13:10,,,250,250
316000165,매일,1,13:30,13:30,,,0,0
316000166,매일,1,17:50,17:50,,,0,0
316000167,매일,1,06:50,06:50,08:10,08:10,0,0
316000168,매일,1,10:00,10:00,,,0,0
316000169,매일,1,14:30,14:30,15:00,15:00,0,0
316000170,매일,1,08:00,08:00,08:25,08:25,0,0
316000171,매일,1,09:00,09:00,09:30,09:30,0,0
316000173,매일,1,13:50,13:50,14:00,14:00,0,0
316000174,매일,1,14:30,14:30,,,0,0
317000001,매일,1,07:20,07:20,07:40,07:40,0,0
317000002,매일,1,11:30,11:30,,,0,0
317000003,매일,2,08:50,10:00,,,70,70
317000004,매일,1,11:00,11:00,11:30,11:30,0,0
317000005,매일,1,12:10,12:10,,,0,0
317000006,매일,2,11:00,13:10,,,130,130
317000007,매일,1,13:40,13:40,14:00,14:00,0,0
317000008,매일,2,08:30,15:40,,,430,430
317000009,매일,1,16:30,16:30,,,0,0
317000010,매일,7,07:30,20:00,08:00,20:30,50,260
317000011,매일,1,18:45,18:45,18:55,18:55,0,0
317000012,매일,2,07:10,12:00,,,290,290
317000013,매일,1,07:30,07:30,,,0,0
317000014,매일,4,07:20,17:20,,,90,260
317000015,매일,3,10:00,13:40,,,60,160
317000016,매일,1,12:00,12:00,12:40,12:40,0,0
317000017,매일,1,15:30,15:30,16:20,16:20,0,0
317000018,매일,2,14:00,18:00,15:00,19:20,240,240
317000019,매일,3,07:20,11:50,08:10,12:40,110,160
317000020,매일,1,09:00,09:00,09:30,09:30,0,0
317000021,매일,1,10:10,10:10,10:40,10:40,0,0
317000022,매일,1,11:20,11:20,,,0,0
317000023,매일,2,09:00,13:40,,,280,280
317000024,매일,1,14:30,14:30,,,0,0
317000025,매일,1,15:00,15:00,15:20,15:20,0,0
317000026,매일,1,16:20,16:20,16:50,16:50,0,0
317000027,매일,2,12:10,17:40,,,330,330
317000028,매일,1,18:40,18:40,,,0,0
317000029,매일,1,07:20,07:20,,,0,0
317000030,매일,1,09:30,09:30,11:40,11:40,0,0
317000031,매일,3,12:20,18:30,,,10,360
317000032,매일,6,08:10,19:40,08:30,20:00,80,260
317000033,매일,1,19:10,19:10,,,0,0
317000034,매일,1,16:50,16:50,17:10,17:10,0,0
317000035,매일,4,08:10,17:50,09:00,18:30,90,300
317000036,매일,2,14:30,19:30,,,300,300
317000037,매일,1,08:10,08:10,,,0,0
317000038,매일,4,07:20,18:20,,,110,350
317000039,매일,1,09:50,09:50,10:10,10:10,0,0
317000040,매일,1,09:30,09:30,,,0,0
317000041,매일,1,08:30,08:30,08:40,08:40,0,0
317000043,매일,1,11:40,11:40,12:00,12:00,0,0
317000044,매일,1,19:00,19:00,19:35,19:35,0,0
317000045,매일,1,16:00,16:00,,,0,0
317000046,매일,1,19:00,19:00,19:20,19:20,0,0
317000047,매일,1,19:30,19:30,19:45,19:45,0,0
317000048,매일,6,06:30,18:50,,,50,280
317000049,매일,2,06:50,12:20,07:15,12:40,330,330
317000050,매일,1,06:20,06:20,07:10,07:10,0,0
317000051,매일,1,09:50,09:50,,,0,0
317000052,매일,1,13:20,13:20,14:00,14:00,0,0
317000054,매일,1,16:00,16:00,,,0,0
317000056,매일,2,11:00,13:10,,,130,130
317000057,매일,1,06:30,13:40,,,430,430
317000058,매일,1,14:40,14:40,15:10,15:10,0,0
317000059,매일,1,15:20,15:20,,,0,0
317000060,매일,1,16:50,16:50,17:30,17:30,0,0
317000061,매일,1,16:40,16:40,,,0,0
317000062,매일,3,08:40,17:10,09:20,17:50,70,440
317000063,매일,2,06:30,17:50,,,680,680
317000064,매일,3,07:10,18:10,07:30,18:30,220,440
317000065,매일,2,07:40,16:30,,,530,530
317000066,매일,1,14:30,14:30,,,0,0
317000067,매일,1,09:40,09:40,10:10,10:10,0,0
317000068,매일,1,16:50,16:50,17:20,17:20,0,0
317000069,매일,3,07:20,13:20,07:30,13:35,170,190
317000070,매일,3,10:20,19:30,,,260,290
317000071,매일,2,08:00,18:30,08:10,18:40,630,630
317000072,매일,1,15:50,15:50,16:05,16:05,0,0
317000073,매일,1,17:00,17:00,17:30,17:30,0,0
317000074,매일,2,13:20,18:50,13:40,19:10,330,330
317000075,매일,1,08:20,08:20,08:45,08:45,0,0
317000076,매일,3,08:20,19:40,08:40,20:00,150,530
317000077,매일,1,06:50,06:50,07:10,07:10,0,0
317000078,매일,1,07:20,07:20,,,0,0
317000079,매일,3,08:10,11:00,,,20,150
317000080,매일,1,10:10,10:10,10:35,10:35,0,0
317000081,매일,1,12:00,12:00,12:20,12:20,0,0
317000082,매일,1,13:00,13:00,,,0,0
317000084,매일,1,09:30,09:30,09:50,09:50,0,0
317000085,매일,1,10:30,10:30,11:00,11:00,0,0
317000086,매일,1,17:50,17:50,,,0,0
317000087,매일,1,18:00,18:00,18:20,18:20,0,0
317000088,매일,1,18:50,18:50,,,0,0
317000089,매일,1,06:50,06:50,07:10,07:10,0,0
317000090,매일,3,07:45,18:30,08:00,18:45,315,330
317000091,매일,1,08:20,08:20,08:45,08:45,0,0
317000092,매일,2,08:20,09:10,08:40,09:40,50,50
317000093,매일,3,09:10,17:30,09:15,17:35,190,310
317000094,매일,1,13:30,13:30,13:50,13:50,0,0
317000095,매일,1,15:10,15:10,15:40,15:40,0,0
317000096,매일,1,15:10,15:10,16:10,16:10,0,0
317000097,매일,1,17:10,17:10,17:40,17:40,0,0
317000098,매일,1,18:00,18:00,18:20,18:20,0,0
317000100,매일,2,06:40,19:30,07:05,19:55,770,770
317000101,매일,1,16:40,16:40,17:30,17:30,0,0
317000102,매일,1,06:50,06:50,07:20,07:20,0,0
317000103,매일,2,07:45,10:30,,,135,135
317000104,매일,1,18:20,18:20,19:00,19:00,0,0
317000105,매일,1,10:20,10:20,,,0,0
317000106,매일,1,11:10,11:10,,,0,0
317000107,매일,1,12:30,12:30,,,0,0
317000108,매일,1,16:00,16:00,16:20,16:20,0,0
317000109,매일,1,17:00,17:00,,,0,0
317000110,매일,1,17:50,17:50,18:10,18:10,0,0
317000111,매일,1,14:00,14:00,,,0,0
317000112,매일,1,18:50,18:50,19:30,19:30,0,0
317000113,매일,1,06:40,06:40,07:00,07:00,0,0
317000114,매일,1,07:30,07:30,07:40,07:40,0,0
317000115,매일,1,09:00,09:00,09:20,09:20,0,0
317000116,매일,1,12:20,12:20,,,0,0
317000117,매일,2,13:20,15:00,,,100,100
317000118,매일,2,07:30,14:10,,,400,400
317000119,매일,2,15:50,19:00,,,190,190
317000120,매일,1,06:30,06:30,06:50,06:50,0,0
317000121,매일,1,16:40,16:40,17:25,17:25,0,0
317000122,매일,1,10:10,10:10,10:20,10:20,0,0
317000123,매일,1,12:50,12:50,13:10,13:10,0,0
317000124,매일,1,14:10,14:10,,,0,0
317000125,매일,1,16:10,16:10,,,0,0
317000126,매일,1,10:10,13:10,10:30,13:30,180,180
317000127,매일,1,19:00,19:00,19:20,19:20,0,0
317000128,매일,1,09:00,09:00,09:25,09:25,0,0
317000130,매일,2,14:00,16:30,14:10,16:40,150,150
317000131,매일,1,17:20,17:20,17:45,17:45,0,0
317000132,매일,2,09:20,18:40,,,560,560
317000133,매일,2,09:00,14:50,,,350,350
318000001,매일,3,07:10,14:15,,,90,335
318000002,매일,1,10:20,10:20,,,0,0
318000003,매일,2,16:30,17:50,,,80,80
318000004,매일,1,10:55,10:55,11:55,11:55,0,0
318000005,매일,1,19:10,19:10,20:00,20:00,0,0
318000006,매일,1,15:30,15:30,16:35,16:35,0,0
318000007,매일,1,12:40,12:40,,,0,0
318000008,매일,1,07:40,07:40,08:00,08:00,0,0
318000009,매일,2,07:40,09:20,,,100,100
318000011,매일,1,18:40,18:40,,,0,0
318000012,매일,2,14:50,17:30,,,160,160
318000013,매일,1,18:50,18:50,,,0,0
318000014,매일,6,08:20,17:05,,,80,130
318000015,매일,2,14:40,18:05,,,205,205
318000016,매일,5,07:35,16:05,,,70,185
318000017,매일,1,09:00,09:00,,,0,0
318000018,매일,1,07:20,07:20,,,0,0
318000019,매일,1,12:20,12:20,,,0,0
318000020,매일,1,13:15,13:15,,,0,0
318000021,매일,2,10:55,15:40,,,285,285
318000022,매일,1,11:15,11:15,,,0,0
318000023,매일,1,15:55,15:55,,,0,0
318000024,매일,1,17:25,17:25,,,0,0
318000025,매일,1,08:45,08:45,09:15,09:15,0,0
318000026,매일,2,09:20,13:20,09:35,13:35,240,240
318000027,매일,2,07:05,18:50,07:25,19:10,705,705
318000028,매일,1,17:30,17:30,17:45,17:45,0,0
318000029,매일,2,09:02,11:12,,,130,130
318000030,매일,3,06:55,16:05,,,195,195
318000031,매일,2,07:55,10:25,,,150,150
318000032,매일,5,06:50,14:15,,,20,235
318000033,매일,2,06:35,20:40,,,230,340
318000034,매일,1,21:10,21:10,,,0,0
318000035,매일,1,09:50,09:50,,,0,0
318000036,매일,2,10:50,14:15,,,205,205
318000037,매일,1,07:50,07:50,,,0,0
318000038,매일,1,09:45,09:45,,,0,0
318000039,매일,1,15:35,15:35,,,0,0
318000040,매일,1,16:30,16:30,,,0,0
318000041,매일,1,18:40,18:40,,,0,0
318000042,매일,1,19:05,19:05,19:30,19:30,0,0
318000043,매일,1,06:35,06:35,06:50,06:50,0,0
318000044,매일,3,07:05,09:10,,,60,65
318000045,매일,1,11:50,11:50,,,0,0
318000046,매일,2,08:25,12:40,,,255,255
318000047,매일,4,07:15,19:45,,,70,475
318000048,매일,6,06:25,19:35,,,15,425
318000049,매일,1,14:45,14:45,,,0,0
318000050,매일,2,08:13,13:00,,,287,287
318000051,매일,1,20:05,20:05,,,0,0
318000052,매일,1,14:20,14:20,,,0,0
318000053,매일,2,11:50,17:15,,,325,325
318000054,매일,1,15:25,15:25,,,0,0
318000055,매일,1,18:50,18:50,,,0,0
318000056,매일,2,13:00,17:20,,,260,260
318000057,매일,1,15:55,15:55,,,0,0
318000058,매일,2,09:10,15:30,09:15,15:35,380,380
318000059,매일,1,18:20,18:20,,,0,0
318000060,매일,1,15:05,15:05,,,0,0
318000061,매일,2,10:15,16:40,10:25,16:50,385,385
318000062,매일,3,07:45,14:05,,,140,240
318000063,매일,3,08:00,15:15,,,145,290
318000064,매일,1,09:35,09:35,,,0,0
318000065,매일,1,07:20,07:20,,,0,0
318000066,매일,1,17:20,17:20,,,0,0
318000067,매일,8,08:05,19:05,,,50,165
318000068,매일,10,06:55,19:45,,,50,220
318000069,매일,1,08:50,08:50,,,0,0
318000070,매일,1,20:15,20:15,,,0,0
318000071,매일,1,14:20,14:20,,,0,0
318000072,매일,4,07:10,18:10,,,100,380
318000073,매일,4,08:00,18:55,,,100,395
318000074,매일,1,19:50,19:50,,,0,0
318000075,매일,1,13:50,13:50,,,0,0
318000076,매일,1,06:10,06:10,,,0,0
318000077,매일,3,08:10,18:15,08:15,18:20,175,430
318000078,매일,1,09:30,09:30,,,0,0
318000079,매일,2,07:13,18:25,,,672,672
318000080,매일,1,14:15,14:15,,,0,0
318000082,매일,1,09:00,09:00,,,0,0
318000083,매일,1,10:00,10:00,10:10,10:10,0,0
318000084,매일,1,10:30,10:30,,,0,0
318000086,매일,1,16:55,16:55,,,0,0
318000087,매일,1,06:40,06:40,,,0,0
318000088,매일,3,13:15,19:15,13:30,19:30,360,360
318000089,매일,2,10:40,15:25,10:55,15:40,285,285
318000090,매일,4,08:00,16:05,08:45,16:20,105,210
318000091,매일,1,06:20,06:20,,,0,0
318000092,매일,1,13:40,13:40,13:55,13:55,0,0
318000093,매일,1,19:10,19:10,19:30,19:30,0,0
318000094,매일,1,18:30,18:30,,,0,0
318000095,매일,1,10:50,10:50,,,0,0
318000096,매일,1,18:12,18:12,18:45,18:45,0,0
318000097,매일,1,11:05,11:05,11:30,11:30,0,0
318000098,매일,1,06:50,06:50,07:15,07:15,0,0
318000099,매일,1,09:25,09:25,09:42,09:42,0,0
318000100,매일,1,17:15,17:15,17:22,17:22,0,0
318000101,매일,3,08:05,18:00,08:20,18:10,165,430
318000102,매일,1,09:05,09:05,09:25,09:25,0,0
318000103,매일,1,13:50,13:50,,,0,0
318000104,매일,4,07:15,07:15,07:30,07:30,0,0
318000105,매일,2,10:00,12:25,10:15,12:40,145,145
318000106,매일,1,17:30,17:30,17:45,17:45,0,0
318000108,매일,1,16:35,16:35,,,0,0
318000109,매일,1,10:30,10:30,10:45,10:45,0,0
318000110,매일,2,08:30,13:00,08:40,13:10,270,270
318000111,매일,1,07:10,07:10,,,0,0
318000112,매일,2,06:40,14:45,07:10,15:30,485,485
318000113,매일,2,08:30,11:25,09:10,11:50,175,175
318000114,매일,1,17:45,17:45,18:10,18:10,0,0
318000115,매일,1,18:55,18:55,19:15,19:15,0,0
318000116,매일,2,07:20,17:50,,,630,630
318000117,매일,4,08:25,18:40,,,85,435
318000118,매일,2,09:40,16:15,,,395,395
318000119,매일,1,10:45,10:45,,,0,0
318000120,매일,2,13:10,18:45,,,335,335
318000121,매일,2,07:30,13:40,,,370,370
318000122,매일,3,07:30,14:00,07:50,14:20,135,255
318000123,매일,1,18:40,18:40,18:55,18:55,0,0
318000124,매일,4,10:15,18:20,,,110,225
318000125,매일,3,10:50,16:30,,,120,220
318000126,매일,1,06:40,06:40,07:05,07:05,0,0
318000127,매일,3,06:50,16:00,07:08,16:25,240,310
318000128,매일,3,08:25,18:10,08:50,18:30,240,345
318000129,매일,1,10:05,10:05,10:45,10:45,0,0
318000131,매일,1,07:00,07:00,,,0,0
318000132,매일,6,08:20,17:10,,,70,200
318000133,매일,4,07:40,16:40,,,120,290
318000134,매일,2,09:00,14:40,,,340,340
318000135,매일,2,18:25,19:10,,,45,45
318000136,매일,1,19:05,19:05,19:30,19:30,0,0
318000137,매일,1,18:00,18:00,,,0,0
318000138,매일,1,18:40,18:40,,,0,0
318000139,매일,2,13:40,16:20,,,160,160
318000140,매일,1,06:45,06:45,07:30,07:30,0,0
318000141,매일,1,17:05,17:05,18:00,18:00,0,0
318000142,매일,1,07:20,07:20,07:30,07:30,0,0
318000143,매일,2,08:00,19:25,,,685,685
318000144,매일,1,10:20,10:20,10:35,10:35,0,0
318000145,매일,12,06:35,20:40,,,15,195
318000146,매일,10,08:50,19:10,,,10,145
318000147,매일,2,13:15,17:35,,,260,260
318000148,매일,1,10:00,10:00,10:40,10:40,0,0
318000149,매일,1,07:40,07:40,,,0,0
318000150,매일,1,06:50,06:50,07:15,07:15,0,0
318000151,매일,3,14:30,17:50,,,200,200
318000152,매일,1,21:10,21:10,,,0,0
318000153,매일,1,08:00,08:00,08:30,08:30,0,0
318000154,매일,1,14:20,14:20,14:40,14:40,0,0
318000155,매일,1,11:15,11:15,11:30,11:30,0,0
318000156,매일,3,08:00,18:35,08:10,18:45,315,320
318000157,매일,2,08:20,13:30,08:40,13:50,310,310
318000158,매일,1,10:55,10:55,11:00,11:00,0,0
318000160,매일,1,10:00,10:00,,,0,0
318000161,매일,2,12:40,17:00,13:00,17:20,260,260
318000162,매일,3,08:35,17:35,08:45,17:45,195,345
318000163,매일,1,08:35,08:35,,,0,0
318000164,매일,2,07:00,10:50,,,230,230
318000165,매일,1,18:35,18:35,,,0,0
318000166,매일,1,13:35,13:35,,,0,0
318000167,매일,1,10:25,10:25,,,0,0
318000168,매일,1,17:55,17:55,,,0,0
318000169,매일,1,12:40,12:40,,,0,0
318000170,매일,2,06:55,15:50,,,535,535
318000171,매일,4,09:40,16:40,,,30,230
318000172,매일,5,09:30,18:50,,,80,240
318000173,매일,1,11:00,11:00,,,0,0
318000174,매일,1,07:05,07:05,,,0,0
318000175,매일,1,07:35,07:35,08:00,08:00,0,0
318000176,매일,2,08:35,14:00,,,325,325
318000177,매일,1,16:15,16:15,17:05,17:05,0,0
318000178,매일,1,17:05,17:05,,,0,0
318000179,매일,1,18:00,18:00,,,0,0
318000180,매일,2,07:10,14:20,08:18,15:28,430,430
318000181,매일,2,10:50,17:20,12:03,18:34,390,390
318000182,매일,1,10:00,10:00,,,0,0
318000183,매일,1,16:40,16:40,17:25,17:25,0,0
318000184,매일,1,06:55,06:55,,,0,0
318000185,매일,2,08:10,19:20,,,670,670
318000186,매일,1,06:40,06:40,,,0,0
318000187,매일,3,07:38,19:45,,,173,554
318000188,매일,1,07:55,07:55,,,0,0
318000189,매일,7,08:30,18:35,,,70,135
318000190,매일,7,09:35,19:35,,,65,130
318000191,매일,3,12:05,19:00,12:20,19:15,205,210
318000192,매일,1,13:20,13:20,13:45,13:45,0,0
318000193,매일,1,10:05,10:05,10:25,10:25,0,0
318000194,매일,1,17:30,17:30,17:55,17:55,0,0
318000195,매일,1,08:55,08:55,09:20,09:20,0,0
318000196,매일,1,07:25,07:25,,,0,0
318000197,매일,1,06:35,06:35,,,0,0
318000198,매일,1,12:20,12:20,,,0,0
318000199,매일,1,13:15,13:15,,,0,0
318000200,매일,1,19:15,19:15,,,0,0
318000201,매일,1,16:25,16:25,,,0,0
318000202,매일,1,09:05,09:05,09:35,09:35,0,0
318000203,매일,1,15:15,15:15,15:50,15:50,0,0
318000204,매일,1,17:55,17:55,,,0,0
318000205,매일,1,10:35,10:35,,,0,0
318000206,매일,2,08:30,11:40,,,190,190
318000207,매일,1,07:00,07:00,,,0,0
318000208,매일,1,12:55,12:55,,,0,0
318000209,매일,2,14:05,18:25,,,260,260
318000210,매일,1,16:55,16:55,,,0,0
318000211,매일,1,07:35,07:35,,,0,0
318000212,매일,1,15:00,15:00,,,0,0
318000213,매일,5,10:30,18:00,,,35,275
318000214,매일,1,09:00,09:00,,,0,0
318000215,매일,1,09:55,09:55,,,0,0
318000216,매일,4,10:50,19:20,,,90,310
318000217,매일,1,07:30,07:30,,,0,0
318000218,매일,1,14:25,14:25,,,0,0
318000219,매일,1,06:35,06:35,,,0,0
318000220,매일,1,17:50,17:50,,,0,0
318000221,매일,1,10:10,10:10,10:35,10:35,0,0
318000222,매일,1,16:35,16:35,,,0,0
318000223,매일,2,10:05,17:20,,,435,435
318000224,매일,1,09:15,09:15,,,0,0
318000225,매일,1,15:20,15:20,,,0,0
318000226,매일,1,07:55,07:55,08:24,08:24,0,0
318000227,매일,1,16:20,16:20,,,0,0
318000228,매일,1,16:55,16:55,,,0,0
318000229,매일,1,06:40,06:40,,,0,0
318000230,매일,7,07:40,18:20,,,80,145
318000231,매일,3,08:45,18:00,,,195,360
318000232,매일,2,11:20,13:25,,,125,125
318000233,매일,1,07:05,07:05,,,0,0
318000234,매일,1,07:47,07:47,,,0,0
318000235,매일,3,10:00,16:35,,,145,250
318000236,매일,4,06:35,15:05,,,125,220
318000237,매일,1,20:15,20:15,,,0,0
318000238,매일,1,19:50,19:50,,,0,0
318000239,매일,1,14:05,14:05,14:20,14:20,0,0
318000240,매일,1,17:35,17:35,,,0,0
318000241,매일,1,11:15,11:15,,,0,0
318000242,매일,1,16:40,16:40,,,0,0
318000243,매일,1,18:55,18:55,19:15,19:15,0,0
318000244,매일,1,06:40,06:40,,,0,0
318000245,매일,1,15:05,15:05,15:45,15:45,0,0
318000246,매일,1,18:35,18:35,18:50,18:50,0,0
319000001,매일,1,08:00,08:00,08:15,08:15,0,0
319000002,매일,1,10:00,10:00,10:15,10:15,0,0
319000003,매일,2,18:50,20:05,19:10,20:25,75,75
319000004,매일,1,16:40,16:40,17:00,17:00,0,0
319000005,매일,1,13:30,13:30,13:50,13:50,0,0
319000007,매일,2,11:30,15:30,,,240,240
319000008,매일,4,07:55,19:00,08:15,19:15,145,275
319000009,매일,2,07:10,19:50,07:30,20:15,760,760
319000010,매일,2,09:40,14:30,10:00,14:50,290,290
319000011,매일,10,06:45,19:35,06:55,19:50,50,140
319000012,매일,1,10:10,10:10,10:25,10:25,0,0
319000013,매일,1,13:30,13:30,13:45,13:45,0,0
319000014,매일,1,16:35,16:35,16:50,16:50,0,0
319000015,매일,1,19:40,19:40,19:47,19:47,0,0
319000016,매일,1,10:30,10:30,10:45,10:45,0,0
319000017,매일,1,15:10,15:10,,,0,0
319000018,매일,1,12:45,12:45,,,0,0
319000019,매일,1,06:55,06:55,07:10,07:10,0,0
319000020,매일,9,07:10,19:55,07:25,20:10,75,150
319000021,매일,1,07:05,07:05,07:20,07:20,0,0
319000022,매일,2,08:00,20:00,08:10,20:10,720,720
319000023,매일,2,09:20,14:20,09:35,14:35,300,300
319000024,매일,1,10:55,10:55,11:15,11:15,0,0
319000025,매일,1,12:30,12:30,12:45,12:45,0,0
319000026,매일,1,15:30,15:30,15:50,15:50,0,0
319000027,매일,1,17:20,17:20,17:35,17:35,0,0
319000028,매일,1,19:00,19:00,19:10,19:10,0,0
319000029,매일,1,13:10,13:10,,,0,0
319000030,매일,3,16:30,20:40,,,45,205
319000031,매일,1,09:00,09:00,,,0,0
319000032,매일,1,07:50,07:50,,,0,0
319000033,매일,2,10:00,11:30,,,90,90
319000034,매일,4,13:05,20:10,,,105,165
319000035,매일,2,10:20,19:10,,,530,530
319000036,매일,1,09:00,09:00,,,0,0
319000037,매일,3,12:20,17:10,,,115,175
319000038,매일,1,18:20,18:20,,,0,0
319000039,매일,1,07:10,07:10,07:30,07:30,0,0
319000040,매일,6,06:40,19:00,,,110,190
319000041,매일,1,10:00,10:00,,,0,0
319000042,매일,2,09:10,18:00,,,530,530
319000043,매일,1,15:30,15:30,,,0,0
319000044,매일,1,07:30,07:30,,,0,0
319000045,매일,1,11:00,11:00,,,0,0
319000046,매일,2,06:30,20:30,,,840,840
319000047,매일,3,08:20,16:20,,,235,245
319000048,매일,1,09:15,09:15,,,0,0
319000049,매일,8,08:05,18:20,,,40,145
319000050,매일,1,19:35,19:35,,,0,0
319000051,매일,1,20:10,20:10,,,0,0
319000052,매일,1,06:40,06:40,,,0,0
319000053,매일,1,19:15,19:15,,,0,0
319000054,매일,1,08:50,08:50,,,0,0
319000055,매일,3,11:00,19:00,,,220,260
319000056,매일,2,07:10,21:00,,,830,830
319000057,매일,3,09:10,17:30,,,240,260
319000058,매일,12,07:10,19:55,,,30,160
319000059,매일,1,18:40,18:40,,,0,0
319000060,매일,1,08:10,08:10,,,0,0
319000061,매일,1,06:40,06:40,,,0,0
319000062,매일,1,16:30,16:30,,,0,0
319000063,매일,1,14:30,14:30,,,0,0
319000064,매일,2,19:30,20:25,,,55,55
319000065,매일,1,07:00,07:00,07:10,07:10,0,0
319000066,매일,16,07:25,21:00,,,20,150
319000067,매일,1,09:50,09:50,,,0,0
319000069,매일,4,12:10,18:30,,,100,150
319000070,매일,2,07:30,09:40,,,130,130
319000071,매일,1,14:40,14:40,,,0,0
319000072,매일,1,13:00,13:00,,,0,0
319000073,매일,1,17:30,17:30,,,0,0
319000074,매일,1,06:20,06:20,,,0,0
319000075,매일,2,08:00,10:30,,,150,150
319000076,매일,1,06:50,06:50,,,0,0
319000077,매일,2,08:50,11:20,,,150,150
319000078,매일,1,15:30,15:30,,,0,0
319000079,매일,5,09:00,18:10,09:25,18:25,100,190
319000080,매일,1,06:55,06:55,07:10,07:10,0,0
319000081,매일,5,12:35,20:05,12:55,20:30,80,185
319000082,매일,1,08:10,08:10,08:30,08:30,0,0
319000083,매일,1,06:40,06:40,06:55,06:55,0,0
319000084,매일,1,08:40,08:40,,,0,0
319000085,매일,1,13:40,13:40,13:55,13:55,0,0
319000086,매일,3,06:30,07:50,07:00,08:20,20,60
319000087,매일,13,08:50,19:35,09:30,19:55,25,60
319000088,매일,1,20:25,20:25,20:45,20:45,0,0
319000089,매일,9,07:20,19:50,07:45,20:10,70,120
319000090,매일,1,10:20,10:20,11:20,11:20,0,0
319000091,매일,1,13:40,13:40,14:40,14:40,0,0
319000092,매일,1,07:50,07:50,08:45,08:45,0,0
319000093,매일,1,20:10,20:10,20:35,20:35,0,0
319000094,매일,1,06:50,06:50,07:40,07:40,0,0
319000095,매일,1,09:00,09:00,10:00,10:00,0,0
319000096,매일,1,16:20,16:20,17:20,17:20,0,0
319000097,매일,1,18:10,18:10,18:55,18:55,0,0
319000098,매일,3,12:00,19:20,12:50,19:50,180,260
319000099,매일,8,06:30,20:00,07:00,20:20,30,200
319000100,매일,1,09:20,09:20,10:00,10:00,0,0
319000101,매일,2,12:40,15:40,13:20,16:20,180,180
319000102,매일,1,06:40,06:40,07:15,07:15,0,0
319000103,매일,1,17:05,17:05,,,0,0
319000104,매일,5,08:50,20:10,,,95,300
319000107,매일,3,06:30,10:25,,,110,125
319000108,매일,1,15:40,15:40,,,0,0
319000109,매일,1,13:20,13:20,,,0,0
319000110,매일,2,17:45,19:30,,,105,105
319000111,매일,2,07:10,11:10,,,240,240
319000112,매일,1,14:20,14:20,,,0,0
319000113,매일,3,16:30,20:00,,,95,115
319000114,매일,2,10:40,14:50,11:00,15:20,250,250
319000115,매일,7,07:55,19:00,08:30,19:25,80,155
319000116,매일,1,09:10,09:10,09:40,09:40,0,0
319000117,매일,1,20:00,20:00,20:15,20:15,0,0
319000118,매일,1,06:40,06:40,07:05,07:05,0,0
319000119,매일,1,11:30,11:30,11:45,11:45,0,0
319000120,매일,1,07:10,07:10,07:30,07:30,0,0
319000121,매일,1,19:25,19:25,19:45,19:45,0,0
319000122,매일,1,15:20,15:20,16:00,16:00,0,0
319000123,매일,2,08:20,13:00,08:45,13:40,280,280
319000124,매일,2,10:10,18:00,10:45,18:25,470,470
319000125,매일,1,08:00,08:00,,,0,0
319000126,매일,2,10:00,12:00,,,120,120
319000127,매일,4,10:00,16:00,,,120,120
319000128,매일,1,14:00,14:00,,,0,0
319000129,매일,1,17:30,17:30,,,0,0
319000130,매일,1,08:10,08:10,,,0,0
319000131,매일,1,16:00,16:00,,,0,0
319000132,매일,1,07:15,07:15,07:45,07:45,0,0
319000134,매일,2,09:50,13:30,10:00,13:40,220,220
319000135,매일,1,11:50,11:50,12:15,12:15,0,0
319000136,매일,1,13:50,13:50,14:15,14:15,0,0
319000137,매일,1,16:00,16:00,16:30,16:30,0,0
319000138,매일,1,17:40,17:40,17:55,17:55,0,0
319000139,매일,2,06:45,11:30,07:05,11:50,285,285
319000140,매일,1,07:45,07:45,08:05,08:05,0,0
319000141,매일,1,09:50,09:50,10:15,10:15,0,0
319000142,매일,1,15:40,15:40,16:05,16:05,0,0
319000143,매일,1,17:00,17:00,17:20,17:20,0,0
319000144,매일,1,18:30,18:30,18:50,18:50,0,0
319000145,매일,1,19:50,19:50,20:10,20:10,0,0
319000146,매일,1,07:15,07:15,07:35,07:35,0,0
319000147,매일,1,10:00,10:00,10:10,10:10,0,0
319000148,매일,1,06:40,06:40,,,0,0
319000149,매일,1,12:00,12:00,,,0,0
319000150,매일,1,14:10,14:10,14:30,14:30,0,0
319000151,매일,1,15:10,15:10,15:30,15:30,0,0
319000152,매일,1,16:00,16:00,,,0,0
319000153,매일,1,16:50,16:50,,,0,0
319000154,매일,1,19:10,19:10,19:25,19:25,0,0
319000155,매일,1,06:45,06:45,07:15,07:15,0,0
319000156,매일,1,08:40,08:40,09:10,09:10,0,0
319000157,매일,2,11:30,19:35,,,485,485
319000158,매일,2,14:45,17:30,,,165,165
319000159,매일,1,15:30,15:30,,,0,0
319000160,매일,3,08:25,16:20,08:35,16:40,125,350
319000161,매일,1,17:40,17:40,18:05,18:05,0,0
319000163,매일,16,06:25,19:30,07:10,20:25,30,85
319000166,매일,1,10:40,10:40,,,0,0
319000168,매일,1,19:40,19:40,20:05,20:05,0,0
319000169,매일,1,09:10,09:10,,,0,0
319000171,매일,1,13:30,13:30,13:50,13:50,0,0
331000001,매일,1,06:40,06:40,07:30,07:30,0,0
331000002,매일,2,08:10,12:25,08:50,13:10,255,255
331000003,매일,1,17:00,17:00,17:40,17:40,0,0
331000004,매일,3,10:50,18:00,11:30,18:40,210,220
331000005,매일,14,06:40,19:40,07:10,20:10,60,60
331000006,매일,8,09:30,20:00,09:40,20:10,30,120
331000007,매일,4,06:50,16:00,07:00,16:10,130,240
331000008,매일,5,07:00,18:30,07:15,18:45,150,200
331000009,매일,1,08:30,08:30,08:40,08:40,0,0
331000010,매일,5,06:40,18:50,07:20,19:20,120,220
331000011,매일,2,08:40,13:30,08:50,13:40,290,290
331000012,매일,1,16:20,16:20,16:40,16:40,0,0
331000013,매일,2,09:20,15:30,10:00,16:00,370,370
331000014,매일,4,06:40,18:30,07:20,19:00,210,270
331000015,매일,2,07:50,11:20,08:20,12:00,210,210
331000016,매일,2,06:50,18:20,07:20,19:00,690,690
331000017,매일,2,08:30,12:00,08:50,12:20,210,210
331000018,매일,1,13:10,13:10,14:00,14:00,0,0
331000019,매일,1,17:20,17:20,18:00,18:00,0,0
331000020,매일,5,08:10,17:10,08:25,17:25,90,200
331000021,매일,1,15:50,15:50,16:05,16:05,0,0
331000022,매일,4,06:40,17:45,06:55,18:05,155,350
331000023,매일,1,10:40,10:40,10:50,10:50,0,0
331000024,매일,1,09:00,09:00,09:25,09:25,0,0
331000025,매일,2,14:30,16:30,14:50,16:50,120,120
331000026,매일,1,18:40,18:40,19:00,19:00,0,0
331000027,매일,3,07:20,20:00,07:35,20:15,360,360
331000028,매일,1,11:10,11:10,11:30,11:30,0,0
331000029,매일,2,08:00,14:00,08:20,14:20,360,360
331000030,매일,2,10:00,17:00,10:20,17:20,420,420
331000031,매일,5,08:00,18:10,08:25,18:40,120,170
331000033,매일,4,06:30,17:00,07:10,17:45,120,320
331000034,매일,4,10:10,18:50,10:50,19:30,70,280
331000035,매일,1,07:40,07:40,08:10,08:10,0,0
331000036,매일,1,14:10,14:10,14:40,14:40,0,0
331000037,매일,1,12:20,12:20,12:50,12:50,0,0
331000038,매일,1,19:30,19:30,19:45,19:45,0,0
331000039,매일,1,09:00,09:00,09:45,09:45,0,0
331000040,매일,1,07:00,07:00,07:25,07:25,0,0
331000041,매일,1,14:20,14:20,15:00,15:00,0,0
331000042,매일,1,08:30,08:30,09:10,09:10,0,0
331000043,매일,2,07:00,18:50,07:30,19:10,710,710
331000044,매일,1,11:50,11:50,12:10,12:10,0,0
331000045,매일,1,10:00,10:00,10:50,10:50,0,0
331000046,매일,1,16:20,16:20,17:00,17:00,0,0
331000047,매일,1,12:20,12:20,13:00,13:00,0,0
331000048,매일,1,07:30,07:30,07:40,07:40,0,0
331000049,매일,2,06:50,17:40,07:10,18:00,650,650
331000050,매일,1,13:20,13:20,13:50,13:50,0,0
331000051,매일,1,10:50,10:50,11:10,11:10,0,0
331000052,매일,1,20:00,20:00,20:20,20:20,0,0
331000053,매일,1,18:10,18:10,18:30,18:30,0,0
331000054,매일,2,09:00,16:30,09:50,17:20,450,450
331000055,매일,1,18:50,18:50,19:20,19:20,0,0
331000056,매일,1,07:55,07:55,08:50,08:50,0,0
331000057,매일,2,06:30,14:40,07:15,15:40,490,490
331000058,매일,1,10:20,10:20,11:05,11:05,0,0
331000059,매일,1,17:50,17:50,18:05,18:05,0,0
331000060,매일,6,06:10,19:30,07:00,20:15,50,290
331000061,매일,1,15:20,15:20,16:30,16:30,0,0
331000062,매일,1,09:30,09:30,10:20,10:20,0,0
331000063,매일,3,07:30,17:00,08:40,17:50,240,330
331000064,매일,2,10:30,14:00,11:45,15:30,210,210
331000065,매일,4,06:30,16:00,07:50,17:20,130,220
331000067,매일,2,06:40,14:20,07:30,15:15,460,460
331000068,매일,1,20:10,20:10,20:35,20:35,0,0
331000069,매일,5,08:40,16:20,09:30,17:20,20,240
332000001,평일,5,06:40,18:35,,,145,215
332000001,토요일,5,06:40,18:35,,,145,215
332000001,공휴일,3,13:20,18:35,,,145,170
332000002,공휴일,3,08:45,19:00,,,170,445
332000002,토요일,5,07:05,19:00,,,100,325
332000002,평일,5,07:05,19:00,,,100,325
332000003,공휴일,9,08:00,20:20,,,30,180
332000003,토요일,18,06:30,20:20,,,30,120
332000003,평일,18,06:30,20:20,,,30,120
332000004,공휴일,3,08:30,17:10,,,130,390
332000004,토요일,3,08:30,17:10,,,130,390
332000004,평일,3,08:30,17:10,,,130,390
332000005,공휴일,1,09:20,09:20,,,0,0
332000005,토요일,2,07:20,09:20,,,120,120
332000005,평일,2,07:20,09:20,,,120,120
332000006,평일,3,07:30,13:00,,,150,180
332000006,토요일,3,07:30,13:00,,,150,180
332000006,공휴일,3,07:30,13:00,,,150,180
332000007,평일,3,10:30,18:30,,,150,330
332000007,토요일,3,10:30,18:30,,,150,330
332000007,공휴일,2,10:30,16:00,,,330,330
332000008,평일,19,06:10,20:00,,,20,90
332000008,토요일,19,06:10,20:00,,,20,90
332000008,공휴일,10,09:05,20:00,,,25,150
332000009,평일,2,13:10,17:20,,,250,250
332000009,토요일,2,13:10,17:20,,,250,250
332000009,공휴일,2,13:10,17:20,,,250,250
332000010,평일,3,06:50,17:50,,,240,420
332000010,토요일,3,06:50,17:50,,,240,420
332000010,공휴일,3,11:50,17:50,,,120,240
332000011,평일,1,17:30,17:30,,,0,0
332000011,토요일,1,17:30,17:30,,,0,0
332000012,공휴일,2,18:30,20:00,,,90,90
332000012,토요일,3,12:30,20:00,,,60,390
332000012,평일,3,12:30,20:00,,,60,390
332000013,평일,4,10:30,21:00,,,60,330
332000013,토요일,4,10:30,21:00,,,60,330
332000013,공휴일,3,11:00,21:00,,,210,390
332000014,평일,2,07:00,10:00,,,180,180
332000014,토요일,2,07:00,10:00,,,180,180
332000014,공휴일,2,07:00,10:00,,,180,180
332000015,평일,1,07:20,07:20,,,0,0
332000015,토요일,1,07:20,07:20,,,0,0
332000015,공휴일,1,07:20,07:20,,,0,0
332000016,평일,3,07:00,17:00,,,240,360
332000016,토요일,3,07:00,17:00,,,240,360
332000016,공휴일,1,11:00,11:00,,,0,0
332000017,공휴일,2,15:00,17:30,,,150,150
332000017,토요일,2,15:00,17:30,,,150,150
332000017,평일,2,15:00,17:30,,,150,150
332000018,평일,1,08:00,08:00,,,0,0
332000018,토요일,1,08:00,08:00,,,0,0
332000018,공휴일,1,18:30,18:30,,,0,0
332000019,공휴일,1,07:40,07:40,,,0,0
332000019,토요일,1,07:40,07:40,,,0,0
332000019,평일,1,07:40,07:40,,,0,0
332000020,공휴일,1,08:50,08:50,,,0,0
332000020,토요일,1,08:50,08:50,,,0,0
332000020,평일,1,08:50,08:50,,,0,0
332000021,토요일,5,08:30,17:30,,,60,240
332000021,평일,5,08:30,17:30,,,60,240
332000021,공휴일,3,09:30,15:30,,,120,240
332000022,공휴일,1,19:10,19:10,,,0,0
332000022,토요일,6,08:20,19:10,,,120,150
332000022,평일,6,08:20,19:10,,,120,150
332000023,공휴일,1,11:10,11:10,,,0,0
332000023,토요일,2,08:10,11:10,,,180,180
332000023,평일,2,08:10,11:10,,,180,180
332000024,평일,1,12:30,12:30,,,0,0
332000024,토요일,1,12:30,12:30,,,0,0
332000024,공휴일,1,12:30,12:30,,,0,0
332000025,평일,3,12:55,17:40,,,105,180
332000025,토요일,3,12:55,17:40,,,105,180
332000025,공휴일,2,12:55,17:40,,,285,285
332000026,공휴일,3,08:30,13:30,,,120,180
332000026,평일,4,08:30,16:30,,,120,180
332000026,토요일,4,08:30,16:30,,,120,180
332000027,공휴일,3,06:30,14:30,,,90,390
332000027,토요일,2,08:00,14:30,,,390,390
332000027,평일,2,08:00,14:30,,,390,390
332000028,평일,3,08:20,14:50,,,175,215
332000028,토요일,3,08:20,14:50,,,175,215
332000028,공휴일,3,08:20,14:50,,,175,215
332000029,평일,8,08:30,19:10,,,50,120
332000029,토요일,8,08:30,19:10,,,50,120
332000029,공휴일,5,08:30,19:10,,,70,230
332000030,평일,1,16:40,16:40,,,0,0
332000030,토요일,1,16:40,16:40,,,0,0
332000030,공휴일,1,16:40,16:40,,,0,0
332000031,평일,2,16:30,17:30,,,60,60
332000031,토요일,2,16:30,17:30,,,60,60
332000031,공휴일,1,17:30,17:30,,,0,0
332000032,평일,4,07:20,18:40,,,180,260
332000032,토요일,4,07:20,18:40,,,180,260
332000032,공휴일,4,07:20,18:40,,,180,260
332000033,평일,2,06:10,07:35,,,85,85
332000033,토요일,2,06:10,07:35,,,85,85
332000034,평일,2,06:40,14:20,,,460,460
332000034,토요일,2,06:40,14:20,,,460,460
332000034,공휴일,1,14:20,14:20,,,0,0
332000035,평일,1,07:50,07:50,,,0,0
332000035,토요일,1,07:50,07:50,,,0,0
332000036,토요일,1,08:45,08:45,,,0,0
332000036,평일,1,08:45,08:45,,,0,0
332000037,평일,1,10:00,10:00,,,0,0
332000037,토요일,1,10:00,10:00,,,0,0
332000038,평일,1,10:10,10:10,,,0,0
332000038,토요일,1,10:10,10:10,,,0,0
332000039,평일,1,11:00,11:00,,,0,0
332000039,토요일,1,11:00,11:00,,,0,0
332000040,평일,2,12:00,15:00,,,180,180
332000040,토요일,2,12:00,15:00,,,180,180
332000040,공휴일,1,15:00,15:00,,,0,0
332000041,평일,6,10:30,19:50,,,60,180
332000041,토요일,6,10:30,19:50,,,60,180
332000041,공휴일,4,10:30,19:50,,,125,295
332000042,평일,1,13:00,13:00,,,0,0
332000042,토요일,1,13:00,13:00,,,0,0
332000043,평일,2,12:00,14:10,,,130,130
332000043,토요일,2,12:00,14:10,,,130,130
332000043,공휴일,1,12:00,12:00,,,0,0
332000044,평일,2,12:20,14:30,,,130,130
332000044,공휴일,1,12:20,12:20,,,0,0
332000044,토요일,2,12:20,14:30,,,130,130
332000045,공휴일,1,11:00,11:00,,,0,0
332000045,토요일,1,15:30,15:30,,,0,0
332000045,평일,1,15:30,15:30,,,0,0
332000046,토요일,1,16:40,16:40,,,0,0
332000046,평일,1,16:40,16:40,,,0,0
332000047,토요일,2,11:40,19:00,,,440,440
332000047,평일,2,11:40,19:00,,,440,440
332000048,공휴일,3,10:30,17:05,,,165,230
332000048,평일,3,10:30,19:30,,,145,395
332000048,토요일,3,10:30,19:30,,,145,395
332000049,평일,1,06:50,06:50,,,0,0
332000049,토요일,1,06:50,06:50,,,0,0
332000049,공휴일,1,06:50,06:50,,,0,0
332000050,평일,7,06:20,19:10,,,70,180
332000050,공휴일,7,06:20,19:10,,,70,180
332000050,토요일,7,06:20,19:10,,,70,180
332000051,평일,3,07:20,18:30,,,60,610
332000051,토요일,3,07:20,18:30,,,60,610
332000051,공휴일,2,08:20,18:30,,,610,610
332000052,토요일,4,09:00,19:30,,,180,240
332000052,공휴일,3,09:00,19:30,,,240,390
332000052,평일,4,09:00,19:30,,,180,240
332000053,평일,1,09:25,09:25,,,0,0
332000053,토요일,1,09:25,09:25,,,0,0
332000053,공휴일,1,09:25,09:25,,,0,0
332000054,평일,14,06:00,18:00,,,20,90
332000054,토요일,14,06:00,18:00,,,20,90
332000054,공휴일,7,06:00,16:30,,,30,150
332000055,평일,4,11:30,19:10,,,150,160
332000055,토요일,4,11:30,19:10,,,150,160
332000055,공휴일,3,11:30,19:10,,,150,310
332000056,평일,3,12:00,19:35,,,145,310
332000056,공휴일,3,12:00,19:35,,,145,310
332000056,토요일,3,12:00,19:35,,,145,310
332000057,토요일,2,12:50,18:30,,,340,340
332000057,공휴일,2,12:50,18:30,,,340,340
332000057,평일,2,12:50,18:30,,,340,340
332000058,평일,3,13:40,17:50,,,100,150
332000058,토요일,3,13:40,17:50,,,100,150
332000058,공휴일,3,13:40,17:50,,,100,150
332000059,평일,3,14:40,18:50,,,70,180
332000059,토요일,3,14:40,18:50,,,70,180
332000059,공휴일,3,14:40,18:50,,,70,180
332000060,평일,3,11:15,18:25,,,175,255
332000060,토요일,3,11:15,18:25,,,175,255
332000060,공휴일,3,11:15,18:25,,,175,255
332000061,평일,12,06:00,19:30,,,60,150
332000061,공휴일,8,07:30,19:30,,,60,180
332000061,토요일,12,06:00,19:30,,,60,150
332000062,평일,1,16:30,16:30,,,0,0
332000062,토요일,1,16:30,16:30,,,0,0
332000063,토요일,3,11:00,19:40,,,220,300
332000063,평일,3,11:00,19:40,,,220,300
332000063,공휴일,2,11:00,19:40,,,520,520
332000064,평일,1,06:30,06:30,,,0,0
332000064,토요일,1,06:30,06:30,,,0,0
332000065,토요일,1,07:10,07:10,,,0,0
332000065,평일,1,07:10,07:10,,,0,0
332000066,토요일,1,08:00,08:00,,,0,0
332000066,공휴일,1,07:30,07:30,,,0,0
332000066,평일,1,08:00,08:00,,,0,0
332000067,공휴일,2,09:50,11:50,,,120,120
332000067,토요일,2,09:50,11:50,,,120,120
332000067,평일,2,09:50,11:50,,,120,120
332000068,공휴일,1,10:50,10:50,,,0,0
332000068,토요일,1,10:50,10:50,,,0,0
332000068,평일,1,10:50,10:50,,,0,0
332000069,평일,1,12:20,12:20,,,0,0
332000069,공휴일,1,12:20,12:20,,,0,0
332000069,토요일,1,12:20,12:20,,,0,0
332000070,평일,1,12:50,12:50,,,0,0
332000070,공휴일,1,12:50,12:50,,,0,0
332000070,토요일,1,12:50,12:50,,,0,0
332000071,토요일,1,13:30,13:30,,,0,0
332000071,평일,1,13:30,13:30,,,0,0
332000071,공휴일,1,13:30,13:30,,,0,0
332000072,공휴일,1,15:00,15:00,,,0,0
332000072,평일,2,15:00,18:20,,,200,200
332000072,토요일,2,15:00,18:20,,,200,200
332000073,평일,1,16:20,16:20,,,0,0
332000073,토요일,1,16:20,16:20,,,0,0
332000073,공휴일,1,16:20,16:20,,,0,0
332000074,공휴일,1,17:10,17:10,,,0,0
332000074,토요일,1,17:10,17:10,,,0,0
332000074,평일,1,17:10,17:10,,,0,0
332000075,공휴일,1,18:00,18:00,,,0,0
332000075,토요일,1,18:00,18:00,,,0,0
332000075,평일,1,18:00,18:00,,,0,0
332000076,평일,1,18:30,18:30,,,0,0
332000076,공휴일,1,18:30,18:30,,,0,0
332000076,토요일,1,18:30,18:30,,,0,0
332000077,공휴일,1,06:40,06:40,,,0,0
332000078,평일,2,06:10,14:10,,,480,480
332000078,토요일,2,06:10,14:10,,,480,480
332000079,공휴일,1,08:40,08:40,,,0,0
332000079,평일,2,06:30,08:40,,,130,130
332000079,토요일,2,06:30,08:40,,,130,130
332000080,공휴일,2,11:20,15:10,,,230,230
332000080,토요일,3,09:10,15:10,,,120,240
332000080,평일,3,09:10,15:10,,,120,240
332000081,공휴일,1,07:50,07:50,,,0,0
332000081,토요일,4,07:50,12:40,,,50,120
332000081,평일,4,07:50,12:40,,,50,120
332000082,평일,1,12:51,12:51,,,0,0
332000082,토요일,1,12:51,12:51,,,0,0
332000083,평일,1,13:50,13:50,,,0,0
332000083,토요일,1,13:50,13:50,,,0,0
332000084,공휴일,1,16:45,16:45,,,0,0
332000084,토요일,2,14:50,16:45,,,115,115
332000084,평일,2,14:50,16:45,,,115,115
332000085,공휴일,1,10:50,10:50,,,0,0
332000085,토요일,2,10:50,16:50,,,360,360
332000085,평일,2,10:50,16:50,,,360,360
332000086,매일,1,05:55,05:55,,,0,0
332000087,매일,1,07:20,07:20,,,0,0
332000088,매일,1,09:00,09:00,,,0,0
332000089,평일,2,07:10,09:40,,,150,150
332000089,토요일,2,07:10,09:40,,,150,150
332000089,공휴일,2,07:10,09:40,,,150,150
332000090,공휴일,2,07:25,10:00,,,155,155
332000090,평일,2,07:25,10:00,,,155,155
332000090,토요일,2,07:25,10:00,,,155,155
332000091,공휴일,3,11:30,15:30,,,120,120
332000091,토요일,2,11:30,13:30,,,120,120
332000091,평일,2,11:30,13:30,,,120,120
332000092,매일,1,12:40,12:40,,,0,0
332000093,공휴일,1,14:40,14:40,,,0,0
332000093,토요일,2,11:50,14:40,,,170,170
332000093,평일,2,11:50,14:40,,,170,170
332000094,공휴일,2,09:55,15:35,,,340,340
332000094,토요일,3,09:55,15:35,,,165,175
332000094,평일,3,09:55,15:35,,,165,175
332000095,매일,1,16:40,16:40,,,0,0
332000096,매일,1,17:30,17:30,,,0,0
332000097,공휴일,1,07:10,07:10,,,0,0
332000097,평일,2,07:10,09:00,,,110,110
332000097,토요일,2,07:10,09:00,,,110,110
332000098,매일,1,08:00,08:00,,,0,0
332000099,토요일,2,09:40,16:20,,,400,400
332000099,평일,2,09:40,16:20,,,400,400
332000099,공휴일,2,09:40,16:20,,,400,400
332000100,매일,1,13:00,13:00,,,0,0
332000101,평일,4,07:40,16:30,,,110,300
332000101,토요일,4,07:40,16:30,,,110,300
332000101,공휴일,4,07:40,16:30,,,120,290
332000102,평일,2,08:40,15:40,,,420,420
332000102,토요일,2,08:40,15:40,,,420,420
332000102,공휴일,2,08:40,15:40,,,420,420
332000103,평일,1,17:00,17:00,,,0,0
332000103,토요일,1,17:00,17:00,,,0,0
332000103,공휴일,1,17:00,17:00,,,0,0
332000104,평일,1,06:30,06:30,,,0,0
332000104,토요일,1,06:30,06:30,,,0,0
332000105,토요일,1,10:30,10:30,,,0,0
332000105,평일,1,10:30,10:30,,,0,0
332000106,평일,1,11:00,11:00,,,0,0
332000106,토요일,1,11:00,11:00,,,0,0
332000107,평일,1,12:10,12:10,,,0,0
332000107,토요일,1,12:10,12:10,,,0,0
332000108,토요일,2,12:45,15:30,,,165,165
332000108,평일,2,12:45,15:30,,,165,165
332000109,평일,1,19:20,19:20,,,0,0
332000109,토요일,1,19:20,19:20,,,0,0
332000110,평일,1,19:40,19:40,,,0,0
332000110,토요일,1,19:40,19:40,,,0,0
332000111,평일,1,06:00,06:00,,,0,0
332000111,토요일,1,06:00,06:00,,,0,0
332000111,공휴일,1,06:00,06:00,,,0,0
332000112,평일,1,08:20,08:20,,,0,0
332000112,토요일,1,08:20,08:20,,,0,0
332000112,공휴일,1,08:20,08:20,,,0,0
332000113,평일,5,07:30,18:50,,,55,290
332000113,토요일,5,07:30,18:50,,,55,290
332000113,공휴일,3,11:00,18:50,,,180,290
332000114,평일,1,12:40,12:40,,,0,0
332000114,토요일,1,12:40,12:40,,,0,0
332000114,공휴일,1,12:40,12:40,,,0,0
332000115,평일,2,07:00,13:10,,,370,370
332000115,토요일,2,07:00,13:10,,,370,370
332000115,공휴일,1,13:10,13:10,,,0,0
332000116,공휴일,1,17:50,17:50,,,0,0
332000116,토요일,1,17:50,17:50,,,0,0
332000116,평일,1,17:50,17:50,,,0,0
332000117,공휴일,1,18:35,18:35,,,0,0
332000117,토요일,1,18:35,18:35,,,0,0
332000117,평일,1,18:35,18:35,,,0,0
332000118,토요일,1,06:10,06:10,,,0,0
332000118,평일,1,06:10,06:10,,,0,0
332000119,공휴일,1,07:20,07:20,,,0,0
332000119,토요일,1,07:20,07:20,,,0,0
332000119,평일,1,07:20,07:20,,,0,0
332000120,평일,1,08:15,08:15,,,0,0
332000120,토요일,1,08:15,08:15,,,0,0
332000120,공휴일,1,08:15,08:15,,,0,0
332000121,평일,3,06:40,13:40,,,180,240
332000121,토요일,3,06:40,13:40,,,180,240
332000121,공휴일,2,09:40,13:40,,,240,240
332000122,토요일,2,11:00,18:00,,,420,420
332000122,공휴일,2,11:00,18:00,,,420,420
332000122,평일,2,11:00,18:00,,,420,420
332000123,평일,5,06:50,18:30,,,120,280
332000123,토요일,5,06:50,18:30,,,120,280
332000123,공휴일,4,11:30,18:30,,,120,160
332000124,평일,3,07:20,12:30,,,140,170
332000124,토요일,3,07:20,12:30,,,140,170
332000124,공휴일,1,12:30,12:30,,,0,0
332000125,평일,3,09:30,17:40,,,240,250
332000125,토요일,3,09:30,17:40,,,240,250
332000125,공휴일,3,09:30,17:40,,,240,250
332000126,토요일,3,09:10,17:30,,,180,320
332000126,공휴일,2,14:30,17:30,,,180,180
332000126,평일,3,09:10,17:30,,,180,320
332000127,공휴일,2,09:50,19:00,,,550,550
332000127,토요일,4,08:20,19:00,,,90,390
332000127,평일,4,08:20,19:00,,,90,390
332000128,공휴일,2,12:40,14:10,,,90,90
332000128,토요일,3,12:40,17:00,,,90,170
332000128,평일,3,12:40,17:00,,,90,170
332000129,공휴일,1,19:10,19:10,,,0,0
332000129,평일,1,19:10,19:10,,,0,0
332000129,토요일,1,19:10,19:10,,,0,0
332000130,평일,1,06:10,06:10,,,0,0
332000130,토요일,1,06:10,06:10,,,0,0
332000131,토요일,1,06:45,06:45,,,0,0
332000131,평일,1,06:45,06:45,,,0,0
332000132,평일,1,08:05,08:05,,,0,0
332000132,토요일,1,08:05,08:05,,,0,0
332000133,토요일,1,09:20,09:20,,,0,0
332000133,평일,1,09:20,09:20,,,0,0
332000134,공휴일,2,11:30,19:00,,,450,450
332000134,토요일,3,11:30,19:00,,,135,315
332000134,평일,3,11:30,19:00,,,135,315
332000135,토요일,1,13:30,13:30,,,0,0
332000135,평일,1,13:30,13:30,,,0,0
332000136,토요일,4,10:30,16:20,,,110,120
332000136,평일,4,10:30,16:20,,,110,120
332000136,공휴일,2,10:30,16:20,,,350,350
332000137,평일,4,09:30,18:30,,,120,240
332000137,토요일,4,09:30,18:30,,,120,240
332000137,공휴일,1,18:30,18:30,,,0,0
332000138,평일,1,18:00,18:00,,,0,0
332000138,토요일,1,18:00,18:00,,,0,0
332000139,평일,1,19:30,19:30,,,0,0
332000139,토요일,1,19:30,19:30,,,0,0
332000140,평일,1,06:20,06:20,,,0,0
332000140,토요일,1,06:20,06:20,,,0,0
332000140,공휴일,1,06:20,06:20,,,0,0
332000141,공휴일,1,07:05,07:05,,,0,0
332000141,토요일,1,07:05,07:05,,,0,0
332000141,평일,1,07:05,07:05,,,0,0
332000142,공휴일,1,10:40,10:40,,,0,0
332000142,토요일,1,10:40,10:40,,,0,0
332000142,평일,1,10:40,10:40,,,0,0
332000143,공휴일,2,11:50,13:20,,,90,90
332000143,토요일,2,11:50,13:20,,,90,90
332000143,평일,2,11:50,13:20,,,90,90
332000144,공휴일,5,08:10,15:30,,,70,140
332000144,토요일,5,08:10,15:30,,,70,140
332000144,평일,5,08:10,15:30,,,70,140
332000145,공휴일,1,17:30,17:30,,,0,0
332000145,토요일,1,17:30,17:30,,,0,0
332000145,평일,1,17:30,17:30,,,0,0
332000146,토요일,1,20:00,20:00,,,0,0
332000146,평일,1,20:00,20:00,,,0,0
332000147,공휴일,1,06:00,06:00,,,0,0
332000147,평일,1,06:00,06:00,,,0,0
332000147,토요일,1,06:00,06:00,,,0,0
332000148,평일,1,06:40,06:40,,,0,0
332000148,토요일,1,06:40,06:40,,,0,0
332000148,공휴일,1,06:40,06:40,,,0,0
332000149,공휴일,1,09:00,09:00,,,0,0
332000149,토요일,2,07:10,09:00,,,110,110
332000149,평일,2,07:10,09:00,,,110,110
332000150,평일,2,10:20,13:20,,,180,180
332000150,토요일,2,10:20,13:20,,,180,180
332000150,공휴일,2,10:20,13:20,,,180,180
332000151,평일,1,10:40,10:40,,,0,0
332000151,토요일,1,10:40,10:40,,,0,0
332000151,공휴일,1,10:40,10:40,,,0,0
332000152,평일,1,11:30,11:30,,,0,0
332000152,토요일,1,11:30,11:30,,,0,0
332000153,공휴일,1,14:00,14:00,,,0,0
332000153,평일,1,08:00,08:00,,,0,0
332000153,토요일,1,08:00,08:00,,,0,0
332000154,평일,4,06:50,15:05,,,120,240
332000154,공휴일,3,06:50,15:05,,,115,380
332000154,토요일,4,06:50,15:05,,,120,240
332000155,공휴일,1,17:10,17:10,,,0,0
332000155,토요일,1,17:10,17:10,,,0,0
332000155,평일,1,17:10,17:10,,,0,0
332000156,평일,1,18:30,18:30,,,0,0
332000156,토요일,1,18:30,18:30,,,0,0
332000156,공휴일,1,18:30,18:30,,,0,0
332000157,평일,1,06:20,06:20,,,0,0
332000157,토요일,1,06:20,06:20,,,0,0
332000158,평일,1,07:00,07:00,,,0,0
332000158,토요일,1,07:00,07:00,,,0,0
332000159,토요일,1,08:00,08:00,,,0,0
332000159,평일,1,08:00,08:00,,,0,0
332000160,평일,3,08:30,14:30,,,180,180
332000160,토요일,3,08:30,14:30,,,180,180
332000160,공휴일,1,11:30,11:30,,,0,0
332000161,평일,3,06:40,10:40,,,120,120
332000161,토요일,3,06:40,10:40,,,120,120
332000161,공휴일,1,08:40,08:40,,,0,0
332000162,토요일,1,11:05,11:05,,,0,0
332000162,평일,1,11:05,11:05,,,0,0
332000163,평일,3,06:20,14:40,,,190,310
332000163,토요일,3,06:20,14:40,,,190,310
332000163,공휴일,3,06:20,09:30,,,0,190
332000164,평일,1,06:30,06:30,,,0,0
332000164,토요일,1,06:30,06:30,,,0,0
332000165,공휴일,1,07:30,07:30,,,0,0
332000166,공휴일,1,09:20,09:20,,,0,0
332000167,공휴일,1,10:00,10:00,,,0,0
332000168,평일,1,09:20,09:20,,,0,0
332000168,토요일,1,09:20,09:20,,,0,0
332000169,토요일,1,10:00,10:00,,,0,0
332000169,평일,1,10:00,10:00,,,0,0
332000170,평일,1,11:00,11:00,,,0,0
332000170,토요일,1,11:00,11:00,,,0,0
332000170,공휴일,1,11:00,11:00,,,0,0
332000171,공휴일,1,12:50,12:50,,,0,0
332000171,평일,1,12:50,12:50,,,0,0
332000171,토요일,1,12:50,12:50,,,0,0
332000172,공휴일,1,13:45,13:45,,,0,0
332000172,토요일,1,13:45,13:45,,,0,0
332000172,평일,1,13:45,13:45,,,0,0
332000173,평일,4,06:35,18:00,,,150,380
332000173,토요일,4,06:35,18:00,,,150,380
332000173,공휴일,2,06:35,15:30,,,535,535
332000174,토요일,1,14:00,14:00,,,0,0
332000174,평일,1,14:00,14:00,,,0,0
332000175,평일,1,06:40,06:40,,,0,0
332000175,토요일,1,06:40,06:40,,,0,0
332000175,공휴일,1,06:40,06:40,,,0,0
332000176,평일,1,08:00,08:00,,,0,0
332000176,토요일,1,08:00,08:00,,,0,0
332000176,공휴일,1,08:00,08:00,,,0,0
332000177,평일,1,19:10,19:10,,,0,0
332000177,토요일,1,19:10,19:10,,,0,0
332000177,공휴일,1,19:10,19:10,,,0,0
332000178,토요일,1,13:30,13:30,,,0,0
332000178,평일,1,13:30,13:30,,,0,0
332000179,평일,1,18:50,18:50,,,0,0
332000179,토요일,1,18:50,18:50,,,0,0
332000179,공휴일,1,18:50,18:50,,,0,0
332000180,평일,1,19:45,19:45,,,0,0
332000180,토요일,1,19:45,19:45,,,0,0
332000180,공휴일,1,19:45,19:45,,,0,0
332000181,평일,1,06:30,06:30,,,0,0
332000181,토요일,1,06:30,06:30,,,0,0
332000182,평일,1,07:05,07:05,,,0,0
332000182,토요일,1,07:05,07:05,,,0,0
332000183,토요일,1,07:40,07:40,,,0,0
332000183,평일,1,07:40,07:40,,,0,0
332000184,토요일,1,08:40,08:40,,,0,0
332000184,평일,1,08:40,08:40,,,0,0
332000185,토요일,1,10:00,10:00,,,0,0
332000185,평일,1,10:00,10:00,,,0,0
332000186,토요일,1,13:30,13:30,,,0,0
332000186,평일,1,13:30,13:30,,,0,0
332000187,토요일,1,15:30,15:30,,,0,0
332000187,평일,1,15:30,15:30,,,0,0
332000188,토요일,1,16:30,16:30,,,0,0
332000188,평일,1,16:30,16:30,,,0,0
332000189,평일,1,16:50,16:50,,,0,0
332000189,토요일,1,16:50,16:50,,,0,0
332000190,토요일,1,06:05,06:05,,,0,0
332000190,평일,1,06:05,06:05,,,0,0
332000191,공휴일,1,06:50,06:50,,,0,0
332000191,평일,1,06:50,06:50,,,0,0
332000191,토요일,1,06:50,06:50,,,0,0
332000192,토요일,3,07:20,17:00,,,240,340
332000192,평일,3,07:20,17:00,,,240,340
332000192,공휴일,3,07:20,17:00,,,240,340
332000193,공휴일,4,06:40,18:20,,,180,320
332000193,토요일,5,06:40,18:20,,,150,200
332000193,평일,5,06:40,18:20,,,150,200
332000194,공휴일,2,13:40,15:40,,,120,120
332000194,토요일,2,13:40,15:40,,,120,120
332000194,평일,2,13:40,15:40,,,120,120
332000195,공휴일,1,17:00,17:00,,,0,0
332000195,토요일,1,17:00,17:00,,,0,0
332000195,평일,1,17:00,17:00,,,0,0
332000196,공휴일,1,18:30,18:30,,,0,0
332000196,토요일,1,18:30,18:30,,,0,0
332000196,평일,1,18:30,18:30,,,0,0
332000197,공휴일,1,19:20,19:20,,,0,0
332000197,토요일,1,19:20,19:20,,,0,0
332000197,평일,1,19:20,19:20,,,0,0
332000198,공휴일,1,06:00,06:00,,,0,0
332000198,평일,1,06:00,06:00,,,0,0
332000198,토요일,1,06:00,06:00,,,0,0
332000199,공휴일,2,07:55,14:50,,,415,415
332000199,평일,2,07:55,14:50,,,415,415
332000199,토요일,2,07:55,14:50,,,415,415
332000200,공휴일,1,08:30,08:30,,,0,0
332000201,토요일,1,09:30,09:30,,,0,0
332000201,평일,1,09:30,09:30,,,0,0
332000201,공휴일,1,09:30,09:30,,,0,0
332000202,공휴일,1,15:20,15:20,,,0,0
332000202,평일,1,15:20,15:20,,,0,0
332000202,토요일,1,15:20,15:20,,,0,0
332000203,평일,2,18:30,20:00,,,90,90
332000203,공휴일,2,18:30,20:00,,,90,90
332000203,토요일,2,18:30,20:00,,,90,90
332000204,공휴일,1,07:20,07:20,,,0,0
332000204,평일,2,06:20,07:20,,,60,60
332000204,토요일,2,06:20,07:20,,,60,60
332000205,공휴일,1,09:20,09:20,,,0,0
332000205,토요일,2,09:20,11:10,,,110,110
332000205,평일,2,09:20,11:10,,,110,110
332000206,토요일,1,11:55,11:55,,,0,0
332000206,평일,1,11:55,11:55,,,0,0
332000207,토요일,1,14:40,14:40,,,0,0
332000207,평일,1,14:40,14:40,,,0,0
332000208,공휴일,1,06:20,06:20,,,0,0
332000208,토요일,1,06:20,06:20,,,0,0
332000208,평일,1,06:20,06:20,,,0,0
332000209,공휴일,1,09:00,09:00,,,0,0
332000209,토요일,1,09:00,09:00,,,0,0
332000209,평일,1,09:00,09:00,,,0,0
332000210,공휴일,1,10:45,10:45,,,0,0
332000210,평일,1,10:45,10:45,,,0,0
332000210,토요일,1,10:45,10:45,,,0,0
332000211,평일,1,13:25,13:25,,,0,0
332000211,토요일,1,13:25,13:25,,,0,0
332000211,공휴일,1,13:25,13:25,,,0,0
332000212,평일,1,14:40,14:40,,,0,0
332000212,토요일,1,14:40,14:40,,,0,0
332000212,공휴일,1,14:40,14:40,,,0,0
332000213,평일,2,15:10,17:40,,,150,150
332000213,공휴일,2,15:10,17:40,,,150,150
332000213,토요일,2,15:10,17:40,,,150,150
332000214,토요일,1,16:40,16:40,,,0,0
332000214,평일,1,16:40,16:40,,,0,0
332000214,공휴일,1,16:40,16:40,,,0,0
332000215,공휴일,1,18:20,18:20,,,0,0
332000216,평일,1,19:10,19:10,,,0,0
332000216,토요일,1,19:10,19:10,,,0,0
332000216,공휴일,1,19:10,19:10,,,0,0
332000217,공휴일,1,06:10,06:10,,,0,0
332000217,평일,1,06:10,06:10,,,0,0
332000217,토요일,1,06:10,06:10,,,0,0
332000218,토요일,1,08:15,08:15,,,0,0
332000218,공휴일,1,08:15,08:15,,,0,0
332000218,평일,1,08:15,08:15,,,0,0
332000219,토요일,1,10:40,10:40,,,0,0
332000219,평일,1,10:40,10:40,,,0,0
332000219,공휴일,1,10:40,10:40,,,0,0
332000220,공휴일,1,17:10,17:10,,,0,0
332000220,토요일,1,17:10,17:10,,,0,0
332000220,평일,1,17:10,17:10,,,0,0
332000221,공휴일,2,10:30,19:20,,,530,520
332000221,토요일,3,10:40,19:20,,,170,350
332000221,평일,3,10:40,19:20,,,170,350
332000222,평일,1,06:00,06:00,,,0,0
332000222,토요일,1,06:00,06:00,,,0,0
332000223,평일,1,06:40,06:40,,,0,0
332000223,토요일,1,06:40,06:40,,,0,0
332000224,평일,1,10:10,10:10,,,0,0
332000224,토요일,1,10:10,10:10,,,0,0
332000224,공휴일,1,10:10,10:10,,,0,0
332000225,평일,1,16:10,16:10,,,0,0
332000225,토요일,1,16:10,16:10,,,0,0
332000226,토요일,1,17:20,17:20,,,0,0
332000226,평일,1,17:20,17:20,,,0,0
332000227,토요일,1,18:20,18:20,,,0,0
332000227,평일,1,18:20,18:20,,,0,0
332000228,공휴일,1,07:00,07:00,,,0,0
332000228,평일,1,07:00,07:00,,,0,0
332000228,토요일,1,07:00,07:00,,,0,0
332000229,평일,2,06:00,09:10,,,190,190
332000229,토요일,2,06:00,09:10,,,190,190
332000229,공휴일,2,06:00,09:10,,,190,190
332000230,평일,1,10:40,10:40,,,0,0
332000230,토요일,1,10:40,10:40,,,0,0
332000230,공휴일,1,10:40,10:40,,,0,0
332000231,평일,1,13:35,13:35,,,0,0
332000231,토요일,1,13:35,13:35,,,0,0
332000231,공휴일,1,13:35,13:35,,,0,0
332000232,공휴일,1,17:10,17:10,,,0,0
332000232,토요일,1,17:10,17:10,,,0,0
332000232,평일,1,17:10,17:10,,,0,0
332000233,토요일,1,19:30,19:30,,,0,0
332000233,공휴일,1,19:30,19:30,,,0,0
332000233,평일,1,19:30,19:30,,,0,0
332000234,매일,1,06:35,06:35,,,0,0
332000235,매일,1,08:30,08:30,,,0,0
332000236,매일,1,09:15,09:15,,,0,0
332000237,매일,1,12:40,12:40,,,0,0
332000238,매일,2,09:55,13:55,,,240,240
332000239,매일,1,16:30,16:30,,,0,0
332000240,매일,1,19:00,19:00,,,0,0
332000241,매일,1,19:30,19:30,,,0,0
332000242,평일,1,06:00,06:00,,,0,0
332000242,토요일,1,06:00,06:00,,,0,0
332000243,평일,1,06:30,06:30,,,0,0
332000243,토요일,1,06:30,06:30,,,0,0
332000244,토요일,1,11:10,11:10,,,0,0
332000244,평일,1,11:10,11:10,,,0,0
332000245,공휴일,1,10:20,10:20,,,0,0
332000245,토요일,2,10:20,13:50,,,210,210
332000245,평일,2,10:20,13:50,,,210,210
332000246,토요일,1,14:40,14:40,,,0,0
332000246,평일,1,14:40,14:40,,,0,0
332000247,평일,1,17:40,17:40,,,0,0
332000247,토요일,1,17:40,17:40,,,0,0
332000248,평일,1,18:00,18:00,,,0,0
332000248,토요일,1,18:00,18:00,,,0,0
332000249,평일,1,06:30,06:30,,,0,0
332000249,토요일,1,06:30,06:30,,,0,0
332000250,공휴일,1,06:30,06:30,,,0,0
332000251,공휴일,1,07:30,07:30,,,0,0
332000251,토요일,1,07:30,07:30,,,0,0
332000251,평일,1,07:30,07:30,,,0,0
332000252,토요일,1,08:40,08:40,,,0,0
332000252,평일,1,08:40,08:40,,,0,0
332000253,토요일,2,09:20,13:30,,,250,250
332000253,평일,2,09:20,13:30,,,250,250
332000253,공휴일,1,13:30,13:30,,,0,0
332000254,평일,1,12:30,12:30,,,0,0
332000254,토요일,1,12:30,12:30,,,0,0
332000254,공휴일,1,12:30,12:30,,,0,0
332000255,평일,1,17:00,17:00,,,0,0
332000255,토요일,1,17:00,17:00,,,0,0
332000256,공휴일,1,17:00,17:00,,,0,0
332000257,매일,1,08:00,08:00,,,0,0
332000258,공휴일,1,18:30,18:30,,,0,0
332000258,평일,1,18:30,18:30,,,0,0
332000258,토요일,1,18:30,18:30,,,0,0
332000260,매일,1,09:00,09:00,,,0,0
332000261,매일,1,13:40,13:40,,,0,0
332000262,매일,1,15:50,15:50,,,0,0
332000263,매일,1,19:30,19:30,,,0,0
332000264,평일,1,09:10,09:10,,,0,0
332000264,토요일,1,09:10,09:10,,,0,0
332000264,공휴일,1,09:10,09:10,,,0,0
332000265,공휴일,1,11:10,11:10,,,0,0
332000265,토요일,1,11:10,11:10,,,0,0
332000265,평일,1,11:10,11:10,,,0,0
332000266,평일,1,12:40,12:40,,,0,0
332000266,공휴일,1,12:40,12:40,,,0,0
332000266,토요일,1,12:40,12:40,,,0,0
332000267,공휴일,1,17:00,17:00,,,0,0
332000267,토요일,1,17:00,17:00,,,0,0
332000267,평일,1,17:00,17:00,,,0,0
332000268,공휴일,1,17:50,17:50,,,0,0
332000269,토요일,1,17:50,17:50,,,0,0
332000269,평일,1,17:50,17:50,,,0,0
332000270,토요일,1,19:55,19:55,,,0,0
332000270,평일,1,19:55,19:55,,,0,0
332000270,공휴일,1,19:55,19:55,,,0,0
332000271,공휴일,2,10:40,14:40,,,240,240
332000271,평일,2,10:40,14:40,,,240,240
332000271,토요일,2,10:40,14:40,,,240,240
332000272,공휴일,1,16:00,16:00,,,0,0
332000272,토요일,1,16:00,16:00,,,0,0
332000272,평일,1,16:00,16:00,,,0,0
332000274,평일,1,12:00,12:00,,,0,0
332000274,토요일,1,12:00,12:00,,,0,0
332000274,공휴일,1,12:00,12:00,,,0,0
332000275,평일,1,15:00,15:00,,,0,0
332000275,토요일,1,15:00,15:00,,,0,0
332000275,공휴일,2,07:30,15:00,,,450,450
332000276,토요일,1,09:00,09:00,,,0,0
332000276,공휴일,1,09:00,09:00,,,0,0
332000276,평일,1,09:00,09:00,,,0,0
332000277,평일,2,07:00,13:30,,,390,390
332000277,토요일,2,07:00,13:30,,,390,390
332000277,공휴일,2,07:00,13:30,,,390,390
332000278,공휴일,1,15:40,15:40,,,0,0
332000278,토요일,1,15:40,15:40,,,0,0
332000278,평일,1,15:40,15:40,,,0,0
332000279,평일,1,10:30,10:30,,,0,0
332000279,토요일,1,10:30,10:30,,,0,0
332000280,평일,1,11:10,11:10,,,0,0
332000280,토요일,1,11:10,11:10,,,0,0
332000281,토요일,2,07:00,18:00,,,660,660
332000281,공휴일,1,07:00,07:00,,,0,0
332000281,평일,2,07:00,18:00,,,660,660
332000282,평일,1,06:30,06:30,,,0,0
332000282,공휴일,1,06:30,06:30,,,0,0
332000282,토요일,1,06:30,06:30,,,0,0
332000283,공휴일,1,08:00,08:00,,,0,0
332000284,공휴일,1,10:10,10:10,,,0,0
332000285,평일,1,10:10,10:10,,,0,0
332000285,토요일,1,10:10,10:10,,,0,0
332000286,평일,1,12:00,12:00,,,0,0
332000286,토요일,1,12:00,12:00,,,0,0
332000286,공휴일,1,12:00,12:00,,,0,0
332000287,평일,1,19:20,19:20,,,0,0
332000287,토요일,1,19:20,19:20,,,0,0
332000287,공휴일,1,19:20,19:20,,,0,0
332000288,공휴일,1,19:40,19:40,,,0,0
332000288,토요일,1,19:40,19:40,,,0,0
332000288,평일,1,19:40,19:40,,,0,0
332000289,평일,1,07:30,07:30,,,0,0
332000289,토요일,1,07:30,07:30,,,0,0
332000290,평일,1,12:30,12:30,,,0,0
332000290,토요일,1,12:30,12:30,,,0,0
332000291,평일,1,14:00,14:00,,,0,0
332000291,토요일,1,14:00,14:00,,,0,0
332000292,토요일,1,17:10,17:10,,,0,0
332000292,평일,1,17:10,17:10,,,0,0
332000293,매일,1,08:40,08:40,,,0,0
332000294,매일,1,13:45,13:45,,,0,0
332000295,평일,1,14:35,14:35,,,0,0
332000295,토요일,1,14:35,14:35,,,0,0
332000296,평일,1,15:30,15:30,,,0,0
332000296,토요일,1,15:30,15:30,,,0,0
332000297,평일,1,13:10,13:10,,,0,0
332000297,토요일,1,13:10,13:10,,,0,0
332000298,평일,1,19:30,19:30,,,0,0
332000298,토요일,1,19:30,19:30,,,0,0
332000298,공휴일,1,19:30,19:30,,,0,0
332000299,토요일,1,20:20,20:20,,,0,0
332000299,공휴일,1,20:20,20:20,,,0,0
332000299,평일,1,20:20,20:20,,,0,0
332000300,공휴일,2,10:20,14:40,,,260,260
332000301,매일,1,06:40,06:40,06:55,06:55,0,0
332000302,매일,1,07:30,07:30,07:55,07:55,0,0
332000303,매일,3,09:10,14:00,10:00,15:00,120,170
332000304,매일,8,07:40,18:40,,,70,120
332000305,매일,8,06:30,17:10,,,40,150
332000306,매일,3,09:20,16:50,,,110,340
332000307,매일,1,12:20,12:20,,,0,0
332000308,매일,2,07:50,10:30,,,160,160
332000309,매일,4,06:40,15:30,,,110,220
332000310,매일,2,08:30,11:10,,,160,160
332000311,매일,1,17:40,17:40,,,0,0
332000312,매일,1,17:00,17:00,,,0,0
332000313,공휴일,1,08:30,08:30,,,0,0
335000001,매일,5,06:45,17:30,,,35,490
335000002,매일,1,07:50,07:50,,,0,0
335000003,매일,2,10:30,14:10,,,220,220
335000004,매일,1,12:00,12:00,,,0,0
335000005,매일,1,17:50,17:50,,,0,0
335000006,매일,1,06:15,06:15,,,0,0
335000007,매일,1,07:45,07:45,,,0,0
335000008,매일,2,09:10,13:35,,,265,265
335000009,매일,1,10:00,10:00,,,0,0
335000010,매일,1,12:10,12:10,,,0,0
335000011,매일,2,13:55,17:00,,,185,185
335000012,매일,1,15:00,15:00,,,0,0
335000013,매일,1,17:00,17:00,,,0,0
335000014,매일,1,06:20,06:20,,,0,0
335000015,매일,1,08:50,08:50,,,0,0
335000018,매일,2,14:15,18:35,,,260,260
335000019,매일,1,16:30,16:30,,,0,0
335000020,매일,1,19:40,19:40,,,0,0
335000021,매일,1,06:20,06:20,,,0,0
335000022,매일,1,07:30,07:30,,,0,0
335000023,매일,3,08:50,15:40,,,175,235
335000025,매일,1,12:00,12:00,,,0,0
335000026,매일,1,14:30,14:30,,,0,0
335000027,매일,1,16:20,16:20,,,0,0
335000029,매일,1,06:10,06:10,,,0,0
335000030,매일,1,08:15,08:15,,,0,0
335000032,매일,3,10:00,11:20,,,40,40
335000033,매일,1,13:00,13:00,,,0,0
335000034,매일,1,14:30,14:30,,,0,0
335000035,매일,2,12:50,17:40,,,290,290
335000036,매일,1,18:30,18:30,,,0,0
335000037,매일,1,06:00,06:00,,,0,0
335000038,매일,1,08:20,08:20,,,0,0
335000039,매일,1,09:10,09:10,,,0,0
335000040,매일,2,10:20,13:00,,,160,160
335000041,매일,1,11:50,11:50,,,0,0
335000043,매일,1,15:20,15:20,,,0,0
335000044,매일,1,06:00,06:00,,,0,0
335000045,매일,1,07:50,07:50,,,0,0
335000046,매일,1,10:00,10:00,,,0,0
335000047,매일,2,11:50,16:50,,,300,300
335000048,매일,1,12:40,12:40,,,0,0
335000049,매일,1,16:20,16:20,,,0,0
335000050,매일,1,06:30,06:30,,,0,0
335000052,매일,3,08:30,16:40,,,225,265
335000053,매일,1,09:50,09:50,,,0,0
335000054,매일,1,13:20,13:20,,,0,0
335000055,매일,1,17:20,17:20,,,0,0
335000056,매일,1,07:00,07:00,,,0,0
335000057,매일,1,09:30,09:30,,,0,0
335000058,매일,1,11:30,11:30,,,0,0
335000060,매일,1,13:40,13:40,,,0,0
335000061,매일,1,15:30,15:30,,,0,0
335000062,매일,1,18:05,18:05,,,0,0
335000063,매일,1,19:00,19:00,,,0,0
335000064,매일,1,19:30,19:30,,,0,0
335000065,매일,1,06:40,06:40,,,0,0
335000066,매일,1,08:35,08:35,,,0,0
335000067,매일,1,11:30,11:30,,,0,0
335000069,매일,1,15:50,15:50,,,0,0
335000070,매일,1,17:20,17:20,,,0,0
335000071,매일,2,06:30,18:00,,,690,690
335000072,매일,1,06:05,06:05,,,0,0
335000073,매일,1,09:10,09:10,,,0,0
335000074,매일,1,11:10,16:00,,,290,290
335000075,매일,1,12:20,12:20,,,0,0
335000076,매일,1,13:50,13:50,,,0,0
335000077,매일,1,17:15,17:15,,,0,0
335000078,매일,1,17:55,17:55,,,0,0
335000080,매일,1,07:00,07:00,,,0,0
335000081,매일,1,11:00,11:00,,,0,0
335000082,매일,1,12:50,12:50,,,0,0
335000085,매일,1,18:30,18:30,,,0,0
335000086,매일,1,06:20,06:20,,,0,0
335000087,매일,1,06:50,06:50,,,0,0
335000088,매일,2,07:50,08:40,,,50,50
335000089,매일,1,08:10,08:10,,,0,0
335000090,매일,1,11:00,11:00,,,0,0
335000091,매일,1,15:50,15:50,,,0,0
335000092,매일,1,17:40,17:40,,,0,0
335000093,매일,1,06:40,06:40,,,0,0
335000094,매일,1,15:50,15:50,,,0,0
335000096,매일,1,18:00,18:00,,,0,0
335000097,매일,1,06:20,06:20,,,0,0
335000098,매일,1,09:00,09:00,,,0,0
335000099,매일,1,10:50,10:50,,,0,0
335000100,매일,1,11:30,11:30,,,0,0
335000101,매일,1,12:30,12:30,,,0,0
335000103,매일,1,17:10,17:10,,,0,0
335000104,매일,1,19:10,19:10,,,0,0
335000105,매일,1,06:25,06:25,,,0,0
335000107,매일,1,09:20,09:20,,,0,0
335000108,매일,1,10:50,10:50,,,0,0
335000110,매일,1,16:30,16:30,,,0,0
335000111,매일,1,18:10,18:10,,,0,0
335000113,매일,1,07:15,07:15,,,0,0
335000114,매일,1,07:50,07:50,,,0,0
335000115,매일,1,08:50,08:50,,,0,0
335000116,매일,1,11:50,11:50,,,0,0
335000117,매일,1,12:15,12:15,,,0,0
335000118,매일,1,13:10,13:10,,,0,0
335000119,매일,1,14:50,14:50,,,0,0
335000120,매일,1,17:40,17:40,,,0,0
335000121,매일,1,06:30,06:30,,,0,0
335000122,매일,1,13:10,13:10,,,0,0
335000123,매일,1,15:30,15:30,,,0,0
335000124,매일,1,06:35,06:35,,,0,0
335000125,매일,1,07:20,07:20,,,0,0
335000126,매일,1,08:00,08:00,,,0,0
335000129,매일,1,13:40,13:40,,,0,0
335000131,매일,1,17:35,17:35,,,0,0
335000132,매일,1,06:50,06:50,,,0,0
335000133,매일,1,15:00,15:00,,,0,0
335000134,매일,1,17:20,17:20,,,0,0
335000135,매일,1,18:40,18:40,,,0,0
335000136,매일,1,18:25,18:25,,,0,0
335000137,매일,1,17:40,17:40,,,0,0
335000138,매일,1,16:00,16:00,,,0,0
335000139,매일,1,07:25,07:25,,,0,0
335000140,매일,1,08:25,08:25,,,0,0
335000141,매일,1,13:20,13:20,,,0,0
335000142,매일,1,11:00,11:00,,,0,0
335000143,매일,1,12:05,12:05,,,0,0
335000144,매일,1,15:35,15:35,,,0,0
335000145,매일,1,08:00,08:00,,,0,0
335000146,매일,1,12:55,12:55,,,0,0
335000147,매일,1,08:25,08:25,,,0,0
335000148,매일,1,09:25,09:25,,,0,0
335000149,매일,1,11:30,11:30,,,0,0
335000150,매일,1,12:05,12:05,,,0,0
335000151,매일,1,07:40,07:40,,,0,0
335000152,매일,1,13:20,13:20,,,0,0
335000153,매일,1,14:50,14:50,,,0,0
335000154,매일,1,08:25,08:25,,,0,0
335000155,매일,1,17:10,17:10,,,0,0
335000156,매일,1,09:40,09:40,,,0,0
335000157,매일,1,10:20,10:20,,,0,0
337000001,매일,1,06:10,06:10,,,0,0
337000002,매일,1,10:30,10:30,,,0,0
337000003,매일,1,09:10,09:10,,,0,0
337000004,매일,1,07:25,07:25,,,0,0
337000005,매일,1,12:00,12:00,,,0,0
337000006,매일,1,17:50,17:50,,,0,0
337000007,매일,1,19:10,19:10,,,0,0
337000008,매일,1,13:20,13:20,,,0,0
337000009,매일,3,08:20,15:10,,,110,300
337000010,매일,1,14:00,14:00,,,0,0
337000011,토요일,1,18:30,18:30,,,0,0
337000011,평일,1,18:30,18:30,,,0,0
337000011,공휴일,1,18:30,18:30,,,0,0
337000012,매일,1,06:20,06:20,,,0,0
337000013,매일,1,07:00,07:00,,,0,0
337000014,매일,1,13:50,13:50,,,0,0
337000015,매일,1,06:50,06:50,,,0,0
337000016,매일,1,15:20,15:20,,,0,0
337000017,매일,1,18:20,18:20,,,0,0
337000018,매일,1,12:25,12:25,,,0,0
337000019,매일,1,07:40,07:40,,,0,0
337000020,매일,2,07:20,16:40,,,560,560
337000021,매일,1,09:30,09:30,,,0,0
337000022,매일,1,11:40,11:40,,,0,0
337000023,매일,5,06:50,16:30,,,50,210
337000024,매일,3,09:30,15:30,,,60,300
337000025,매일,1,17:35,17:35,,,0,0
337000026,매일,9,08:50,19:30,,,40,120
337000027,매일,2,13:20,16:50,,,210,210
337000028,매일,2,08:00,11:20,,,200,200
337000029,매일,1,07:10,07:10,,,0,0
337000030,매일,1,18:20,18:20,,,0,0
337000031,토요일,2,13:40,16:20,,,160,160
337000031,평일,2,13:40,16:20,,,160,160
337000031,공휴일,2,13:40,16:20,,,160,160
337000032,매일,1,16:20,16:20,,,0,0
337000033,매일,1,13:40,13:40,,,0,0
337000034,공휴일,1,19:20,19:20,,,0,0
337000034,토요일,1,19:20,19:20,,,0,0
337000034,평일,1,19:20,19:20,,,0,0
337000035,매일,1,07:00,07:00,,,0,0
337000036,토요일,1,07:25,07:25,,,0,0
337000036,평일,1,07:25,07:25,,,0,0
337000036,공휴일,1,07:25,07:25,,,0,0
337000037,매일,2,06:20,08:20,,,120,120
337000038,매일,3,12:00,18:25,,,170,210
337000039,평일,1,12:00,12:00,,,0,0
337000039,토요일,1,12:00,12:00,,,0,0
337000039,공휴일,1,12:00,12:00,,,0,0
337000040,매일,1,11:15,11:15,,,0,0
337000041,매일,1,11:00,11:00,,,0,0
337000042,매일,1,14:30,14:30,,,0,0
337000043,매일,1,10:40,10:40,,,0,0
337000044,매일,1,14:50,14:50,,,0,0
337000045,매일,5,11:30,19:40,,,50,220
337000046,매일,5,06:35,17:25,,,115,240
337000047,매일,3,13:40,18:40,,,140,160
337000048,매일,2,11:50,15:30,,,220,220
337000049,매일,2,07:40,10:20,,,160,160
337000050,매일,3,13:40,18:40,,,140,160
337000051,매일,1,09:40,09:40,,,0,0
337000052,매일,1,14:00,14:00,,,0,0
337000053,매일,1,13:00,13:00,,,0,0
337000054,매일,2,09:00,13:10,,,250,250
337000055,매일,1,06:30,06:30,,,0,0
337000056,매일,1,16:00,16:00,,,0,0
337000057,매일,4,06:50,19:10,,,105,470
337000058,매일,2,09:40,18:30,,,530,530
337000059,평일,2,09:15,10:00,,,45,45
337000059,토요일,2,09:15,10:00,,,45,45
337000059,공휴일,2,09:15,10:00,,,45,45
337000060,매일,2,11:10,14:20,,,190,190
337000061,평일,2,11:00,11:20,,,20,20
337000061,토요일,2,11:00,11:20,,,20,20
337000061,공휴일,2,11:00,11:20,,,20,20
337000062,매일,1,18:30,18:30,,,0,0
337000063,매일,1,06:40,06:40,,,0,0
337000064,매일,1,10:40,10:40,,,0,0
337000065,매일,1,07:20,07:20,,,0,0
337000066,매일,1,17:40,17:40,,,0,0
337000067,매일,1,08:15,08:15,,,0,0
337000068,매일,1,14:50,14:50,,,0,0
337000069,매일,4,06:40,18:30,,,180,270
337000070,매일,2,08:40,13:30,,,290,290
337000071,공휴일,2,09:00,13:50,,,290,290
337000071,토요일,2,09:00,13:50,,,290,290
337000071,평일,2,09:00,13:50,,,290,290
337000072,매일,1,10:00,10:00,,,0,0
337000073,매일,4,06:00,16:20,,,100,280
337000074,매일,3,10:20,15:00,,,100,180
337000075,매일,3,06:40,17:30,,,150,500
337000076,매일,1,10:00,10:00,,,0,0
337000077,매일,4,08:40,19:10,,,170,270
337000078,매일,3,10:20,17:40,,,160,280
337000079,매일,3,08:00,19:00,,,210,450
337000080,매일,1,16:20,16:20,,,0,0
337000081,매일,1,16:10,16:10,,,0,0
337000082,매일,1,09:10,09:10,,,0,0
337000083,평일,1,14:50,14:50,,,0,0
337000083,토요일,1,14:50,14:50,,,0,0
337000083,공휴일,1,14:50,14:50,,,0,0
337000084,매일,2,15:00,18:40,,,220,220
337000085,매일,1,14:30,14:30,,,0,0
337000086,매일,1,06:00,06:00,,,0,0
337000087,매일,1,17:35,17:35,,,0,0
337000088,매일,1,17:40,17:40,,,0,0
337000089,매일,3,06:25,17:50,,,160,525
337000090,매일,1,14:05,14:05,,,0,0
337000091,매일,1,07:20,07:20,,,0,0
337000092,매일,1,16:50,16:50,,,0,0
337000093,매일,1,08:45,08:45,,,0,0
337000094,매일,1,15:30,15:30,,,0,0
337000095,매일,1,14:00,14:00,,,0,0
337000096,매일,1,12:50,12:50,,,0,0
337000097,평일,1,15:20,15:20,,,0,0
337000097,토요일,1,15:20,15:20,,,0,0
337000097,공휴일,1,15:20,15:20,,,0,0
337000098,매일,2,12:25,17:35,,,310,310
337000099,매일,1,09:15,09:15,,,0,0
337000100,매일,1,16:05,16:05,,,0,0
337000101,공휴일,1,18:00,18:00,,,0,0
337000101,토요일,1,18:00,18:00,,,0,0
337000101,평일,1,18:00,18:00,,,0,0
337000102,매일,1,07:15,07:15,,,0,0
337000103,매일,1,09:20,09:20,,,0,0
337000104,매일,1,07:30,07:30,,,0,0
337000105,매일,2,12:30,14:35,,,125,125
337000106,매일,1,09:50,09:50,,,0,0
337000107,매일,1,08:15,08:15,,,0,0
337000108,매일,3,10:20,13:00,,,55,105
337000109,매일,2,13:10,15:15,,,125,125
337000110,매일,1,10:30,10:30,,,0,0
337000111,매일,1,09:15,09:15,,,0,0
337000112,매일,1,17:00,17:00,,,0,0
337000113,매일,1,08:40,08:40,,,0,0
337000114,매일,1,11:10,11:10,,,0,0
337000115,매일,1,18:15,18:15,,,0,0
337000116,매일,1,09:15,09:15,,,0,0
337000117,매일,1,12:05,12:05,,,0,0
337000118,매일,1,18:55,18:55,,,0,0
337000119,매일,1,17:30,17:30,,,0,0
337000120,매일,1,07:05,07:05,,,0,0
337000121,매일,1,13:05,13:05,,,0,0
337000122,매일,1,13:40,13:40,,,0,0
337000123,매일,2,10:00,15:40,,,340,340
337000124,매일,1,13:20,13:20,,,0,0
337000125,매일,1,11:30,11:30,,,0,0
337000126,매일,1,08:10,08:10,,,0,0
337000127,매일,1,06:50,06:50,,,0,0
337000128,공휴일,2,08:10,14:30,,,380,380
337000128,토요일,2,08:10,14:30,,,380,380
337000128,평일,2,08:10,14:30,,,380,380
337000129,매일,1,06:10,06:10,,,0,0
337000130,매일,1,10:50,10:50,,,0,0
337000131,매일,1,16:00,16:00,,,0,0
337000132,매일,1,06:30,06:30,,,0,0
337000133,매일,1,12:50,12:50,,,0,0
337000134,공휴일,2,13:45,16:45,,,180,180
337000134,토요일,2,13:45,16:45,,,180,180
337000134,평일,2,13:45,16:45,,,180,180
337000135,매일,1,18:30,18:30,,,0,0
337000136,매일,1,08:30,08:30,,,0,0
337000137,매일,3,08:40,19:40,,,60,600
337000138,매일,3,06:00,11:10,,,100,210
337000139,매일,1,07:20,07:20,,,0,0
337000140,매일,1,14:30,14:30,,,0,0
337000141,매일,1,12:00,12:00,,,0,0
337000142,매일,3,09:50,17:30,,,190,270
337000143,매일,1,11:10,11:10,,,0,0
337000145,공휴일,1,11:45,11:45,,,0,0
337000145,토요일,1,11:45,11:45,,,0,0
337000145,평일,1,11:45,11:45,,,0,0
337000146,매일,1,12:50,12:50,,,0,0
337000147,매일,1,18:30,18:30,,,0,0
337000148,매일,3,07:00,16:30,,,240,330
337000149,매일,1,08:10,08:10,,,0,0
337000150,공휴일,4,07:30,19:10,,,130,330
337000150,토요일,4,07:30,19:10,,,130,330
337000150,평일,4,07:30,19:10,,,130,330
337000151,공휴일,1,08:40,08:40,,,0,0
337000151,토요일,1,08:40,08:40,,,0,0
337000151,평일,1,08:40,08:40,,,0,0
337000152,매일,1,06:10,06:10,,,0,0
337000153,매일,2,12:40,17:00,,,260,260
337000154,매일,1,14:00,14:00,,,0,0
337000155,매일,1,07:10,07:10,,,0,0
337000156,매일,1,18:10,18:10,,,0,0
337000157,매일,1,11:40,11:40,,,0,0
337000158,매일,1,07:50,07:50,,,0,0
337000159,매일,1,12:50,12:50,,,0,0
337000160,매일,1,08:50,08:50,,,0,0
337000161,매일,1,06:40,06:40,,,0,0
337000162,매일,1,09:00,09:00,,,0,0
337000163,매일,1,07:40,07:40,,,0,0
337000164,매일,1,17:00,17:00,,,0,0
337000165,매일,1,12:50,12:50,,,0,0
337000166,매일,1,17:00,17:00,,,0,0
337000167,매일,1,13:55,13:55,,,0,0
337000168,매일,1,18:10,18:10,,,0,0
337000169,평일,1,12:25,12:25,,,0,0
337000169,토요일,1,12:25,12:25,,,0,0
337000169,공휴일,1,12:25,12:25,,,0,0
337000170,평일,1,13:00,13:00,,,0,0
337000170,토요일,1,13:00,13:00,,,0,0
337000170,공휴일,1,13:00,13:00,,,0,0
337000171,매일,1,10:20,10:20,,,0,0
337000172,매일,1,17:40,17:40,,,0,0
337000173,매일,4,08:00,17:35,,,165,245
337000174,매일,1,12:10,12:10,,,0,0
337000175,매일,2,13:30,18:30,,,300,300
337000176,매일,1,06:20,06:20,,,0,0
337000177,매일,1,07:20,07:20,,,0,0
337000178,매일,1,10:20,10:20,,,0,0
337000179,매일,2,09:30,16:50,,,440,440
337000180,매일,2,06:20,18:20,,,720,720
337000181,공휴일,1,16:10,16:10,,,0,0
337000181,토요일,1,16:10,16:10,,,0,0
337000181,평일,1,16:10,16:10,,,0,0
337000182,공휴일,1,17:40,17:40,,,0,0
337000182,토요일,1,17:40,17:40,,,0,0
337000182,평일,1,17:40,17:40,,,0,0
337000183,매일,4,10:20,18:20,,,130,185
337000184,매일,2,12:20,15:25,,,185,185
337000185,공휴일,1,16:50,16:50,,,0,0
337000185,평일,1,16:50,16:50,,,0,0
337000185,토요일,1,16:50,16:50,,,0,0
337000186,매일,1,13:00,13:00,,,0,0
337000187,토요일,1,11:00,11:00,,,0,0
337000187,평일,1,11:00,11:00,,,0,0
337000187,공휴일,1,11:00,11:00,,,0,0
337000188,매일,1,13:50,13:50,,,0,0
337000189,공휴일,1,12:00,12:00,,,0,0
337000189,토요일,1,12:00,12:00,,,0,0
337000189,평일,1,12:00,12:00,,,0,0
337000190,평일,1,06:15,06:15,,,0,0
337000190,공휴일,1,06:15,06:15,,,0,0
337000190,토요일,1,06:15,06:15,,,0,0
337000191,매일,1,09:00,09:00,,,0,0
337000192,매일,2,07:15,17:00,,,585,585
337000193,매일,1,07:35,07:35,,,0,0
337000194,매일,2,11:45,18:10,,,385,385
337000195,매일,1,06:40,06:40,,,0,0
337000196,매일,1,09:40,09:40,,,0,0
337000197,매일,1,10:40,10:40,,,0,0
337000198,매일,1,18:10,18:10,,,0,0
337000201,매일,1,13:45,13:45,,,0,0
337000202,매일,1,08:40,08:40,,,0,0
337000203,매일,3,08:00,15:20,,,90,350
337000205,매일,1,10:20,10:20,,,0,0
337000206,매일,3,10:50,19:10,,,155,345
337000207,매일,1,07:20,07:20,,,0,0
337000208,매일,1,06:00,06:00,,,0,0
337000209,매일,1,08:20,08:20,,,0,0
337000210,매일,1,16:50,16:50,,,0,0
337000211,매일,1,18:05,18:05,,,0,0
337000212,매일,1,12:40,12:40,,,0,0
337000213,매일,1,14:30,14:30,,,0,0
337000214,매일,1,17:40,17:40,,,0,0
337000215,매일,1,17:20,17:20,,,0,0
337000216,매일,1,15:50,15:50,,,0,0
337000217,매일,1,06:45,06:45,,,0,0
337000220,매일,2,10:50,14:10,,,200,200
337000221,매일,2,11:30,15:20,,,230,230
337000222,매일,1,18:00,18:00,,,0,0
337000223,매일,2,07:15,09:15,,,120,120
337000224,매일,1,08:00,08:00,,,0,0
337000225,매일,1,18:15,18:15,,,0,0
337000226,매일,1,09:35,09:35,,,0,0
337000227,매일,1,18:00,18:00,,,0,0
337000228,매일,2,09:50,18:45,,,535,535
337000229,매일,1,07:25,07:25,,,0,0
337000230,매일,1,12:35,12:35,,,0,0
337000231,매일,1,18:20,18:20,,,0,0
337000232,매일,1,06:30,06:30,,,0,0
337000233,매일,1,13:35,13:35,,,0,0
337000234,매일,1,19:10,19:10,,,0,0
337000235,매일,1,07:40,07:40,,,0,0
337000236,매일,1,16:40,16:40,,,0,0
337000237,매일,1,15:20,15:20,,,0,0
337000238,매일,1,06:00,06:00,,,0,0
337000239,매일,1,06:10,06:10,,,0,0
337000255,매일,1,18:20,18:20,,,0,0
337000280,매일,1,14:30,14:30,,,0,0
337000281,매일,1,10:40,10:40,,,0,0
337000286,매일,2,11:50,15:30,,,220,220
337000295,매일,4,06:50,19:10,,,105,470
337000328,매일,1,14:05,14:05,,,0,0
337000346,매일,3,10:20,13:00,,,55,105
337000350,매일,1,17:00,17:00,,,0,0
337000376,매일,3,06:00,11:10,,,100,210
337000378,매일,1,14:30,14:30,,,0,0
337000385,매일,1,18:30,18:30,,,0,0
337000386,매일,3,07:00,16:30,,,240,330
337000435,매일,1,10:40,10:40,,,0,0
337000439,매일,1,13:45,13:45,,,0,0
337000444,매일,3,10:50,19:10,,,155,345
337000448,매일,1,16:50,16:50,,,0,0
337000451,매일,1,14:30,14:30,,,0,0
337000452,매일,1,17:40,17:40,,,0,0
337000455,매일,1,06:45,06:45,,,0,0
337000466,매일,2,09:50,18:45,,,535,535
338000001,매일,27,05:40,20:00,07:00,21:20,20,45
338000002,매일,8,06:20,19:00,07:40,20:20,60,120
338000003,매일,7,06:35,19:10,,,35,270
338000004,매일,4,06:05,15:10,,,5,535
338000005,매일,3,08:20,15:40,08:40,16:00,80,360
338000006,매일,1,11:20,11:20,11:40,11:40,0,0
338000007,매일,5,06:30,17:20,06:50,17:40,100,220
338000008,매일,1,08:30,08:30,,,0,0
338000009,매일,7,06:20,19:20,,,110,160
338000010,매일,24,06:10,19:20,,,30,50
338000011,매일,5,09:45,16:45,,,60,120
338000013,매일,9,09:15,18:15,,,40,120
338000014,매일,1,10:45,10:45,,,0,0
338000015,매일,2,06:35,08:45,,,130,130
338000016,매일,1,17:45,17:45,,,0,0
338000017,매일,2,07:10,16:30,08:00,17:20,560,560
338000018,공휴일,6,06:30,17:30,,,10,210
338000018,평일,8,06:30,17:30,,,10,210
338000018,토요일,8,06:30,17:30,,,10,210
338000019,매일,2,13:15,17:45,13:25,17:55,270,270
338000020,매일,2,07:35,10:05,07:50,10:15,150,150
338000021,매일,1,07:00,07:00,,,0,0
338000022,매일,1,06:45,06:45,,,0,0
338000023,매일,2,08:20,18:05,,,585,585
338000024,매일,7,06:50,19:00,,,150,150
338000025,매일,3,08:45,17:35,,,255,275
338000026,매일,4,06:40,15:00,,,95,255
338000027,매일,2,06:10,06:40,,,30,30
338000028,매일,2,13:10,17:30,13:25,17:45,260,260
338000029,매일,2,06:50,10:50,07:25,11:15,240,240
338000030,매일,3,11:50,19:00,12:00,19:10,210,220
338000031,매일,1,07:30,07:30,,,0,0
338000032,매일,3,06:40,12:00,06:55,12:15,150,170
338000033,매일,1,15:40,15:40,15:55,15:55,0,0
338000034,공휴일,2,07:25,18:10,07:35,18:20,645,645
338000034,평일,4,07:25,18:10,07:35,18:20,170,260
338000034,토요일,4,07:25,18:10,07:35,18:20,170,260
338000035,공휴일,4,08:00,16:50,08:20,17:10,150,190
338000035,토요일,4,08:00,16:50,08:20,17:10,150,190
338000035,평일,4,08:00,16:50,08:20,17:10,150,190
338000036,공휴일,1,11:30,11:30,11:40,11:40,0,0
338000036,평일,1,11:30,11:30,11:40,11:40,0,0
338000036,토요일,1,11:30,11:30,11:40,11:40,0,0
338000037,공휴일,3,07:20,18:00,,,220,420
338000037,평일,3,07:20,18:00,,,220,420
338000037,토요일,3,07:20,18:00,,,220,420
338000038,토요일,2,09:10,14:50,,,340,340
338000038,공휴일,2,09:10,14:50,,,340,340
338000038,평일,2,09:10,14:50,,,340,340
338000039,공휴일,1,08:40,08:40,09:00,09:00,0,0
338000039,토요일,1,08:40,08:40,09:00,09:00,0,0
338000039,평일,1,08:40,08:40,09:00,09:00,0,0
338000040,공휴일,1,12:00,12:00,12:30,12:30,0,0
338000040,토요일,1,12:00,12:00,12:30,12:30,0,0
338000040,평일,1,12:00,12:00,12:30,12:30,0,0
338000041,매일,2,09:50,16:00,10:20,16:30,370,370
338000042,매일,1,15:35,15:35,,,0,0
338000043,매일,3,09:20,18:50,,,130,440
338000044,매일,2,09:35,16:10,09:55,16:30,395,395
338000045,토요일,4,07:00,18:10,,,140,280
338000045,평일,4,07:00,18:10,,,140,280
338000046,토요일,4,07:25,16:20,07:35,16:30,130,240
338000046,평일,4,07:25,16:20,07:35,16:30,130,240
338000047,토요일,3,07:50,17:10,08:00,17:20,240,320
338000047,평일,3,07:50,17:10,08:00,17:20,240,320
338000048,토요일,1,08:10,08:10,08:30,08:30,0,0
338000048,평일,1,08:10,08:10,08:30,08:30,0,0
338000049,토요일,2,09:40,17:30,09:55,17:45,470,470
338000049,평일,2,09:40,17:30,09:55,17:45,470,470
338000050,평일,3,07:00,18:00,07:10,18:10,220,440
338000050,토요일,3,07:00,18:00,07:10,18:10,220,440
338000051,평일,2,07:20,13:40,,,380,380
338000051,토요일,2,07:20,13:40,,,380,380
338000052,평일,4,07:40,17:30,,,190,210
338000052,토요일,4,07:40,17:30,,,190,210
338000053,평일,3,08:00,16:55,,,260,275
338000053,토요일,3,08:00,16:55,,,260,275
338000054,평일,2,13:00,16:00,13:20,16:20,180,180
338000054,토요일,2,13:00,16:00,13:20,16:20,180,180
338000055,평일,1,09:30,09:30,09:40,09:40,0,0
338000055,토요일,1,09:30,09:30,09:40,09:40,0,0
338000056,토요일,3,10:00,16:30,,,130,260
338000056,평일,3,10:00,16:30,,,130,260
338000057,매일,2,06:40,17:15,07:30,18:05,635,635
338000058,매일,1,09:40,09:40,10:30,10:30,0,0
338000059,평일,1,11:30,11:30,,,0,0
338000060,토요일,2,07:05,17:10,07:20,17:25,605,605
338000060,평일,2,07:05,17:10,07:20,17:25,605,605
338000061,평일,5,09:20,18:10,09:35,18:20,100,170
338000061,토요일,5,09:20,18:10,09:35,18:20,100,170
338000061,공휴일,3,09:20,15:20,09:35,15:35,120,240
338000062,토요일,2,07:35,14:30,07:45,14:40,415,415
338000062,평일,2,07:35,14:30,07:45,14:40,415,415
338000063,토요일,1,10:00,10:00,10:10,10:10,0,0
338000063,평일,1,10:00,10:00,10:10,10:10,0,0
338000064,평일,3,09:00,16:20,09:10,16:30,170,270
338000064,토요일,3,09:00,16:20,09:10,16:30,170,270
338000065,평일,2,08:30,14:00,,,330,330
338000065,토요일,2,08:30,14:00,,,330,330
338000066,매일,3,06:40,17:50,07:00,18:15,270,400
338000067,매일,2,08:30,14:00,08:45,14:15,330,330
338000068,매일,1,16:00,16:00,16:15,16:15,0,0
338000070,토요일,1,13:30,13:30,13:40,13:40,0,0
338000070,평일,1,13:30,13:30,13:40,13:40,0,0
338000071,매일,2,10:10,16:50,10:20,17:00,400,400
338000072,평일,2,07:00,09:40,,,160,160
338000072,토요일,2,07:00,09:40,,,160,160
338000073,토요일,4,07:40,17:30,07:50,17:40,170,210
338000073,평일,4,07:40,17:30,07:50,17:40,170,210
338000074,평일,1,08:20,08:20,,,0,0
338000074,토요일,1,08:20,08:20,,,0,0
338000075,평일,1,14:20,14:20,,,0,0
338000075,토요일,1,14:20,14:20,,,0,0
338000076,평일,3,08:50,15:40,,,130,280
338000076,토요일,3,08:50,15:40,,,130,280
338000077,평일,1,17:10,17:10,,,0,0
338000077,토요일,1,17:10,17:10,,,0,0
338000078,매일,3,06:50,18:30,07:05,18:40,290,410
338000079,토요일,2,06:50,12:45,,,355,355
338000079,평일,2,06:50,12:45,,,355,355
338000080,매일,2,08:30,15:35,08:45,15:45,425,425
338000081,매일,1,08:12,08:12,,,0,0
338000082,매일,1,07:50,07:50,,,0,0
338000083,매일,1,13:10,13:10,,,0,0
338000084,매일,1,19:00,19:00,,,0,0
338000085,공휴일,1,10:00,10:00,,,0,0
338000085,토요일,1,10:00,10:00,,,0,0
338000085,평일,1,10:00,10:00,,,0,0
338000086,평일,2,10:30,17:45,,,435,435
338000087,매일,1,18:20,18:20,18:35,18:35,0,0
338000088,매일,1,10:00,10:00,10:15,10:15,0,0
338000090,매일,1,07:40,07:40,,,0,0
338000091,평일,1,16:40,16:40,,,0,0
338000091,토요일,1,16:40,16:40,,,0,0
338000092,토요일,1,17:40,17:40,,,0,0
338000092,평일,1,17:40,17:40,,,0,0
338000093,매일,7,07:20,19:45,,,25,265
338000094,매일,2,08:10,16:30,,,500,500
338000095,매일,1,07:40,07:40,,,0,0
338000096,매일,7,07:20,19:40,,,60,170
338000097,매일,24,07:10,20:00,,,20,65
338000098,매일,4,11:50,17:45,,,55,175
338000099,매일,1,09:50,09:50,,,0,0
338000100,매일,3,07:40,09:20,,,30,70
338000102,매일,10,10:35,19:20,,,40,70
338000103,매일,1,08:45,08:45,,,0,0
338000105,매일,2,10:50,12:45,,,115,115
338000106,매일,1,17:55,17:55,,,0,0
338000107,평일,8,07:30,19:15,,,10,355
338000107,토요일,8,07:30,19:15,,,10,355
338000107,공휴일,7,07:30,19:15,,,10,355
338000108,매일,1,18:55,18:55,,,0,0
338000110,매일,3,07:20,18:15,,,100,555
338000111,매일,8,07:05,19:10,,,30,165
338000112,매일,4,06:35,17:45,,,140,270
338000113,매일,4,08:10,18:30,,,165,260
338000114,매일,1,18:40,18:40,,,0,0
338000117,평일,3,07:55,16:50,,,185,350
338000117,토요일,3,07:55,16:50,,,185,350
338000117,공휴일,1,07:55,07:55,,,0,0
338000119,매일,1,18:00,18:00,18:20,18:20,0,0
338000120,매일,1,06:30,06:30,06:40,06:40,0,0
338000121,매일,1,07:00,07:00,07:20,07:20,0,0
338000122,매일,1,12:00,12:00,,,0,0
338000123,매일,3,07:50,16:50,,,170,370
338000125,매일,1,09:20,09:20,,,0,0
338000130,평일,1,06:30,06:30,,,0,0
338000130,토요일,1,06:30,06:30,,,0,0
338000130,공휴일,1,06:30,06:30,,,0,0
338000131,매일,2,07:20,09:00,07:40,09:20,100,100
338000132,토요일,3,12:50,18:10,,,130,190
338000132,평일,3,12:50,18:10,,,130,190
338000133,매일,3,07:50,16:45,09:30,18:40,175,360
342000001,매일,3,07:50,18:30,,,270,370
342000002,매일,2,06:30,09:00,,,150,150
342000003,매일,3,12:00,18:00,,,180,180
342000004,매일,1,19:30,19:30,,,0,0
342000005,매일,4,07:55,16:55,,,180,180
342000006,매일,4,07:55,16:55,,,180,180
342000007,매일,4,08:25,17:25,,,180,180
342000008,매일,2,16:00,20:00,,,240,240
342000023,매일,2,19:20,20:30,,,70,70
342000024,매일,3,09:50,17:50,,,180,300
342000025,매일,1,12:50,12:50,,,0,0
342000026,매일,1,12:50,12:50,,,0,0
342000027,매일,1,07:50,07:50,,,0,0
342000028,매일,1,06:20,06:20,,,0,0
342000029,매일,3,06:20,17:30,,,100,570
342000030,매일,3,07:30,18:40,,,180,490
342000031,매일,1,08:30,08:30,,,0,0
342000032,매일,1,17:50,17:50,,,0,0
342000033,매일,1,06:20,06:20,,,0,0
342000034,매일,2,13:00,16:00,,,180,180
342000035,매일,1,09:10,09:10,,,0,0
342000036,매일,2,12:00,15:00,,,180,180
342000037,매일,1,10:00,10:00,,,0,0
342000038,매일,1,17:50,17:50,,,0,0
342000039,매일,8,09:10,17:00,,,50,120
342000040,매일,10,08:30,17:20,,,50,60
342000041,매일,2,07:50,13:00,,,310,310
342000042,매일,5,07:10,18:20,,,120,240
342000043,매일,5,06:45,18:00,,,120,255
342000044,매일,5,07:05,17:25,,,120,180
342000045,매일,4,08:30,16:50,,,90,230
342000046,매일,8,07:40,18:40,,,60,120
342000047,매일,8,07:20,19:15,,,55,180
342000048,매일,3,06:40,17:40,,,180,480
342000049,매일,3,09:35,17:35,,,180,300
342000053,매일,1,19:40,19:40,,,0,0
342000054,매일,1,06:30,06:30,,,0,0
342000061,매일,7,07:10,19:10,,,40,180
342000062,매일,6,07:50,17:50,,,120,180
342000063,매일,1,09:50,09:50,,,0,0
342000064,매일,1,11:50,11:50,,,0,0
342000065,매일,6,10:10,19:10,,,60,180
342000066,매일,2,06:40,13:10,,,390,390
342000067,매일,1,08:10,08:10,,,0,0
342000068,매일,2,07:45,15:10,,,445,445
342000069,매일,5,06:45,13:45,,,60,120
342000070,매일,5,06:45,13:45,,,60,120
342000071,매일,2,15:45,17:45,,,120,120
342000072,매일,4,07:15,17:15,,,120,240
342000073,매일,2,10:15,15:10,,,295,295
342000074,매일,2,06:15,19:30,,,795,795
342000086,매일,2,06:30,18:45,,,735,735
342000087,매일,2,06:50,19:05,,,735,735
342000088,매일,1,20:30,20:30,,,0,0
342000100,매일,2,10:45,14:45,,,240,240
342000102,평일,43,05:30,20:00,,,15,30
342000102,공휴일,38,05:30,20:00,,,15,40
342000102,토요일,38,05:30,20:00,,,15,40
342000103,토요일,36,06:00,20:40,,,15,45
342000103,평일,39,06:00,20:40,,,15,40
342000103,공휴일,36,06:00,20:40,,,15,45
342000104,공휴일,4,06:55,16:30,,,120,300
342000104,토요일,4,06:55,16:30,,,120,300
342000104,평일,4,06:55,16:30,,,120,300
342000105,평일,1,08:50,08:50,,,0,0
342000105,토요일,1,08:50,08:50,,,0,0
342000105,공휴일,1,08:50,08:50,,,0,0
342000106,토요일,5,08:10,20:20,,,140,230
342000106,평일,5,08:10,20:20,,,140,230
342000106,공휴일,5,08:10,20:20,,,140,230
342000107,공휴일,1,12:50,12:50,,,0,0
342000107,토요일,1,12:50,12:50,,,0,0
342000107,평일,1,12:50,12:50,,,0,0
342000108,평일,1,06:25,06:25,,,0,0
342000108,토요일,1,06:25,06:25,,,0,0
342000108,공휴일,1,06:25,06:25,,,0,0
342000109,평일,1,17:50,17:50,,,0,0
342000109,토요일,1,17:50,17:50,,,0,0
342000109,공휴일,1,17:50,17:50,,,0,0
342000110,토요일,3,08:30,17:30,,,180,360
342000110,공휴일,3,08:30,17:30,,,180,360
342000110,평일,3,08:30,17:30,,,180,360
342000111,공휴일,3,07:10,16:10,,,180,360
342000111,토요일,3,07:10,16:10,,,180,360
342000111,평일,3,07:10,16:10,,,180,360
342000112,토요일,1,10:10,10:10,,,0,0
342000112,평일,1,10:10,10:10,,,0,0
342000112,공휴일,1,10:10,10:10,,,0,0
342000117,평일,1,20:30,20:30,,,0,0
342000117,토요일,1,20:30,20:30,,,0,0
342000117,공휴일,1,20:30,20:30,,,0,0
342000118,공휴일,1,07:15,07:15,,,0,0
342000118,평일,1,07:15,07:15,,,0,0
342000118,토요일,1,07:15,07:15,,,0,0
342000119,공휴일,1,09:50,09:50,,,0,0
342000119,토요일,1,09:50,09:50,,,0,0
342000119,평일,1,09:50,09:50,,,0,0
342000120,매일,6,06:30,17:20,,,60,300
342000121,매일,1,14:20,14:20,,,0,0
342000122,매일,1,13:05,13:05,,,0,0
342000123,매일,1,07:05,07:05,,,0,0
342000124,매일,1,10:05,10:05,,,0,0
342000125,매일,1,15:20,15:20,,,0,0
342000126,매일,1,18:20,18:20,,,0,0
342000127,매일,3,07:20,16:20,,,180,360
342000128,매일,1,11:20,11:20,,,0,0
342000129,매일,1,12:05,12:05,,,0,0
342000130,매일,2,07:00,12:40,,,340,340
342000131,매일,1,09:40,09:40,,,0,0
342000132,매일,5,06:40,16:40,,,120,240
342000133,매일,1,12:40,12:40,,,0,0
342000134,매일,1,12:40,12:40,,,0,0
342000135,매일,1,18:40,18:40,,,0,0
342000136,매일,1,07:00,07:00,,,0,0
342000137,매일,3,11:30,16:30,,,120,180
342000138,매일,3,08:30,18:30,,,120,480
342000139,매일,3,08:30,18:30,,,120,480
342000140,매일,2,13:30,15:30,,,120,120
342000141,매일,1,09:30,09:30,,,0,0
342000142,매일,2,09:15,15:15,,,360,360
342000143,매일,1,06:40,06:40,,,0,0
342000144,매일,4,08:00,19:50,,,110,360
342000145,매일,1,14:00,14:00,,,0,0
342000146,매일,2,10:00,16:00,,,360,360
342000147,매일,4,08:00,19:50,,,110,360
342000148,매일,5,06:20,19:00,,,40,240
342000149,매일,3,09:00,17:00,,,240,240
342000150,매일,3,07:30,17:30,,,300,300
342000151,매일,3,08:45,16:45,,,240,240
342000152,매일,1,06:45,06:45,,,0,0
342000153,평일,2,06:45,15:30,,,525,525
342000153,토요일,2,06:45,15:30,,,525,525
342000153,공휴일,2,06:45,15:30,,,525,525
342000154,토요일,2,06:45,15:30,,,525,525
342000154,공휴일,2,06:45,15:30,,,525,525
342000154,평일,2,06:45,15:30,,,525,525
342000155,평일,39,06:00,20:40,,,15,40
342000155,공휴일,36,06:00,20:40,,,15,45
342000155,토요일,36,06:00,20:40,,,15,45
343000001,매일,25,05:30,18:30,06:25,19:00,30,60
343000002,매일,25,05:30,18:30,06:25,19:00,30,60
343000003,매일,2,11:00,16:30,09:20,15:20,330,330
343000004,매일,3,09:05,16:35,,,210,240
343000006,매일,5,06:10,17:50,06:20,18:00,120,200
343000007,매일,4,06:30,17:30,06:40,15:40,180,250
343000008,매일,3,06:35,16:00,06:45,16:10,170,395
343000009,매일,4,07:00,11:35,07:15,12:00,85,95
343000010,매일,3,07:50,17:30,08:00,17:40,190,390
343000011,매일,1,09:20,09:20,09:30,09:30,0,0
343000012,매일,3,06:30,15:20,06:45,15:35,165,365
343000013,매일,2,12:20,17:20,12:30,17:30,300,300
343000014,매일,8,06:30,17:25,06:40,17:35,60,125
343000015,매일,3,06:30,12:15,06:35,12:25,120,225
343000016,매일,3,06:20,12:00,06:25,12:05,120,220
343000017,매일,3,06:45,11:40,07:00,11:50,130,165
343000018,매일,4,05:40,11:00,06:00,11:15,65,160
343000019,매일,5,06:40,16:00,06:50,17:10,50,295
343000020,매일,5,06:25,11:40,06:50,10:20,55,110
343000021,매일,11,06:05,17:25,06:25,15:40,5,115
343000022,매일,9,06:10,19:15,06:05,19:05,45,150
343000023,매일,2,06:55,10:10,13:00,13:00,195,195
343000024,매일,4,07:50,17:00,16:00,16:00,100,270
343000025,매일,2,12:45,18:00,,,315,315
343000026,매일,1,07:00,07:00,,,0,0
343000027,매일,1,18:00,18:00,18:30,18:30,0,0
343000028,매일,13,06:05,19:15,08:20,19:05,40,120
343000029,매일,1,10:35,10:35,,,0,0
343000030,매일,1,15:00,15:00,09:05,16:00,0,0
343000031,매일,1,08:20,08:20,06:05,07:35,0,0
343000032,매일,1,06:50,06:50,,,0,0
343000033,매일,2,14:00,17:00,,,180,180
343000034,매일,1,09:50,09:50,,,0,0
343000035,매일,1,18:00,18:00,,,0,0
343000036,매일,1,18:30,18:30,,,0,0
343000037,매일,7,06:20,18:00,07:00,19:00,90,220
343000038,매일,1,13:30,13:30,,,0,0
343000039,매일,7,06:20,17:35,,,40,190
343000040,매일,2,09:00,15:30,,,390,390
343000041,매일,1,09:30,09:30,,,0,0
343000042,매일,2,11:00,12:20,11:30,12:50,80,80
343000043,매일,6,04:50,17:30,,,130,170
343000044,매일,1,19:10,19:10,,,0,0
343000045,매일,3,05:38,10:38,,,150,150
343000046,매일,4,06:05,12:50,,,90,170
343000047,매일,8,06:15,18:00,06:55,18:45,90,120
343000048,매일,3,07:45,19:20,12:25,19:25,275,420
343000049,매일,3,07:20,12:00,07:35,12:15,90,190
343000050,매일,2,13:50,15:20,14:00,15:30,90,90
343000051,매일,3,08:00,11:30,08:05,11:35,90,120
343000052,매일,4,13:50,19:25,12:20,18:00,90,125
343000053,매일,3,06:30,10:00,,,70,140
343000054,매일,1,06:30,06:30,,,0,0
343000055,매일,1,07:20,07:20,07:40,07:40,0,0
343000056,매일,1,07:40,07:40,,,0,0
343000057,매일,2,08:20,17:20,08:40,17:40,540,540
343000058,매일,4,08:30,14:40,08:40,14:50,60,180
343000059,매일,1,10:00,10:00,,,0,0
343000061,매일,2,12:30,16:00,,,210,210
343000062,매일,1,14:00,14:00,,,0,0
343000063,매일,1,17:20,17:20,,,0,0
343000064,매일,3,07:35,12:30,07:50,12:45,140,155
343000065,매일,5,07:00,15:00,07:50,15:50,55,180
343000066,매일,5,07:00,16:00,,,120,160
343000067,매일,5,07:35,11:25,07:45,11:35,45,75
343000068,매일,9,05:40,18:55,,,85,120
343000069,매일,2,08:25,12:55,,,270,270
343000070,공휴일,5,05:40,18:50,06:10,19:20,120,290
343000070,토요일,5,05:40,18:50,06:10,19:20,120,290
343000070,평일,7,05:40,20:20,06:10,20:50,40,290
343000071,매일,2,09:50,15:50,10:10,16:10,360,360
343000072,매일,12,07:00,18:00,07:30,18:40,45,80
343000073,매일,1,05:40,05:40,,,0,0
343000074,매일,12,07:20,19:00,06:40,17:20,60,90
343000075,매일,5,06:15,16:45,,,115,235
343000076,매일,1,06:00,06:00,,,0,0
343000077,매일,5,07:10,13:40,,,80,120
343000078,매일,13,06:05,19:15,,,40,120
343000079,매일,9,06:10,19:15,,,45,150
343000080,매일,2,06:20,17:35,,,675,675
343000081,매일,7,04:50,19:10,,,100,170
343000082,매일,25,05:30,18:30,,,30,60
343000083,매일,2,06:30,17:25,,,655,655
343000084,매일,2,11:35,16:35,,,300,300
343000085,매일,2,11:35,16:35,,,300,300
343000086,매일,2,06:15,18:45,,,750,750
343000087,매일,2,07:20,19:25,,,725,725
343000088,매일,2,07:20,19:25,,,725,725
343000089,매일,2,07:00,16:00,,,540,540
343000090,매일,3,07:25,14:25,,,180,240
343000091,매일,2,05:40,18:55,,,795,795
343000092,매일,2,05:40,18:50,,,790,790
343000093,매일,2,10:40,12:00,,,80,80
343000094,매일,2,07:50,13:25,09:20,14:50,335,335
343000096,매일,1,11:00,11:00,,,0,0
343000098,매일,2,10:30,16:00,,,330,330
343000099,매일,1,16:30,16:30,,,0,0
344000001,매일,1,06:20,06:20,,,0,0
344000002,매일,1,06:20,06:20,,,0,0
344000004,매일,1,06:30,06:30,,,0,0
344000005,매일,2,06:30,18:00,,,690,690
344000006,매일,2,06:30,09:00,,,150,150
344000007,매일,1,06:30,06:30,,,0,0
344000008,매일,4,06:40,18:40,,,90,410
344000009,매일,1,06:40,06:40,,,0,0
344000010,매일,1,06:40,06:40,,,0,0
344000011,매일,4,06:40,18:40,,,80,560
344000012,매일,1,07:00,07:00,,,0,0
344000013,매일,1,07:30,07:30,,,0,0
344000014,매일,5,07:20,18:40,,,110,260
344000015,매일,1,07:20,07:20,,,0,0
344000016,매일,1,07:30,07:30,,,0,0
344000017,매일,5,07:40,18:00,,,90,190
344000020,매일,4,08:10,17:50,,,130,280
344000021,매일,2,08:20,11:50,,,210,210
344000024,매일,1,08:40,08:40,,,0,0
344000026,매일,4,08:40,18:10,,,130,290
344000030,매일,2,09:30,11:30,,,120,120
344000031,매일,2,09:40,11:40,,,120,120
344000032,매일,2,10:00,14:00,,,240,240
344000033,매일,2,10:00,17:40,,,460,460
344000034,매일,1,10:00,10:00,,,0,0
344000035,매일,4,10:20,18:10,,,100,190
344000036,매일,1,10:30,10:30,,,0,0
344000038,매일,5,08:00,18:30,,,140,180
344000039,매일,3,10:40,18:00,,,170,270
344000041,매일,5,08:30,16:50,,,90,150
344000046,매일,4,08:50,18:30,,,120,280
344000047,매일,2,07:40,12:20,,,280,280
344000050,매일,1,12:40,12:40,,,0,0
344000051,매일,3,06:20,18:20,,,320,400
344000054,매일,1,13:20,13:20,,,0,0
344000058,매일,2,13:40,17:40,,,240,240
344000059,매일,1,13:40,13:40,,,0,0
344000060,매일,2,13:40,17:30,,,230,230
344000061,매일,1,14:00,14:00,,,0,0
344000063,매일,1,18:20,18:20,,,0,0
344000069,매일,1,15:00,15:00,,,0,0
344000071,매일,2,08:20,16:00,,,460,460
344000072,매일,1,16:20,16:20,,,0,0
344000078,매일,1,17:10,17:10,,,0,0
345000002,매일,9,06:30,18:10,,,40,110
345000003,매일,9,06:45,19:20,,,50,120
345000005,매일,9,07:20,19:45,,,50,150
345000006,매일,10,07:20,20:25,,,60,110
345000007,매일,3,07:50,17:10,,,280,280
345000009,매일,10,06:00,19:20,,,40,150
345000010,매일,10,07:30,21:00,,,45,150
345000012,매일,2,05:50,09:35,,,225,225
345000013,매일,7,07:10,17:25,,,50,190
345000014,매일,8,07:00,18:45,,,50,190
345000015,매일,3,08:30,20:30,,,55,665
345000017,매일,3,09:55,19:30,,,280,295
345000021,매일,6,07:15,17:05,,,50,260
345000022,매일,2,08:20,10:15,,,115,115
345000023,매일,1,07:15,07:15,,,0,0
345000024,매일,7,07:15,17:05,,,50,150
345000025,매일,8,07:15,17:05,,,50,150
345000026,매일,2,07:20,16:00,,,520,520
345000027,매일,4,09:35,15:05,,,60,185
345000028,매일,8,06:20,18:10,,,60,125
345000030,매일,4,08:00,17:40,,,60,450
345000031,매일,5,07:00,14:25,,,60,150
345000032,매일,3,08:00,17:40,,,70,510
345000033,매일,5,07:00,14:25,,,60,150
345000034,매일,3,08:00,17:40,,,70,510
345000035,매일,5,07:00,14:25,,,60,150
345000036,매일,4,08:00,17:40,,,55,440
345000037,매일,5,07:00,13:05,,,50,115
345000041,매일,1,07:30,07:30,,,0,0
345000042,매일,5,08:40,18:20,,,60,210
345000043,매일,2,09:50,15:10,,,320,320
345000044,매일,6,07:30,16:40,,,30,270
345000045,매일,6,07:20,16:40,,,80,210
345000046,매일,3,06:50,16:00,,,250,300
345000047,매일,3,09:00,17:30,,,240,270
345000048,매일,3,07:00,15:10,,,225,265
345000049,매일,3,08:40,17:10,,,240,270
345000050,매일,2,07:40,14:00,,,380,380
345000051,매일,2,10:40,16:40,,,360,360
345000052,매일,1,09:45,09:45,,,0,0
345000053,매일,1,06:30,06:30,,,0,0
345000054,매일,2,10:00,14:00,,,240,240
345000055,매일,1,08:30,08:30,,,0,0
345000056,매일,2,12:30,16:30,,,240,240
345000057,매일,1,17:30,17:30,,,0,0
345000058,매일,1,06:30,06:30,,,0,0
345000059,매일,4,08:30,14:30,,,90,150
345000060,매일,2,16:30,17:30,,,60,60
345000061,매일,4,06:30,17:30,,,90,390
345000062,매일,3,07:30,13:50,,,140,240
345000063,매일,2,08:50,10:20,,,90,90
345000064,매일,1,09:40,09:40,,,0,0
345000065,매일,7,06:30,17:30,,,60,160
345000066,매일,4,06:50,16:10,,,170,220
345000067,매일,6,06:50,16:40,,,100,160
345000068,매일,1,07:05,07:05,,,0,0
345000069,매일,7,08:15,17:10,,,55,120
345000070,매일,1,07:50,07:50,,,0,0
345000071,매일,2,06:55,14:55,,,480,480
345000072,매일,2,10:00,17:00,,,420,420
345000073,매일,1,12:55,12:55,,,0,0
345000074,매일,1,06:52,06:52,,,0,0
345000075,매일,2,09:25,14:45,,,320,320
345000076,매일,2,11:40,16:30,,,290,290
345000077,매일,2,06:58,10:40,,,222,222
345000078,매일,2,09:00,12:30,,,210,210
345000079,매일,2,14:55,16:55,,,120,120
345000080,매일,3,06:53,16:00,,,185,358
345000081,매일,3,08:40,17:30,,,190,340
345000082,매일,1,10:25,10:25,,,0,0
356000001,공휴일,46,06:30,21:15,,,15,40
356000001,평일,68,06:30,21:25,,,2,32
356000001,토요일,68,06:30,21:25,,,2,32
356000007,토요일,51,06:30,21:00,,,16,27
356000007,평일,51,06:30,21:00,,,16,27
356000007,공휴일,26,07:57,21:00,,,30,67
356000008,평일,24,07:40,19:55,,,20,60
356000008,토요일,24,07:40,19:55,,,20,60
356000008,공휴일,24,07:40,19:55,,,20,60
356000009,평일,1,06:20,06:20,,,0,0
356000009,토요일,1,06:20,06:20,,,0,0
356000009,공휴일,1,06:20,06:20,,,0,0
356000014,평일,2,07:00,07:20,,,20,20
356000014,토요일,2,07:00,07:20,,,20,20
356000014,공휴일,2,07:00,07:20,,,20,20
356000016,평일,3,06:30,19:00,,,170,580
356000016,토요일,3,06:30,19:00,,,170,580
356000016,공휴일,3,06:30,19:00,,,170,580
356000017,평일,1,11:15,11:15,,,0,0
356000017,토요일,1,11:15,11:15,,,0,0
356000017,공휴일,1,11:15,11:15,,,0,0
356000018,공휴일,1,09:50,09:50,,,0,0
356000018,토요일,1,09:50,09:50,,,0,0
356000018,평일,1,09:50,09:50,,,0,0
356000019,공휴일,1,12:30,12:30,,,0,0
356000019,토요일,1,12:30,12:30,,,0,0
356000019,평일,1,12:30,12:30,,,0,0
356000020,평일,1,18:00,18:00,,,0,0
356000020,토요일,1,18:00,18:00,,,0,0
356000020,공휴일,1,18:00,18:00,,,0,0
356000021,토요일,1,12:40,12:40,,,0,0
356000021,공휴일,1,12:40,12:40,,,0,0
356000021,평일,1,12:40,12:40,,,0,0
356000023,평일,1,14:00,14:00,,,0,0
356000023,토요일,1,14:00,14:00,,,0,0
356000023,공휴일,1,14:00,14:00,,,0,0
356000024,평일,3,08:50,17:40,,,60,470
356000024,토요일,3,08:50,17:40,,,60,470
356000024,공휴일,3,08:50,17:40,,,60,470
356000025,평일,1,06:30,06:30,,,0,0
356000025,공휴일,1,06:30,06:30,,,0,0
356000025,토요일,1,06:30,06:30,,,0,0
356000026,공휴일,1,08:30,08:30,,,0,0
356000026,토요일,1,08:30,08:30,,,0,0
356000026,평일,1,08:30,08:30,,,0,0
356000027,평일,1,14:35,14:35,,,0,0
356000027,토요일,1,14:35,14:35,,,0,0
356000027,공휴일,1,14:35,14:35,,,0,0
356000028,공휴일,2,06:50,16:50,,,600,600
356000028,평일,2,06:50,16:50,,,600,600
356000028,토요일,2,06:50,16:50,,,600,600
356000029,평일,1,15:30,15:30,,,0,0
356000029,토요일,1,15:30,15:30,,,0,0
356000029,공휴일,1,15:30,15:30,,,0,0
356000030,공휴일,2,06:30,10:10,,,220,220
356000030,평일,2,06:30,10:10,,,220,220
356000030,토요일,2,06:30,10:10,,,220,220
356000031,공휴일,1,16:10,16:10,,,0,0
356000031,토요일,1,16:10,16:10,,,0,0
356000031,평일,1,16:10,16:10,,,0,0
356000032,공휴일,1,08:10,08:10,,,0,0
356000032,토요일,1,08:10,08:10,,,0,0
356000032,평일,1,08:10,08:10,,,0,0
356000033,평일,1,08:35,08:35,,,0,0
356000033,토요일,1,08:35,08:35,,,0,0
356000033,공휴일,1,08:35,08:35,,,0,0
356000035,공휴일,1,12:50,12:50,,,0,0
356000035,토요일,1,12:50,12:50,,,0,0
356000035,평일,1,12:50,12:50,,,0,0
356000036,평일,1,15:00,15:00,,,0,0
356000036,토요일,1,15:00,15:00,,,0,0
356000036,공휴일,1,15:00,15:00,,,0,0
356000037,평일,1,08:00,08:00,,,0,0
356000037,토요일,1,08:00,08:00,,,0,0
356000037,공휴일,1,08:00,08:00,,,0,0
356000038,평일,5,09:50,18:40,,,80,200
356000038,토요일,5,09:50,18:40,,,80,200
356000038,공휴일,5,09:50,18:40,,,80,200
356000039,평일,1,10:30,10:30,,,0,0
356000039,토요일,1,10:30,10:30,,,0,0
356000039,공휴일,1,10:30,10:30,,,0,0
356000040,공휴일,3,06:20,18:50,,,290,460
356000040,토요일,3,06:20,18:50,,,290,460
356000040,평일,3,06:20,18:50,,,290,460
356000042,공휴일,17,06:05,22:00,,,15,210
356000042,토요일,17,06:05,22:00,,,15,210
356000042,평일,17,06:05,22:00,,,15,210
356000043,공휴일,1,07:40,07:40,,,0,0
356000043,토요일,1,07:40,07:40,,,0,0
356000043,평일,1,07:40,07:40,,,0,0
356000044,공휴일,1,10:40,10:40,,,0,0
356000044,토요일,1,10:40,10:40,,,0,0
356000044,평일,1,10:40,10:40,,,0,0
356000045,평일,1,13:30,13:30,,,0,0
356000045,토요일,1,13:30,13:30,,,0,0
356000045,공휴일,1,13:30,13:30,,,0,0
356000046,공휴일,1,08:10,08:10,,,0,0
356000046,토요일,1,08:10,08:10,,,0,0
356000046,평일,1,08:10,08:10,,,0,0
356000047,평일,1,18:40,18:40,,,0,0
356000047,토요일,1,18:40,18:40,,,0,0
356000047,공휴일,1,18:40,18:40,,,0,0
356000048,평일,1,06:20,06:20,,,0,0
356000048,토요일,1,06:20,06:20,,,0,0
356000048,공휴일,1,06:20,06:20,,,0,0
356000051,공휴일,62,05:55,21:30,,,10,25
356000051,토요일,62,05:55,21:30,,,10,25
356000051,평일,62,05:55,21:30,,,10,25
356000053,평일,1,06:15,06:15,,,0,0
356000053,토요일,1,06:15,06:15,,,0,0
356000053,공휴일,1,06:15,06:15,,,0,0
356000054,평일,6,07:30,15:10,,,40,230
356000054,토요일,6,07:30,15:10,,,40,230
356000054,공휴일,6,07:30,15:10,,,40,230
356000055,공휴일,1,13:30,13:30,,,0,0
356000055,평일,1,13:30,13:30,,,0,0
356000055,토요일,1,13:30,13:30,,,0,0
356000056,평일,2,08:10,15:10,,,420,420
356000056,토요일,2,08:10,15:10,,,420,420
356000056,공휴일,2,08:10,15:10,,,420,420
356000058,토요일,1,14:20,14:20,,,0,0
356000058,공휴일,1,14:20,14:20,,,0,0
356000058,평일,1,14:20,14:20,,,0,0
356000062,토요일,2,10:20,12:30,,,130,130
356000062,평일,2,10:20,12:30,,,130,130
356000062,공휴일,2,10:20,12:30,,,130,130
356000063,토요일,2,06:10,18:00,,,710,710
356000063,평일,2,06:10,18:00,,,710,710
356000063,공휴일,2,06:10,18:00,,,710,710
356000064,토요일,3,06:30,16:20,,,290,300
356000064,평일,3,06:30,16:20,,,290,300
356000064,공휴일,3,06:30,16:20,,,290,300
356000067,공휴일,6,07:00,17:20,,,80,185
356000067,토요일,6,07:00,17:20,,,80,185
356000067,평일,6,07:00,17:20,,,80,185
356000068,공휴일,3,11:25,18:40,,,140,295
356000068,토요일,3,11:25,18:40,,,140,295
356000068,평일,3,11:25,18:40,,,140,295
356000069,평일,1,16:40,16:40,,,0,0
356000069,공휴일,1,16:40,16:40,,,0,0
356000069,토요일,1,16:40,16:40,,,0,0
356000070,공휴일,1,18:00,18:00,,,0,0
356000070,토요일,1,18:00,18:00,,,0,0
356000070,평일,1,18:00,18:00,,,0,0
356000072,토요일,2,08:00,15:00,,,420,420
356000072,공휴일,2,08:00,15:00,,,420,420
356000072,평일,2,08:00,15:00,,,420,420
356000073,평일,1,07:30,07:30,,,0,0
356000073,토요일,1,07:30,07:30,,,0,0
356000073,공휴일,1,07:30,07:30,,,0,0
356000074,평일,1,13:00,13:00,,,0,0
356000074,토요일,1,13:00,13:00,,,0,0
356000074,공휴일,1,13:00,13:00,,,0,0
356000075,공휴일,1,08:10,08:10,,,0,0
356000075,평일,1,08:10,08:10,,,0,0
356000075,토요일,1,08:10,08:10,,,0,0
356000077,평일,1,09:30,09:30,,,0,0
356000077,토요일,1,09:30,09:30,,,0,0
356000077,공휴일,1,09:30,09:30,,,0,0
356000078,평일,1,06:20,06:20,,,0,0
356000078,토요일,1,06:20,06:20,,,0,0
356000078,공휴일,1,06:20,06:20,,,0,0
356000079,공휴일,1,17:30,17:30,,,0,0
356000079,토요일,1,17:30,17:30,,,0,0
356000079,평일,1,17:30,17:30,,,0,0
356000080,공휴일,1,18:20,18:20,,,0,0
356000080,토요일,1,18:20,18:20,,,0,0
356000080,평일,1,18:20,18:20,,,0,0
356000082,평일,1,06:10,06:10,,,0,0
356000082,토요일,1,06:10,06:10,,,0,0
356000082,공휴일,1,06:10,06:10,,,0,0
356000083,평일,11,07:50,19:20,,,50,110
356000083,토요일,11,07:50,19:20,,,50,110
356000083,공휴일,11,07:50,19:20,,,50,110
356000084,평일,8,06:40,18:40,,,80,140
356000084,토요일,8,06:40,18:40,,,80,140
356000084,공휴일,8,06:40,18:40,,,80,140
356000086,평일,1,08:20,08:20,,,0,0
356000086,토요일,1,08:20,08:20,,,0,0
356000086,공휴일,1,08:20,08:20,,,0,0
356000087,공휴일,1,18:40,18:40,,,0,0
356000087,평일,1,18:40,18:40,,,0,0
356000087,토요일,1,18:40,18:40,,,0,0
356000088,평일,1,17:40,17:40,,,0,0
356000088,토요일,1,17:40,17:40,,,0,0
356000088,공휴일,1,17:40,17:40,,,0,0
356000089,평일,2,14:30,17:50,,,200,200
356000089,토요일,2,14:30,17:50,,,200,200
356000089,공휴일,2,14:30,17:50,,,200,200
356000090,평일,1,15:00,15:00,,,0,0
356000090,토요일,1,15:00,15:00,,,0,0
356000090,공휴일,1,15:00,15:00,,,0,0
356000091,평일,1,16:30,16:30,,,0,0
356000091,토요일,1,16:30,16:30,,,0,0
356000091,공휴일,1,16:30,16:30,,,0,0
356000092,평일,1,17:30,17:30,,,0,0
356000092,토요일,1,17:30,17:30,,,0,0
356000092,공휴일,1,17:30,17:30,,,0,0
356000093,공휴일,1,08:40,08:40,,,0,0
356000093,토요일,1,08:40,08:40,,,0,0
356000093,평일,1,08:40,08:40,,,0,0
356000094,평일,1,18:50,18:50,,,0,0
356000094,토요일,1,18:50,18:50,,,0,0
356000094,공휴일,1,18:50,18:50,,,0,0
356000095,평일,1,17:00,17:00,,,0,0
356000095,토요일,1,17:00,17:00,,,0,0
356000095,공휴일,1,17:00,17:00,,,0,0
356000096,평일,1,06:25,06:25,,,0,0
356000096,토요일,1,06:25,06:25,,,0,0
356000096,공휴일,1,06:25,06:25,,,0,0
356000097,평일,3,07:00,17:30,,,310,320
356000097,토요일,3,07:00,17:30,,,310,320
356000097,공휴일,3,07:00,17:30,,,310,320
356000098,공휴일,1,15:20,15:20,,,0,0
356000098,토요일,1,15:20,15:20,,,0,0
356000098,평일,1,15:20,15:20,,,0,0
356000099,공휴일,1,06:30,06:30,,,0,0
356000099,토요일,1,06:30,06:30,,,0,0
356000099,평일,1,06:30,06:30,,,0,0
356000100,공휴일,4,08:20,18:40,,,115,260
356000100,토요일,4,08:20,18:40,,,115,260
356000100,평일,4,08:20,18:40,,,115,260
356000101,토요일,1,13:30,13:30,,,0,0
356000101,평일,1,13:30,13:30,,,0,0
356000101,공휴일,1,13:30,13:30,,,0,0
356000102,공휴일,8,06:20,19:35,,,65,180
356000102,토요일,8,06:20,19:35,,,65,180
356000102,평일,8,06:20,19:35,,,65,180
356000103,평일,1,06:50,06:50,,,0,0
356000103,토요일,1,06:50,06:50,,,0,0
356000103,공휴일,1,06:50,06:50,,,0,0
356000105,평일,1,11:40,11:40,,,0,0
356000105,토요일,1,11:40,11:40,,,0,0
356000105,공휴일,1,11:40,11:40,,,0,0
356000106,평일,1,13:20,13:20,,,0,0
356000106,토요일,1,13:20,13:20,,,0,0
356000106,공휴일,1,13:20,13:20,,,0,0
356000107,공휴일,10,06:20,18:50,,,30,140
356000107,토요일,10,06:20,18:50,,,30,140
356000107,평일,10,06:20,18:50,,,30,140
356000108,평일,2,09:25,17:50,,,505,505
356000108,토요일,2,09:25,17:50,,,505,505
356000108,공휴일,2,09:25,17:50,,,505,505
356000109,평일,3,08:15,16:50,,,250,265
356000109,토요일,3,08:15,16:50,,,250,265
356000109,공휴일,3,08:15,16:50,,,250,265
356000112,평일,2,06:20,18:50,,,750,750
356000112,토요일,2,06:20,18:50,,,750,750
356000112,공휴일,2,06:20,18:50,,,750,750
356000113,공휴일,9,07:00,19:30,,,20,160
356000113,토요일,9,07:00,19:30,,,20,160
356000113,평일,9,07:00,19:30,,,20,160
356000114,평일,1,08:30,08:30,,,0,0
356000114,토요일,1,08:30,08:30,,,0,0
356000114,공휴일,1,08:30,08:30,,,0,0
356000115,평일,1,18:40,18:40,,,0,0
356000115,토요일,1,18:40,18:40,,,0,0
356000115,공휴일,1,18:40,18:40,,,0,0
356000116,평일,1,14:10,14:10,,,0,0
356000116,토요일,1,14:10,14:10,,,0,0
356000116,공휴일,1,14:10,14:10,,,0,0
356000117,공휴일,2,07:50,18:00,,,610,610
356000117,토요일,2,07:50,18:00,,,610,610
356000117,평일,2,07:50,18:00,,,610,610
356000118,평일,11,09:20,20:20,,,40,100
356000118,토요일,11,09:20,20:20,,,40,100
356000118,공휴일,11,09:20,20:20,,,40,100
356000119,평일,1,07:10,07:10,,,0,0
356000119,토요일,1,07:10,07:10,,,0,0
356000119,공휴일,1,07:10,07:10,,,0,0
356000120,평일,1,17:30,17:30,,,0,0
356000120,토요일,1,17:30,17:30,,,0,0
356000120,공휴일,1,17:30,17:30,,,0,0
356000121,공휴일,1,08:10,08:10,,,0,0
356000121,토요일,1,08:10,08:10,,,0,0
356000121,평일,1,08:10,08:10,,,0,0
356000122,평일,8,07:30,19:30,,,70,130
356000122,토요일,8,07:30,19:30,,,70,130
356000122,공휴일,8,07:30,19:30,,,70,130
356000123,평일,3,09:50,18:25,,,55,460
356000123,토요일,3,09:50,18:25,,,55,460
356000123,공휴일,3,09:50,18:25,,,55,460
356000124,평일,1,07:10,07:10,,,0,0
356000124,토요일,1,07:10,07:10,,,0,0
356000124,공휴일,1,07:10,07:10,,,0,0
356000125,평일,8,07:00,20:15,,,55,190
356000125,토요일,8,07:00,20:15,,,55,190
356000125,공휴일,8,07:00,20:15,,,55,190
356000126,토요일,2,09:00,16:00,,,420,420
356000126,공휴일,2,09:00,16:00,,,420,420
356000126,평일,2,09:00,16:00,,,420,420
356000127,공휴일,6,07:40,18:10,,,80,185
356000127,토요일,6,07:40,18:10,,,80,185
356000127,평일,6,07:40,18:10,,,80,185
356000128,평일,6,08:20,16:05,,,50,230
356000128,토요일,6,08:20,16:05,,,50,230
356000128,공휴일,6,08:20,16:05,,,50,230
356000129,평일,1,07:00,07:00,,,0,0
356000129,토요일,1,07:00,07:00,,,0,0
356000129,공휴일,1,07:00,07:00,,,0,0
356000130,평일,1,18:50,18:50,,,0,0
356000130,토요일,1,18:50,18:50,,,0,0
356000130,공휴일,1,18:50,18:50,,,0,0
356000131,평일,17,06:30,22:30,,,15,210
356000131,토요일,17,06:30,22:30,,,15,210
356000131,공휴일,17,06:30,22:30,,,15,210
356000134,평일,1,06:40,06:40,,,0,0
356000134,토요일,1,06:40,06:40,,,0,0
356000134,공휴일,1,06:40,06:40,,,0,0
356000135,평일,1,08:40,08:40,,,0,0
356000135,공휴일,1,08:40,08:40,,,0,0
356000135,토요일,1,08:40,08:40,,,0,0
356000136,평일,1,11:30,11:30,,,0,0
356000136,토요일,1,11:30,11:30,,,0,0
356000136,공휴일,1,11:30,11:30,,,0,0
356000138,평일,1,13:55,13:55,,,0,0
356000138,토요일,1,13:55,13:55,,,0,0
356000138,공휴일,1,13:55,13:55,,,0,0
356000139,공휴일,1,15:30,15:30,,,0,0
356000139,평일,1,15:30,15:30,,,0,0
356000139,토요일,1,15:30,15:30,,,0,0
356000140,평일,1,17:10,17:10,,,0,0
356000140,토요일,1,17:10,17:10,,,0,0
356000140,공휴일,1,17:10,17:10,,,0,0
356000141,토요일,1,19:10,19:10,,,0,0
356000141,평일,1,19:10,19:10,,,0,0
356000141,공휴일,1,19:10,19:10,,,0,0
356000142,평일,1,06:50,06:50,,,0,0
356000142,토요일,1,06:50,06:50,,,0,0
356000142,공휴일,1,06:50,06:50,,,0,0
356000143,토요일,1,13:20,13:20,,,0,0
356000143,공휴일,1,13:20,13:20,,,0,0
356000143,평일,1,13:20,13:20,,,0,0
356000144,공휴일,1,18:40,18:40,,,0,0
356000144,토요일,1,18:40,18:40,,,0,0
356000144,평일,1,18:40,18:40,,,0,0
356000145,평일,1,08:20,08:20,,,0,0
356000145,토요일,1,08:20,08:20,,,0,0
356000145,공휴일,1,08:20,08:20,,,0,0
356000146,평일,1,10:40,10:40,,,0,0
356000146,토요일,1,10:40,10:40,,,0,0
356000146,공휴일,1,10:40,10:40,,,0,0
356000147,토요일,3,12:10,19:10,,,140,280
356000147,공휴일,3,12:10,19:10,,,140,280
356000147,평일,3,12:10,19:10,,,140,280
356000148,평일,1,13:20,13:20,,,0,0
356000148,토요일,1,13:20,13:20,,,0,0
356000148,공휴일,1,13:20,13:20,,,0,0
356000149,평일,1,16:20,16:20,,,0,0
356000149,토요일,1,16:20,16:20,,,0,0
356000149,공휴일,1,16:20,16:20,,,0,0
356000151,평일,1,18:05,18:05,,,0,0
356000151,토요일,1,18:05,18:05,,,0,0
356000151,공휴일,1,18:05,18:05,,,0,0
356000152,평일,1,06:50,06:50,,,0,0
356000152,토요일,1,06:50,06:50,,,0,0
356000152,공휴일,1,06:50,06:50,,,0,0
356000153,평일,1,09:15,09:15,,,0,0
356000153,공휴일,1,09:15,09:15,,,0,0
356000153,토요일,1,09:15,09:15,,,0,0
356000154,공휴일,1,15:00,15:00,,,0,0
356000154,토요일,1,15:00,15:00,,,0,0
356000154,평일,1,15:00,15:00,,,0,0
356000155,평일,1,18:55,18:55,,,0,0
356000155,공휴일,1,18:55,18:55,,,0,0
356000155,토요일,1,18:55,18:55,,,0,0
356000156,공휴일,1,18:00,18:00,,,0,0
356000156,토요일,1,18:00,18:00,,,0,0
356000156,평일,1,18:00,18:00,,,0,0
356000157,공휴일,1,09:10,09:10,,,0,0
356000157,토요일,1,09:10,09:10,,,0,0
356000157,평일,1,09:10,09:10,,,0,0
356000158,평일,1,15:35,15:35,,,0,0
356000158,토요일,1,15:35,15:35,,,0,0
356000158,공휴일,1,15:35,15:35,,,0,0
356000159,토요일,3,07:05,16:55,,,290,300
356000159,공휴일,3,07:05,16:55,,,290,300
356000159,평일,3,07:05,16:55,,,290,300
356000160,평일,1,08:55,08:55,,,0,0
356000160,토요일,1,08:55,08:55,,,0,0
356000160,공휴일,1,08:55,08:55,,,0,0
356000161,공휴일,1,14:05,14:05,,,0,0
356000161,토요일,1,14:05,14:05,,,0,0
356000161,평일,1,14:05,14:05,,,0,0
356000162,공휴일,1,19:10,19:10,,,0,0
356000162,토요일,1,19:10,19:10,,,0,0
356000162,평일,1,19:10,19:10,,,0,0
356000163,공휴일,3,07:00,19:35,,,175,580
356000163,토요일,3,07:00,19:35,,,175,580
356000163,평일,3,07:00,19:35,,,175,580
356000164,공휴일,1,08:50,08:50,,,0,0
356000164,토요일,1,08:50,08:50,,,0,0
356000164,평일,1,08:50,08:50,,,0,0
356000165,토요일,1,11:05,11:05,,,0,0
356000165,평일,1,11:05,11:05,,,0,0
356000165,공휴일,1,11:05,11:05,,,0,0
356000166,공휴일,1,13:40,13:40,,,0,0
356000166,평일,1,13:40,13:40,,,0,0
356000166,토요일,1,13:40,13:40,,,0,0
356000167,평일,2,15:05,18:25,,,200,200
356000167,토요일,2,15:05,18:25,,,200,200
356000167,공휴일,2,15:05,18:25,,,200,200
356000168,평일,2,06:40,18:40,,,720,720
356000168,토요일,2,06:40,18:40,,,720,720
356000168,공휴일,2,06:40,18:40,,,720,720
356000170,평일,2,09:10,16:10,,,420,420
356000170,토요일,2,09:10,16:10,,,420,420
356000170,공휴일,2,09:10,16:10,,,420,420
356000172,평일,2,10:55,13:05,,,130,130
356000172,토요일,2,10:55,13:05,,,130,130
356000172,공휴일,2,10:55,13:05,,,130,130
356000173,평일,1,11:55,11:55,,,0,0
356000173,토요일,1,11:55,11:55,,,0,0
356000173,공휴일,1,11:55,11:55,,,0,0
356000175,평일,1,17:45,17:45,,,0,0
356000175,토요일,1,17:45,17:45,,,0,0
356000175,공휴일,1,17:45,17:45,,,0,0
356000176,토요일,1,19:30,19:30,,,0,0
356000176,공휴일,1,19:30,19:30,,,0,0
356000176,평일,1,19:30,19:30,,,0,0
356000178,공휴일,3,08:50,17:25,,,250,265
356000178,토요일,3,08:50,17:25,,,250,265
356000178,평일,3,08:50,17:25,,,250,265
356000179,평일,1,11:05,11:05,,,0,0
356000179,공휴일,1,11:05,11:05,,,0,0
356000179,토요일,1,11:05,11:05,,,0,0
356000180,공휴일,1,15:10,15:10,,,0,0
356000180,토요일,1,15:10,15:10,,,0,0
356000180,평일,1,15:10,15:10,,,0,0
356000181,평일,3,07:00,19:30,,,280,470
356000181,토요일,3,07:00,19:30,,,280,470
356000181,공휴일,3,07:00,19:30,,,280,470
356000183,토요일,2,10:05,18:30,,,505,505
356000183,공휴일,2,10:05,18:30,,,505,505
356000183,평일,2,10:05,18:30,,,505,505
356000184,토요일,1,12:15,12:15,,,0,0
356000184,평일,1,12:15,12:15,,,0,0
356000184,공휴일,1,12:15,12:15,,,0,0
356000186,평일,5,10:30,19:10,,,80,200
356000186,토요일,5,10:30,19:10,,,80,200
356000186,공휴일,5,10:30,19:10,,,80,200
356000187,토요일,1,07:00,07:00,,,0,0
356000187,공휴일,1,07:00,07:00,,,0,0
356000187,평일,1,07:00,07:00,,,0,0
356000188,평일,3,07:50,18:20,,,310,320
356000188,토요일,3,07:50,18:20,,,310,320
356000188,공휴일,3,07:50,18:20,,,310,320
356000189,평일,1,08:40,08:40,,,0,0
356000189,토요일,1,08:40,08:40,,,0,0
356000189,공휴일,1,08:40,08:40,,,0,0
356000190,평일,1,14:20,14:20,,,0,0
356000190,토요일,1,14:20,14:20,,,0,0
356000190,공휴일,1,14:20,14:20,,,0,0
356000191,평일,1,16:20,16:20,,,0,0
356000191,공휴일,1,16:20,16:20,,,0,0
356000191,토요일,1,16:20,16:20,,,0,0
356000192,평일,1,13:20,13:20,,,0,0
356000192,토요일,1,13:20,13:20,,,0,0
356000192,공휴일,1,13:20,13:20,,,0,0
356000194,평일,2,07:00,10:50,,,230,230
356000194,토요일,2,07:00,10:50,,,230,230
356000194,공휴일,2,07:00,10:50,,,230,230
356000195,토요일,4,09:00,19:10,,,115,265
356000195,평일,4,09:00,19:10,,,115,265
356000195,공휴일,4,09:00,19:10,,,115,265
356000196,평일,1,17:30,17:30,,,0,0
356000196,토요일,1,17:30,17:30,,,0,0
356000196,공휴일,1,17:30,17:30,,,0,0
356000197,평일,62,06:32,22:07,,,5,25
356000197,토요일,62,06:32,22:07,,,5,25
356000197,공휴일,62,06:32,22:07,,,5,25
356000205,평일,1,06:35,21:40,,,30,40
356000205,토요일,1,06:50,22:05,,,35,45
356000205,공휴일,1,07:10,22:30,,,35,45
356000206,토요일,1,06:50,21:45,,,35,45
356000206,평일,1,06:35,21:25,,,35,55
356000206,공휴일,1,07:05,22:05,,,35,45
356000211,공휴일,4,09:00,17:20,,,135,260
356000211,토요일,4,09:00,17:20,,,135,260
356000212,공휴일,4,09:40,18:00,,,135,260
356000212,토요일,4,09:40,18:00,,,135,260
356000213,평일,6,07:40,17:30,,,130,150
356000214,평일,10,07:30,19:00,,,70,120
356000215,공휴일,6,07:30,18:25,,,60,260
356000215,토요일,6,07:30,18:25,,,60,260
356000216,토요일,6,08:50,19:40,,,60,215
356000216,공휴일,6,08:50,19:40,,,60,215
356000217,매일,1,12:50,12:50,,,0,0
356000218,평일,2,09:00,15:20,,,560,560
356000219,평일,2,07:00,17:50,,,650,650
356000220,평일,1,16:30,16:30,,,0,0
356000221,평일,1,13:00,13:00,,,0,0
356000222,매일,17,08:30,21:30,,,30,60
356000223,매일,17,09:05,22:05,,,30,60
356000224,매일,1,14:35,14:35,,,0,0
356000225,매일,1,15:20,15:20,,,0,0
356000226,매일,1,16:40,16:40,,,0,0
356000227,매일,1,17:30,17:30,,,0,0
356000228,매일,1,08:20,08:20,,,0,0
356000229,매일,1,09:00,09:00,,,0,0
356000230,매일,1,12:40,12:40,,,0,0
356000231,매일,1,13:25,13:25,,,0,0
356000232,매일,2,16:40,17:40,,,60,60
356000233,매일,2,17:30,18:25,,,55,55
356000234,매일,2,08:50,13:40,,,290,290
356000235,매일,2,09:50,14:40,,,290,290
358000003,토요일,10,06:30,20:20,,,20,240
358000003,공휴일,10,06:30,20:20,,,20,240
358000003,평일,10,06:30,20:20,,,20,240
358000004,평일,10,07:10,21:05,,,50,170
358000004,토요일,9,07:10,21:05,,,50,310
358000004,공휴일,9,07:10,21:05,,,50,310
358000005,평일,2,06:25,19:05,,,760,760
358000006,평일,3,08:05,12:55,,,140,150
358000006,토요일,3,08:05,12:55,,,140,150
358000006,공휴일,3,08:05,12:55,,,140,150
358000007,매일,1,17:30,17:30,,,0,0
358000008,평일,2,09:30,14:30,,,300,300
358000010,매일,1,07:05,07:05,07:50,07:50,0,0
358000011,매일,2,10:15,14:05,,,230,230
358000012,매일,1,18:05,18:05,,,0,0
358000013,매일,3,08:15,15:15,,,190,230
358000014,평일,1,06:38,06:38,07:05,07:05,0,0
358000015,매일,1,08:25,08:25,,,0,0
358000016,매일,1,10:30,10:30,11:00,11:00,0,0
358000017,매일,1,18:10,18:10,,,0,0
358000018,매일,1,16:20,16:20,,,0,0
358000019,매일,1,13:25,13:25,,,0,0
358000020,평일,2,08:45,19:30,,,645,645
358000021,매일,1,13:55,13:55,,,0,0
358000022,토요일,2,14:40,17:25,,,165,165
358000022,공휴일,2,14:40,17:25,,,165,165
358000022,평일,3,06:42,17:25,,,165,478
358000023,매일,2,09:15,12:30,,,195,195
358000024,매일,1,11:00,11:00,,,0,0
358000025,평일,1,07:00,07:00,,,0,0
358000026,매일,2,16:50,18:00,,,70,70
358000027,매일,1,11:45,11:45,,,0,0
358000028,매일,2,06:40,09:45,,,185,185
358000029,평일,1,18:40,18:40,,,0,0
358000029,공휴일,1,18:40,18:40,,,0,0
358000029,토요일,1,18:40,18:40,,,0,0
358000030,매일,1,15:30,15:30,,,0,0
358000031,평일,1,07:52,07:52,,,0,0
358000032,매일,2,08:20,10:00,,,100,100
358000033,평일,3,14:30,17:40,,,90,100
358000033,토요일,2,14:30,17:40,,,190,190
358000033,공휴일,2,14:30,17:40,,,190,190
358000034,매일,1,12:30,12:30,,,0,0
358000035,평일,1,06:30,06:30,,,0,0
358000036,매일,1,19:15,19:15,,,0,0
358000037,공휴일,3,09:10,13:30,,,120,140
358000037,토요일,3,09:10,13:30,,,120,140
358000038,평일,2,08:10,12:40,,,270,270
358000039,매일,1,16:00,16:00,,,0,0
358000040,매일,2,09:40,19:25,,,585,585
358000041,매일,1,15:00,15:00,,,0,0
358000042,매일,1,17:00,17:00,,,0,0
358000043,매일,2,13:50,18:25,,,275,275
358000044,매일,1,07:10,07:10,,,0,0
358000045,매일,1,10:45,10:45,,,0,0
358000047,공휴일,2,08:50,17:00,,,490,490
358000047,토요일,2,08:50,17:00,,,490,490
358000047,평일,3,08:50,17:00,,,170,320
358000048,매일,3,08:40,17:40,,,160,380
358000049,평일,3,09:45,17:55,,,173,317
358000049,토요일,2,09:50,17:50,,,480,480
358000049,공휴일,2,09:50,17:50,,,480,480
358000050,매일,1,08:40,08:40,,,0,0
358000051,매일,1,16:00,16:00,,,0,0
358000052,평일,1,12:45,12:45,,,0,0
358000053,매일,1,08:00,08:00,,,0,0
358000054,매일,1,06:10,06:10,,,0,0
358000055,매일,1,12:20,12:20,,,0,0
358000056,매일,1,16:55,16:55,,,0,0
358000057,평일,1,07:50,07:50,,,0,0
358000058,매일,2,13:45,18:50,14:05,19:10,305,305
358000059,매일,3,06:45,15:25,,,200,320
358000060,매일,1,07:25,07:25,,,0,0
358000061,매일,2,11:15,16:00,,,285,285
358000062,평일,1,12:20,12:20,,,0,0
358000063,매일,1,06:45,06:45,,,0,0
358000064,매일,1,18:20,18:20,,,0,0
358000065,매일,1,15:00,15:00,,,0,0
358000066,매일,1,08:50,08:50,,,0,0
358000067,매일,2,08:35,16:45,,,490,490
358000068,매일,1,06:25,06:25,,,0,0
358000069,매일,5,07:45,18:00,,,100,230
358000070,매일,1,12:40,12:40,,,0,0
358000071,평일,1,19:30,19:30,,,0,0
358000072,평일,1,13:40,13:40,,,0,0
358000073,매일,3,07:00,19:00,,,160,560
358000075,매일,2,13:05,17:15,,,250,250
358000076,평일,1,06:40,06:40,,,0,0
358000077,매일,1,08:45,08:45,,,0,0
358000078,매일,1,17:45,17:45,,,0,0
358000079,매일,1,08:00,08:00,,,0,0
358000080,매일,1,10:50,10:50,,,0,0
358000081,매일,1,12:00,12:00,,,0,0
358000082,평일,1,15:45,15:45,,,0,0
358000083,매일,1,07:10,07:10,,,0,0
358000084,매일,1,06:32,06:32,,,0,0
358000085,매일,1,09:20,09:20,,,0,0
358000086,매일,1,18:40,18:40,,,0,0
358000087,매일,1,13:55,13:55,,,0,0
358000088,매일,2,08:00,11:50,,,230,230
358000089,매일,1,16:40,16:40,,,0,0
358000090,매일,2,10:45,17:25,,,400,400
358000091,매일,1,08:15,08:15,,,0,0
358000092,매일,1,12:30,12:30,,,0,0
358000093,매일,3,07:40,17:00,,,150,410
358000094,매일,1,12:50,12:50,,,0,0
358000095,매일,2,06:35,18:20,,,705,705
358000096,매일,2,10:55,14:35,,,220,220
358000097,매일,1,06:30,06:30,,,0,0
358000098,매일,2,08:25,15:45,,,440,440
358000099,매일,2,12:10,18:25,,,375,375
358000100,매일,1,17:10,17:10,,,0,0
358000101,공휴일,3,07:20,17:40,,,160,460
358000101,토요일,3,07:20,17:40,,,160,460
358000101,평일,4,07:20,17:40,,,160,250
358000102,평일,1,19:25,19:25,,,0,0
358000103,매일,1,13:30,13:30,,,0,0
358000104,매일,2,12:10,18:45,,,395,395
358000105,매일,2,08:50,16:00,,,430,430
358000106,평일,4,08:35,19:00,,,155,245
358000106,공휴일,3,08:35,15:15,,,155,245
358000106,토요일,3,08:35,15:15,,,155,245
358000107,공휴일,2,13:45,17:55,,,250,250
358000107,토요일,2,13:45,17:55,,,250,250
358000107,평일,2,13:45,17:55,,,250,250
358000108,매일,1,16:20,16:20,,,0,0
358000109,매일,2,09:05,11:55,,,170,170
358000110,매일,3,08:10,17:00,,,140,390
358000111,매일,1,10:20,10:20,,,0,0
358000112,매일,2,06:25,12:45,,,380,380
358000113,매일,1,19:00,19:00,,,0,0
358000114,공휴일,3,10:20,19:30,,,180,370
358000114,토요일,3,10:20,19:30,,,180,370
358000114,평일,3,10:20,19:30,,,45,505
358000115,매일,1,06:15,06:15,,,0,0
358000116,공휴일,1,07:10,07:10,,,0,0
358000116,토요일,1,07:10,07:10,,,0,0
358000116,평일,1,07:10,07:10,,,0,0
358000117,매일,1,12:20,12:20,,,0,0
358000118,평일,1,10:20,10:20,,,0,0
358000120,매일,1,10:40,10:40,,,0,0
358000122,매일,1,17:00,17:00,,,0,0
358000123,매일,1,12:30,12:30,,,0,0
358000124,매일,1,07:50,07:50,,,0,0
358000125,매일,1,16:20,16:20,,,0,0
358000126,매일,1,11:30,11:30,,,0,0
358000127,매일,1,13:00,13:00,,,0,0
358000128,매일,1,18:10,18:10,,,0,0
358000129,매일,1,06:05,06:05,,,0,0
358000130,매일,2,06:10,15:15,,,545,545
358000131,평일,2,13:20,18:20,,,300,300
358000131,공휴일,1,18:20,18:20,,,0,0
358000131,토요일,1,18:20,18:20,,,0,0
358000132,매일,1,06:02,06:02,,,0,0
358000133,매일,1,06:55,06:55,,,0,0
358000134,매일,1,12:00,12:00,,,0,0
358000135,매일,1,19:00,19:00,,,0,0
358000136,매일,1,14:40,14:40,,,0,0
358000137,매일,2,13:30,18:30,,,300,300
358000138,매일,2,12:50,17:10,,,260,260
358000139,매일,1,09:35,09:35,,,0,0
358000140,매일,3,05:55,18:00,,,320,405
358000141,매일,1,10:15,10:15,,,0,0
358000142,매일,2,13:40,17:40,,,240,240
358000143,공휴일,5,06:40,18:00,,,70,325
358000143,토요일,5,06:40,18:00,,,70,325
358000143,평일,4,06:40,18:00,,,135,395
358000144,매일,2,10:00,14:40,,,280,280
358000145,매일,2,10:35,15:15,,,280,280
358000146,매일,1,19:30,19:30,,,0,0
358000147,평일,1,11:20,11:20,,,0,0
358000148,매일,1,20:15,20:15,,,0,0
358000149,평일,4,07:00,19:35,,,30,505
358000149,토요일,4,07:00,14:10,,,30,220
358000149,공휴일,4,07:00,14:10,,,30,220
358000150,매일,1,19:25,19:25,,,0,0
358000151,매일,1,08:20,08:20,,,0,0
358000152,매일,1,08:45,08:45,,,0,0
358000153,매일,1,18:25,18:25,,,0,0
358000154,평일,1,13:30,13:30,,,0,0
358000155,매일,1,09:00,09:00,,,0,0
358000156,매일,1,11:10,11:10,,,0,0
358000157,매일,1,15:20,15:20,,,0,0
358000158,공휴일,1,10:45,10:45,,,0,0
358000158,토요일,1,10:45,10:45,,,0,0
358000158,평일,2,10:45,13:15,,,150,150
358000159,매일,1,19:20,19:20,,,0,0
358000160,매일,1,07:10,07:10,,,0,0
358000161,매일,1,07:10,07:10,,,0,0
358000162,매일,1,14:40,14:40,,,0,0
358000163,매일,2,14:25,19:15,,,290,290
358000164,매일,1,08:50,08:50,,,0,0
358000165,공휴일,2,13:50,18:10,,,260,260
358000165,토요일,2,13:50,18:10,,,260,260
358000165,평일,1,18:10,18:10,,,0,0
358000166,매일,1,07:00,07:00,,,0,0
358000167,토요일,1,16:05,16:05,,,0,0
358000167,공휴일,1,16:05,16:05,,,0,0
358000167,평일,1,16:00,16:00,,,0,0
358000168,매일,1,16:30,16:30,,,0,0
358000169,매일,1,07:25,07:25,,,0,0
358000170,매일,1,14:10,14:10,,,0,0
358000171,매일,1,08:50,08:50,,,0,0
358000173,매일,2,12:55,16:15,,,200,200
358000174,평일,1,12:55,12:55,,,0,0
358000175,토요일,4,08:00,16:45,,,125,240
358000175,공휴일,4,08:00,16:45,,,125,240
358000175,평일,6,08:00,16:45,,,30,240
358000176,평일,1,07:32,07:32,,,0,0
358000177,매일,5,11:10,18:45,,,80,150
358000178,매일,1,08:35,08:35,,,0,0
358000179,매일,2,07:10,10:15,,,185,185
358000180,매일,3,10:30,19:50,,,105,455
358000181,매일,2,07:50,14:00,,,370,370
358000182,평일,2,14:25,20:10,,,345,345
358000183,평일,2,16:20,19:26,,,186,186
358000183,토요일,1,19:30,19:30,,,0,0
358000183,공휴일,1,19:30,19:30,,,0,0
358000184,매일,1,18:25,18:25,,,0,0
358000185,공휴일,1,11:40,11:40,,,0,0
358000185,토요일,1,11:40,11:40,,,0,0
358000185,평일,2,11:40,13:55,,,135,135
358000186,매일,1,07:00,07:00,,,0,0
358000187,매일,2,09:15,17:25,,,490,490
358000188,매일,1,12:50,12:50,,,0,0
358000189,매일,1,15:50,15:50,,,0,0
358000190,매일,1,09:35,09:35,,,0,0
358000191,매일,1,19:00,19:00,,,0,0
358000192,매일,3,07:05,15:45,,,200,320
358000194,매일,1,09:20,09:20,,,0,0
358000195,매일,2,13:10,16:45,,,215,215
358000196,매일,1,17:30,17:30,,,0,0
358000197,매일,2,14:35,19:10,,,275,275
358000198,평일,3,08:55,15:45,,,160,250
358000198,공휴일,2,11:35,15:45,,,250,250
358000198,토요일,2,11:35,15:45,,,250,250
358000199,평일,2,11:15,13:45,,,150,150
358000199,토요일,2,11:15,13:45,,,150,150
358000199,공휴일,2,11:15,13:45,,,150,150
358000200,매일,2,14:15,18:15,,,240,240
358000201,매일,2,09:00,18:20,,,560,560
358000202,평일,1,07:05,07:05,,,0,0
358000203,평일,1,19:45,19:45,,,0,0
358000204,평일,2,10:20,15:10,,,290,290
358000205,매일,1,10:40,10:40,,,0,0
358000206,평일,1,07:05,07:05,,,0,0
358000207,매일,1,09:05,09:05,,,0,0
358000208,평일,4,11:40,19:30,,,85,225
358000208,토요일,3,11:40,15:45,,,85,160
358000208,공휴일,3,11:40,15:45,,,85,160
358000209,평일,1,18:30,18:30,,,0,0
358000210,매일,2,11:15,13:10,,,115,115
358000211,평일,3,10:55,18:30,,,210,245
358000211,토요일,2,10:55,18:30,,,455,455
358000211,공휴일,2,10:55,18:30,,,455,455
358000212,매일,1,13:30,13:30,,,0,0
358000213,매일,2,07:00,18:55,,,715,715
358000214,매일,2,09:35,16:45,,,430,430
358000215,매일,1,17:25,17:25,,,0,0
358000216,매일,2,08:05,10:35,,,150,150
358000217,평일,3,08:30,17:20,,,230,300
358000217,공휴일,3,08:30,17:20,,,230,300
358000217,토요일,3,08:30,17:20,,,230,300
358000218,매일,1,06:45,06:45,,,0,0
358000219,매일,1,13:25,13:25,,,0,0
358000220,매일,1,09:50,09:50,,,0,0
358000221,매일,1,13:05,13:05,,,0,0
358000222,평일,3,07:10,17:55,,,160,485
358000222,토요일,2,15:15,17:55,,,160,160
358000222,공휴일,2,15:15,17:55,,,160,160
358000223,토요일,3,09:45,14:05,,,120,140
358000223,공휴일,3,09:45,14:05,,,120,140
358000224,공휴일,2,15:00,18:10,,,190,190
358000224,토요일,2,15:00,18:10,,,190,190
358000224,평일,3,15:00,18:10,,,90,100
358000225,매일,1,19:45,19:45,,,0,0
358000226,평일,1,07:00,07:00,,,0,0
358000227,매일,2,08:55,10:35,,,100,100
358000228,매일,1,06:30,06:30,,,0,0
358000229,매일,1,14:30,14:30,,,0,0
358000230,공휴일,1,11:40,11:40,,,0,0
358000230,토요일,1,11:40,11:40,,,0,0
358000230,평일,3,09:20,20:05,,,140,505
358000231,매일,1,12:45,12:45,,,0,0
358000232,매일,2,14:05,18:05,,,240,240
358000233,매일,1,17:00,17:00,,,0,0
358000234,매일,5,07:15,18:35,,,80,330
358000235,평일,1,12:30,12:30,,,0,0
358000236,매일,1,19:35,19:35,,,0,0
358000237,매일,2,07:00,13:20,,,380,380
358000238,매일,2,11:00,14:10,,,190,190
358000239,매일,1,08:50,08:50,,,0,0
358000240,매일,1,20:00,20:00,,,0,0
358000241,매일,2,09:30,12:25,,,175,175
358000242,매일,1,16:50,16:50,,,0,0
358000243,매일,3,09:00,17:50,,,140,390
358000244,평일,1,20:10,20:10,,,0,0
358000245,매일,1,07:15,07:15,,,0,0
358000246,평일,1,13:55,13:55,,,0,0
358000247,공휴일,1,16:20,16:20,,,0,0
358000247,토요일,1,16:20,16:20,,,0,0
358000247,평일,1,16:20,16:20,,,0,0
358000248,평일,1,08:30,08:30,,,0,0
358000249,매일,1,10:20,10:20,,,0,0
358000250,평일,2,07:40,17:30,,,590,590
358000250,토요일,1,17:30,17:30,,,0,0
358000250,공휴일,1,17:30,17:30,,,0,0
358000251,매일,1,18:40,18:40,,,0,0
358000252,매일,1,12:25,12:25,,,0,0
358000253,매일,1,18:50,18:50,,,0,0
358000254,매일,1,13:05,13:05,,,0,0
358000255,매일,1,08:05,08:05,,,0,0
358000256,매일,1,08:45,08:45,,,0,0
358000257,평일,1,06:55,06:55,,,0,0
358000259,평일,1,17:40,17:40,,,0,0
358000260,평일,1,13:00,13:00,,,0,0
358000261,평일,2,07:40,10:55,,,195,195
358000263,매일,1,15:55,15:55,,,0,0
358000266,매일,1,12:00,12:00,,,0,0
358000268,평일,1,17:10,17:10,,,0,0
358000270,평일,1,10:15,10:15,,,0,0
358000272,평일,1,15:10,15:10,,,0,0
358000275,매일,1,12:15,12:15,,,0,0
358000283,매일,2,12:40,18:05,,,325,325
358000284,매일,1,14:45,14:45,,,0,0
358000287,매일,1,14:00,14:00,,,0,0
358000290,평일,1,13:10,13:10,,,0,0
358000291,평일,1,13:50,13:50,,,0,0
358000292,평일,1,13:20,13:20,,,0,0
358000293,매일,1,18:00,18:00,,,0,0
358000295,매일,1,08:00,08:00,,,0,0
358000296,매일,2,12:55,17:30,,,275,275
358000297,매일,1,15:00,15:00,,,0,0
358000299,매일,1,08:00,08:00,,,0,0
358000302,평일,2,09:40,14:00,,,260,260
358000303,평일,1,08:40,08:40,,,0,0
358000304,평일,2,12:35,16:30,,,235,235
358000305,평일,2,14:40,15:20,,,40,40
358000306,평일,3,09:15,17:10,,,230,245
358000307,평일,2,10:35,15:00,,,265,265
358000308,평일,1,08:00,08:00,,,0,0
358000309,평일,1,06:50,06:50,,,0,0
358000310,공휴일,1,07:50,07:50,,,0,0
358000310,토요일,1,07:50,07:50,,,0,0
358000311,토요일,1,12:20,12:20,,,0,0
358000311,공휴일,1,12:20,12:20,,,0,0
358000312,매일,1,14:20,14:20,,,0,0
358000313,매일,1,15:50,15:50,,,0,0
358000314,매일,1,12:50,12:50,,,0,0
358000315,매일,2,13:10,16:40,,,210,210
358000316,평일,1,09:10,09:10,,,0,0
358000317,매일,1,07:40,07:40,,,0,0
358000318,평일,1,07:50,07:50,,,0,0
358000319,평일,1,07:15,07:15,,,0,0
358000320,매일,1,06:20,06:20,,,0,0
358000321,평일,1,06:40,06:40,,,0,0
358000322,평일,2,18:00,18:40,,,40,40
359000001,매일,2,10:20,16:50,10:57,17:27,390,390
359000002,매일,1,13:20,13:20,14:00,14:00,0,0
359000003,매일,1,06:45,06:45,07:10,07:10,0,0
359000004,매일,1,06:30,06:30,06:55,06:55,0,0
359000005,매일,2,16:00,18:20,16:35,18:50,140,140
359000006,매일,1,11:20,11:20,11:50,11:50,0,0
359000007,매일,1,16:30,16:30,17:15,17:15,0,0
359000008,매일,2,09:30,19:05,10:10,19:45,575,575
359000009,매일,1,06:50,06:50,07:20,07:20,0,0
359000010,매일,7,07:10,18:15,07:35,18:50,40,220
359000011,매일,2,12:50,15:55,13:20,16:25,185,185
359000012,매일,1,18:45,18:45,19:15,19:15,0,0
359000013,매일,1,09:50,09:50,,,0,0
359000014,매일,1,12:40,12:40,13:10,13:10,0,0
359000015,매일,1,08:25,08:25,09:15,09:15,0,0
359000016,매일,2,10:10,12:10,10:38,12:38,120,120
359000017,매일,1,07:55,07:55,08:23,08:23,0,0
359000018,매일,1,19:00,19:00,19:40,19:40,0,0
359000019,매일,1,08:10,08:10,08:40,08:40,0,0
359000020,매일,2,13:25,17:30,14:10,18:15,245,245
359000021,매일,1,08:35,08:35,09:00,09:00,0,0
359000022,매일,1,07:35,07:35,08:05,08:05,0,0
359000023,매일,1,08:50,08:50,09:25,09:25,0,0
359000024,매일,1,14:45,14:45,15:15,15:15,0,0
359000025,매일,1,20:00,20:00,20:25,20:25,0,0
359000026,매일,1,14:00,14:00,14:35,14:35,0,0
359000027,매일,2,19:50,20:40,,,50,50
359000028,매일,3,07:25,15:30,,,240,245
359000029,매일,1,22:40,22:40,,,0,0
359000030,매일,2,09:10,13:10,,,240,240
359000031,매일,1,16:40,16:40,17:40,17:40,0,0
359000032,매일,1,12:45,12:45,,,0,0
359000033,매일,2,10:40,14:00,11:55,15:05,200,200
359000034,매일,1,18:15,18:15,19:10,19:10,0,0
359000035,매일,1,06:30,06:30,07:35,07:35,0,0
359000036,매일,1,15:20,15:20,16:25,16:25,0,0
359000037,매일,5,08:50,15:30,09:35,16:20,80,160
359000038,매일,1,18:00,18:00,19:25,19:25,0,0
359000039,매일,1,06:00,06:00,07:20,07:20,0,0
359000040,매일,1,08:00,08:00,,,0,0
359000041,매일,1,10:00,10:00,11:00,11:00,0,0
359000042,매일,1,12:40,12:40,14:15,14:15,0,0
359000043,매일,1,07:00,07:00,08:30,08:30,0,0
359000044,매일,1,07:25,07:25,09:20,09:20,0,0
359000045,매일,1,11:20,11:20,13:10,13:10,0,0
359000046,매일,1,12:00,12:00,13:05,13:05,0,0
359000047,매일,1,14:40,14:40,16:25,16:25,0,0
359000048,매일,1,13:30,13:30,,,0,0
359000049,매일,1,11:50,11:50,12:40,12:40,0,0
359000050,매일,1,16:00,16:00,17:30,17:30,0,0
359000051,매일,1,08:00,08:00,09:05,09:05,0,0
359000052,매일,1,07:00,07:00,,,0,0
359000053,매일,1,10:20,10:20,,,0,0
359000054,매일,1,14:25,14:25,,,0,0
359000055,매일,1,08:40,08:40,10:05,10:05,0,0
359000056,매일,1,17:20,17:20,18:35,18:35,0,0
359000057,매일,1,15:10,15:10,16:00,16:00,0,0
359000058,매일,1,17:10,17:10,18:15,18:15,0,0
359000059,매일,1,06:50,06:50,08:10,08:10,0,0
359000060,매일,1,18:40,18:40,,,0,0
359000061,매일,1,11:00,11:00,12:05,12:05,0,0
359000062,매일,1,12:55,12:55,,,0,0
359000063,매일,1,09:55,09:55,,,0,0
359000064,매일,1,07:40,07:40,08:40,08:40,0,0
359000065,매일,1,14:50,14:50,16:35,16:35,0,0
359000066,매일,1,15:35,15:35,17:30,17:30,0,0
359000067,매일,1,15:20,15:20,,,0,0
359000068,매일,1,17:25,17:25,19:10,19:10,0,0
359000069,매일,1,14:40,14:40,,,0,0
359000070,매일,1,11:25,11:25,,,0,0
359000071,매일,1,13:45,13:45,,,0,0
359000072,매일,1,06:50,06:50,,,0,0
359000073,매일,1,08:10,08:10,10:05,10:05,0,0
359000074,매일,1,10:55,10:55,12:35,12:35,0,0
359000075,매일,1,07:10,07:10,08:15,08:15,0,0
359000076,매일,2,11:25,15:40,,,255,255
359000077,매일,2,12:50,16:40,,,230,230
359000078,매일,2,13:40,17:40,15:10,18:50,240,240
359000079,매일,1,07:40,07:40,08:43,08:43,0,0
359000080,매일,2,07:35,09:50,,,135,135
359000081,매일,1,08:10,08:10,09:40,09:40,0,0
359000082,매일,1,19:10,19:10,20:00,20:00,0,0
359000083,매일,1,12:20,12:20,13:30,13:30,0,0
359000084,매일,1,10:20,10:20,11:50,11:50,0,0
359000085,매일,1,18:25,18:25,19:45,19:45,0,0
359000086,매일,1,14:50,14:50,,,0,0
359000087,매일,1,07:20,07:20,07:45,07:45,0,0
359000088,매일,1,14:20,14:20,15:40,15:40,0,0
359000090,매일,1,13:00,13:00,,,0,0
359000091,매일,1,09:40,09:40,10:50,10:50,0,0
359000092,매일,1,06:50,06:50,,,0,0
359000093,매일,1,17:00,17:00,18:10,18:10,0,0
359000094,매일,1,06:15,06:15,07:35,07:35,0,0
359000095,매일,1,16:20,16:20,17:25,17:25,0,0
359000096,매일,1,19:00,19:00,,,0,0
359000097,매일,2,19:00,20:10,,,70,70
359000099,매일,1,16:15,16:15,,,0,0
359000100,매일,1,07:40,07:40,,,0,0
359000101,매일,1,11:50,11:50,,,0,0
359000102,매일,1,11:00,11:00,,,0,0
359000103,매일,1,16:50,16:50,,,0,0
359000104,매일,1,09:35,09:35,,,0,0
359000105,매일,1,14:10,14:10,14:40,14:40,0,0
359000106,매일,1,08:50,08:50,09:20,09:20,0,0
359000107,매일,1,16:40,16:40,17:10,17:10,0,0
359000108,매일,1,06:55,06:55,,,0,0
359000109,매일,2,10:45,19:00,11:25,19:25,495,495
359000110,매일,2,12:35,18:10,,,335,335
359000111,매일,1,18:30,18:30,,,0,0
359000112,매일,2,06:55,15:45,,,530,530
359000113,매일,2,10:50,17:35,11:35,18:10,405,405
359000114,매일,2,07:35,14:10,08:00,14:40,395,395
359000115,매일,1,12:30,12:30,13:15,13:15,0,0
359000116,매일,2,09:10,15:50,09:40,16:35,400,400
359000117,매일,2,11:50,18:30,12:25,19:05,400,400
359000118,매일,4,08:30,15:00,09:05,15:35,80,210
359000119,매일,1,16:50,16:50,17:40,17:40,0,0
359000120,매일,1,07:00,07:00,07:50,07:50,0,0
359000121,매일,3,07:00,18:10,07:25,18:35,295,375
359000122,매일,1,12:10,12:10,12:40,12:40,0,0
359000123,매일,2,09:00,16:20,09:20,16:40,440,440
359000124,매일,1,19:00,19:00,19:40,19:40,0,0
359000125,매일,1,06:40,06:40,07:20,07:20,0,0
359000126,매일,2,09:40,15:30,10:05,15:55,350,350
359000127,매일,1,09:55,09:55,10:15,10:15,0,0
359000128,매일,5,09:50,16:00,,,140,75
359000129,매일,1,17:05,17:05,,,0,0
359000131,매일,2,13:20,15:25,,,125,125
359000132,매일,1,14:40,14:40,,,0,0
359000133,매일,1,08:10,08:10,09:25,09:25,0,0
359000134,매일,1,14:25,14:25,,,0,0
359000135,매일,1,06:00,06:00,,,0,0
359000136,매일,1,18:00,18:00,19:15,19:15,0,0
359000137,매일,1,07:00,07:00,08:20,08:20,0,0
359000139,매일,2,07:15,10:45,,,210,210
359000141,매일,1,12:20,12:20,,,0,0
359000142,매일,2,10:45,14:20,,,215,215
359000143,매일,2,10:40,14:25,,,225,225
359000144,매일,1,19:10,19:10,19:45,19:45,0,0
359000145,매일,1,15:10,15:10,16:10,16:10,0,0
359000146,매일,1,06:50,06:50,07:30,07:30,0,0
359000147,매일,1,14:20,14:20,14:45,14:45,0,0
359000148,매일,1,06:25,06:25,,,0,0
359000149,매일,1,17:40,17:40,18:05,18:05,0,0
359000150,매일,1,11:00,11:00,11:40,11:40,0,0
359000151,매일,1,13:10,13:10,13:50,13:50,0,0
359000152,매일,1,08:15,08:15,09:00,09:00,0,0
359000153,매일,1,14:00,14:00,15:00,15:00,0,0
359000154,매일,1,16:30,16:30,17:15,17:15,0,0
359000155,매일,1,11:30,11:30,12:15,12:15,0,0
359000156,매일,1,07:15,07:15,08:05,08:05,0,0
359000157,매일,1,10:30,10:30,11:15,11:15,0,0
359000158,매일,1,18:40,18:40,19:35,19:35,0,0
359000159,매일,1,12:50,12:50,13:55,13:55,0,0
359000160,매일,1,08:30,08:30,09:00,09:00,0,0
359000161,매일,1,06:15,06:15,06:50,06:50,0,0
359000162,매일,1,10:50,10:50,11:50,11:50,0,0
359000163,매일,1,17:10,17:10,18:05,18:05,0,0
359000164,매일,1,09:25,09:25,10:15,10:15,0,0
359000165,매일,1,07:25,07:25,07:50,07:50,0,0
359000166,매일,2,09:10,14:10,09:30,14:30,300,300
359000167,매일,1,17:15,17:15,17:25,17:25,0,0
359000168,매일,2,08:20,12:15,08:40,12:30,235,235
359000169,매일,4,05:00,17:40,,,240,275
359000170,매일,4,05:40,18:25,,,240,270
359000171,매일,3,08:20,17:50,09:15,18:10,250,320
359000172,매일,1,16:00,16:00,16:30,16:30,0,0
359000173,매일,1,07:35,07:35,08:18,08:18,0,0
359000174,매일,2,12:45,17:45,13:10,18:00,300,300
359000175,매일,1,09:15,09:15,09:30,09:30,0,0
359000176,매일,1,14:30,14:30,14:45,14:45,0,0
359000177,매일,1,18:25,18:25,18:40,18:40,0,0
359000178,매일,2,08:45,17:10,08:55,17:20,505,505
359000179,매일,1,10:00,10:00,10:35,10:35,0,0
359000180,매일,2,08:25,16:50,08:55,17:20,505,505
359000181,매일,4,07:45,15:55,08:00,16:20,110,225
359000182,매일,3,06:40,18:45,07:00,18:55,325,400
359000183,매일,2,08:30,17:10,08:40,17:20,520,520
359000184,매일,1,14:10,14:10,14:30,14:30,0,0
359000185,매일,1,18:25,18:25,18:40,18:40,0,0
359000186,매일,1,07:10,07:10,07:30,07:30,0,0
359000187,매일,1,10:00,10:00,10:20,10:20,0,0
359000188,매일,3,09:00,16:00,09:10,16:10,150,270
359000189,매일,3,08:00,17:40,08:10,17:50,160,420
359000190,매일,1,16:30,16:30,16:40,16:40,0,0
359000191,매일,1,09:30,09:30,09:40,09:40,0,0
359000192,매일,13,07:55,19:55,08:12,20:10,25,165
359000193,매일,4,09:25,17:25,09:52,17:52,50,285
359000194,매일,1,12:55,12:55,13:27,13:27,0,0
359000195,매일,1,10:20,10:20,10:40,10:40,0,0
359000196,매일,1,13:25,13:25,13:47,13:47,0,0
359000197,매일,1,12:05,12:05,12:37,12:37,0,0
359000198,매일,1,09:05,09:05,09:32,09:32,0,0
359000199,매일,2,07:10,16:05,07:45,16:40,535,535
359000200,매일,1,07:15,07:15,07:35,07:35,0,0
359000201,매일,1,16:25,16:25,16:40,16:40,0,0
359000202,매일,4,08:55,14:45,09:15,15:05,50,240
359000203,매일,1,22:00,22:00,,,0,0
362000010,매일,1,06:25,06:25,,,0,0
362000011,매일,2,07:05,15:00,,,475,475
362000012,매일,2,10:40,18:40,,,480,480
362000013,매일,2,10:20,18:20,,,480,480
362000014,매일,5,07:55,19:20,,,25,440
362000015,매일,1,15:30,15:30,,,0,0
362000016,매일,1,17:45,17:45,,,0,0
362000017,매일,1,11:40,11:40,,,0,0
362000018,매일,1,07:20,07:20,,,0,0
362000019,매일,3,08:25,16:00,,,210,245
362000020,매일,2,11:30,15:30,,,240,240
362000021,매일,3,07:30,13:30,08:00,13:45,130,230
362000023,매일,1,07:35,07:35,,,0,0
362000024,매일,1,14:30,14:30,,,0,0
362000025,매일,7,07:10,18:30,,,60,190
362000026,매일,7,07:30,19:00,,,60,220
362000027,매일,3,11:30,19:20,,,100,370
362000028,매일,1,18:30,18:30,,,0,0
362000029,매일,5,08:30,17:00,,,120,140
362000030,매일,3,09:30,16:00,,,150,240
362000031,매일,3,08:00,16:30,,,180,330
362000032,매일,3,08:10,16:00,,,190,280
362000033,매일,1,12:20,12:20,,,0,0
362000034,매일,1,14:00,14:00,,,0,0
362000035,매일,1,17:10,17:10,,,0,0
362000036,매일,1,18:00,18:00,,,0,0
362000037,매일,1,07:40,07:40,,,0,0
362000038,매일,1,08:20,08:20,,,0,0
362000039,매일,1,09:10,09:10,,,0,0
362000040,매일,1,11:40,11:40,,,0,0
362000041,매일,1,17:20,17:20,,,0,0
362000042,매일,1,18:40,18:40,,,0,0
362000043,매일,1,14:20,14:20,,,0,0
362000044,매일,1,06:35,06:35,,,0,0
362000045,매일,1,17:50,17:50,,,0,0
362000046,매일,1,15:00,15:00,,,0,0
362000047,매일,1,07:00,07:00,,,0,0
362000048,매일,1,10:00,10:00,10:30,10:30,0,0
362000049,매일,3,07:20,17:00,,,210,370
362000050,매일,2,11:30,17:30,,,360,360
362000051,매일,1,07:50,07:50,,,0,0
362000052,매일,1,14:30,14:30,,,0,0
362000053,매일,1,15:15,15:15,,,0,0
362000054,매일,1,07:00,07:00,,,0,0
362000055,매일,1,16:00,16:00,16:40,16:40,0,0
362000056,매일,1,12:10,12:10,12:40,12:40,0,0
362000057,매일,1,18:50,18:50,,,0,0
362000058,매일,1,09:50,09:50,10:30,10:30,0,0
362000059,매일,2,07:40,16:00,,,500,500
362000060,매일,1,08:05,08:05,,,0,0
362000061,매일,2,11:50,16:25,,,275,275
362000062,매일,1,11:20,11:20,,,0,0
362000063,매일,2,08:40,18:10,,,570,570
362000064,매일,2,09:15,18:35,,,560,560
362000065,매일,3,06:40,17:10,,,170,460
362000066,매일,3,07:20,17:45,,,165,460
362000067,매일,6,08:15,19:00,,,55,200
362000068,매일,6,07:25,19:00,,,75,200
362000069,매일,2,14:50,17:20,,,150,150
362000070,매일,1,10:10,10:10,,,0,0
362000071,매일,2,09:00,11:50,,,170,170
362000072,매일,1,13:00,13:00,,,0,0
362000073,매일,1,06:45,06:45,,,0,0
362000074,매일,1,19:40,19:40,,,0,0
362000075,매일,4,06:30,19:00,,,90,510
362000076,매일,1,07:10,07:10,,,0,0
362000077,매일,6,09:40,19:30,,,80,150
362000078,매일,2,11:50,15:00,,,190,190
362000079,매일,1,13:20,13:20,,,0,0
362000080,매일,1,07:50,07:50,,,0,0
362000081,매일,3,10:20,16:20,,,140,220
362000082,매일,3,09:10,15:00,,,110,240
362000083,매일,2,07:10,18:10,,,660,660
362000084,매일,2,08:15,19:00,,,645,645
362000085,매일,4,06:10,19:00,,,120,355
362000086,매일,4,07:00,19:50,,,110,425
362000087,매일,2,09:35,15:40,,,365,365
362000088,매일,2,08:10,14:00,,,350,350
362000089,매일,1,07:30,07:30,,,0,0
362000090,매일,1,07:55,07:55,,,0,0
362000091,매일,1,18:00,18:00,,,0,0
362000092,매일,1,18:15,18:15,,,0,0
362000093,매일,2,06:20,17:40,,,680,680
362000094,매일,2,06:55,14:10,,,435,435
362000095,매일,1,18:10,18:10,,,0,0
362000096,매일,1,13:40,13:40,,,0,0
362000097,매일,2,11:00,16:40,,,340,340
362000098,매일,2,11:25,14:50,,,205,205
362000099,매일,1,09:40,09:40,,,0,0
362000100,매일,1,14:10,14:10,,,0,0
362000101,매일,3,13:40,19:00,,,90,230
362000102,매일,2,07:05,14:00,,,415,415
362000103,매일,1,19:20,19:20,,,0,0
362000104,매일,1,06:35,06:35,,,0,0
362000105,매일,2,08:30,15:20,,,410,410
362000106,매일,1,09:00,09:00,,,0,0
362000107,매일,2,12:30,16:30,,,240,240
362000108,매일,1,16:00,16:00,,,0,0
362000109,매일,1,11:40,11:40,,,0,0
362000110,매일,4,09:40,16:30,09:55,16:45,40,190
362000111,매일,1,17:45,17:45,,,0,0
362000112,매일,2,07:55,15:50,,,475,475
362000113,매일,3,06:40,17:40,07:00,18:05,260,400
362000114,매일,3,11:10,18:00,11:20,18:15,170,240
362000115,매일,2,08:40,15:40,09:00,16:00,420,420
362000116,매일,1,14:10,14:10,,,0,0
362000117,매일,3,07:00,18:10,,,300,370
362000118,매일,1,18:50,18:50,,,0,0
362000119,매일,3,09:00,18:40,,,290,290
362000120,매일,1,10:50,10:50,,,0,0
362000121,매일,5,10:25,19:25,,,85,175
362000122,매일,1,07:05,07:05,,,0,0
362000123,매일,3,06:30,16:00,,,270,300
362000124,매일,1,08:30,08:30,,,0,0
362000125,매일,1,15:10,15:10,,,0,0
362000126,매일,1,10:00,10:00,,,0,0
362000127,매일,1,17:00,17:00,,,0,0
362000128,매일,1,17:30,17:30,,,0,0
362000129,매일,1,18:30,18:30,,,0,0
362000130,매일,1,09:10,09:10,,,0,0
362000131,매일,1,17:20,17:20,,,0,0
362000132,매일,3,07:30,17:00,,,270,300
362000133,매일,3,08:50,16:00,,,140,290
362000134,매일,3,08:10,15:20,08:25,15:30,130,300
362000135,매일,1,14:30,14:30,,,0,0
362000136,매일,1,12:40,12:40,,,0,0
362000137,매일,2,06:30,16:50,06:45,17:05,620,620
362000138,매일,2,09:00,12:20,09:20,12:40,200,200
362000139,매일,1,16:30,16:30,,,0,0
362000140,매일,1,12:00,12:00,,,0,0
362000141,매일,1,12:20,12:20,,,0,0
362000142,매일,2,06:30,11:30,07:00,12:00,300,300
362000143,매일,1,19:30,19:30,,,0,0
362000144,매일,1,19:00,19:00,,,0,0
362000145,매일,1,10:20,10:20,10:40,10:40,0,0
362000146,매일,2,16:40,19:00,17:00,19:15,140,140
362000147,매일,1,11:10,11:10,,,0,0
362000148,매일,1,11:30,11:30,,,0,0
362000149,매일,1,13:20,13:20,13:30,13:30,0,0
362000150,매일,1,09:00,09:00,09:15,09:15,0,0
362000151,매일,3,10:05,18:10,10:25,18:30,225,260
362000152,매일,1,06:35,06:35,07:10,07:10,0,0
362000153,매일,2,15:20,17:50,,,150,150
362000154,매일,1,16:20,16:20,,,0,0
362000155,매일,1,16:50,16:50,,,0,0
362000156,매일,2,06:25,09:40,,,195,195
362000157,매일,1,10:10,10:10,,,0,0
362000158,매일,1,14:40,14:40,15:10,15:10,0,0
362000159,매일,1,17:50,17:50,,,0,0
362000160,매일,1,07:50,07:50,,,0,0
362000161,매일,1,06:20,06:20,,,0,0
362000162,매일,1,06:30,06:30,,,0,0
362000163,매일,1,10:30,10:30,,,0,0
362000164,매일,1,14:30,14:30,15:00,15:00,0,0
362000165,매일,1,07:50,07:50,08:15,08:15,0,0
362000166,매일,1,17:30,17:30,18:10,18:10,0,0
362000167,매일,1,06:30,06:30,07:10,07:10,0,0
362000168,매일,1,09:00,09:00,,,0,0
362000169,매일,1,18:40,18:40,,,0,0
362000170,매일,1,13:55,13:55,,,0,0
362000171,매일,1,13:10,13:10,,,0,0
362000172,매일,1,08:30,08:30,08:55,08:55,0,0
362000173,매일,3,06:30,14:30,06:50,14:50,240,240
362000174,매일,2,08:50,15:20,09:15,15:45,390,390
362000175,매일,1,12:00,12:00,12:20,12:20,0,0
362000176,매일,2,07:40,14:20,08:00,14:45,400,400
362000177,매일,2,12:30,18:40,12:50,18:55,370,370
362000178,매일,1,06:50,06:50,,,0,0
362000179,매일,1,09:40,09:40,,,0,0
362000180,매일,1,17:40,17:40,,,0,0
362000181,매일,1,15:50,15:50,,,0,0
362000182,매일,1,06:30,06:30,06:45,06:45,0,0
362000183,매일,1,13:10,13:10,14:00,14:00,0,0
362000184,매일,5,07:30,17:10,,,45,270
362000185,매일,4,09:25,17:35,,,115,220
362000186,매일,2,10:10,13:50,10:20,14:00,220,220
362000187,매일,1,08:20,08:20,,,0,0
362000188,매일,1,15:20,15:20,,,0,0
362000189,매일,1,19:00,19:00,,,0,0
362000190,매일,1,15:30,15:30,,,0,0
362000191,매일,1,10:30,10:30,,,0,0
362000192,매일,1,07:00,07:00,,,0,0
366000001,매일,17,06:20,20:50,,,15,155
366000002,매일,17,07:00,20:20,,,15,145
366000003,매일,3,09:10,16:25,,,180,255
366000004,매일,2,08:35,11:30,,,175,175
366000005,매일,1,07:45,07:45,,,0,0
366000006,매일,2,08:40,11:00,,,140,140
366000007,매일,3,13:40,18:50,,,150,160
366000009,매일,3,09:20,16:00,,,175,225
366000010,매일,1,19:40,19:40,,,0,0
366000013,매일,2,12:15,17:00,,,285,285
366000014,매일,3,08:15,18:30,,,275,340
366000015,매일,3,11:20,17:25,,,170,195
366000016,매일,1,07:00,07:00,,,0,0
366000017,매일,2,07:45,17:30,,,585,585
366000018,매일,1,10:10,10:10,,,0,0
366000019,매일,2,11:40,18:40,,,420,420
366000020,매일,2,09:40,16:15,,,395,395
366000022,매일,5,06:45,17:10,,,75,280
366000024,매일,1,06:40,06:40,,,0,0
366000025,매일,2,06:50,16:00,,,550,550
366000026,매일,2,09:00,18:20,,,560,560
366000027,매일,1,13:40,13:40,,,0,0
366000029,매일,1,19:30,19:30,,,0,0
366000033,매일,1,11:30,11:30,,,0,0
366000034,매일,1,07:30,07:30,,,0,0
366000035,매일,1,12:30,12:30,,,0,0
366000036,매일,1,06:45,06:45,,,0,0
366000037,매일,5,08:25,19:50,,,95,285
366000039,매일,1,14:30,14:30,,,0,0
366000041,매일,1,06:40,06:40,,,0,0
366000042,매일,1,18:50,18:50,,,0,0
366000043,매일,4,06:55,17:55,,,120,365
366000051,토요일,5,07:00,19:00,,,160,210
366000051,평일,3,07:00,19:00,,,160,560
366000051,공휴일,5,07:00,19:00,,,160,210
366000052,평일,7,07:50,20:05,,,80,210
366000052,토요일,5,07:50,20:05,,,145,210
366000052,공휴일,5,07:50,20:05,,,145,210
366000053,매일,7,06:55,19:50,,,90,190
366000054,매일,1,07:10,07:10,,,0,0
366000055,매일,4,09:40,18:50,,,120,230
366000056,매일,1,08:30,08:30,,,0,0
366000057,매일,1,16:30,16:30,,,0,0
366000058,매일,2,09:00,14:40,,,340,340
366000059,매일,1,08:00,08:00,,,0,0
366000062,매일,2,14:00,17:10,,,190,190
366000063,매일,1,10:20,10:20,,,0,0
366000064,매일,2,08:40,16:00,,,440,440
366000065,매일,1,12:20,12:20,,,0,0
366000066,매일,1,07:15,07:15,,,0,0
366000067,매일,1,18:50,18:50,,,0,0
366000069,매일,4,07:35,17:50,,,115,320
366000070,매일,2,11:20,19:30,,,490,490
366000071,매일,4,07:30,18:00,,,120,330
366000072,매일,2,10:20,18:20,,,480,480
366000073,매일,2,07:50,14:10,,,380,380
366000074,매일,5,09:20,18:50,,,90,220
366000075,매일,3,11:05,18:25,,,205,235
366000076,매일,1,09:00,09:00,,,0,0
366000077,매일,2,08:30,18:10,,,580,580
366000078,매일,1,12:30,12:30,,,0,0
366000079,매일,1,07:10,07:10,,,0,0
366000080,평일,1,10:20,10:20,,,0,0
366000081,매일,1,15:00,15:00,,,0,0
366000082,매일,1,19:00,19:00,,,0,0
366000083,매일,1,13:20,13:20,,,0,0
366000084,매일,1,07:00,07:00,,,0,0
366000085,매일,2,17:10,19:00,,,110,110
366000086,매일,1,15:00,15:00,,,0,0
366000087,매일,1,09:00,09:00,,,0,0
366000088,매일,9,06:30,19:00,,,60,140
366000090,매일,11,06:50,20:00,,,50,100
366000091,매일,10,07:50,19:40,,,40,110
366000092,매일,1,06:40,06:40,,,0,0
366000093,매일,2,12:30,17:10,,,280,280
366000094,매일,2,08:05,12:55,,,290,290
366000095,매일,2,08:00,12:25,,,265,265
366000096,매일,1,06:40,06:40,,,0,0
366000100,매일,1,11:00,11:00,,,0,0
366000101,매일,1,08:05,08:05,,,0,0
366000151,매일,1,06:40,06:40,,,0,0
366000152,매일,6,07:50,17:50,,,80,150
366000153,매일,6,07:50,19:30,,,90,180
366000154,매일,2,11:40,14:00,,,140,140
366000155,매일,1,16:20,16:20,,,0,0
366000156,매일,1,10:00,10:00,,,0,0
366000157,매일,1,06:40,06:40,,,0,0
366000158,매일,1,09:40,09:40,,,0,0
366000161,매일,9,07:20,19:40,,,60,140
366000162,매일,1,10:30,10:30,,,0,0
366000163,매일,2,13:00,17:40,,,280,280
366000164,매일,2,09:00,11:20,,,140,140
366000165,매일,3,14:10,19:15,,,145,160
366000166,공휴일,5,07:15,19:15,,,160,210
366000166,토요일,5,07:15,19:15,,,160,210
366000166,평일,3,07:15,19:15,,,160,560
366000167,매일,1,07:00,07:00,,,0,0
366000168,매일,4,08:55,20:00,,,85,305
366000169,매일,3,07:10,16:55,,,225,360
366000170,매일,2,09:55,16:30,,,395,395
366000171,매일,1,07:00,07:00,,,0,0
366000172,매일,2,08:15,17:55,,,580,580
366000173,매일,1,13:30,13:30,,,0,0
366000174,매일,6,09:30,19:00,,,60,240
366000175,매일,1,12:50,12:50,,,0,0
366000176,매일,5,07:10,18:40,,,130,290
366000180,매일,1,10:40,10:40,,,0,0
366000181,매일,3,07:00,17:20,,,190,430
366000182,매일,1,14:50,14:50,,,0,0
366000183,매일,1,08:15,08:15,,,0,0
366000185,매일,1,13:40,13:40,,,0,0
366000186,매일,1,17:30,17:30,,,0,0
366000187,매일,1,11:20,11:20,,,0,0
366000188,매일,1,12:00,12:00,,,0,0
366000189,매일,1,19:00,19:00,,,0,0
366000190,토요일,4,08:05,17:55,,,190,210
366000190,공휴일,4,08:05,17:55,,,190,210
366000190,평일,3,08:05,20:20,,,145,590
366000191,평일,4,11:35,16:05,,,80,110
366000192,매일,3,11:50,17:55,,,170,195
366000195,매일,3,07:30,17:30,,,290,310
366000197,매일,1,13:40,13:40,,,0,0
366000198,매일,4,07:00,20:20,,,170,405
366000204,매일,3,07:10,20:15,,,95,690
366000205,매일,1,08:55,08:55,,,0,0
366000206,매일,2,11:30,16:10,,,280,280
366000207,매일,1,15:00,15:00,,,0,0
366000209,매일,3,08:40,18:50,,,280,330
366000211,매일,1,19:00,19:00,,,0,0
366000212,매일,1,19:50,19:50,,,0,0
366000213,매일,1,07:00,07:00,,,0,0
366000214,매일,1,13:40,13:40,,,0,0
366000215,매일,1,15:00,15:00,,,0,0
366000216,토요일,1,10:20,10:20,,,0,0
366000216,공휴일,1,10:20,10:20,,,0,0
367000001,매일,1,06:20,06:20,06:45,06:45,0,0
367000002,매일,4,07:40,18:20,07:55,18:35,185,240
367000003,매일,1,10:00,10:00,10:20,10:20,0,0
367000004,매일,1,11:10,11:10,11:50,11:50,0,0
367000005,매일,1,13:15,13:15,14:00,14:00,0,0
367000006,매일,1,16:10,16:10,17:05,17:05,0,0
367000007,매일,1,18:30,18:30,18:55,18:55,0,0
367000008,매일,1,19:30,19:30,20:00,20:00,0,0
367000009,매일,3,07:10,19:10,07:30,19:35,145,575
367000010,매일,1,08:00,08:00,08:40,08:40,0,0
367000011,매일,1,09:40,09:40,10:15,10:15,0,0
367000012,매일,4,09:40,19:20,10:10,19:45,100,340
367000013,매일,1,09:55,09:55,10:10,10:10,0,0
367000014,매일,1,14:30,14:30,15:30,15:30,0,0
367000015,매일,1,18:00,18:00,18:35,18:35,0,0
367000016,매일,1,19:20,19:20,19:50,19:50,0,0
367000017,매일,1,07:00,07:00,07:20,07:20,0,0
367000018,매일,4,08:25,18:10,08:50,18:30,105,345
367000019,매일,1,10:00,10:00,10:30,10:30,0,0
367000020,매일,2,13:00,15:00,13:35,15:35,120,120
367000021,매일,1,14:40,14:40,15:15,15:15,0,0
367000022,매일,4,08:25,19:40,08:45,20:00,160,335
367000023,매일,1,06:10,06:10,06:50,06:50,0,0
367000024,매일,2,06:40,07:40,07:10,08:10,60,60
367000025,매일,2,09:00,14:50,09:20,15:10,350,350
367000026,매일,1,11:40,11:40,12:20,12:20,0,0
367000027,매일,1,06:30,06:30,07:20,07:20,0,0
367000028,매일,1,13:00,13:00,13:50,13:50,0,0
367000029,매일,1,14:50,14:50,15:40,15:40,0,0
367000030,매일,1,13:50,13:50,14:10,14:10,0,0
367000031,매일,1,17:20,17:20,17:50,17:50,0,0
367000032,매일,1,06:15,06:15,07:05,07:05,0,0
367000033,매일,1,08:20,08:20,08:45,08:45,0,0
367000034,매일,1,14:20,14:20,14:55,14:55,0,0
367000035,매일,1,16:40,16:40,17:10,17:10,0,0
367000036,매일,1,19:20,19:20,19:45,19:45,0,0
367000037,매일,1,06:40,06:40,06:55,06:55,0,0
367000038,매일,1,08:30,08:30,09:00,09:00,0,0
367000039,매일,1,12:00,12:00,12:30,12:30,0,0
367000040,매일,1,15:30,15:30,15:50,15:50,0,0
367000041,매일,1,06:35,06:35,07:15,07:15,0,0
367000042,매일,1,08:20,08:20,08:55,08:55,0,0
367000043,매일,1,13:20,13:20,13:40,13:40,0,0
367000044,매일,1,16:00,16:00,16:35,16:35,0,0
367000045,매일,1,17:20,17:20,18:00,18:00,0,0
367000046,매일,1,19:00,19:00,19:40,19:40,0,0
367000047,매일,1,07:10,07:10,07:35,07:35,0,0
367000048,매일,1,10:00,10:00,10:25,10:25,0,0
367000049,매일,1,12:10,12:10,13:20,13:20,0,0
367000050,매일,1,16:10,16:10,16:55,16:55,0,0
367000051,매일,1,18:10,18:10,18:35,18:35,0,0
367000052,매일,1,19:20,19:20,19:55,19:55,0,0
367000053,매일,1,06:20,06:20,06:45,06:45,0,0
367000054,매일,1,07:20,07:20,07:40,07:40,0,0
367000055,매일,1,08:10,08:10,09:15,09:15,0,0
367000056,매일,1,12:20,12:20,13:20,13:20,0,0
367000057,매일,1,14:20,14:20,14:40,14:40,0,0
367000058,매일,3,11:45,16:30,12:00,16:45,95,190
367000059,매일,1,15:40,15:40,16:55,16:55,0,0
367000060,매일,1,06:45,06:45,07:15,07:15,0,0
367000061,매일,1,08:50,08:50,09:55,09:55,0,0
367000062,매일,1,10:40,10:40,11:40,11:40,0,0
367000063,매일,1,13:20,13:20,13:55,13:55,0,0
367000064,매일,1,15:40,15:40,16:05,16:05,0,0
367000065,매일,1,17:00,17:00,17:55,17:55,0,0
367000066,매일,1,17:50,17:50,18:50,18:50,0,0
367000067,매일,2,12:10,18:50,12:30,19:10,400,400
367000068,매일,1,11:40,11:40,12:00,12:00,0,0
368000006,매일,1,06:30,06:30,,,0,0
368000007,매일,1,19:10,19:10,,,0,0
368000008,매일,1,13:30,13:30,,,0,0
368000009,매일,1,15:20,15:20,,,0,0
368000010,매일,1,06:20,06:20,,,0,0
368000011,매일,1,19:20,19:20,,,0,0
368000012,매일,1,17:00,17:00,17:25,17:25,0,0
368000013,매일,1,10:20,10:20,,,0,0
368000015,매일,2,11:30,14:50,11:50,15:10,200,200
368000016,매일,1,12:20,12:20,12:50,12:50,0,0
368000017,매일,1,06:50,06:50,07:15,07:15,0,0
368000018,매일,1,09:30,09:30,09:55,09:55,0,0
368000019,매일,2,10:50,15:40,11:15,16:05,290,290
368000020,매일,1,10:10,10:10,,,0,0
368000021,매일,1,16:00,16:00,,,0,0
368000022,매일,1,18:40,18:40,,,0,0
368000023,매일,3,08:00,17:50,08:20,18:10,70,435
368000024,매일,1,10:50,10:50,,,0,0
368000025,매일,2,14:10,17:40,,,210,210
368000026,매일,1,08:40,08:40,,,0,0
368000027,매일,1,12:50,12:50,13:20,13:20,0,0
368000028,매일,1,10:00,10:00,10:50,10:50,0,0
368000029,매일,1,15:20,15:20,,,0,0
368000031,매일,1,06:20,06:20,06:50,06:50,0,0
368000032,매일,2,08:00,19:20,,,680,680
368000033,매일,1,14:00,14:00,,,0,0
368000034,매일,1,12:00,12:00,12:25,12:25,0,0
368000035,매일,1,09:30,09:30,10:00,10:00,0,0
368000036,매일,1,14:30,14:30,,,0,0
368000037,매일,1,07:10,07:10,,,0,0
368000038,매일,3,09:50,19:00,10:50,20:00,120,430
368000041,매일,1,20:30,20:30,20:55,20:55,0,0
368000042,매일,1,20:10,20:10,20:30,20:30,0,0
368000043,매일,1,15:50,15:50,16:15,16:15,0,0
368000044,매일,1,07:30,07:30,07:50,07:50,0,0
368000045,매일,1,09:20,09:20,09:40,09:40,0,0
368000049,매일,1,18:20,18:20,18:40,18:40,0,0
368000050,매일,2,09:00,16:30,09:30,17:00,450,450
368000051,매일,1,09:50,09:50,,,0,0
368000053,매일,1,06:20,06:20,,,0,0
368000054,매일,1,19:40,19:40,,,0,0
368000059,매일,1,15:00,15:00,15:15,15:15,0,0
368000062,매일,1,08:10,08:10,,,0,0
368000065,매일,1,18:20,18:20,,,0,0
368000066,매일,1,12:20,12:20,,,0,0
368000067,매일,1,19:30,19:30,,,0,0
368000076,매일,1,06:15,06:15,,,0,0
368000077,매일,1,12:20,12:20,,,0,0
368000078,매일,1,12:00,12:00,,,0,0
368000079,매일,1,10:10,10:10,10:35,10:35,0,0
368000080,매일,1,06:40,06:40,06:55,06:55,0,0
368000081,매일,1,07:10,07:10,,,0,0
368000085,공휴일,12,08:15,19:15,,,55,100
368000085,평일,13,07:20,19:15,,,55,100
368000085,토요일,12,08:15,19:15,,,55,100
368000086,공휴일,12,08:00,19:00,,,50,100
368000086,토요일,12,08:00,19:00,,,50,100
368000086,평일,13,07:10,19:00,,,50,100
368000089,매일,3,07:25,16:05,08:55,17:15,140,380
368000090,매일,4,07:10,18:25,07:30,18:45,50,510
368000091,매일,1,14:20,14:20,14:50,14:50,0,0
368000092,매일,13,06:25,20:30,06:30,21:00,30,100
368000093,매일,1,11:50,11:50,12:25,12:25,0,0
368000094,매일,6,06:10,16:10,07:55,18:10,70,170
368000095,매일,3,13:30,18:00,14:25,18:10,130,140
368000096,매일,20,06:20,21:10,06:10,21:30,25,55
368000097,매일,4,08:00,19:20,06:30,18:30,50,480
368000098,매일,1,19:20,19:20,07:15,07:15,0,0
368000100,매일,2,16:00,19:30,16:40,20:00,210,210
368000101,매일,1,07:10,07:10,09:35,09:35,0,0
368000102,매일,1,07:25,07:25,08:20,08:20,0,0
368000103,매일,1,10:20,10:20,08:45,08:45,0,0
368000104,매일,1,16:20,16:20,,,0,0
368000105,매일,2,14:00,17:20,14:40,18:05,200,205
368000106,매일,1,08:50,08:50,09:20,09:20,0,0
368000107,매일,1,20:00,20:00,20:10,20:10,0,0
368000108,매일,13,10:30,17:25,11:45,19:00,150,20
368000109,매일,3,08:00,17:50,,,270,320
369000071,매일,1,13:30,13:30,,,0,0
369000072,매일,1,10:00,10:00,,,0,0
369000074,매일,4,09:20,18:20,,,110,320
369000077,매일,4,08:30,19:00,,,110,340
371000001,매일,3,06:30,18:30,06:50,18:55,300,420
371000002,매일,2,07:20,17:00,07:45,17:25,580,580
371000003,매일,3,09:40,17:40,10:25,18:20,250,295
371000004,매일,1,11:35,11:35,,,0,0
371000005,매일,2,06:40,13:10,07:30,14:00,390,390
371000006,매일,4,06:00,15:30,07:15,16:50,135,220
371000007,매일,3,08:40,18:55,09:45,19:50,35,240
371000008,매일,3,06:00,18:15,07:10,19:30,355,380
371000009,매일,3,07:25,12:10,07:40,12:30,90,195
371000011,매일,1,16:40,16:40,18:05,18:05,0,0
371000012,매일,1,06:20,06:20,07:00,07:00,0,0
371000013,매일,2,08:05,17:10,08:15,17:20,545,545
371000014,매일,1,09:20,08:20,10:30,10:30,0,0
371000015,매일,2,12:40,19:30,13:40,20:10,410,410
371000016,매일,4,06:20,17:05,06:50,17:55,135,375
371000017,매일,2,12:40,16:20,13:10,16:50,220,220
371000018,매일,3,12:40,19:30,,,100,310
371000019,매일,2,06:40,16:20,07:00,16:35,580,580
371000020,매일,2,07:20,16:55,07:40,17:10,570,575
371000021,매일,2,08:10,17:30,08:35,18:05,560,560
371000022,매일,5,08:10,18:35,,,25,465
371000023,매일,1,11:35,11:35,,,0,0
371000024,매일,1,18:05,18:05,19:00,19:00,0,0
371000025,매일,1,06:35,06:35,07:00,07:00,0,0
371000026,매일,1,08:00,08:00,,,0,0
371000027,매일,1,13:00,13:00,,,0,0
371000028,매일,1,09:50,09:50,,,0,0
371000029,매일,1,14:25,14:25,,,0,0
371000030,매일,3,06:25,18:05,06:50,18:30,275,425
371000031,매일,3,07:20,18:40,07:55,19:10,270,410
371000032,매일,1,15:30,15:30,16:00,16:00,0,0
371000033,매일,1,17:20,17:20,18:40,18:40,0,0
371000034,매일,1,07:00,07:00,,,0,0
371000035,매일,2,08:00,17:10,08:15,17:25,550,550
371000036,매일,1,16:45,16:45,17:00,17:00,0,0
371000037,매일,3,06:40,18:30,07:20,19:00,150,560
371000038,매일,1,15:50,15:50,17:20,17:20,0,0
371000039,매일,1,19:30,19:30,19:45,19:45,0,0
371000040,매일,1,07:00,07:00,08:50,08:50,0,0
371000041,매일,1,14:40,14:40,16:00,16:00,0,0
371000042,매일,1,13:20,13:20,14:00,14:00,0,0
371000043,매일,1,16:00,16:00,,,0,0
371000044,매일,1,16:40,16:40,,,0,0
371000045,매일,1,10:40,10:40,,,0,0
371000046,매일,1,17:50,17:50,18:15,18:15,0,0
371000047,매일,1,08:45,08:45,09:00,09:00,0,0
371000049,매일,1,08:50,08:50,,,0,0
371000050,매일,1,13:10,13:10,,,0,0
371000051,매일,1,14:40,14:40,,,0,0
371000052,매일,1,15:30,15:30,16:10,16:10,0,0
371000053,매일,1,17:50,17:50,,,0,0
371000054,매일,1,07:30,07:30,,,0,0
371000055,매일,1,12:40,12:40,14:30,14:30,0,0
371000056,매일,1,11:30,11:30,,,0,0
371000057,매일,1,09:35,09:35,10:05,10:05,0,0
371000058,매일,1,15:20,15:20,16:00,16:00,0,0
371000059,매일,1,11:20,11:20,12:00,12:00,0,0
371000060,매일,1,07:50,07:50,08:50,08:50,0,0
371000061,매일,1,11:05,11:05,,,0,0
371000062,매일,1,14:00,14:00,,,0,0
371000063,매일,1,15:40,14:50,,,0,0
372000001,매일,1,06:25,06:25,06:45,06:45,0,0
372000002,매일,1,07:40,07:40,08:10,08:10,0,0
372000003,매일,1,11:22,11:22,,,0,0
372000004,매일,1,12:40,12:40,13:05,13:05,0,0
372000005,매일,1,14:05,14:05,14:25,14:25,0,0
372000006,매일,1,15:50,15:50,,,0,0
372000007,매일,1,17:00,17:00,17:35,17:35,0,0
372000008,매일,1,09:30,09:30,09:52,09:52,0,0
372000009,매일,2,17:10,19:02,,,112,112
372000011,매일,1,08:10,08:10,08:33,08:33,0,0
372000012,매일,1,06:40,06:40,07:15,07:15,0,0
372000013,매일,1,10:45,10:45,,,0,0
372000016,매일,1,15:50,15:50,16:20,16:20,0,0
372000017,매일,1,16:40,16:40,17:50,17:50,0,0
372000018,매일,1,06:40,06:40,07:15,07:15,0,0
372000019,매일,1,07:58,07:58,08:15,08:15,0,0
372000020,매일,4,08:45,19:20,09:45,19:50,30,555
372000021,매일,1,10:35,10:35,11:05,11:05,0,0
372000022,매일,1,13:10,13:10,14:25,14:25,0,0
372000023,매일,1,15:20,15:20,16:20,16:20,0,0
372000024,매일,1,06:15,06:15,07:15,07:15,0,0
372000025,매일,1,07:30,07:30,,,0,0
372000026,매일,2,08:20,13:40,09:05,14:10,320,320
372000027,매일,1,11:22,11:22,12:05,12:05,0,0
372000028,매일,2,12:40,16:45,12:50,17:00,245,245
372000030,매일,6,10:05,18:25,11:10,20:10,60,172
372000031,매일,1,07:00,07:00,08:00,08:00,0,0
372000032,매일,1,09:05,09:05,10:05,10:05,0,0
372000033,매일,1,11:00,11:00,11:30,11:30,0,0
372000035,매일,1,20:00,20:00,,,0,0
372000036,매일,1,07:05,07:05,07:25,07:25,0,0
372000037,매일,1,08:00,08:00,09:05,09:05,0,0
372000038,매일,1,10:00,10:00,10:45,10:45,0,0
372000040,매일,1,07:00,07:00,,,0,0
372000041,매일,5,07:50,18:15,08:10,18:35,75,220
372000042,매일,1,17:05,17:05,17:45,17:45,0,0
372000043,매일,1,08:35,08:35,,,0,0
372000044,매일,2,10:30,15:40,,,310,310
372000045,매일,5,08:40,18:30,09:15,18:45,40,230
372000050,매일,1,07:50,07:50,,,0,0
372000051,매일,2,09:30,13:30,,,240,240
372000052,매일,1,15:30,15:30,16:20,16:20,0,0
372000056,매일,1,06:20,06:20,07:20,07:20,0,0
372000058,매일,1,06:55,06:55,07:05,07:05,0,0
372000059,매일,1,09:30,09:30,10:10,10:10,0,0
372000060,매일,1,13:20,13:20,13:40,13:40,0,0
372000061,매일,1,14:00,14:00,15:20,15:20,0,0
372000062,매일,3,08:40,15:10,08:50,15:20,160,230
372000063,매일,1,16:25,16:25,17:00,17:00,0,0
372000064,매일,1,17:50,17:50,18:20,18:20,0,0
372000067,매일,1,09:00,09:00,09:25,09:25,0,0
372000068,매일,1,11:00,11:00,12:10,12:10,0,0
372000069,매일,1,13:10,13:10,13:30,13:30,0,0
372000070,매일,1,16:25,16:25,16:35,16:35,0,0
372000071,매일,1,06:30,06:30,06:55,06:55,0,0
372000072,매일,1,07:45,07:45,08:15,08:15,0,0
372000073,매일,1,11:20,11:20,11:55,11:55,0,0
372000074,매일,1,13:20,13:20,14:00,14:00,0,0
372000075,매일,1,14:30,14:30,15:10,15:10,0,0
372000076,매일,1,16:25,16:25,16:55,16:55,0,0
372000077,매일,1,14:00,14:00,14:45,14:45,0,0
372000078,매일,1,06:45,06:45,07:15,07:15,0,0
372000079,매일,1,07:50,07:50,08:00,08:00,0,0
372000080,매일,1,10:50,10:50,11:30,11:30,0,0
372000081,매일,1,17:10,17:10,17:50,17:50,0,0
372000082,매일,1,06:15,06:15,06:30,06:30,0,0
372000083,매일,1,09:10,09:10,09:50,09:50,0,0
372000084,매일,1,12:05,12:05,12:30,12:30,0,0
372000085,매일,1,15:15,15:15,,,0,0
372000086,매일,1,06:20,06:20,06:50,06:50,0,0
372000087,매일,1,06:50,06:50,07:40,07:40,0,0
372000088,매일,1,08:10,08:10,09:05,09:05,0,0
372000090,매일,1,13:35,13:35,14:05,14:05,0,0
372000091,매일,1,17:20,17:20,17:30,17:30,0,0
372000092,매일,1,18:10,18:10,18:45,18:45,0,0
372000095,매일,1,08:15,08:15,09:05,09:05,0,0
372000096,매일,1,11:10,11:10,12:00,12:00,0,0
372000097,매일,1,13:05,13:05,13:45,13:45,0,0
372000098,매일,1,16:30,16:30,16:45,16:45,0,0
372000099,매일,1,17:40,17:40,18:20,18:20,0,0
372000100,매일,1,07:05,07:05,07:35,07:35,0,0
372000102,매일,1,10:00,10:00,,,0,0
372000103,매일,1,10:20,10:20,,,0,0
372000104,매일,1,11:20,11:20,11:45,11:45,0,0
372000105,매일,1,12:00,12:00,12:35,12:35,0,0
372000106,매일,1,14:35,14:35,,,0,0
372000107,매일,2,11:20,16:30,11:30,16:45,310,310
372000109,매일,2,06:25,17:40,06:55,18:15,675,675
372000110,매일,2,06:40,06:40,07:10,07:10,0,0
372000111,매일,1,08:00,08:00,08:40,08:40,0,0
372000113,매일,1,11:00,11:00,,,0,0
372000114,매일,1,12:40,12:40,,,0,0
372000116,매일,2,08:00,16:10,08:30,16:30,490,490
372000117,매일,3,07:05,16:50,07:35,17:20,290,295
372000120,매일,1,10:00,10:00,10:25,10:25,0,0
372000123,매일,1,15:10,15:10,,,0,0
372000124,매일,1,17:05,17:05,,,0,0
372000126,매일,1,07:00,07:00,07:45,07:45,0,0
372000129,매일,1,12:00,12:00,12:55,12:55,0,0
372000132,매일,1,17:00,17:00,17:35,17:35,0,0
372000135,매일,1,06:40,06:40,,,0,0
372000139,매일,1,12:00,12:00,12:30,12:30,0,0
372000143,매일,3,07:10,17:10,07:25,17:30,270,330
372000144,매일,3,07:55,16:40,08:10,16:55,195,330
372000149,매일,1,07:00,07:00,,,0,0
372000150,매일,1,07:35,07:35,07:50,07:50,0,0
372000151,매일,1,10:05,10:05,,,0,0
372000152,매일,1,12:40,12:40,,,0,0
372000153,매일,1,13:45,13:45,14:55,14:55,0,0
372000157,매일,1,12:00,12:00,13:05,13:05,0,0
372000158,매일,1,05:50,05:50,07:05,07:05,0,0
372000159,매일,1,06:45,06:45,07:40,07:40,0,0
372000161,매일,1,07:25,07:25,08:20,08:20,0,0
372000162,매일,1,07:40,07:40,08:20,08:20,0,0
372000163,매일,1,08:15,08:15,08:45,08:45,0,0
372000164,매일,1,12:20,12:20,13:00,13:00,0,0
372000165,매일,1,07:15,07:15,07:55,07:55,0,0
372000167,매일,1,11:00,11:00,12:10,12:10,0,0
372000169,매일,1,16:45,16:45,,,0,0
372000173,매일,1,12:00,12:00,12:35,12:35,0,0
372000174,매일,1,13:50,13:50,14:00,14:00,0,0
372000175,매일,3,06:25,13:20,06:55,13:50,175,240
372000177,매일,1,10:00,10:00,10:25,10:25,0,0
372000179,매일,1,07:00,07:00,07:45,07:45,0,0
372000183,매일,1,12:00,12:00,12:55,12:55,0,0
372000184,매일,1,17:55,17:55,,,0,0
372000185,매일,1,19:30,19:30,,,0,0
372000186,매일,1,08:20,08:20,08:30,08:30,0,0
372000187,매일,1,08:10,08:10,08:20,08:20,0,0
372000188,매일,1,09:20,09:20,,,0,0
372000191,매일,1,17:00,17:00,17:35,17:35,0,0
372000192,매일,1,18:35,18:35,,,0,0
372000193,매일,1,08:20,08:20,08:30,08:30,0,0
372000195,매일,1,08:45,08:45,09:15,09:15,0,0
372000196,매일,1,07:45,07:45,08:15,08:15,0,0
372000197,매일,1,12:00,12:00,12:30,12:30,0,0
372000198,매일,1,08:40,08:40,09:15,09:15,0,0
372000199,매일,1,16:30,16:30,16:50,16:50,0,0
372000200,매일,1,17:20,17:20,18:10,18:10,0,0
372000201,매일,4,08:50,16:00,09:00,16:15,95,225
372000202,매일,1,09:05,09:05,09:30,09:30,0,0
372000203,매일,1,10:00,10:00,10:35,10:35,0,0
372000204,평일,1,05:20,05:20,06:25,06:25,0,0
372000205,평일,2,08:05,11:45,09:45,13:24,220,220
372000206,평일,1,14:45,14:45,16:15,16:15,0,0
372000207,매일,1,07:45,07:45,,,0,0
372000208,매일,3,10:00,15:55,10:10,16:05,95,260
372000209,매일,1,11:15,11:15,11:30,11:30,0,0
372000210,매일,1,08:40,08:40,,,0,0
372000211,매일,1,08:50,08:50,09:00,09:00,0,0
372000212,토요일,1,05:20,05:20,06:25,06:25,0,0
372000212,공휴일,1,05:20,05:20,06:25,06:25,0,0
372000213,토요일,2,08:05,11:45,09:45,13:24,220,220
372000213,공휴일,2,08:05,11:45,09:45,13:24,220,220
372000214,공휴일,1,14:45,14:45,16:15,16:15,0,0
372000214,토요일,1,14:45,14:45,16:15,16:15,0,0
373000001,매일,13,06:50,19:10,07:05,19:25,40,90
373000002,매일,11,07:20,18:20,07:40,18:35,45,120
373000003,매일,7,07:10,18:30,,,100,120
373000004,매일,8,06:20,19:30,,,100,130
373000005,매일,7,07:10,18:20,,,100,120
373000006,매일,8,06:10,19:20,,,100,120
373000007,매일,2,08:00,15:00,08:20,15:20,420,420
373000008,매일,2,06:30,13:20,07:15,14:05,410,410
373000009,매일,2,09:10,16:00,09:30,16:20,410,410
373000010,매일,2,10:50,18:00,11:35,18:45,430,430
383000206,공휴일,37,05:50,21:50,,,10,84
383000206,토요일,37,05:50,21:50,,,10,84
383000206,평일,42,05:50,21:50,,,10,80
383000207,공휴일,36,05:50,21:40,,,10,100
383000207,토요일,36,05:50,21:40,,,10,100
383000207,평일,44,05:50,21:40,,,10,70
383000208,평일,27,06:00,23:10,,,5,180
383000208,토요일,20,06:00,23:10,,,10,115
383000208,공휴일,20,06:00,23:10,,,10,115
383000209,평일,34,05:17,22:27,,,5,137
383000209,공휴일,28,05:17,22:27,,,7,115
383000209,토요일,28,05:17,22:27,,,7,115
383000213,공휴일,9,05:50,20:51,,,48,144
383000213,토요일,9,05:50,20:51,,,48,144
383000213,평일,9,05:50,20:51,,,48,144
383000214,공휴일,7,07:50,16:10,,,30,180
383000214,토요일,7,07:50,16:10,,,30,180
383000214,평일,8,07:50,16:10,,,30,180
383000215,공휴일,7,08:45,16:40,,,55,180
383000215,토요일,7,08:45,16:40,,,55,180
383000215,평일,6,08:40,15:40,,,60,180
383000218,공휴일,12,10:45,21:25,,,10,120
383000218,토요일,12,10:45,21:25,,,10,120
383000218,평일,14,10:45,21:25,,,10,110
383000219,공휴일,9,05:10,07:37,,,30,365
383000219,토요일,9,05:10,07:37,,,30,365
383000219,평일,9,05:10,20:20,,,15,300
383000222,평일,28,07:50,22:40,,,15,60
383000222,토요일,25,07:20,22:40,,,15,90
383000222,공휴일,25,07:20,22:40,,,15,90
383000223,평일,22,05:27,20:57,,,20,210
383000223,토요일,23,05:27,20:57,,,20,120
383000223,공휴일,23,05:27,20:57,,,20,120
383000224,평일,18,06:15,18:30,,,20,100
383000224,토요일,18,06:30,21:10,,,30,170
383000224,공휴일,18,06:30,21:10,,,30,170
383000225,평일,20,06:30,22:10,,,25,125
383000225,토요일,19,06:30,22:10,,,25,125
383000225,공휴일,19,06:30,22:10,,,25,125
383000226,평일,1,07:40,07:40,,,0,0
383000232,토요일,27,05:10,22:20,,,3,148
383000232,공휴일,27,05:10,22:20,,,3,148
383000232,평일,24,05:10,20:12,,,6,122
383000233,공휴일,13,07:51,23:15,,,12,216
383000233,토요일,13,07:51,23:15,,,12,216
383000233,평일,17,08:03,23:15,,,12,156
383000239,토요일,6,08:36,18:25,,,60,205
383000239,공휴일,6,08:36,18:25,,,60,205
383000239,평일,14,06:10,19:00,,,19,205
383000240,평일,22,06:15,21:51,,,10,205
383000240,토요일,19,06:15,21:51,,,10,205
383000240,공휴일,19,06:15,21:51,,,10,205
383000241,평일,7,08:15,20:03,,,48,216
383000241,토요일,7,08:15,20:03,,,48,216
383000241,공휴일,7,08:15,20:03,,,48,216
383000242,평일,7,05:31,19:19,,,61,204
383000242,공휴일,7,05:31,19:19,,,61,204
383000242,토요일,7,05:31,19:19,,,61,204
383000243,평일,9,06:30,18:36,,,36,177
383000243,토요일,8,09:48,21:10,,,36,177
383000243,공휴일,8,09:48,21:10,,,36,177
383000244,평일,10,08:39,16:39,,,8,108
383000244,토요일,10,08:44,18:39,,,12,144
383000244,공휴일,10,08:44,18:39,,,12,144
383000246,평일,3,08:27,18:06,,,241,338
383000246,토요일,2,08:27,14:05,,,338,338
383000246,공휴일,2,08:27,14:05,,,338,338
383000247,평일,1,07:25,07:25,,,0,0
383000247,토요일,1,07:25,07:25,,,0,0
383000247,공휴일,1,07:25,07:25,,,0,0
383000248,평일,1,07:45,07:45,,,0,0
383000250,토요일,1,18:25,18:25,,,0,0
383000250,공휴일,1,18:25,18:25,,,0,0
383000250,평일,2,18:25,19:55,,,90,90
383000251,평일,2,17:30,19:00,,,90,90
383000251,토요일,1,17:30,17:30,,,0,0
383000251,공휴일,1,17:30,17:30,,,0,0
383000252,평일,10,09:05,22:12,,,25,214
383000252,토요일,8,09:05,20:41,,,48,214
383000252,공휴일,8,09:05,20:41,,,48,214
383000253,평일,18,05:14,19:56,,,8,105
383000253,토요일,15,05:14,20:05,,,9,170
383000253,공휴일,15,05:14,20:05,,,9,170
383000254,평일,2,10:45,10:55,,,10,10
383000254,토요일,2,10:45,10:55,,,10,10
383000254,공휴일,2,10:45,10:55,,,10,10
383000255,평일,1,19:20,19:20,,,0,0
383000261,공휴일,11,08:10,20:13,,,10,190
383000261,토요일,11,08:10,20:13,,,10,190
383000261,평일,11,08:10,20:13,,,10,190
383000262,토요일,14,06:25,20:55,,,8,240
383000262,평일,14,08:10,20:55,,,10,240
383000262,공휴일,14,06:25,20:55,,,8,240
383000263,평일,1,07:45,07:45,,,0,0
383000265,토요일,25,05:43,19:55,,,5,79
383000265,공휴일,25,05:43,19:55,,,5,79
383000265,평일,24,05:43,19:55,,,5,84
383000266,평일,28,08:00,21:35,,,5,95
383000266,토요일,24,08:15,21:35,,,0,105
383000266,공휴일,24,08:15,21:35,,,0,105
383000267,평일,21,06:40,22:10,,,10,111
383000267,토요일,20,06:45,22:10,,,10,111
383000267,공휴일,20,06:45,22:10,,,10,111
383000268,평일,17,06:40,22:55,,,10,145
383000268,토요일,15,07:00,22:55,,,15,145
383000268,공휴일,15,07:00,22:55,,,15,145
383000271,공휴일,4,07:25,18:10,,,100,290
383000271,토요일,4,07:25,18:10,,,100,290
383000271,평일,5,07:25,18:10,,,100,290
383000272,평일,1,07:30,07:30,,,0,0
383000272,토요일,1,07:30,07:30,,,0,0
383000272,공휴일,1,07:30,07:30,,,0,0
383000273,토요일,1,08:30,08:30,,,0,0
383000273,공휴일,1,08:30,08:30,,,0,0
383000273,평일,1,08:30,08:30,,,0,0
383000276,평일,5,10:25,17:40,,,80,180
383000276,토요일,4,10:25,16:10,,,80,180
383000276,공휴일,4,10:25,16:10,,,80,180
383000277,평일,5,09:00,16:10,,,70,180
383000277,토요일,4,09:00,14:35,,,73,177
383000277,공휴일,4,09:00,14:35,,,73,177
383000280,평일,1,07:25,07:25,,,0,0
383000280,토요일,1,07:25,07:25,,,0,0
383000280,공휴일,1,07:25,07:25,,,0,0
383000287,공휴일,4,06:05,17:55,,,180,265
383000287,토요일,4,06:05,17:55,,,180,265
383000287,평일,4,06:05,17:55,,,180,265
383000289,평일,5,07:25,19:38,,,15,474
383000290,공휴일,8,05:53,15:10,,,21,108
383000290,평일,8,05:53,15:10,,,21,108
383000290,토요일,8,05:53,15:10,,,21,108
383000292,공휴일,9,06:20,23:15,,,39,273
383000292,토요일,9,06:20,23:15,,,39,273
383000292,평일,10,06:20,23:15,,,21,386
383000293,평일,2,19:21,22:30,,,189,189
383000293,토요일,4,09:25,22:30,,,189,399
383000293,공휴일,4,09:25,22:30,,,189,399
383000294,평일,1,20:30,20:30,,,0,0
383000296,평일,1,07:30,07:30,,,0,0
383000296,토요일,1,07:30,07:30,,,0,0
383000296,공휴일,1,07:30,07:30,,,0,0
383000305,공휴일,21,05:00,20:40,,,25,80
383000305,토요일,21,05:00,20:40,,,25,80
383000305,평일,21,05:00,20:40,,,25,80
383000306,평일,21,06:00,21:40,,,30,80
383000306,토요일,21,06:00,21:40,,,30,80
383000306,공휴일,21,06:00,21:40,,,30,80
383000307,평일,9,06:40,19:05,,,40,185
383000307,토요일,9,06:40,19:05,,,40,185
383000307,공휴일,9,06:40,19:05,,,40,185
383000308,평일,9,05:00,19:05,,,40,235
383000308,토요일,9,05:00,19:05,,,40,235
383000308,공휴일,9,05:00,19:05,,,40,235
383000311,공휴일,7,05:30,20:00,,,30,260
383000311,토요일,7,05:30,20:00,,,30,260
383000311,평일,7,05:30,20:00,,,30,260
383000312,평일,5,06:35,18:10,,,135,225
383000312,토요일,5,06:35,18:10,,,135,225
383000312,공휴일,5,06:35,18:10,,,135,225
383000313,평일,1,13:25,13:25,,,0,0
383000313,토요일,1,13:25,13:25,,,0,0
383000313,공휴일,1,13:25,13:25,,,0,0
383000315,평일,11,06:30,19:15,,,5,165
383000315,토요일,12,06:10,19:15,,,5,165
383000315,공휴일,12,06:10,19:15,,,5,165
383000316,평일,14,05:25,21:20,,,5,340
383000316,토요일,14,05:25,21:20,,,5,340
383000316,공휴일,14,05:25,21:20,,,5,340
383000319,공휴일,4,07:50,17:45,,,35,515
383000319,토요일,4,07:50,17:45,,,35,515
383000319,평일,4,07:50,17:45,,,35,515
383000320,평일,4,07:45,17:05,,,45,260
383000320,토요일,4,07:45,17:05,,,45,260
383000320,공휴일,4,07:45,17:05,,,45,260
383000324,평일,1,12:45,12:45,,,0,0
383000324,토요일,1,12:45,12:45,,,0,0
383000324,공휴일,1,12:45,12:45,,,0,0
383000326,공휴일,1,06:50,06:50,,,0,0
383000326,토요일,1,06:50,06:50,,,0,0
383000326,평일,1,06:50,06:50,,,0,0
383000327,평일,3,08:00,17:25,,,85,480
383000327,토요일,3,08:00,17:25,,,85,480
383000327,공휴일,3,08:00,17:25,,,85,480
383000328,평일,1,08:45,08:45,,,0,0
383000328,토요일,1,08:45,08:45,,,0,0
383000328,공휴일,1,08:45,08:45,,,0,0
383000329,토요일,4,08:00,18:15,,,160,285
383000329,평일,4,08:00,18:15,,,160,285
383000329,공휴일,4,08:00,18:15,,,160,285
383000330,평일,5,07:00,19:10,,,120,285
383000330,토요일,5,07:00,19:10,,,120,285
383000330,공휴일,5,07:00,19:10,,,120,285
383000335,평일,9,07:10,21:10,,,20,180
383000335,토요일,9,07:10,21:10,,,20,180
383000335,공휴일,9,07:10,21:10,,,20,180
383000336,평일,2,05:20,08:05,,,165,165
383000336,토요일,2,05:20,08:05,,,165,165
383000336,공휴일,2,05:20,08:05,,,165,165
383000337,공휴일,8,05:40,18:20,,,45,220
383000337,토요일,8,05:40,18:20,,,45,220
383000337,평일,8,05:40,18:20,,,45,220
383000338,평일,12,06:55,21:45,,,45,150
383000338,토요일,12,06:55,21:45,,,45,150
383000338,공휴일,12,06:55,21:45,,,45,150
383000339,토요일,1,09:20,09:20,,,0,0
383000339,평일,1,09:20,09:20,,,0,0
383000339,공휴일,1,09:20,09:20,,,0,0
383000340,평일,4,06:05,19:25,,,155,405
383000340,토요일,4,06:05,19:25,,,155,405
383000340,공휴일,4,06:05,19:25,,,155,405
383000341,공휴일,2,06:50,07:10,,,20,20
383000341,토요일,2,06:50,07:10,,,20,20
383000341,평일,2,06:50,07:10,,,20,20
383000342,평일,1,08:15,08:15,,,0,0
383000342,토요일,1,08:15,08:15,,,0,0
383000342,공휴일,1,08:15,08:15,,,0,0
383000345,평일,8,06:30,20:15,,,45,200
383000345,토요일,8,06:30,20:15,,,45,200
383000345,공휴일,8,06:30,20:15,,,45,200
383000346,평일,10,06:50,21:20,,,65,155
383000346,토요일,10,06:50,21:20,,,65,155
383000346,공휴일,10,06:50,21:20,,,65,155
383000348,평일,4,08:50,14:50,,,120,120
383000348,토요일,4,08:50,14:50,,,120,120
383000348,공휴일,4,08:50,14:50,,,120,120
383000352,공휴일,4,10:30,17:05,,,80,215
383000352,토요일,4,10:30,17:05,,,80,215
383000352,평일,4,10:30,17:05,,,80,215
383000354,평일,3,06:40,14:30,,,150,320
383000354,토요일,3,06:40,14:30,,,150,320
383000354,공휴일,3,06:40,14:30,,,150,320
383000356,평일,7,06:00,15:40,,,40,165
383000356,토요일,7,06:00,15:40,,,40,165
383000356,공휴일,7,06:00,15:40,,,40,165
383000360,공휴일,4,10:10,21:00,,,180,280
383000360,토요일,4,10:10,21:00,,,180,280
383000360,평일,4,10:10,21:00,,,180,280
383000367,평일,9,06:25,20:52,,,45,162
383000367,토요일,9,06:25,20:52,,,45,162
383000367,공휴일,9,06:25,20:52,,,45,162
383000372,평일,15,05:00,21:10,,,555,555
383000372,공휴일,15,05:00,21:10,,,60,240
383000372,토요일,15,05:00,21:10,,,20,110
383000373,평일,15,05:35,22:00,,,555,555
383000373,공휴일,15,05:35,22:00,,,60,240
383000373,토요일,15,05:35,22:00,,,20,110
383000375,공휴일,12,05:59,21:40,,,20,195
383000375,평일,12,05:59,21:40,,,20,195
383000375,토요일,12,05:59,21:40,,,20,195
383000379,공휴일,4,07:50,17:10,,,60,240
383000379,토요일,4,07:50,17:10,,,560,560
383000379,평일,4,07:50,17:10,,,555,555
383000380,평일,4,08:50,18:05,,,555,555
383000380,토요일,4,08:50,18:05,,,555,555
383000380,공휴일,4,08:50,18:05,,,60,240
383000389,평일,2,09:30,09:55,,,25,25
383000389,토요일,3,09:30,13:27,,,25,212
383000389,공휴일,3,09:30,13:27,,,25,212
383000395,평일,1,08:44,08:44,,,0,0
383000395,토요일,1,08:44,08:44,,,0,0
383000395,공휴일,1,08:44,08:44,,,0,0
383000398,평일,8,05:25,19:13,,,55,242
383000398,토요일,8,05:25,19:13,,,55,242
383000398,공휴일,8,05:25,19:13,,,55,242
383000401,평일,4,07:55,19:50,,,70,360
383000401,토요일,5,07:55,19:50,,,70,360
383000401,공휴일,5,07:55,19:50,,,70,360
383000402,평일,13,06:15,20:45,,,20,125
383000402,토요일,16,05:40,20:45,,,20,125
383000402,공휴일,16,05:40,20:45,,,20,125
383000407,평일,1,07:40,07:40,,,0,0
383000408,평일,8,06:36,18:23,,,20,159
383000408,공휴일,8,06:36,18:23,,,20,159
383000408,토요일,8,06:36,18:23,,,20,159
383000409,공휴일,8,05:56,17:43,,,21,161
383000409,토요일,8,05:56,17:43,,,21,161
383000409,평일,8,05:56,17:43,,,21,161
383000415,공휴일,7,08:35,18:30,,,75,140
383000415,토요일,7,08:35,18:30,,,75,140
383000415,평일,7,08:35,18:30,,,75,140
383000416,공휴일,7,07:20,19:45,,,20,205
383000416,토요일,7,07:20,19:45,,,20,205
383000416,평일,7,07:20,19:45,,,20,205
383000420,평일,2,10:10,14:20,,,250,250
383000420,공휴일,2,10:10,14:20,,,250,250
383000420,토요일,2,10:10,14:20,,,250,250
383000421,평일,9,07:25,18:25,,,20,180
383000421,토요일,9,07:25,18:25,,,20,180
383000421,공휴일,9,07:25,18:25,,,20,180
383000423,평일,5,07:40,22:40,,,26,608
383000423,토요일,3,07:36,16:36,,,229,311
383000423,공휴일,3,07:36,16:36,,,229,311
383000426,평일,2,16:05,17:29,,,84,84
383000428,평일,1,07:20,07:20,,,0,0
383000430,평일,1,07:00,07:00,,,0,0
383000431,평일,1,07:15,07:15,,,0,0
383000431,토요일,1,17:39,17:39,,,0,0
383000431,공휴일,1,17:39,17:39,,,0,0
383000433,평일,1,07:35,07:35,,,0,0
383000440,공휴일,2,16:40,17:10,,,30,30
383000440,토요일,2,16:40,17:10,,,30,30
383000440,평일,2,16:40,17:10,,,30,30
383000441,평일,2,07:50,17:20,,,570,570
383000442,평일,2,16:43,16:55,,,12,12
383000443,평일,1,18:19,18:19,,,0,0
383000446,평일,1,07:35,07:35,,,0,0
383000446,토요일,10,07:35,18:45,,,50,130
383000446,공휴일,10,07:35,18:45,,,60,240
383000447,평일,3,16:40,18:10,,,20,70
383000447,토요일,7,08:37,18:37,,,60,240
383000447,공휴일,7,08:37,18:37,,,60,240
383000448,평일,1,20:50,20:50,,,0,0
383000454,토요일,1,14:40,14:40,,,0,0
383000454,공휴일,1,14:40,14:40,,,0,0
383000455,공휴일,7,06:00,21:00,,,15,275
383000455,평일,9,06:00,21:00,,,15,270
383000455,토요일,7,06:00,21:00,,,15,275
383000461,평일,7,05:25,18:20,,,50,210
383000461,토요일,7,05:25,18:20,,,50,205
383000461,공휴일,7,05:25,18:20,,,50,205
383000462,평일,7,04:40,17:30,,,50,210
383000462,토요일,7,04:40,17:30,,,53,210
383000462,공휴일,7,04:40,17:30,,,53,210
383000467,평일,4,05:50,13:00,,,67,290
383000467,토요일,4,05:50,13:00,,,67,290
383000467,공휴일,4,05:50,13:00,,,67,290
383000468,평일,6,06:35,17:25,,,55,270
383000468,토요일,6,06:35,17:25,,,55,270
383000468,공휴일,6,06:35,17:25,,,55,270
383000475,평일,2,07:30,07:40,,,10,10
383000475,토요일,1,07:40,07:40,,,0,0
383000475,공휴일,1,07:40,07:40,,,0,0
383000477,평일,2,07:35,07:45,,,10,10
383000482,평일,6,07:50,17:55,,,115,130
383000482,토요일,6,07:50,17:55,,,115,130
383000482,공휴일,6,07:50,17:55,,,115,130
383000484,평일,4,05:50,17:20,,,160,300
383000484,토요일,4,05:50,17:20,,,160,300
383000484,공휴일,4,05:50,17:20,,,160,300
383000486,토요일,5,06:40,21:50,,,130,350
383000486,공휴일,5,06:40,21:50,,,130,350
383000486,평일,5,06:40,21:50,,,130,350
383000487,평일,5,09:40,19:20,,,60,220
383000487,토요일,5,09:40,19:20,,,60,220
383000487,공휴일,5,09:40,19:20,,,60,220
383000488,평일,4,07:20,21:10,,,210,380
383000488,공휴일,4,07:20,21:10,,,210,380
383000488,토요일,4,07:20,21:10,,,210,380
383000489,토요일,5,09:20,20:10,,,80,195
383000489,공휴일,5,09:20,20:10,,,80,195
383000489,평일,5,09:20,20:10,,,80,195
383000493,평일,4,08:10,16:35,,,10,435
383000493,토요일,1,08:20,08:20,,,0,0
383000493,공휴일,1,08:20,08:20,,,0,0
383000495,평일,8,05:30,17:21,,,48,120
383000495,토요일,8,05:30,17:21,,,48,120
383000495,공휴일,8,05:30,17:21,,,48,120
383000498,평일,4,06:25,18:05,,,180,285
383000498,토요일,4,06:25,18:05,,,180,285
383000498,공휴일,4,06:25,18:05,,,180,285
383000499,공휴일,3,07:10,19:00,,,280,430
383000499,토요일,3,07:10,19:00,,,280,430
383000499,평일,3,07:10,19:00,,,280,430
383000503,평일,3,13:50,20:20,,,150,240
383000503,토요일,3,13:50,20:20,,,150,240
383000503,공휴일,3,13:50,20:20,,,150,240
383000504,평일,2,19:21,21:45,,,144,144
383000504,토요일,2,19:21,21:45,,,144,144
383000504,공휴일,2,19:21,21:45,,,144,144
383000505,평일,3,08:05,09:20,,,10,65
383000505,토요일,2,08:05,09:20,,,75,75
383000505,공휴일,2,08:05,09:20,,,75,75
383000506,평일,2,10:10,18:05,,,475,475
383000506,토요일,2,10:10,18:05,,,475,475
383000506,공휴일,2,10:10,18:05,,,475,475
383000507,평일,1,11:10,11:10,,,0,0
383000507,토요일,1,11:10,11:10,,,0,0
383000507,공휴일,1,11:10,11:10,,,0,0
383000509,평일,1,16:25,16:25,,,0,0
383000509,토요일,1,16:25,16:25,,,0,0
383000509,공휴일,1,16:25,16:25,,,0,0
383000510,평일,9,10:10,22:00,,,30,165
383000510,토요일,9,10:10,22:00,,,30,165
383000510,공휴일,9,10:10,22:00,,,30,165
383000511,평일,4,11:55,20:20,,,120,385
383000511,토요일,4,11:55,20:20,,,120,385
383000511,공휴일,4,11:55,20:20,,,120,385
383000513,평일,2,18:10,21:10,,,180,180
383000513,토요일,2,18:10,21:10,,,180,180
383000513,공휴일,2,18:10,21:10,,,180,180
383000515,토요일,6,09:55,22:34,,,20,425
383000515,공휴일,6,09:55,22:34,,,20,425
383000515,평일,6,09:55,22:40,,,20,425
383000516,공휴일,1,22:00,22:00,,,0,0
383000516,토요일,1,22:00,22:00,,,0,0
383000516,평일,1,22:00,22:00,,,0,0
383000517,평일,5,12:10,22:30,,,80,270
383000517,공휴일,5,12:10,22:30,,,80,270
383000517,토요일,5,12:10,22:30,,,80,270
383000518,평일,3,12:30,21:55,,,200,365
383000518,공휴일,3,12:30,21:55,,,200,365
383000518,토요일,3,12:30,21:55,,,200,365
383000519,평일,3,19:40,22:35,,,45,130
383000519,토요일,3,19:40,22:35,,,45,130
383000519,공휴일,3,19:40,22:35,,,45,130
383000522,매일,1,08:00,08:00,,,0,0
383000523,매일,1,09:15,09:15,,,0,0
383000524,매일,2,11:15,16:25,,,310,310
383000525,매일,1,14:15,14:15,,,0,0
383000526,매일,2,09:25,14:35,,,310,310
383000527,매일,3,07:35,16:05,,,190,320
383000528,매일,3,08:50,14:50,,,130,230
383000533,매일,4,09:15,16:12,,,100,180
383000534,매일,4,07:20,15:40,,,130,210
383000535,매일,4,08:10,16:20,,,130,200
383000536,매일,5,06:55,15:30,,,85,180
383000537,평일,10,05:20,17:20,,,40,340
383000537,토요일,10,05:20,17:20,,,40,340
383000537,공휴일,10,05:20,17:20,,,40,340
383000538,평일,8,07:20,20:50,,,10,235
383000538,공휴일,7,07:40,20:50,,,15,200
383000538,토요일,7,07:40,20:50,,,15,200
383000539,공휴일,6,06:25,20:31,,,140,240
383000539,토요일,6,06:25,20:31,,,140,240
383000539,평일,7,06:31,20:31,,,59,240
383000540,공휴일,3,05:20,21:20,,,295,665
383000540,평일,5,05:20,21:20,,,40,565
383000540,토요일,3,05:20,21:20,,,295,665
383000542,토요일,1,07:35,07:35,,,0,0
383000542,공휴일,1,07:35,07:35,,,0,0
383000542,평일,2,07:35,19:18,,,703,703
383000543,평일,12,06:25,21:10,,,50,140
383000543,토요일,12,06:25,21:10,,,50,140
383000543,공휴일,12,06:25,21:10,,,50,140
383000544,토요일,9,05:30,20:00,,,40,200
383000544,공휴일,9,05:30,20:00,,,40,200
383000544,평일,9,05:30,20:00,,,40,200
383000545,평일,10,06:10,19:45,,,25,190
383000545,토요일,10,06:10,19:45,,,25,190
383000545,공휴일,10,06:10,19:45,,,25,190
383000546,평일,8,07:00,20:55,,,66,289
383000546,토요일,9,07:00,20:55,,,66,192
383000546,공휴일,9,07:00,20:55,,,66,192
383000547,평일,3,09:10,17:15,,,230,255
383000547,토요일,3,09:10,17:15,,,230,255
383000547,공휴일,3,09:10,17:15,,,230,255
383000548,평일,7,06:48,16:05,,,21,150
383000548,공휴일,7,06:48,16:05,,,21,150
383000548,토요일,7,06:48,16:05,,,21,150
383000549,평일,20,05:30,22:00,,,30,75
383000549,토요일,20,05:30,22:00,,,30,75
383000549,공휴일,20,05:30,22:00,,,30,75
383000550,평일,20,05:00,21:00,,,20,75
383000550,토요일,20,05:00,21:00,,,60,240
383000550,공휴일,20,05:00,21:00,,,555,555
383000551,평일,4,13:44,22:05,,,81,221
383000551,토요일,4,13:44,22:05,,,81,221
383000551,공휴일,4,13:44,22:05,,,81,221
383000552,평일,5,07:15,21:15,,,86,334
383000552,토요일,5,07:15,21:15,,,86,334
383000552,공휴일,5,07:15,21:15,,,86,334
383000553,평일,4,09:20,20:05,,,40,525
383000553,토요일,3,09:20,20:05,,,40,605
383000553,공휴일,3,09:20,20:05,,,40,605
383000554,토요일,11,08:45,16:15,,,15,100
383000554,공휴일,11,08:45,16:15,,,15,100
383000554,평일,13,08:45,16:30,,,15,100
383000555,평일,2,06:50,20:25,,,815,815
383000555,토요일,2,06:50,20:25,,,815,815
383000555,공휴일,2,06:50,20:25,,,815,815
383000556,평일,1,07:40,07:40,,,0,0
383000556,토요일,1,07:40,07:40,,,0,0
383000556,공휴일,1,07:40,07:40,,,0,0
383000557,토요일,14,08:10,23:05,,,5,130
383000557,평일,15,08:05,23:05,,,5,135
383000557,공휴일,14,08:10,23:05,,,5,130
383000558,평일,6,05:15,16:20,,,10,405
383000558,토요일,5,05:15,12:30,,,5,295
383000558,공휴일,5,05:15,12:30,,,5,295
383000561,평일,1,05:00,05:00,,,0,0
383000561,토요일,1,05:00,05:00,,,0,0
383000561,공휴일,1,05:00,05:00,,,0,0
383000562,공휴일,2,13:45,21:52,,,487,487
383000562,평일,2,13:45,21:52,,,487,487
383000562,토요일,2,13:45,21:52,,,487,487
383000563,공휴일,2,06:00,14:57,,,537,537
383000563,토요일,2,06:00,14:57,,,537,537
383000563,평일,3,06:00,18:58,,,241,537
383000564,평일,1,05:05,05:05,,,0,0
383000564,토요일,1,05:05,05:05,,,0,0
383000564,공휴일,1,05:05,05:05,,,0,0
383000565,평일,3,05:40,08:00,,,10,130
383000565,토요일,2,05:40,07:50,,,130,130
383000565,공휴일,2,05:40,07:50,,,130,130
383000566,평일,1,05:05,05:05,,,0,0
383000566,토요일,1,05:05,05:05,,,0,0
383000566,공휴일,1,05:05,05:05,,,0,0
383000567,평일,1,05:15,05:15,,,0,0
383000567,토요일,1,05:15,05:15,,,0,0
383000567,공휴일,1,05:15,05:15,,,0,0
383000568,평일,3,05:00,07:00,,,35,85
383000568,토요일,3,05:00,07:00,,,35,85
383000568,공휴일,3,05:00,07:00,,,35,85
383000569,공휴일,2,05:20,06:15,,,55,55
383000569,평일,2,05:20,06:15,,,55,55
383000569,토요일,2,05:20,06:15,,,55,55
383000570,공휴일,1,06:30,06:30,,,0,0
383000570,평일,1,06:30,06:30,,,0,0
383000570,토요일,1,06:30,06:30,,,0,0
383000571,평일,1,06:00,06:00,,,0,0
383000571,토요일,1,06:00,06:00,,,0,0
383000571,공휴일,1,06:00,06:00,,,0,0
383000573,평일,1,05:35,05:35,,,0,0
383000573,토요일,1,05:35,05:35,,,0,0
383000573,공휴일,1,05:35,05:35,,,0,0
383000574,평일,1,05:00,05:00,,,0,0
383000574,공휴일,1,05:00,05:00,,,0,0
383000574,토요일,1,05:00,05:00,,,0,0
383000594,매일,6,06:50,15:10,,,70,140
383000595,매일,1,08:00,08:00,,,0,0
383000596,평일,3,07:22,07:42,,,10,10
383000598,평일,2,16:50,18:50,,,120,120
383000598,토요일,2,16:50,18:50,,,120,120
383000598,공휴일,2,16:50,18:50,,,120,120
383000600,평일,1,20:10,20:10,,,0,0
383000600,토요일,1,20:10,20:10,,,0,0
383000600,공휴일,1,20:10,20:10,,,0,0
383000602,공휴일,1,08:10,08:10,,,0,0
383000602,토요일,1,08:10,08:10,,,0,0
383000602,평일,1,08:10,08:10,,,0,0
383000603,평일,1,10:50,10:50,,,0,0
383000603,토요일,1,10:50,10:50,,,60,240
383000603,공휴일,1,10:50,10:50,,,555,555
383000604,공휴일,1,07:30,07:30,,,0,0
383000604,평일,1,07:30,07:30,,,0,0
383000604,토요일,1,07:30,07:30,,,0,0
383000605,평일,3,09:15,19:25,,,295,315
383000605,토요일,3,09:15,19:25,,,295,315
383000605,공휴일,3,09:15,19:25,,,295,315
383000606,토요일,3,07:30,13:30,,,70,290
383000606,공휴일,3,07:30,13:30,,,70,290
383000606,평일,3,07:30,13:30,,,70,290
383000607,평일,1,05:30,05:30,,,0,0
383000607,토요일,1,05:30,05:30,,,0,0
383000607,공휴일,1,05:30,05:30,,,0,0
383000608,평일,5,10:40,18:00,,,55,260
383000608,토요일,5,10:40,22:10,,,55,260
383000608,공휴일,5,10:40,22:10,,,55,260
383000610,평일,1,07:40,07:40,,,0,0
383000611,평일,3,06:55,07:35,,,5,35
383000612,평일,4,07:50,17:45,,,35,515
383000612,공휴일,4,07:50,17:45,,,35,515
383000612,토요일,4,07:50,17:45,,,35,515
383000613,평일,1,08:15,08:15,,,0,0
383000613,토요일,1,08:15,08:15,,,0,0
383000613,공휴일,1,08:15,08:15,,,0,0
389000001,매일,1,06:50,06:50,,,0,0
389000002,매일,1,07:30,07:30,,,0,0
389000003,매일,1,08:30,08:30,08:53,08:53,0,0
389000004,매일,1,09:20,09:20,,,0,0
389000005,매일,2,10:00,17:00,,,420,420
389000006,매일,1,12:40,12:40,,,0,0
389000007,매일,1,12:40,12:40,,,0,0
389000008,매일,1,13:50,13:50,,,0,0
389000009,매일,1,14:10,14:10,,,0,0
389000010,매일,5,07:35,18:00,07:50,18:20,65,280
389000011,매일,1,17:30,17:30,,,0,0
389000012,매일,3,11:00,18:20,,,210,230
389000013,매일,1,07:00,07:00,,,0,0
389000014,매일,2,08:30,19:20,,,650,650
389000015,매일,1,10:00,10:00,,,0,0
389000016,매일,1,11:20,11:20,,,0,0
389000017,매일,1,13:00,13:00,,,0,0
389000018,매일,1,13:00,13:00,,,0,0
389000019,매일,2,12:20,15:30,,,190,190
389000020,매일,1,17:15,17:15,,,0,0
389000021,매일,2,06:40,15:10,,,510,510
389000022,매일,2,06:55,15:25,,,510,510
389000023,매일,4,07:10,17:00,,,150,260
389000024,매일,1,07:10,07:10,,,0,0
389000025,매일,1,07:30,07:30,,,0,0
389000026,매일,1,07:30,07:30,,,0,0
389000027,매일,2,08:00,13:10,,,310,310
389000028,매일,1,08:40,08:40,,,0,0
389000029,매일,1,08:40,08:40,,,0,0
389000030,매일,1,10:40,10:40,,,0,0
389000031,매일,2,07:50,14:00,,,370,370
389000032,매일,1,14:00,14:00,,,0,0
389000033,매일,2,08:40,14:40,,,360,360
389000034,매일,1,15:40,15:40,,,0,0
389000035,매일,1,16:25,16:25,,,0,0
389000036,매일,1,18:30,18:30,,,0,0
389000037,매일,1,06:45,06:45,,,0,0
389000038,매일,1,08:40,08:40,,,0,0
389000039,매일,1,09:30,09:30,,,0,0
389000040,매일,1,11:20,11:20,,,0,0
389000041,매일,2,12:10,14:30,,,140,140
389000042,매일,1,14:30,14:30,,,0,0
389000043,매일,1,15:10,15:10,,,0,0
389000044,매일,1,16:00,16:00,,,0,0
389000045,매일,3,11:55,17:30,,,155,180
389000046,매일,9,06:40,16:00,,,20,120
389000047,매일,7,07:30,19:00,,,30,510
389000048,매일,6,09:00,15:00,,,60,120
389000049,매일,2,06:45,10:30,,,225,225
389000050,매일,1,08:00,08:00,,,0,0
389000051,매일,2,08:20,16:05,,,465,465
389000052,매일,2,08:40,15:00,,,380,380
389000053,매일,2,08:55,15:15,,,380,380
389000054,매일,1,09:10,09:10,,,0,0
389000055,매일,1,09:30,09:30,,,0,0
389000056,매일,2,14:00,18:20,,,260,260
389000057,매일,1,15:50,15:50,,,0,0
389000058,매일,1,16:30,16:30,,,0,0
389000059,매일,1,17:00,17:00,,,0,0
389000060,매일,1,06:20,06:20,,,0,0
389000061,매일,1,06:50,06:50,,,0,0
389000062,매일,1,07:50,07:50,,,0,0
389000063,매일,1,08:40,08:40,,,0,0
389000066,매일,1,13:00,13:00,,,0,0
389000068,매일,1,18:10,18:10,,,0,0
389000070,매일,1,06:30,06:30,,,0,0
389000071,매일,4,07:30,17:30,,,180,210
389000072,매일,1,08:40,08:40,,,0,0
389000073,매일,1,09:40,09:40,,,0,0
389000076,매일,1,15:05,15:05,,,0,0
389000077,매일,1,17:00,17:00,,,0,0
389000078,매일,2,18:00,19:40,,,100,100
389000079,매일,1,19:00,19:00,,,0,0
389000080,매일,1,06:45,06:45,,,0,0
389000081,매일,1,07:15,07:15,,,0,0
389000082,매일,1,08:30,08:30,,,0,0
389000083,매일,1,09:05,09:05,,,0,0
389000084,매일,1,10:10,10:10,,,0,0
389000085,매일,1,11:00,11:00,,,0,0
389000086,매일,1,09:50,09:50,,,0,0
389000093,매일,1,17:00,17:00,,,0,0
389000094,매일,1,18:30,18:30,,,0,0
389000095,매일,1,15:00,15:00,,,0,0
389000096,매일,1,16:30,16:30,,,0,0
389000097,매일,1,11:30,11:30,,,0,0
390000001,토요일,6,07:00,19:45,,,70,230
390000001,공휴일,6,07:00,19:45,,,70,230
390000001,평일,6,07:00,19:45,,,70,230
390000002,평일,3,07:10,18:10,,,230,430
390000002,토요일,3,07:10,18:10,,,230,430
390000002,공휴일,3,07:10,18:10,,,230,430
390000004,공휴일,1,15:00,15:00,,,0,0
390000004,토요일,1,15:00,15:00,,,0,0
390000004,평일,1,15:00,15:00,,,0,0
390000005,공휴일,2,11:30,15:20,,,230,230
390000005,토요일,2,11:30,15:20,,,230,230
390000005,평일,2,11:30,15:20,,,230,230
390000006,공휴일,1,07:35,07:35,,,0,0
390000006,토요일,1,07:35,07:35,,,0,0
390000006,평일,1,07:35,07:35,,,0,0
390000007,평일,2,17:40,19:00,,,80,80
390000007,공휴일,2,17:40,19:00,,,80,80
390000007,토요일,2,17:40,19:00,,,80,80
390000009,평일,2,07:40,10:40,,,180,180
390000009,공휴일,2,07:40,10:40,,,180,180
390000009,토요일,2,07:40,10:40,,,180,180
390000010,토요일,1,13:50,13:50,,,0,0
390000010,평일,1,13:50,13:50,,,0,0
390000010,공휴일,1,13:50,13:50,,,0,0
390000011,평일,4,09:20,19:30,,,40,530
390000011,토요일,4,09:20,19:30,,,40,530
390000011,공휴일,4,09:20,19:30,,,40,530
390000012,평일,1,16:30,16:30,,,0,0
390000012,토요일,1,16:30,16:30,,,0,0
390000012,공휴일,1,16:30,16:30,,,0,0
390000013,평일,1,14:00,14:00,,,0,0
390000013,토요일,1,14:00,14:00,,,0,0
390000013,공휴일,1,14:00,14:00,,,0,0
390000014,공휴일,2,10:40,16:50,11:10,17:20,370,370
390000014,토요일,2,10:40,16:50,11:10,17:20,370,370
390000014,평일,2,10:40,16:50,11:10,17:20,370,370
390000015,공휴일,1,08:00,08:00,,,0,0
390000015,토요일,1,08:00,08:00,,,0,0
390000015,평일,1,08:00,08:00,,,0,0
390000017,공휴일,2,13:10,17:40,,,270,270
390000017,토요일,2,13:10,17:40,,,270,270
390000017,평일,2,13:10,17:40,,,270,270
390000018,공휴일,2,12:00,18:10,12:30,18:35,370,370
390000018,평일,2,12:00,18:10,12:30,18:35,370,370
390000018,토요일,2,12:00,18:10,12:30,18:35,370,370
390000019,평일,1,07:00,07:00,,,0,0
390000019,토요일,1,07:00,07:00,,,0,0
390000019,공휴일,1,07:00,07:00,,,0,0
390000020,평일,2,06:40,08:20,,,100,100
390000020,토요일,2,06:40,08:20,,,100,100
390000020,공휴일,2,06:40,08:20,,,100,100
390000021,토요일,7,09:20,20:30,10:00,21:00,70,180
390000021,평일,7,09:20,20:30,10:00,21:00,70,180
390000021,공휴일,7,09:20,20:30,10:00,21:00,70,180
390000022,공휴일,1,13:40,13:40,,,0,0
390000022,토요일,1,13:40,13:40,,,0,0
390000022,평일,1,13:40,13:40,,,0,0
390000023,공휴일,1,06:55,06:55,,,0,0
390000023,토요일,1,06:55,06:55,,,0,0
390000023,평일,1,06:55,06:55,,,0,0
390000024,평일,3,10:50,17:50,,,200,220
390000024,토요일,3,10:50,17:50,,,200,220
390000024,공휴일,3,10:50,17:50,,,200,220
390000025,토요일,1,20:20,20:20,20:45,20:45,0,0
390000025,공휴일,1,20:20,20:20,20:45,20:45,0,0
390000025,평일,1,20:20,20:20,20:45,20:45,0,0
390000026,평일,1,16:50,16:50,,,0,0
390000026,토요일,1,16:50,16:50,,,0,0
390000026,공휴일,1,16:50,16:50,,,0,0
390000029,공휴일,4,09:30,19:15,09:55,19:40,155,220
390000029,평일,4,09:30,19:15,09:55,19:40,155,220
390000029,토요일,4,09:30,19:15,09:55,19:40,155,220
390000030,평일,3,09:00,16:20,09:15,16:35,210,230
390000030,토요일,3,09:00,16:20,09:15,16:35,210,230
390000030,공휴일,3,09:00,16:20,09:15,16:35,210,230
390000031,평일,3,06:30,19:10,06:40,19:25,370,390
390000031,토요일,3,06:30,19:10,06:40,19:25,370,390
390000031,공휴일,3,06:30,19:10,06:40,19:25,370,390
390000032,토요일,1,10:00,10:00,10:20,10:20,0,0
390000032,공휴일,1,10:00,10:00,10:20,10:20,0,0
390000032,평일,1,10:00,10:00,10:20,10:20,0,0
390000033,평일,14,07:10,18:45,08:35,20:35,20,130
390000033,토요일,14,07:10,18:45,08:35,20:35,20,130
390000033,공휴일,14,07:10,18:45,08:35,20:35,20,130
390000034,평일,4,20:00,22:00,,,30,60
390000034,토요일,4,20:00,22:00,,,30,60
390000034,공휴일,4,20:00,22:00,,,30,60
390000035,공휴일,4,06:25,21:35,,,15,850
390000035,토요일,4,06:25,21:35,,,15,850
390000035,평일,4,06:25,21:35,,,15,850
390000036,평일,2,10:40,16:10,,,330,330
390000036,토요일,2,10:40,16:10,,,330,330
390000036,공휴일,2,10:40,16:10,,,330,330
390000037,평일,6,06:30,21:30,,,40,400
390000037,토요일,6,06:30,21:30,,,40,400
390000037,공휴일,6,06:30,21:30,,,40,400
390000038,공휴일,5,06:40,21:30,,,80,480
390000038,토요일,5,06:40,21:30,,,80,480
390000038,평일,5,06:40,21:30,,,80,480
390000039,공휴일,1,08:10,08:10,,,0,0
390000039,토요일,1,08:10,08:10,,,0,0
390000039,평일,1,08:10,08:10,,,0,0
390000040,토요일,4,07:35,17:00,08:00,17:25,110,340
390000040,공휴일,4,07:35,17:00,08:00,17:25,110,340
390000040,평일,4,07:35,17:00,08:00,17:25,110,340
390000041,평일,3,12:00,17:50,,,140,210
390000041,공휴일,3,12:00,17:50,,,140,210
390000041,토요일,3,12:00,17:50,,,140,210
390000042,토요일,2,09:00,14:30,11:10,16:10,330,330
390000042,공휴일,2,09:00,14:30,11:10,16:10,330,330
390000042,평일,2,09:00,14:30,11:10,16:10,330,330
390000043,평일,2,15:35,19:10,,,215,215
390000043,토요일,2,15:35,19:10,,,215,215
390000043,공휴일,2,15:35,19:10,,,215,215
390000044,공휴일,2,08:00,17:00,,,540,540
390000044,평일,2,08:00,17:00,,,540,540
390000044,토요일,2,08:00,17:00,,,540,540
390000046,평일,2,07:30,14:00,,,390,390
390000046,토요일,2,07:30,14:00,,,390,390
390000046,공휴일,2,07:30,14:00,,,390,390
390000047,평일,3,07:55,19:10,,,250,425
390000047,토요일,3,07:55,19:10,,,250,425
390000047,공휴일,3,07:55,19:10,,,250,425
390000048,평일,1,11:50,11:50,,,0,0
390000048,공휴일,1,11:50,11:50,,,0,0
390000048,토요일,1,11:50,11:50,,,0,0
390000049,토요일,1,14:00,14:00,,,0,0
390000049,평일,1,14:00,14:00,,,0,0
390000049,공휴일,1,14:00,14:00,,,0,0
390000050,공휴일,3,08:30,16:00,08:50,16:20,110,340
390000050,토요일,3,08:30,16:00,08:50,16:20,110,340
390000050,평일,3,08:30,16:00,08:50,16:20,110,340
390000051,평일,2,15:05,18:40,,,215,215
390000051,토요일,2,15:05,18:40,,,215,215
390000051,공휴일,2,15:05,18:40,,,215,215
390000052,평일,1,06:55,06:55,,,0,0
390000052,토요일,1,06:55,06:55,,,0,0
390000052,공휴일,1,06:55,06:55,,,0,0
390000053,평일,2,07:15,13:00,,,345,345
390000053,토요일,2,07:15,13:00,,,345,345
390000053,공휴일,2,07:15,13:00,,,345,345
390000054,평일,1,06:20,06:20,,,0,0
390000054,토요일,1,06:20,06:20,,,0,0
390000054,공휴일,1,06:20,06:20,,,0,0
390000055,평일,1,06:10,06:10,,,0,0
390000055,토요일,1,06:10,06:10,,,0,0
390000055,공휴일,1,06:10,06:10,,,0,0
390000056,평일,1,12:50,12:50,,,0,0
390000056,토요일,1,12:50,12:50,,,0,0
390000056,공휴일,1,12:50,12:50,,,0,0
390000057,평일,1,09:00,09:00,,,0,0
390000057,토요일,1,09:00,09:00,,,0,0
390000057,공휴일,1,09:00,09:00,,,0,0
390000058,평일,1,19:35,19:35,,,0,0
390000058,토요일,1,19:35,19:35,,,0,0
390000058,공휴일,1,19:35,19:35,,,0,0
390000059,평일,3,12:20,18:15,,,155,200
390000059,토요일,3,12:20,18:15,,,155,200
390000059,공휴일,3,12:20,18:15,,,155,200
390000060,평일,1,16:05,16:05,16:35,16:35,0,0
390000060,토요일,1,16:05,16:05,16:35,16:35,0,0
390000060,공휴일,1,16:05,16:05,16:35,16:35,0,0
390000061,평일,1,18:05,18:05,,,0,0
390000061,토요일,1,18:05,18:05,,,0,0
390000061,공휴일,1,18:05,18:05,,,0,0
390000062,평일,2,12:40,15:05,,,145,145
390000062,토요일,2,12:40,15:05,,,145,145
390000062,공휴일,2,12:40,15:05,,,145,145
390000063,평일,1,20:05,20:05,,,0,0
390000063,토요일,1,20:05,20:05,,,0,0
390000063,공휴일,1,20:05,20:05,,,0,0
390000064,평일,2,07:50,15:55,,,485,485
390000064,토요일,2,07:50,15:55,,,485,485
390000064,공휴일,2,07:50,15:55,,,485,485
390000065,평일,1,11:05,11:05,,,0,0
390000065,토요일,1,11:05,11:05,,,0,0
390000065,공휴일,1,11:05,11:05,,,0,0
390000066,평일,1,06:25,06:25,,,0,0
390000066,토요일,1,06:25,06:25,,,0,0
390000066,공휴일,1,06:25,06:25,,,0,0
390000067,토요일,1,11:50,11:50,,,0,0
390000067,공휴일,1,11:50,11:50,,,0,0
390000067,평일,1,11:50,11:50,,,0,0
390000068,토요일,1,17:40,17:40,,,0,0
390000068,공휴일,1,17:40,17:40,,,0,0
390000068,평일,1,17:40,17:40,,,0,0
390000069,토요일,1,17:05,17:05,,,0,0
390000069,공휴일,1,17:05,17:05,,,0,0
390000069,평일,1,17:05,17:05,,,0,0
390000070,평일,2,07:30,14:00,07:45,14:15,390,390
390000070,토요일,2,07:30,14:00,07:45,14:15,390,390
390000070,공휴일,2,07:30,14:00,07:45,14:15,390,390
390000071,평일,1,20:30,20:30,,,0,0
390000071,토요일,1,20:30,20:30,,,0,0
390000071,공휴일,1,20:30,20:30,,,0,0
390000073,평일,1,06:40,06:40,,,0,0
390000073,토요일,1,06:40,06:40,,,0,0
390000073,공휴일,1,06:40,06:40,,,0,0
390000074,평일,1,17:30,17:30,,,0,0
390000074,토요일,1,17:30,17:30,,,0,0
390000074,공휴일,1,17:30,17:30,,,0,0
390000075,공휴일,1,11:30,11:30,,,0,0
390000075,토요일,1,11:30,11:30,,,0,0
390000075,평일,1,11:30,11:30,,,0,0
390000076,평일,1,16:35,16:35,,,0,0
390000076,토요일,1,16:35,16:35,,,0,0
390000076,공휴일,1,16:35,16:35,,,0,0
390000077,평일,1,07:55,07:55,,,0,0
390000077,토요일,1,07:55,07:55,,,0,0
390000077,공휴일,1,07:55,07:55,,,0,0
390000078,평일,1,13:45,13:45,,,0,0
390000078,토요일,1,13:45,13:45,,,0,0
390000078,공휴일,1,13:45,13:45,,,0,0
390000079,공휴일,1,10:35,10:35,,,0,0
390000079,토요일,1,10:35,10:35,,,0,0
390000079,평일,1,10:35,10:35,,,0,0
390000080,평일,1,18:25,18:25,,,0,0
390000080,토요일,1,18:25,18:25,,,0,0
390000080,공휴일,1,18:25,18:25,,,0,0
390000081,평일,2,08:20,15:40,,,440,440
390000081,토요일,2,08:20,15:40,,,440,440
390000081,공휴일,2,08:20,15:40,,,440,440
390000082,평일,1,18:30,18:30,,,0,0
390000082,토요일,1,18:30,18:30,,,0,0
390000082,공휴일,1,18:30,18:30,,,0,0
390000083,공휴일,1,22:00,22:00,,,0,0
390000083,토요일,1,22:00,22:00,,,0,0
390000083,평일,1,22:00,22:00,,,0,0
390000084,평일,2,15:25,19:40,,,255,255
390000084,토요일,2,15:25,19:40,,,255,255
390000084,공휴일,2,15:25,19:40,,,255,255
390000085,평일,1,09:40,09:40,,,0,0
390000085,토요일,1,09:40,09:40,,,0,0
390000085,공휴일,1,09:40,09:40,,,0,0
390000086,평일,1,09:20,09:20,,,0,0
390000086,토요일,1,09:20,09:20,,,0,0
390000086,공휴일,1,09:20,09:20,,,0,0
390000087,평일,1,11:20,11:20,,,0,0
390000087,토요일,1,11:20,11:20,,,0,0
390000087,공휴일,1,11:20,11:20,,,0,0
390000088,공휴일,3,07:15,13:40,,,180,205
390000088,토요일,3,07:15,13:40,,,180,205
390000088,평일,3,07:15,13:40,,,180,205
390000089,평일,1,21:00,21:00,,,0,0
390000089,토요일,1,21:00,21:00,,,0,0
390000089,공휴일,1,21:00,21:00,,,0,0
390000090,평일,1,14:45,14:45,,,0,0
390000090,토요일,1,14:45,14:45,,,0,0
390000090,공휴일,1,14:45,14:45,,,0,0
390000091,평일,1,08:05,08:05,,,0,0
390000091,토요일,1,08:05,08:05,,,0,0
390000091,공휴일,1,08:05,08:05,,,0,0
390000092,공휴일,1,12:15,12:15,,,0,0
390000092,토요일,1,12:15,12:15,,,0,0
390000092,평일,1,12:15,12:15,,,0,0
390000093,평일,1,13:20,13:20,,,0,0
390000093,토요일,1,13:20,13:20,,,0,0
390000093,공휴일,1,13:20,13:20,,,0,0
390000094,평일,1,19:00,19:00,,,0,0
390000094,토요일,1,19:00,19:00,,,0,0
390000094,공휴일,1,19:00,19:00,,,0,0
390000095,평일,1,16:45,16:45,,,0,0
390000095,토요일,1,16:45,16:45,,,0,0
390000095,공휴일,1,16:45,16:45,,,0,0
390000096,평일,1,17:20,17:20,,,0,0
390000096,토요일,1,17:20,17:20,,,0,0
390000096,공휴일,1,17:20,17:20,,,0,0
390000097,공휴일,3,11:30,16:20,,,135,155
390000097,토요일,3,11:30,16:20,,,135,155
390000097,평일,3,11:30,16:20,,,135,155
390000098,평일,2,08:35,19:20,,,645,645
390000098,토요일,2,08:35,19:20,,,645,645
390000098,공휴일,2,08:35,19:20,,,645,645
390000099,평일,1,10:40,10:40,,,0,0
390000099,토요일,1,10:40,10:40,,,0,0
390000099,공휴일,1,10:40,10:40,,,0,0
390000100,평일,1,21:30,21:30,,,0,0
390000100,토요일,1,21:30,21:30,,,0,0
390000100,공휴일,1,21:30,21:30,,,0,0
390000101,공휴일,1,06:25,06:25,,,0,0
390000101,토요일,1,06:25,06:25,,,0,0
390000101,평일,1,06:25,06:25,,,0,0
390000102,평일,1,17:05,17:05,,,0,0
390000102,토요일,1,17:05,17:05,,,0,0
390000102,공휴일,1,17:05,17:05,,,0,0
390000103,평일,1,20:45,20:45,,,0,0
390000103,토요일,1,20:45,20:45,,,0,0
390000103,공휴일,1,20:45,20:45,,,0,0
390000104,평일,1,17:25,17:25,,,0,0
390000104,토요일,1,17:25,17:25,,,0,0
390000104,공휴일,1,17:25,17:25,,,0,0
390000105,평일,1,08:00,08:00,,,0,0
390000105,토요일,1,08:00,08:00,,,0,0
390000105,공휴일,1,08:00,08:00,,,0,0
390000107,공휴일,1,10:00,10:00,,,0,0
390000107,토요일,1,10:00,10:00,,,0,0
390000107,평일,1,10:00,10:00,,,0,0
390000108,평일,1,14:00,14:00,,,0,0
390000108,토요일,1,14:00,14:00,,,0,0
390000108,공휴일,1,14:00,14:00,,,0,0
390000109,평일,2,11:00,15:30,,,270,270
390000109,토요일,2,11:00,15:30,,,270,270
390000109,공휴일,2,11:00,15:30,,,270,270
390000110,평일,1,17:30,17:30,,,0,0
390000110,토요일,1,17:30,17:30,,,0,0
390000110,공휴일,1,17:30,17:30,,,0,0
390000111,공휴일,1,20:15,20:15,,,0,0
390000111,토요일,1,20:15,20:15,,,0,0
390000111,평일,1,20:15,20:15,,,0,0
390000112,평일,2,13:30,17:00,,,210,210
390000112,토요일,2,13:30,17:00,,,210,210
390000112,공휴일,2,13:30,17:00,,,210,210
390000113,평일,1,10:05,10:05,,,0,0
390000113,토요일,1,10:05,10:05,,,0,0
390000113,공휴일,1,10:05,10:05,,,0,0
390000114,평일,1,18:30,18:30,,,0,0
390000114,토요일,1,18:30,18:30,,,0,0
390000114,공휴일,1,18:30,18:30,,,0,0
390000115,평일,3,11:25,20:20,,,105,430
390000115,토요일,3,11:25,20:20,,,105,430
390000115,공휴일,3,11:25,20:20,,,105,430
390000116,공휴일,1,07:35,07:35,,,0,0
390000116,토요일,1,07:35,07:35,,,0,0
390000116,평일,1,07:35,07:35,,,0,0
390000117,평일,1,20:20,20:20,,,0,0
390000117,토요일,1,20:20,20:20,,,0,0
390000117,공휴일,1,20:20,20:20,,,0,0
390000118,평일,1,14:20,14:20,,,0,0
390000118,토요일,1,14:20,14:20,,,0,0
390000118,공휴일,1,14:20,14:20,,,0,0
390000119,평일,1,13:05,13:05,,,0,0
390000119,토요일,1,13:05,13:05,,,0,0
390000119,공휴일,1,13:05,13:05,,,0,0
390000120,공휴일,1,08:30,08:30,,,0,0
390000120,토요일,1,08:30,08:30,,,0,0
390000120,평일,1,08:30,08:30,,,0,0
390000121,평일,1,12:15,12:15,12:50,12:50,0,0
390000121,토요일,1,12:15,12:15,12:50,12:50,0,0
390000121,공휴일,1,12:15,12:15,12:50,12:50,0,0
390000122,평일,1,15:55,15:55,,,0,0
390000122,토요일,1,15:55,15:55,,,0,0
390000122,공휴일,1,15:55,15:55,,,0,0
390000124,평일,1,12:50,12:50,,,0,0
390000124,토요일,1,12:50,12:50,,,0,0
390000124,공휴일,1,12:50,12:50,,,0,0
390000125,평일,1,15:45,15:45,,,0,0
390000125,토요일,1,15:45,15:45,,,0,0
390000125,공휴일,1,15:45,15:45,,,0,0
390000126,공휴일,1,06:50,06:50,,,0,0
390000126,토요일,1,06:50,06:50,,,0,0
390000126,평일,1,06:50,06:50,,,0,0
390000127,평일,1,17:55,17:55,,,0,0
390000127,토요일,1,17:55,17:55,,,0,0
390000127,공휴일,1,17:55,17:55,,,0,0
390000128,평일,3,14:50,19:30,,,90,190
390000128,토요일,3,14:50,19:30,,,90,190
390000128,공휴일,3,14:50,19:30,,,90,190
390000130,평일,1,12:20,12:20,,,0,0
390000130,토요일,1,12:20,12:20,,,0,0
390000130,공휴일,1,12:20,12:20,,,0,0
390000131,공휴일,2,07:30,19:40,,,730,730
390000131,토요일,2,07:30,19:40,,,730,730
390000131,평일,2,07:30,19:40,,,730,730
390000132,평일,6,07:00,18:10,,,65,255
390000132,토요일,6,07:00,18:10,,,65,255
390000132,공휴일,6,07:00,18:10,,,65,255
390000133,평일,1,07:15,07:15,,,0,0
390000133,토요일,1,07:15,07:15,,,0,0
390000133,공휴일,1,07:15,07:15,,,0,0
390000135,평일,1,09:00,09:00,,,0,0
390000135,토요일,1,09:00,09:00,,,0,0
390000135,공휴일,1,09:00,09:00,,,0,0
390000136,평일,1,11:40,11:40,,,0,0
390000136,토요일,1,11:40,11:40,,,0,0
390000136,공휴일,1,11:40,11:40,,,0,0
390000137,공휴일,1,09:05,09:05,,,0,0
390000137,토요일,1,09:05,09:05,,,0,0
390000137,평일,1,09:05,09:05,,,0,0
390000138,평일,1,14:00,14:00,,,0,0
390000138,토요일,1,14:00,14:00,,,0,0
390000138,공휴일,1,14:00,14:00,,,0,0
390000140,평일,1,08:00,08:00,,,0,0
390000140,토요일,1,08:00,08:00,,,0,0
390000140,공휴일,1,08:00,08:00,,,0,0
390000141,평일,1,09:35,09:35,,,0,0
390000141,토요일,1,09:35,09:35,,,0,0
390000141,공휴일,1,09:35,09:35,,,0,0
390000142,평일,1,20:20,20:20,,,0,0
390000142,토요일,1,20:20,20:20,,,0,0
390000142,공휴일,1,20:20,20:20,,,0,0
390000144,공휴일,1,09:20,09:20,,,0,0
390000144,토요일,1,09:20,09:20,,,0,0
390000144,평일,1,09:20,09:20,,,0,0
390000145,평일,1,13:00,13:00,,,0,0
390000145,토요일,1,13:00,13:00,,,0,0
390000145,공휴일,1,13:00,13:00,,,0,0
390000146,평일,1,17:20,17:20,,,0,0
390000146,토요일,1,17:20,17:20,,,0,0
390000146,공휴일,1,17:20,17:20,,,0,0
390000147,평일,1,19:50,19:50,,,0,0
390000147,토요일,1,19:50,19:50,,,0,0
390000147,공휴일,1,19:50,19:50,,,0,0
390000148,평일,1,11:30,11:30,,,0,0
390000148,토요일,1,11:30,11:30,,,0,0
390000148,공휴일,1,11:30,11:30,,,0,0
390000149,평일,1,15:50,15:50,,,0,0
390000149,토요일,1,15:50,15:50,,,0,0
390000149,공휴일,1,15:50,15:50,,,0,0
390000150,평일,1,18:50,18:50,,,0,0
390000150,토요일,1,18:50,18:50,,,0,0
390000150,공휴일,1,18:50,18:50,,,0,0
390000152,평일,2,06:50,14:40,,,470,470
390000152,토요일,2,06:50,14:40,,,470,470
390000152,공휴일,2,06:50,14:40,,,470,470
390000153,평일,1,08:30,08:30,,,0,0
390000153,토요일,1,08:30,08:30,,,0,0
390000153,공휴일,1,08:30,08:30,,,0,0
390000154,공휴일,1,09:50,09:50,,,0,0
390000154,토요일,1,09:50,09:50,,,0,0
390000154,평일,1,09:50,09:50,,,0,0
390000155,평일,1,06:50,06:50,,,0,0
390000155,토요일,1,06:50,06:50,,,0,0
390000155,공휴일,1,06:50,06:50,,,0,0
390000156,평일,1,08:15,08:15,,,0,0
390000156,토요일,1,08:15,08:15,,,0,0
390000156,공휴일,1,08:15,08:15,,,0,0
390000157,평일,1,11:20,11:20,,,0,0
390000157,토요일,1,11:20,11:20,,,0,0
390000157,공휴일,1,11:20,11:20,,,0,0
390000158,공휴일,1,14:45,14:45,,,0,0
390000158,토요일,1,14:45,14:45,,,0,0
390000158,평일,1,14:45,14:45,,,0,0
390000159,평일,1,14:00,14:00,,,0,0
390000159,토요일,1,14:00,14:00,,,0,0
390000159,공휴일,1,14:00,14:00,,,0,0
390000161,평일,2,06:50,16:00,07:20,16:40,550,550
390000161,토요일,2,06:50,16:00,07:20,16:40,550,550
390000161,공휴일,2,06:50,16:00,07:20,16:40,550,550
390000162,평일,1,10:30,10:30,,,0,0
390000162,토요일,1,10:30,10:30,,,0,0
390000162,공휴일,1,10:30,10:30,,,0,0
390000163,공휴일,1,17:00,17:00,,,0,0
390000163,토요일,1,17:00,17:00,,,0,0
390000163,평일,1,17:00,17:00,,,0,0
390000164,평일,1,07:50,07:50,,,0,0
390000164,토요일,1,07:50,07:50,,,0,0
390000164,공휴일,1,07:50,07:50,,,0,0
390000165,평일,1,15:10,15:10,,,0,0
390000165,토요일,1,15:10,15:10,,,0,0
390000165,공휴일,1,15:10,15:10,,,0,0
390000166,평일,1,06:20,06:20,,,0,0
390000166,토요일,1,06:20,06:20,,,0,0
390000166,공휴일,1,06:20,06:20,,,0,0
390000167,평일,1,19:50,19:50,,,0,0
390000167,토요일,1,19:50,19:50,,,0,0
390000167,공휴일,1,19:50,19:50,,,0,0
390000168,공휴일,1,06:45,06:45,,,0,0
390000168,토요일,1,06:45,06:45,,,0,0
390000168,평일,1,06:45,06:45,,,0,0
390000169,평일,1,09:00,09:00,,,0,0
390000169,토요일,1,09:00,09:00,,,0,0
390000169,공휴일,1,09:00,09:00,,,0,0
390000170,평일,1,16:50,16:50,,,0,0
390000170,토요일,1,16:50,16:50,,,0,0
390000170,공휴일,1,16:50,16:50,,,0,0
390000171,평일,1,15:05,15:05,,,0,0
390000171,토요일,1,15:05,15:05,,,0,0
390000171,공휴일,1,15:05,15:05,,,0,0
390000172,공휴일,1,11:30,11:30,,,0,0
390000172,토요일,1,11:30,11:30,,,0,0
390000172,평일,1,11:30,11:30,,,0,0
390000173,평일,1,09:30,09:30,,,0,0
390000173,토요일,1,09:30,09:30,,,0,0
390000173,공휴일,1,09:30,09:30,,,0,0
390000174,평일,2,08:20,14:00,,,340,340
390000174,토요일,2,08:20,14:00,,,340,340
390000174,공휴일,2,08:20,14:00,,,340,340
390000175,평일,1,16:45,16:45,,,0,0
390000175,토요일,1,16:45,16:45,,,0,0
390000175,공휴일,1,16:45,16:45,,,0,0
390000176,평일,2,06:35,19:00,,,745,745
390000176,토요일,2,06:35,19:00,,,745,745
390000176,공휴일,2,06:35,19:00,,,745,745
390000177,공휴일,1,10:40,10:40,,,0,0
390000177,토요일,1,10:40,10:40,,,0,0
390000177,평일,1,10:40,10:40,,,0,0
390000178,평일,2,17:00,19:35,,,155,155
390000178,토요일,2,17:00,19:35,,,155,155
390000178,공휴일,2,17:00,19:35,,,155,155
390000179,평일,1,21:20,21:20,,,0,0
390000179,토요일,1,21:20,21:20,,,0,0
390000179,공휴일,1,21:20,21:20,,,0,0
390000180,평일,1,13:00,13:00,,,0,0
390000180,토요일,1,13:00,13:00,,,0,0
390000180,공휴일,1,13:00,13:00,,,0,0
390000181,공휴일,1,14:40,14:40,,,0,0
390000181,토요일,1,14:40,14:40,,,0,0
390000181,평일,1,14:40,14:40,,,0,0
390000182,평일,1,15:00,15:00,,,0,0
390000182,토요일,1,15:00,15:00,,,0,0
390000182,공휴일,1,15:00,15:00,,,0,0
390000185,평일,2,07:10,08:40,,,90,90
390000185,토요일,2,07:10,08:40,,,90,90
390000185,공휴일,2,07:10,08:40,,,90,90
390000187,평일,1,17:45,17:45,,,0,0
390000187,토요일,1,17:45,17:45,,,0,0
390000187,공휴일,1,17:45,17:45,,,0,0
390000188,공휴일,1,08:04,08:04,,,0,0
390000188,토요일,1,08:04,08:04,,,0,0
390000188,평일,1,08:04,08:04,,,0,0
390000189,평일,1,11:00,11:00,,,0,0
390000189,토요일,1,11:00,11:00,,,0,0
390000189,공휴일,1,11:00,11:00,,,0,0
390000190,토요일,1,18:10,18:10,,,0,0
390000190,공휴일,1,18:10,18:10,,,0,0
390000190,평일,1,18:10,18:10,,,0,0
390000192,공휴일,2,08:30,15:50,,,440,440
390000192,평일,2,08:30,15:50,,,440,440
390000192,토요일,2,08:30,15:50,,,440,440
390000193,평일,1,13:10,13:10,,,0,0
390000193,토요일,1,13:10,13:10,,,0,0
390000193,공휴일,1,13:10,13:10,,,0,0
390000194,공휴일,1,08:30,08:30,,,0,0
390000194,토요일,1,08:30,08:30,,,0,0
390000194,평일,1,08:30,08:30,,,0,0
390000195,평일,1,14:45,14:45,,,0,0
390000195,토요일,1,14:45,14:45,,,0,0
390000195,공휴일,1,14:45,14:45,,,0,0
390000197,공휴일,1,17:10,17:10,,,0,0
390000197,토요일,1,17:10,17:10,,,0,0
390000197,평일,1,17:10,17:10,,,0,0
390000199,평일,1,15:40,15:40,,,0,0
390000199,공휴일,1,15:40,15:40,,,0,0
390000199,토요일,1,15:40,15:40,,,0,0
390000200,공휴일,1,12:15,12:15,,,0,0
390000200,평일,1,12:15,12:15,,,0,0
390000200,토요일,1,12:15,12:15,,,0,0
390000201,공휴일,4,07:50,18:20,,,200,220
390000201,토요일,4,07:50,18:20,,,200,220
390000201,평일,4,07:50,18:20,,,200,220
390000202,평일,1,11:40,11:40,,,0,0
390000202,토요일,1,11:40,11:40,,,0,0
390000202,공휴일,1,11:40,11:40,,,0,0
390000203,평일,1,18:00,18:00,,,0,0
390000203,토요일,1,18:00,18:00,,,0,0
390000203,공휴일,1,18:00,18:00,,,0,0
390000204,평일,1,13:40,13:40,,,0,0
390000204,토요일,1,13:40,13:40,,,0,0
390000204,공휴일,1,13:40,13:40,,,0,0
390000205,토요일,1,06:40,06:40,,,0,0
390000205,공휴일,1,06:40,06:40,,,0,0
390000205,평일,1,06:40,06:40,,,0,0
390000206,공휴일,1,09:50,09:50,,,0,0
390000206,평일,1,09:50,09:50,,,0,0
390000206,토요일,1,09:50,09:50,,,0,0
390000207,평일,1,07:00,07:00,,,0,0
390000207,토요일,1,07:00,07:00,,,0,0
390000207,공휴일,1,07:00,07:00,,,0,0
390000208,평일,5,08:50,19:45,,,80,390
390000208,토요일,4,08:50,18:20,,,80,390
390000208,공휴일,4,08:50,18:20,,,80,390
390000209,평일,1,11:00,11:00,,,0,0
390000209,토요일,1,11:00,11:00,,,0,0
390000209,공휴일,1,11:00,11:00,,,0,0
390000300,평일,1,09:00,09:00,09:30,09:30,0,0
390000300,토요일,1,09:00,09:00,09:30,09:30,0,0
390000300,공휴일,1,09:00,09:00,09:30,09:30,0,0
390000301,공휴일,1,06:40,06:40,07:20,07:20,0,0
390000301,평일,1,06:40,06:40,07:20,07:20,0,0
390000301,토요일,1,06:40,06:40,07:20,07:20,0,0
390000302,공휴일,1,08:55,08:55,09:50,09:50,0,0
390000302,평일,1,08:55,08:55,09:50,09:50,0,0
390000302,토요일,1,08:55,08:55,09:50,09:50,0,0
390000303,토요일,1,11:30,11:30,12:10,12:10,0,0
390000303,평일,1,11:30,11:30,12:10,12:10,0,0
390000303,공휴일,1,11:30,11:30,12:10,12:10,0,0
390000304,공휴일,1,13:25,13:25,14:30,14:30,0,0
390000304,평일,1,13:25,13:25,14:30,14:30,0,0
390000304,토요일,1,13:25,13:25,14:30,14:30,0,0
390000305,평일,1,15:30,15:30,16:30,16:30,0,0
390000305,토요일,1,15:30,15:30,16:30,16:30,0,0
390000305,공휴일,1,15:30,15:30,16:30,16:30,0,0
390000306,공휴일,1,17:50,17:50,18:30,18:30,0,0
390000306,평일,1,17:50,17:50,18:30,18:30,0,0
390000306,토요일,1,17:50,17:50,18:30,18:30,0,0
390000307,공휴일,1,06:40,06:40,07:14,07:14,0,0
390000307,토요일,1,06:40,06:40,07:14,07:14,0,0
390000307,평일,1,06:40,06:40,07:14,07:14,0,0
390000308,공휴일,1,08:40,08:40,,,0,0
390000308,토요일,1,08:40,08:40,,,0,0
390000308,평일,1,08:40,08:40,,,0,0
390000309,토요일,1,13:50,13:50,,,0,0
390000309,평일,1,13:50,13:50,,,0,0
390000309,공휴일,1,13:50,13:50,,,0,0
390000310,토요일,1,17:20,17:20,,,0,0
390000310,공휴일,1,17:20,17:20,,,0,0
390000310,평일,1,17:20,17:20,,,0,0
390000311,평일,1,18:45,18:45,,,0,0
390000311,토요일,1,18:45,18:45,,,0,0
390000311,공휴일,1,18:45,18:45,,,0,0
390000312,평일,1,10:00,10:00,,,0,0
390000312,공휴일,1,10:00,10:00,,,0,0
390000312,토요일,1,10:00,10:00,,,0,0
390000313,평일,1,11:40,11:40,,,0,0
390000313,토요일,1,11:40,11:40,,,0,0
390000313,공휴일,1,11:40,11:40,,,0,0
390000314,평일,1,16:00,16:00,,,0,0
390000314,토요일,1,16:00,16:00,,,0,0
390000314,공휴일,1,16:00,16:00,,,0,0
391000001,매일,3,07:10,17:40,07:40,18:10,250,380
391000002,매일,4,08:30,16:40,08:55,17:05,120,230
391000003,매일,2,09:40,15:50,10:30,16:30,360,370
391000004,매일,2,08:00,11:30,08:25,12:00,185,215
391000006,매일,3,10:30,19:00,11:00,19:20,210,300
391000007,매일,2,12:50,16:50,13:30,17:40,240,250
391000008,매일,5,11:20,17:40,,,60,150
391000009,매일,4,09:10,19:20,,,30,440
391000010,매일,2,08:20,14:10,08:50,14:50,350,360
391000011,매일,1,18:00,18:00,,,0,0
391000012,매일,1,06:50,06:50,,,0,0
391000013,매일,1,18:20,18:20,,,0,0
391000014,매일,1,07:10,07:10,,,0,0
391000015,매일,2,10:20,16:30,11:00,17:00,360,370
391000016,매일,7,07:00,16:30,,,570,570
391000017,매일,2,07:20,16:50,,,570,570
391000018,매일,1,19:00,19:00,19:30,19:30,0,0
391000019,매일,8,07:10,18:20,,,60,130
391000020,매일,2,07:30,16:45,,,555,555
391000021,매일,3,07:40,08:40,,,60,60
391000022,매일,1,10:00,10:00,,,0,0
391000023,매일,2,14:00,17:00,14:40,17:40,180,180
391000024,매일,2,07:00,16:20,,,560,560
391000025,매일,1,15:00,15:00,15:40,15:40,0,0
391000026,매일,2,10:40,17:10,,,390,390
391000027,매일,1,18:30,18:30,19:00,19:00,20,20
391000028,매일,1,08:00,08:00,,,0,0
391000030,매일,2,07:00,08:30,,,155,155
391000031,매일,1,12:50,12:50,13:10,13:10,340,340
391000032,매일,1,07:00,07:00,,,0,0
391000033,매일,1,13:00,13:00,,,0,0
391000034,매일,3,07:40,15:30,08:20,16:40,190,240
391000035,매일,1,06:50,06:50,07:15,07:15,0,0
391000036,매일,1,09:50,09:50,10:50,10:50,0,0
391000037,매일,4,11:30,18:00,12:20,18:30,100,150
391000038,매일,1,15:20,15:20,,,0,0
391000039,매일,3,08:40,16:20,09:00,16:40,200,260
391000040,매일,1,18:00,18:00,,,0,0
391000041,매일,1,07:00,07:00,07:20,07:20,0,0
391000042,매일,1,09:30,09:30,,,0,0
391000043,매일,3,07:00,18:00,07:40,18:30,130,300
391000044,매일,1,13:10,13:10,,,0,0
391000045,매일,1,16:50,16:50,17:20,17:20,0,0
391000046,매일,2,08:15,18:00,,,585,585
391000047,매일,1,08:00,08:00,,,0,0
391000048,매일,1,06:40,06:40,,,0,0
391000049,매일,2,07:10,08:00,15:25,15:50,470,495
391000050,매일,1,11:50,11:50,,,0,0
391000051,매일,1,12:20,12:20,,,0,0
391000052,매일,1,09:20,09:20,10:20,10:20,0,0
391000053,매일,3,11:20,17:40,,,130,250
391000054,매일,3,08:20,17:30,,,240,310
391000055,매일,3,12:20,16:30,13:10,17:10,0,0
391000056,매일,2,10:20,11:10,,,50,50
391000057,매일,1,08:50,08:50,,,0,0
391000058,매일,1,10:10,10:10,,,0,0
391000059,매일,1,07:00,07:00,,,0,0
391000060,매일,1,17:40,17:40,,,0,0
391000061,매일,4,06:50,15:30,07:30,16:00,140,210
391000062,매일,1,18:10,18:10,,,0,0
391000063,매일,1,09:20,09:20,09:45,09:45,0,0
391000064,매일,1,11:00,11:00,,,0,0
391000065,매일,1,10:45,10:45,12:20,12:20,35,35
391000066,매일,1,07:30,07:30,09:30,09:30,0,0
391000067,매일,1,07:40,07:40,,,0,0
391000068,매일,2,09:00,13:00,09:40,13:35,235,240
391000069,매일,1,15:40,15:40,16:20,16:20,0,0
391000070,매일,1,07:00,07:00,,,0,0
391000071,매일,3,08:05,15:05,08:20,15:20,180,240
391000072,매일,1,18:00,18:00,18:20,18:20,0,0
391000073,매일,1,13:30,13:30,13:50,13:50,0,0
391000074,매일,1,06:50,06:50,07:10,07:10,20,20
391000075,매일,1,18:40,18:40,,,0,0
391000076,매일,1,07:00,07:00,,,0,0
391000077,매일,4,09:00,16:10,09:20,16:30,120,120
391000078,매일,3,09:30,15:00,10:00,15:30,150,180
391000080,매일,2,09:50,14:30,,,280,280
391000081,매일,2,08:20,16:00,,,0,0
391000082,매일,1,18:10,18:10,,,0,0
391000083,매일,1,12:30,12:30,,,0,0
391000084,매일,3,09:50,18:00,,,160,330
391000085,매일,3,07:35,15:50,,,230,265
391000086,매일,3,09:10,16:30,,,150,290
391000087,매일,3,10:00,17:00,10:40,17:45,190,230
391000088,매일,1,08:25,08:25,,,0,0
391000089,매일,1,08:20,08:20,,,0,0
391000090,매일,1,07:10,07:10,,,0,0
391000091,매일,1,18:20,18:20,,,0,0
391000092,매일,3,09:30,17:30,09:45,17:45,90,390
391000093,매일,1,07:50,07:50,,,0,0
391000094,매일,1,10:30,10:30,,,0,0
391000095,매일,2,09:30,14:30,09:40,14:40,300,300
391000096,매일,1,07:05,07:05,,,0,0
391000097,매일,1,13:30,13:30,,,0,0
391000098,매일,1,14:20,14:20,,,0,0
391000099,매일,1,07:50,07:50,,,0,0
391000100,매일,1,17:10,17:10,,,0,0
391000101,매일,2,13:40,18:00,,,260,260
391000102,매일,1,15:30,15:30,,,0,0
391000103,매일,2,12:00,19:00,,,420,420
391000105,매일,1,12:40,12:40,,,0,0
391000106,매일,1,07:20,07:20,,,0,0
391000107,매일,1,08:45,08:45,,,0,0
391000108,매일,1,16:20,16:20,17:00,17:00,0,0
391000109,매일,1,09:10,09:10,,,0,0
391000110,매일,3,08:40,17:30,08:55,17:45,220,310
391000111,매일,1,13:10,13:10,,,0,0
391000112,매일,1,15:20,15:20,,,0,0
391000113,매일,1,18:10,18:10,,,0,0
391000114,매일,1,09:20,09:20,,,0,0
391000115,매일,1,19:00,19:00,,,0,0
391000116,매일,1,07:30,07:30,,,0,0
391000117,매일,1,08:30,08:30,,,0,0
391000118,토요일,16,07:00,20:10,,,40,100
391000118,평일,16,07:00,20:10,,,40,100
391000119,토요일,16,06:45,20:00,,,40,100
391000119,평일,16,06:45,20:00,,,40,100
391000120,매일,1,12:00,12:00,12:40,12:40,0,0
392000001,평일,1,07:50,07:50,08:30,08:30,0,0
392000001,토요일,1,07:50,07:50,08:30,08:30,0,0
392000001,공휴일,1,07:50,07:50,08:30,08:30,0,0
392000002,평일,2,10:31,13:35,11:20,14:30,184,184
392000002,토요일,2,10:31,13:35,11:20,14:30,184,184
392000002,공휴일,2,10:31,13:35,11:20,14:30,184,184
392000003,공휴일,1,06:25,06:25,06:50,06:50,0,0
392000003,토요일,1,06:25,06:25,06:50,06:50,0,0
392000003,평일,1,06:25,06:25,06:50,06:50,0,0
392000004,공휴일,1,15:30,15:30,16:35,16:35,0,0
392000004,토요일,1,15:30,15:30,16:35,16:35,0,0
392000004,평일,1,15:30,15:30,16:35,16:35,0,0
392000005,평일,1,08:45,08:45,09:30,09:30,0,0
392000005,토요일,1,08:45,08:45,09:30,09:30,0,0
392000005,공휴일,1,08:45,08:45,09:30,09:30,0,0
392000006,평일,1,12:20,12:20,13:30,13:30,0,0
392000006,토요일,1,12:20,12:20,13:30,13:30,0,0
392000006,공휴일,1,12:20,12:20,13:30,13:30,0,0
392000007,평일,2,07:30,09:50,08:20,10:40,140,140
392000007,토요일,2,07:30,09:50,08:20,10:40,140,140
392000007,공휴일,2,07:30,09:50,08:20,10:40,140,140
392000008,평일,1,11:00,11:00,12:00,12:00,0,0
392000008,토요일,1,11:00,11:00,12:00,12:00,0,0
392000008,공휴일,1,11:00,11:00,12:00,12:00,0,0
392000009,평일,1,18:00,18:00,18:30,18:30,0,0
392000009,토요일,1,18:00,18:00,18:30,18:30,0,0
392000009,공휴일,1,18:00,18:00,18:30,18:30,0,0
392000010,평일,1,20:20,20:20,20:40,20:40,0,0
392000010,토요일,1,20:20,20:20,20:40,20:40,0,0
392000010,공휴일,1,20:20,20:20,20:40,20:40,0,0
392000011,평일,1,16:20,16:20,16:50,16:50,0,0
392000011,토요일,1,16:20,16:20,16:50,16:50,0,0
392000011,공휴일,1,16:20,16:20,16:50,16:50,0,0
392000012,평일,1,13:30,13:30,14:20,14:20,0,0
392000012,토요일,1,13:30,13:30,14:20,14:20,0,0
392000012,공휴일,1,13:30,13:30,14:20,14:20,0,0
392000013,평일,1,08:15,08:15,08:40,08:40,0,0
392000013,공휴일,1,08:15,08:15,08:40,08:40,0,0
392000013,토요일,1,08:15,08:15,08:40,08:40,0,0
392000014,공휴일,1,10:30,10:30,11:00,11:00,0,0
392000014,평일,1,10:30,10:30,11:00,11:00,0,0
392000014,토요일,1,10:30,10:30,11:00,11:00,0,0
392000015,평일,1,07:05,07:05,07:30,07:30,0,0
392000015,토요일,1,07:05,07:05,07:30,07:30,0,0
392000015,공휴일,1,07:05,07:05,07:30,07:30,0,0
392000016,공휴일,1,09:00,09:00,,,0,0
392000016,토요일,1,09:00,09:00,,,0,0
392000016,평일,1,09:00,09:00,,,0,0
392000017,평일,2,13:30,17:30,,,240,240
392000017,공휴일,2,13:30,17:30,,,240,240
392000017,토요일,2,13:30,17:30,,,240,240
392000018,토요일,1,06:30,06:30,,,0,0
392000018,공휴일,1,06:30,06:30,,,0,0
392000018,평일,1,06:30,06:30,,,0,0
392000019,공휴일,1,16:30,16:30,17:30,17:30,0,0
392000019,토요일,1,16:30,16:30,17:30,17:30,0,0
392000019,평일,1,16:30,16:30,17:30,17:30,0,0
392000020,평일,1,06:40,06:40,07:10,07:10,0,0
392000020,토요일,1,06:40,06:40,07:10,07:10,0,0
392000020,공휴일,1,06:40,06:40,07:10,07:10,0,0
392000021,공휴일,1,07:40,07:40,08:35,08:35,0,0
392000021,토요일,1,07:40,07:40,08:35,08:35,0,0
392000021,평일,1,07:40,07:40,08:35,08:35,0,0
392000022,공휴일,2,09:30,12:30,,,180,180
392000022,토요일,2,09:30,12:30,,,180,180
392000022,평일,2,09:30,12:30,,,180,180
392000023,평일,1,14:30,14:30,15:30,15:30,0,0
392000023,토요일,1,14:30,14:30,15:30,15:30,0,0
392000023,공휴일,1,14:30,14:30,15:30,15:30,0,0
392000024,토요일,1,11:00,11:00,,,0,0
392000024,공휴일,1,11:00,11:00,,,0,0
392000024,평일,1,11:00,11:00,,,0,0
392000025,평일,1,06:20,06:20,06:55,06:55,0,0
392000025,토요일,1,06:20,06:20,06:55,06:55,0,0
392000025,공휴일,1,06:20,06:20,06:55,06:55,0,0
392000026,평일,1,19:00,19:00,19:30,19:30,0,0
392000026,토요일,1,19:00,19:00,19:30,19:30,0,0
392000026,공휴일,1,19:00,19:00,19:30,19:30,0,0
392000027,평일,1,06:00,06:00,06:35,06:35,0,0
392000027,토요일,1,06:00,06:00,06:35,06:35,0,0
392000027,공휴일,1,06:00,06:00,06:35,06:35,0,0
392000028,공휴일,1,12:25,12:25,,,0,0
392000028,평일,1,12:25,12:25,,,0,0
392000028,토요일,1,12:25,12:25,,,0,0
392000029,평일,1,16:20,16:20,,,0,0
392000029,토요일,1,16:20,16:20,,,0,0
392000029,공휴일,1,16:20,16:20,,,0,0
392000030,평일,1,17:15,17:15,,,0,0
392000030,토요일,1,17:15,17:15,,,0,0
392000030,공휴일,1,17:15,17:15,,,0,0
392000031,평일,1,10:30,10:30,,,0,0
392000031,토요일,1,10:30,10:30,,,0,0
392000031,공휴일,1,10:30,10:30,,,0,0
392000032,평일,1,06:50,06:50,07:40,07:40,0,0
392000032,토요일,1,06:50,06:50,07:40,07:40,0,0
392000032,공휴일,1,06:50,06:50,07:40,07:40,0,0
392000033,평일,1,10:30,10:30,,,0,0
392000033,공휴일,1,10:30,10:30,,,0,0
392000033,토요일,1,10:30,10:30,,,0,0
392000034,공휴일,1,13:35,13:35,,,0,0
392000034,토요일,1,13:35,13:35,,,0,0
392000034,평일,1,13:35,13:35,,,0,0
392000035,토요일,1,19:00,19:00,19:50,19:50,0,0
392000035,공휴일,1,19:00,19:00,19:50,19:50,0,0
392000035,평일,1,19:00,19:00,19:50,19:50,0,0
392000036,평일,1,15:50,15:50,,,0,0
392000036,토요일,1,15:50,15:50,,,0,0
392000036,공휴일,1,15:50,15:50,,,0,0
392000037,평일,1,20:00,20:00,,,0,0
392000037,토요일,1,20:00,20:00,,,0,0
392000037,공휴일,1,20:00,20:00,,,0,0
392000038,평일,1,17:20,17:20,,,0,0
392000038,토요일,1,17:20,17:20,,,0,0
392000038,공휴일,1,17:20,17:20,,,0,0
392000039,평일,1,06:30,06:30,07:00,07:00,0,0
392000039,토요일,1,06:30,06:30,07:00,07:00,0,0
392000039,공휴일,1,06:30,06:30,07:00,07:00,0,0
392000040,평일,1,07:45,07:45,09:00,09:00,0,0
392000040,토요일,1,07:45,07:45,09:00,09:00,0,0
392000040,공휴일,1,07:45,07:45,09:00,09:00,0,0
392000041,공휴일,1,12:30,12:30,13:55,13:55,0,0
392000041,토요일,1,12:30,12:30,13:55,13:55,0,0
392000041,평일,1,12:30,12:30,13:55,13:55,0,0
392000042,공휴일,1,14:50,14:50,,,0,0
392000042,토요일,1,14:50,14:50,,,0,0
392000042,평일,1,14:50,14:50,,,0,0
392000043,공휴일,1,15:00,15:00,,,0,0
392000043,토요일,1,15:00,15:00,,,0,0
392000043,평일,1,15:00,15:00,,,0,0
392000044,평일,1,13:25,13:25,,,0,0
392000044,공휴일,1,13:25,13:25,,,0,0
392000044,토요일,1,13:25,13:25,,,0,0
392000045,공휴일,1,11:40,11:40,12:50,12:50,0,0
392000045,토요일,1,11:40,11:40,12:50,12:50,0,0
392000045,평일,1,11:40,11:40,12:50,12:50,0,0
392000046,공휴일,1,08:40,08:40,,,0,0
392000046,토요일,1,08:40,08:40,,,0,0
392000046,평일,1,08:40,08:40,,,0,0
392000047,공휴일,1,14:30,14:30,,,0,0
392000047,토요일,1,14:30,14:30,,,0,0
392000047,평일,1,14:30,14:30,,,0,0
392000048,평일,1,10:50,10:50,11:15,11:15,0,0
392000048,토요일,1,10:50,10:50,11:15,11:15,0,0
392000048,공휴일,1,10:50,10:50,11:15,11:15,0,0
392000049,평일,1,13:50,13:50,14:20,14:20,0,0
392000049,토요일,1,13:50,13:50,14:20,14:20,0,0
392000049,공휴일,1,13:50,13:50,14:20,14:20,0,0
392000050,공휴일,1,10:20,10:20,11:15,11:15,0,0
392000050,토요일,1,10:20,10:20,11:15,11:15,0,0
392000050,평일,1,10:20,10:20,11:15,11:15,0,0
392000051,평일,1,11:15,11:15,11:25,11:25,0,0
392000051,토요일,1,11:15,11:15,11:25,11:25,0,0
392000051,공휴일,1,11:15,11:15,11:25,11:25,0,0
392000052,평일,1,11:40,11:40,,,0,0
392000052,토요일,1,11:40,11:40,,,0,0
392000052,공휴일,1,11:40,11:40,,,0,0
392000053,토요일,1,08:00,08:00,08:43,08:43,0,0
392000053,공휴일,1,08:00,08:00,08:43,08:43,0,0
392000053,평일,1,08:00,08:00,08:43,08:43,0,0
392000054,평일,1,08:30,08:30,09:00,09:00,0,0
392000054,토요일,1,08:30,08:30,09:00,09:00,0,0
392000054,공휴일,1,08:30,08:30,09:00,09:00,0,0
392000055,평일,1,09:15,09:15,,,0,0
392000055,토요일,1,09:15,09:15,,,0,0
392000055,공휴일,1,09:15,09:15,,,0,0
392000056,토요일,1,06:45,06:45,,,0,0
392000056,공휴일,1,06:45,06:45,,,0,0
392000056,평일,1,06:45,06:45,,,0,0
392000057,평일,1,07:40,07:40,07:50,07:50,0,0
392000057,토요일,1,07:40,07:40,07:50,07:50,0,0
392000057,공휴일,1,07:40,07:40,07:50,07:50,0,0
392000058,평일,1,13:50,13:50,,,0,0
392000058,공휴일,1,13:50,13:50,,,0,0
392000058,토요일,1,13:50,13:50,,,0,0
392000059,평일,1,15:40,15:40,16:05,16:05,0,0
392000059,토요일,1,15:40,15:40,16:05,16:05,0,0
392000059,공휴일,1,15:40,15:40,16:05,16:05,0,0
392000060,평일,1,13:00,13:00,13:25,13:25,0,0
392000060,토요일,1,13:00,13:00,13:25,13:25,0,0
392000060,공휴일,1,13:00,13:00,13:25,13:25,0,0
392000061,평일,1,09:30,09:30,10:15,10:15,0,0
392000061,토요일,1,09:30,09:30,10:15,10:15,0,0
392000061,공휴일,1,09:30,09:30,10:15,10:15,0,0
392000062,평일,1,21:30,21:30,,,0,0
392000062,토요일,1,21:30,21:30,,,0,0
392000062,공휴일,1,21:30,21:30,,,0,0
392000063,평일,2,10:35,17:30,11:50,18:45,415,415
392000063,토요일,2,10:35,17:30,11:50,18:45,415,415
392000063,공휴일,2,10:35,17:30,11:50,18:45,415,415
392000064,평일,1,06:50,06:50,07:40,07:40,0,0
392000064,토요일,1,06:50,06:50,07:40,07:40,0,0
392000064,공휴일,1,06:50,06:50,07:40,07:40,0,0
392000065,공휴일,1,12:25,12:25,13:45,13:45,0,0
392000065,토요일,1,12:25,12:25,13:45,13:45,0,0
392000065,평일,1,12:25,12:25,13:45,13:45,0,0
392000066,평일,1,14:25,14:25,15:45,15:45,0,0
392000066,토요일,1,14:25,14:25,15:45,15:45,0,0
392000066,공휴일,1,14:25,14:25,15:45,15:45,0,0
392000067,평일,1,06:10,06:10,06:50,06:50,0,0
392000067,토요일,1,06:10,06:10,06:50,06:50,0,0
392000067,공휴일,1,06:10,06:10,06:50,06:50,0,0
392000068,공휴일,1,08:40,08:40,09:30,09:30,0,0
392000068,토요일,1,08:40,08:40,09:30,09:30,0,0
392000068,평일,1,08:40,08:40,09:30,09:30,0,0
392000069,평일,1,20:35,20:35,,,0,0
392000069,토요일,1,20:35,20:35,,,0,0
392000069,공휴일,1,20:35,20:35,,,0,0
392000070,공휴일,2,12:45,16:45,13:30,17:30,240,240
392000070,평일,2,12:45,16:45,13:30,17:30,240,240
392000070,토요일,2,12:45,16:45,13:30,17:30,240,240
392000071,평일,2,07:45,09:50,08:30,10:35,125,125
392000071,토요일,2,07:45,09:50,08:30,10:35,125,125
392000071,공휴일,2,07:45,09:50,08:30,10:35,125,125
392000072,평일,1,17:45,17:45,18:20,18:20,0,0
392000072,공휴일,1,17:45,17:45,18:20,18:20,0,0
392000072,토요일,1,17:45,17:45,18:20,18:20,0,0
392000073,공휴일,1,13:45,13:45,14:30,14:30,0,0
392000073,평일,1,13:45,13:45,14:30,14:30,0,0
392000073,토요일,1,13:45,13:45,14:30,14:30,0,0
392000074,공휴일,1,06:50,06:50,07:15,07:15,0,0
392000074,토요일,1,06:50,06:50,07:15,07:15,0,0
392000074,평일,1,06:50,06:50,07:15,07:15,0,0
392000075,평일,2,12:05,14:05,12:35,14:35,120,120
392000075,토요일,2,12:05,14:05,12:35,14:35,120,120
392000075,공휴일,2,12:05,14:05,12:35,14:35,120,120
392000076,공휴일,1,09:00,09:00,09:30,09:30,0,0
392000076,토요일,1,09:00,09:00,09:30,09:30,0,0
392000076,평일,1,09:00,09:00,09:30,09:30,0,0
392000077,평일,4,10:30,19:00,10:50,19:15,85,335
392000077,토요일,4,10:30,19:00,10:50,19:15,85,335
392000077,공휴일,4,10:30,19:00,10:50,19:15,85,335
392000078,평일,2,11:30,15:20,11:50,15:40,230,230
392000078,토요일,2,11:30,15:20,11:50,15:40,230,230
392000078,공휴일,2,11:30,15:20,11:50,15:40,230,230
392000079,공휴일,1,08:00,08:00,08:10,08:10,0,0
392000079,토요일,1,08:00,08:00,08:10,08:10,0,0
392000079,평일,1,08:00,08:00,08:10,08:10,0,0
392000080,평일,1,19:30,19:30,19:55,19:55,0,0
392000080,토요일,1,19:30,19:30,19:55,19:55,0,0
392000080,공휴일,1,19:30,19:30,19:55,19:55,0,0
392000081,평일,1,09:15,09:15,09:50,09:50,0,0
392000081,토요일,1,09:15,09:15,09:50,09:50,0,0
392000081,공휴일,1,09:15,09:15,09:50,09:50,0,0
392000082,평일,1,15:10,15:10,16:00,16:00,0,0
392000082,토요일,1,15:10,15:10,16:00,16:00,0,0
392000082,공휴일,1,15:10,15:10,16:00,16:00,0,0
392000083,공휴일,1,17:50,17:50,18:20,18:20,0,0
392000083,토요일,1,17:50,17:50,18:20,18:20,0,0
392000083,평일,1,17:50,17:50,18:20,18:20,0,0
392000084,평일,1,06:45,06:45,07:15,07:15,0,0
392000084,토요일,1,06:45,06:45,07:15,07:15,0,0
392000084,공휴일,1,06:45,06:45,07:15,07:15,0,0
392000085,평일,1,17:00,17:00,18:00,18:00,0,0
392000085,토요일,1,17:00,17:00,18:00,18:00,0,0
392000085,공휴일,1,17:00,17:00,18:00,18:00,0,0
392000086,평일,1,16:30,16:30,16:50,16:50,0,0
392000086,토요일,1,16:30,16:30,16:50,16:50,0,0
392000086,공휴일,1,16:30,16:30,16:50,16:50,0,0
392000087,공휴일,2,09:45,18:20,10:00,18:40,515,515
392000087,토요일,2,09:45,18:20,10:00,18:40,515,515
392000087,평일,2,09:45,18:20,10:00,18:40,515,515
392000088,평일,1,06:55,06:55,07:05,07:05,0,0
392000088,토요일,1,06:55,06:55,07:05,07:05,0,0
392000088,공휴일,1,06:55,06:55,07:05,07:05,0,0
392000089,평일,1,12:55,12:55,13:10,13:10,0,0
392000089,토요일,1,12:55,12:55,13:10,13:10,0,0
392000089,공휴일,1,12:55,12:55,13:10,13:10,0,0
392000090,평일,1,15:30,15:30,16:10,16:10,0,0
392000090,토요일,1,15:30,15:30,16:10,16:10,0,0
392000090,공휴일,1,15:30,15:30,16:10,16:10,0,0
392000091,평일,1,11:40,11:40,12:20,12:20,0,0
392000091,토요일,1,11:40,11:40,12:20,12:20,0,0
392000091,공휴일,1,11:40,11:40,12:20,12:20,0,0
392000092,평일,3,09:40,16:00,10:45,17:05,115,265
392000092,토요일,3,09:40,16:00,10:45,17:05,115,265
392000092,공휴일,3,09:40,16:00,10:45,17:05,115,265
392000094,평일,1,07:50,07:50,08:45,08:45,0,0
392000094,토요일,1,07:50,07:50,08:45,08:45,0,0
392000094,공휴일,1,07:50,07:50,08:45,08:45,0,0
392000095,평일,1,19:01,19:01,19:40,19:40,0,0
392000095,토요일,1,19:01,19:01,19:40,19:40,0,0
392000095,공휴일,1,19:01,19:01,19:40,19:40,0,0
392000096,토요일,1,06:10,06:10,06:50,06:50,0,0
392000096,공휴일,1,06:10,06:10,06:50,06:50,0,0
392000096,평일,1,06:10,06:10,06:50,06:50,0,0
392000097,공휴일,1,13:25,13:25,14:35,14:35,0,0
392000097,토요일,1,13:25,13:25,14:35,14:35,0,0
392000097,평일,1,13:25,13:25,14:35,14:35,0,0
392000098,토요일,1,08:45,08:45,09:35,09:35,0,0
392000098,공휴일,1,08:45,08:45,09:35,09:35,0,0
392000098,평일,1,08:45,08:45,09:35,09:35,0,0
392000099,평일,2,11:45,15:45,12:35,16:35,240,240
392000099,토요일,2,11:45,15:45,12:35,16:35,240,240
392000099,공휴일,2,11:45,15:45,12:35,16:35,240,240
392000100,평일,1,06:35,06:35,07:00,07:00,0,0
392000100,토요일,1,06:35,06:35,07:00,07:00,0,0
392000100,공휴일,1,06:35,06:35,07:00,07:00,0,0
392000101,평일,1,19:00,19:00,19:35,19:35,0,0
392000101,토요일,1,19:00,19:00,19:35,19:35,0,0
392000101,공휴일,1,19:00,19:00,19:35,19:35,0,0
392000102,공휴일,1,07:10,07:10,,,0,0
392000102,평일,1,07:10,07:10,,,0,0
392000102,토요일,1,07:10,07:10,,,0,0
392000103,공휴일,2,13:15,18:05,,,290,290
392000103,토요일,2,13:15,18:05,,,290,290
392000103,평일,2,13:15,18:05,,,290,290
392000104,공휴일,1,10:10,10:10,,,0,0
392000104,토요일,1,10:10,10:10,,,0,0
392000104,평일,1,10:10,10:10,,,0,0
392000105,공휴일,1,18:20,18:20,,,0,0
392000105,토요일,1,18:20,18:20,,,0,0
392000105,평일,1,18:20,18:20,,,0,0
392000106,공휴일,1,11:45,11:45,,,0,0
392000106,토요일,1,11:45,11:45,,,0,0
392000106,평일,1,11:45,11:45,,,0,0
392000107,평일,1,16:50,16:50,17:50,17:50,0,0
392000107,토요일,1,16:50,16:50,17:50,17:50,0,0
392000107,공휴일,1,16:50,16:50,17:50,17:50,0,0
392000108,평일,1,18:30,18:30,,,0,0
392000108,공휴일,1,18:30,18:30,,,0,0
392000108,토요일,1,18:30,18:30,,,0,0
392000109,공휴일,1,07:20,07:20,07:55,07:55,0,0
392000110,공휴일,1,08:00,08:00,09:05,09:05,0,0
392000110,평일,1,08:00,08:00,09:05,09:05,0,0
392000110,토요일,1,08:00,08:00,09:05,09:05,0,0
392000111,평일,1,16:30,16:30,17:30,17:30,0,0
392000111,토요일,1,16:30,16:30,17:30,17:30,0,0
392000111,공휴일,1,16:30,16:30,17:30,17:30,0,0
392000112,평일,1,07:15,07:15,07:30,07:30,0,0
392000112,토요일,1,07:15,07:15,07:30,07:30,0,0
392000112,공휴일,1,07:15,07:15,07:30,07:30,0,0
392000113,공휴일,1,12:10,12:10,13:00,13:00,0,0
392000113,토요일,1,12:10,12:10,13:00,13:00,0,0
392000113,평일,1,12:10,12:10,13:00,13:00,0,0
392000121,매일,1,07:05,07:05,,,0,0
392000122,매일,1,07:45,07:45,,,0,0
392000123,매일,1,08:25,08:25,,,0,0
392000124,매일,1,10:05,10:05,,,0,0
392000125,매일,1,11:05,11:05,,,0,0
392000126,매일,1,12:05,12:05,,,0,0
392000127,매일,1,13:50,13:50,,,0,0
392000128,매일,1,15:35,15:35,,,0,0
392000129,매일,1,16:25,16:25,,,0,0
392000130,매일,1,17:25,17:25,,,0,0
392000131,매일,1,07:00,07:00,,,0,0
392000132,매일,1,07:30,07:30,,,0,0
392000133,매일,2,08:20,10:58,,,158,158
392000134,매일,1,10:00,10:00,,,0,0
392000135,매일,1,12:00,12:00,,,0,0
392000136,매일,1,13:45,13:45,,,0,0
392000137,매일,1,15:35,15:35,,,0,0
392000138,매일,1,16:35,16:35,,,0,0
392000139,매일,1,17:20,17:20,,,0,0
393000003,평일,6,08:10,18:25,,,80,150
393000003,토요일,6,08:10,18:25,,,75,150
393000003,공휴일,6,08:10,18:25,,,75,150
393000004,매일,2,12:25,18:35,,,370,370
393000006,매일,2,07:00,13:35,,,395,395
393000007,매일,4,08:10,19:30,,,105,470
393000008,평일,1,20:15,20:15,,,0,0
393000008,토요일,1,20:15,20:15,,,0,0
393000008,공휴일,1,20:15,20:15,,,0,0
393000011,평일,7,06:40,20:00,,,110,190
393000011,토요일,7,06:40,20:00,,,110,190
393000011,공휴일,7,06:40,20:00,,,110,190
393000013,매일,9,09:30,20:10,,,45,140
393000014,매일,9,07:00,19:00,,,45,235
393000015,공휴일,1,07:10,07:10,,,0,0
393000015,토요일,1,07:10,07:10,,,0,0
393000015,평일,1,07:10,07:10,,,0,0
393000018,매일,7,07:25,20:20,,,65,215
393000019,매일,7,07:00,18:00,,,70,220
393000021,매일,3,10:30,20:40,,,250,360
393000022,평일,3,06:20,14:00,,,185,275
393000023,평일,2,06:40,18:10,07:35,19:00,690,690
393000023,토요일,2,06:40,18:10,07:35,19:00,690,690
393000023,공휴일,2,06:40,18:10,07:35,19:00,690,690
393000024,평일,3,05:10,12:05,,,70,345
393000024,토요일,3,05:10,12:05,,,70,345
393000024,공휴일,3,05:10,12:05,,,70,345
393000028,매일,1,11:00,11:00,,,0,0
393000029,매일,3,06:45,18:00,,,180,495
393000031,평일,2,09:35,10:40,,,65,65
393000031,토요일,2,09:35,10:40,,,65,65
393000031,공휴일,2,09:35,10:40,,,65,65
393000032,평일,1,09:00,09:00,,,0,0
393000032,토요일,1,09:00,09:00,,,0,0
393000032,공휴일,1,09:00,09:00,,,0,0
393000033,공휴일,1,11:40,11:40,,,0,0
393000033,토요일,1,11:40,11:40,,,0,0
393000033,평일,1,11:40,11:40,,,0,0
393000034,평일,1,08:05,08:05,,,0,0
393000034,토요일,1,08:05,08:05,,,0,0
393000034,공휴일,1,08:05,08:05,,,0,0
393000035,토요일,2,07:55,13:35,,,340,340
393000035,공휴일,2,07:55,13:35,,,340,340
393000035,평일,2,07:55,13:35,,,340,340
393000036,평일,2,11:45,14:50,,,185,185
393000036,토요일,2,11:45,14:50,,,185,185
393000036,공휴일,2,11:45,14:50,,,185,185
393000037,평일,2,08:00,17:10,,,550,550
393000037,토요일,2,08:00,17:10,,,550,550
393000037,공휴일,2,08:00,17:10,,,550,550
393000040,토요일,2,06:35,18:50,,,735,735
393000040,평일,2,06:35,18:50,,,735,735
393000040,공휴일,2,06:35,18:50,,,735,735
393000048,매일,2,06:20,07:40,,,80,80
393000049,매일,3,05:40,12:35,,,80,335
393000051,공휴일,1,07:00,07:00,,,0,0
393000051,토요일,1,07:00,07:00,,,0,0
393000051,평일,1,07:00,07:00,,,0,0
393000052,평일,1,09:00,09:00,,,0,0
393000052,공휴일,1,09:00,09:00,,,0,0
393000052,토요일,1,09:00,09:00,,,0,0
393000053,매일,4,11:35,17:10,,,35,200
393000058,공휴일,3,06:50,19:00,,,125,605
393000058,토요일,3,06:50,19:00,,,125,605
393000058,평일,3,06:50,19:00,,,125,605
393000061,공휴일,1,19:05,19:05,19:30,19:30,0,0
393000061,토요일,1,19:05,19:05,19:30,19:30,0,0
393000061,평일,1,19:05,19:05,19:30,19:30,0,0
393000062,매일,4,09:20,20:40,,,180,290
393000063,평일,2,10:50,13:20,,,150,150
393000063,토요일,2,10:50,13:20,,,150,150
393000063,공휴일,2,10:50,13:20,,,150,150
393000064,공휴일,2,07:50,10:55,,,185,185
393000064,평일,2,07:50,10:55,,,185,185
393000064,토요일,2,07:50,10:55,,,185,185
393000065,공휴일,2,08:50,09:55,,,65,65
393000065,토요일,2,08:50,09:55,,,65,65
393000065,평일,2,08:50,09:55,,,65,65
393000066,매일,3,12:53,18:28,,,30,305
393000068,매일,2,09:35,11:40,,,125,125
393000069,매일,2,10:15,12:20,,,125,125
393000070,평일,1,17:00,17:00,,,0,0
393000070,토요일,1,17:00,17:00,,,0,0
393000070,공휴일,1,17:00,17:00,,,0,0
393000071,평일,3,09:20,14:35,,,155,160
393000071,토요일,3,09:20,14:35,,,155,160
393000071,공휴일,3,09:20,14:35,,,155,160
393000072,공휴일,3,09:50,15:00,,,150,160
393000072,평일,3,09:50,15:00,,,150,160
393000072,토요일,3,09:50,15:00,,,150,160
393000073,공휴일,1,07:05,07:05,,,0,0
393000073,토요일,1,07:05,07:05,,,0,0
393000073,평일,1,07:05,07:05,,,0,0
393000074,공휴일,1,07:30,07:30,,,0,0
393000074,토요일,1,07:30,07:30,,,0,0
393000074,평일,1,07:30,07:30,,,0,0
393000075,공휴일,2,11:10,19:05,,,475,475
393000075,토요일,2,11:10,19:05,,,475,475
393000075,평일,2,11:10,19:05,,,475,475
393000076,매일,3,11:40,19:30,,,100,370
393000077,토요일,2,06:40,10:05,,,205,205
393000077,공휴일,2,06:40,10:05,,,205,205
393000077,평일,2,06:40,10:05,,,205,205
393000078,공휴일,2,07:10,10:35,,,205,205
393000078,평일,2,07:10,10:35,,,205,205
393000078,토요일,2,07:10,10:35,,,205,205
393000079,매일,4,08:40,20:00,,,180,290
393000080,평일,2,15:34,18:34,,,180,180
393000080,토요일,2,15:34,18:34,,,180,180
393000080,공휴일,2,15:34,18:34,,,180,180
393000081,평일,2,07:19,11:41,,,262,262
393000081,토요일,2,07:19,11:41,,,262,262
393000081,공휴일,2,07:19,11:41,,,262,262
393000082,매일,2,06:10,19:00,,,770,770
393000083,매일,2,06:40,19:30,,,770,770
393000084,평일,1,18:05,18:05,,,0,0
393000084,토요일,1,18:05,18:05,,,0,0
393000084,공휴일,1,18:05,18:05,,,0,0
393000085,평일,2,09:50,13:10,,,200,200
393000085,토요일,2,09:50,13:10,,,200,200
393000085,공휴일,2,09:50,13:10,,,200,200
393000086,매일,2,11:20,14:30,,,190,190
393000087,매일,2,06:30,18:25,,,715,715
393000088,매일,4,07:45,19:50,,,25,385
393000089,공휴일,2,11:50,19:00,,,430,430
393000089,토요일,2,11:50,19:00,,,430,430
393000089,평일,2,11:50,19:00,,,430,430
393000090,공휴일,2,13:00,19:50,,,410,410
393000090,토요일,2,13:00,19:50,,,410,410
393000090,평일,2,13:00,19:50,,,410,410
393000091,매일,2,06:20,07:50,,,90,90
393000092,공휴일,2,08:00,16:40,,,520,520
393000092,토요일,2,08:00,16:40,,,520,520
393000092,평일,2,08:00,16:40,,,520,520
393000093,토요일,2,09:06,17:46,,,520,520
393000093,평일,2,09:06,17:46,,,520,520
393000093,공휴일,2,09:06,17:46,,,520,520
393000094,평일,2,06:40,18:10,07:35,19:00,690,690
393000094,토요일,2,06:40,18:10,07:35,19:00,690,690
393000094,공휴일,2,06:40,18:10,07:35,19:00,690,690
393000095,평일,1,10:20,10:20,,,0,0
393000095,토요일,1,10:20,10:20,,,0,0
393000095,공휴일,1,10:20,10:20,,,0,0
393000096,평일,1,08:20,08:20,,,0,0
393000096,토요일,1,08:20,08:20,,,0,0
393000096,공휴일,1,08:20,08:20,,,0,0
393000097,평일,1,12:20,12:20,,,0,0
393000097,토요일,1,12:20,12:20,,,0,0
393000097,공휴일,1,12:20,12:20,,,0,0
393000098,평일,1,17:50,17:50,,,0,0
393000098,토요일,1,17:50,17:50,,,0,0
393000098,공휴일,1,17:50,17:50,,,0,0
393000099,평일,1,07:50,07:50,,,0,0
393000099,토요일,1,07:50,07:50,,,0,0
393000099,공휴일,1,07:50,07:50,,,0,0
393000100,평일,1,09:50,09:50,,,0,0
393000100,토요일,1,09:50,09:50,,,0,0
393000100,공휴일,1,09:50,09:50,,,0,0
393000101,공휴일,1,10:00,10:00,,,0,0
393000101,토요일,1,10:00,10:00,,,0,0
393000101,평일,1,10:00,10:00,,,0,0
393000103,평일,2,15:40,16:20,,,40,40
393000103,토요일,2,15:40,16:20,,,40,40
393000103,공휴일,2,15:40,16:20,,,40,40
393000104,매일,2,12:00,17:25,12:10,12:40,325,325
393000105,공휴일,1,12:00,12:00,,,0,0
393000105,토요일,1,12:00,12:00,,,0,0
393000105,평일,1,12:00,12:00,,,0,0
393000106,평일,3,06:50,16:40,,,40,550
393000106,토요일,3,06:50,16:40,,,40,550
393000106,공휴일,3,06:50,16:40,,,40,550
393000107,평일,2,11:10,13:30,,,140,140
393000107,토요일,2,11:10,13:30,,,140,140
393000107,공휴일,2,11:10,13:30,,,140,140
393000108,토요일,2,09:50,14:20,,,270,270
393000108,평일,2,09:50,14:20,,,270,270
393000108,공휴일,2,09:50,14:20,,,270,270
393000109,공휴일,2,11:50,15:50,,,240,240
393000109,토요일,2,11:50,15:50,,,240,240
393000109,평일,2,11:50,15:50,,,240,240
393000110,공휴일,1,09:00,09:00,,,0,0
393000110,토요일,1,09:00,09:00,,,0,0
393000110,평일,1,09:00,09:00,,,0,0
393000111,공휴일,1,17:30,17:30,,,0,0
393000111,토요일,1,17:30,17:30,,,0,0
393000111,평일,1,17:30,17:30,,,0,0
393000112,토요일,3,08:50,15:50,,,180,240
393000112,공휴일,3,08:50,15:50,,,180,240
393000112,평일,3,08:50,15:50,,,180,240
393000113,공휴일,4,07:05,16:20,,,175,200
393000113,토요일,4,07:05,16:20,,,175,200
393000113,평일,4,07:05,16:20,,,175,200
393000114,토요일,4,08:20,17:40,,,180,200
393000114,평일,4,08:20,17:40,,,180,200
393000114,공휴일,4,08:20,17:40,,,180,200
393000115,평일,1,07:30,07:30,,,0,0
393000115,공휴일,1,07:30,07:30,,,0,0
393000115,토요일,1,07:30,07:30,,,0,0
393000116,평일,1,08:30,08:30,,,0,0
393000116,토요일,1,08:30,08:30,,,0,0
393000116,공휴일,1,08:30,08:30,,,0,0
393000117,평일,1,13:30,13:30,,,0,0
393000117,토요일,1,13:30,13:30,,,0,0
393000117,공휴일,1,13:30,13:30,,,0,0
393000118,토요일,1,14:30,14:30,,,0,0
393000118,평일,1,14:30,14:30,,,0,0
393000118,공휴일,1,14:30,14:30,,,0,0
393000119,평일,1,18:30,18:30,,,0,0
393000119,토요일,1,18:30,18:30,,,0,0
393000119,공휴일,1,18:30,18:30,,,0,0
393000120,평일,1,06:45,06:45,,,0,0
393000120,공휴일,1,06:45,06:45,,,0,0
393000120,토요일,1,06:45,06:45,,,0,0
393000121,평일,2,08:30,17:40,,,550,550
393000121,토요일,2,08:30,17:40,,,550,550
393000121,공휴일,2,08:30,17:40,,,550,550
393000122,매일,2,06:45,10:30,,,225,225
393000123,매일,2,07:40,18:00,,,620,620
393000124,매일,3,09:00,15:00,,,160,200
393000125,매일,1,10:00,10:00,,,0,0
393000126,매일,2,13:20,16:30,,,190,190
393000127,매일,1,16:00,16:00,,,0,0
393000128,매일,1,17:30,17:30,,,0,0
394000001,매일,2,12:00,18:00,12:15,18:15,360,360
394000002,매일,1,07:40,07:40,07:55,07:55,0,0
394000003,매일,3,07:00,18:00,07:15,18:15,270,390
394000004,매일,5,06:50,18:40,07:20,19:10,130,250
394000005,매일,2,08:20,12:40,08:40,13:00,260,260
394000006,매일,2,08:00,16:00,08:10,16:10,480,480
394000007,매일,3,08:20,18:30,08:35,18:45,245,360
394000008,매일,2,07:55,16:30,08:15,16:50,515,515
394000009,매일,4,08:40,17:10,09:05,17:35,90,240
394000010,매일,4,07:20,18:00,,,140,280
394000011,매일,3,06:20,15:00,,,50,470
394000012,매일,3,06:45,19:25,,,125,635
394000013,매일,3,10:20,18:50,,,130,380
394000014,매일,2,11:00,15:40,,,280,280
394000015,매일,1,07:50,07:50,,,0,0
394000016,매일,2,09:25,16:00,,,395,395
394000017,매일,2,10:40,17:10,,,390,390
394000018,매일,1,12:00,12:00,,,0,0
394000019,매일,3,13:20,18:30,,,130,180
394000020,매일,2,17:10,18:20,,,70,70
394000021,매일,2,09:20,11:10,,,110,110
394000022,매일,1,13:20,13:20,,,0,0
394000023,매일,1,14:40,14:40,,,0,0
394000024,매일,1,06:40,06:40,,,0,0
394000025,매일,1,14:40,14:40,,,0,0
394000026,매일,1,17:40,17:40,,,0,0
394000027,매일,1,16:30,16:30,,,0,0
394000028,매일,1,08:15,08:15,,,0,0
394000029,매일,3,07:00,15:00,,,210,270
394000030,매일,3,09:00,19:00,,,210,390
394000031,매일,1,11:00,11:00,,,0,0
394000032,매일,2,07:30,13:20,,,350,350
394000033,매일,1,09:30,09:30,,,0,0
394000034,매일,1,16:30,16:30,,,0,0
394000035,매일,1,07:05,07:05,,,0,0
394000036,매일,1,09:10,09:10,,,0,0
394000037,매일,1,14:00,14:00,,,0,0
394000038,매일,1,18:00,18:00,,,0,0
394000039,매일,1,08:50,08:50,,,0,0
394000040,매일,3,12:20,17:30,,,140,170
394000041,매일,1,13:10,13:10,,,0,0
394000042,매일,2,10:40,18:30,,,470,470
394000043,매일,1,15:50,15:50,,,0,0
394000044,매일,1,10:10,10:10,,,0,0
394000045,매일,1,07:00,07:00,,,0,0
394000046,매일,2,06:35,15:00,,,505,505
394000047,매일,1,09:40,09:40,,,0,0
394000048,매일,1,10:50,10:50,,,0,0
394000049,매일,1,13:30,13:30,,,0,0
394000050,매일,1,12:00,12:00,,,0,0
394000051,매일,2,07:20,16:10,,,530,530
394000052,매일,1,06:25,06:25,,,0,0
394000053,매일,1,12:40,12:40,,,0,0
394000054,매일,1,13:40,13:40,,,0,0
394000055,매일,3,10:20,18:20,,,230,250
394000056,매일,1,19:10,19:10,,,0,0
394000057,매일,1,15:10,15:10,,,0,0
394000058,매일,1,07:15,07:15,,,0,0
394000059,매일,1,17:00,17:00,,,0,0
394000060,매일,2,09:10,11:20,,,130,130
394000061,매일,1,08:20,08:20,,,0,0
394000062,매일,1,16:10,16:10,,,0,0
394000063,매일,1,10:00,10:00,,,0,0
394000064,매일,1,08:00,08:00,,,0,0
394000065,매일,12,08:00,16:20,,,40,100
394000066,매일,12,08:20,16:40,,,40,100
395000001,매일,3,06:50,17:15,07:10,17:35,225,400
395000002,매일,1,07:30,07:30,07:40,07:40,0,0
395000003,매일,1,08:15,08:15,08:50,08:50,0,0
395000004,매일,1,10:00,10:00,10:25,10:25,0,0
395000005,매일,6,08:50,18:10,09:20,18:40,60,160
395000006,매일,2,09:00,12:20,09:10,12:30,200,200
395000008,매일,2,13:00,15:30,,,150,150
395000009,매일,1,06:20,06:20,,,0,0
395000010,매일,2,07:15,09:15,,,120,120
395000011,매일,2,13:20,18:00,13:40,18:20,280,280
395000012,매일,8,07:00,18:10,07:20,18:40,60,140
395000013,매일,7,06:20,18:00,,,50,160
395000014,매일,1,08:50,08:50,09:10,09:10,0,0
395000017,매일,2,07:50,11:10,08:00,11:20,200,200
395000018,매일,3,10:20,12:00,10:30,17:10,20,80
395000020,매일,1,16:30,16:30,17:10,17:10,0,0
395000021,매일,1,18:00,18:00,18:15,18:15,0,0
395000022,매일,1,07:00,07:00,07:20,07:20,0,0
395000023,매일,1,07:50,07:50,08:20,08:20,0,0
395000024,매일,1,10:20,10:20,10:50,10:50,0,0
395000025,매일,1,11:20,11:20,11:35,11:35,0,0
395000026,매일,1,12:20,12:20,13:10,13:10,0,0
395000027,매일,1,15:30,15:30,16:00,16:00,0,0
395000029,매일,1,08:20,08:20,09:00,09:00,0,0
395000030,매일,2,07:55,10:50,08:05,11:05,175,175
395000032,매일,1,13:40,13:40,14:10,14:10,0,0
395000033,매일,1,17:10,17:10,17:40,17:40,0,0
395000034,매일,1,07:00,07:00,,,0,0
395000035,매일,1,11:00,11:00,11:30,11:30,0,0
395000036,매일,1,12:30,12:30,13:20,13:20,0,0
395000037,매일,2,11:20,14:40,11:40,15:00,200,200
395000038,매일,1,07:10,07:10,07:30,07:30,0,0
395000039,매일,1,08:30,08:30,09:00,09:00,0,0
395000040,매일,2,13:20,16:30,,,190,190
395000041,매일,1,07:00,07:00,07:35,07:35,0,0
395000042,매일,1,08:00,08:00,08:20,08:20,0,0
395000043,매일,1,10:10,10:10,,,0,0
395000044,매일,1,11:30,11:30,11:55,11:55,0,0
395000045,매일,1,13:40,13:40,,,0,0
395000051,매일,2,16:05,17:35,16:30,18:00,90,90
395000052,매일,2,10:40,16:50,11:00,17:10,370,370
395000053,매일,2,15:00,18:20,,,200,200
395000054,매일,3,08:05,15:00,08:15,15:10,205,210
395000055,매일,5,08:40,18:40,,,55,280
395000056,매일,3,06:40,18:00,07:00,18:20,285,395
395000057,매일,1,12:00,12:00,12:30,12:30,0,0
395000058,매일,1,13:50,13:50,14:05,14:05,0,0
395000059,매일,1,14:30,14:30,15:40,15:40,0,0
395000060,매일,1,16:00,16:00,,,0,0
395000061,매일,1,08:40,08:40,09:10,09:10,0,0
395000062,매일,1,08:00,08:00,08:10,08:10,0,0
395000063,매일,1,09:30,09:30,10:00,10:00,0,0
395000064,매일,1,10:40,10:40,10:55,10:55,0,0
395000065,매일,2,14:00,17:10,,,190,190
395000066,매일,1,16:25,16:25,17:00,17:00,0,0
395000067,매일,2,08:05,17:30,08:15,17:40,565,565
395000069,매일,1,08:20,08:20,08:45,08:45,0,0
395000071,매일,1,07:40,07:40,08:05,08:05,0,0
395000072,매일,4,12:40,18:55,,,45,210
395000073,매일,1,07:40,07:40,08:15,08:15,0,0
395000074,매일,2,07:30,09:30,,,120,120
395000075,매일,3,11:15,18:30,,,50,385
395000076,매일,1,10:10,10:10,10:40,10:40,0,0
395000077,매일,1,09:30,09:30,,,0,0
395000080,매일,1,11:50,11:50,12:00,12:00,0,0
395000081,매일,1,14:10,14:10,,,0,0
395000082,매일,1,07:20,07:20,07:40,07:40,0,0
395000083,매일,1,16:30,16:30,17:20,17:20,0,0
396000001,매일,3,06:50,18:30,,,190,510
396000002,매일,11,07:30,18:30,,,30,120
396000003,매일,6,07:00,17:00,,,60,240
396000004,매일,4,07:30,17:30,,,150,240
396000005,매일,6,10:00,19:00,,,30,210
396000006,매일,8,07:40,19:40,,,50,160
396000007,매일,4,07:10,18:40,,,110,310
396000008,매일,3,12:30,17:30,,,120,180
396000009,매일,2,12:30,16:30,,,240,240
396000010,매일,6,06:30,19:20,,,120,220
396000011,매일,1,06:00,06:00,,,0,0
396000014,매일,1,09:00,09:00,,,0,0
396000015,매일,2,07:00,12:00,,,300,300
396000016,매일,3,09:40,19:10,,,240,330
396000017,매일,3,08:30,16:30,,,120,360
396000018,매일,1,06:30,06:30,,,0,0
396000019,매일,3,07:30,17:00,,,120,450
396000020,매일,1,13:00,13:00,,,0,0
396000021,매일,1,16:00,16:00,,,0,0
396000022,매일,5,06:30,19:00,,,120,270
396000023,매일,4,07:00,18:00,,,130,270
396000024,매일,3,10:30,19:30,,,60,480
396000025,매일,2,13:00,15:30,,,150,150
396000026,매일,2,06:20,08:30,,,130,130
396000027,매일,3,07:40,18:10,,,310,320
396000029,매일,3,07:40,17:10,,,240,330
396000030,매일,3,08:30,15:00,,,180,210
396000031,매일,4,07:00,17:10,,,100,300
396000032,매일,1,06:30,06:30,,,0,0
396000033,매일,3,06:30,18:10,,,340,360
396000034,매일,3,08:20,18:40,,,280,340
396000035,매일,1,06:20,06:20,,,0,0
396000036,매일,2,10:10,15:40,,,330,330
396000037,매일,5,08:00,18:20,,,90,240
396000038,매일,1,06:20,06:20,,,0,0
396000039,매일,1,18:30,18:30,,,0,0
396000040,매일,3,06:20,18:40,,,270,470
396000041,매일,2,07:50,15:30,,,460,460
396000042,매일,1,09:10,09:10,,,0,0
396000043,매일,4,08:10,16:10,,,120,240
396000044,매일,3,07:10,17:40,,,240,390
396000045,매일,1,06:40,06:40,,,0,0
396000046,매일,3,07:00,18:30,,,120,570
396000047,매일,3,09:30,17:40,,,190,300
396000048,매일,1,12:30,12:30,,,0,0
396000049,매일,1,19:00,19:00,,,0,0
396000050,매일,3,08:00,16:40,,,240,280
396000051,매일,2,08:40,14:10,,,330,330
396000052,매일,1,09:30,09:30,,,0,0
396000053,매일,1,13:30,13:30,,,0,0
396000054,매일,2,09:00,15:00,,,360,360
396000055,매일,2,07:30,16:00,,,510,510
396000056,매일,3,10:10,16:00,,,170,180
396000057,매일,1,19:40,19:40,,,0,0
396000058,매일,3,06:40,16:00,,,190,370
396000059,매일,2,08:10,14:20,,,370,370
396000060,매일,1,19:40,19:40,,,0,0
396000061,평일,1,07:40,07:40,08:30,08:30,0,0
396000062,평일,1,16:40,16:40,17:35,17:35,0,0
396000063,매일,5,07:10,18:30,,,100,220
396000071,매일,1,06:30,06:30,,,0,0
396000074,매일,1,14:00,14:00,,,0,0
396000075,매일,1,15:00,15:00,,,0,0
396000077,매일,1,14:40,14:40,,,0,0
396000078,매일,11,08:50,19:50,,,30,110
396000079,매일,6,08:00,18:20,,,60,240
396000080,매일,8,08:20,17:30,,,50,100
396000081,매일,4,07:30,16:50,,,150,250
396000082,매일,5,07:30,16:30,,,90,160
396000083,매일,2,09:00,14:00,,,300,300
396000084,매일,4,07:00,16:30,,,120,240
396000085,매일,3,09:00,16:00,,,180,240
396000086,매일,4,08:00,15:10,,,100,210
396000087,매일,1,09:30,09:30,,,0,0
396000088,매일,1,11:40,11:40,,,0,0
396000089,매일,1,17:10,17:10,,,0,0
396000090,매일,6,07:00,19:00,,,120,240
396000091,매일,5,08:00,18:00,,,120,240
396000092,매일,6,11:00,20:00,,,30,210
396000093,매일,3,09:30,16:00,,,180,210
396000094,매일,1,07:30,07:30,,,0,0
396000095,매일,1,07:30,07:30,,,0,0
396000096,매일,1,10:30,10:30,,,0,0
396000097,매일,1,14:20,14:20,,,0,0
396000098,매일,2,07:05,09:20,,,135,135
396000099,매일,1,19:45,19:45,,,0,0
396000100,매일,3,11:00,18:45,,,180,285
396000101,매일,1,20:15,20:15,,,0,0
396000102,매일,3,10:10,19:40,,,240,330
396000103,매일,1,07:10,07:10,,,0,0
396000104,매일,3,07:00,18:40,,,340,360
396000105,매일,2,09:00,14:30,,,330,330
396000106,매일,3,13:00,18:00,,,120,180
396000107,매일,3,11:00,20:00,,,60,480
396000108,매일,3,09:00,17:00,,,120,360
396000109,매일,2,08:25,16:05,,,460,460
396000110,매일,1,15:45,15:45,,,0,0
396000111,매일,1,10:15,10:15,,,0,0
396000112,매일,3,07:45,19:15,,,120,570
396000113,매일,1,13:15,13:15,,,0,0
396000114,매일,2,08:40,17:10,,,510,510
396000115,매일,2,08:30,14:40,,,370,370
396000116,매일,2,10:40,16:10,,,330,330
396000117,매일,6,07:05,19:55,,,120,220
396000118,매일,1,09:40,09:40,,,0,0
396000119,매일,1,07:00,07:00,,,0,0
396000120,매일,3,08:40,19:00,,,280,340
396000121,매일,4,07:15,18:15,,,130,270
396000122,매일,5,08:45,19:05,,,90,240
396000123,매일,1,07:10,07:10,,,0,0
396000124,매일,8,08:20,20:20,,,50,160
396000125,매일,5,07:05,19:40,,,120,270
396000126,매일,5,07:40,19:00,,,100,220
396000127,매일,2,09:30,15:30,,,360,360
396000128,매일,3,07:10,16:30,,,190,370
396000129,매일,3,07:00,19:20,,,270,470
396000130,매일,3,07:10,18:55,,,195,510
396000131,매일,1,07:00,07:00,,,0,0
396000132,매일,1,19:30,19:30,,,0,0
396000133,매일,2,14:00,18:00,,,240,240
396000134,매일,1,06:50,06:50,,,0,0
396000135,매일,1,14:40,14:40,,,0,0
396000136,매일,2,08:20,13:20,,,300,300
396000137,매일,1,17:20,17:20,,,0,0
396000138,매일,2,14:15,16:45,,,150,150
396000139,매일,3,08:55,18:25,,,120,450
396000140,매일,4,07:30,17:40,,,100,300
396000141,매일,4,08:40,16:40,,,120,240
396000142,매일,1,19:55,19:55,,,0,0
396000143,매일,4,07:25,18:55,,,110,310
396000144,매일,3,07:50,17:20,,,240,330
396000145,매일,4,07:40,17:40,,,150,240
396000146,매일,3,07:50,18:20,,,310,320
396000147,매일,3,10:20,16:10,,,170,180
396000148,매일,3,07:25,17:55,,,240,390
396000149,매일,3,08:15,16:55,,,240,280
396000150,매일,8,08:40,17:50,,,50,100
396000151,매일,4,07:45,17:05,,,150,250
396000152,매일,5,08:10,17:10,,,90,160
396000153,매일,2,09:15,14:15,,,300,300
396000154,매일,4,07:15,16:45,,,120,240
396000155,매일,3,09:10,16:10,,,180,240
396000156,매일,4,08:20,15:30,,,100,210
396000157,매일,1,09:40,09:40,,,0,0
396000158,매일,1,11:50,11:50,,,0,0
396000159,매일,1,17:20,17:20,,,0,0
396000160,매일,6,07:20,19:20,,,120,240
396000161,매일,5,08:25,18:25,,,120,240
396000162,매일,5,07:00,18:50,,,170,200
396000163,매일,5,07:30,19:20,,,170,200
396000164,매일,4,08:20,17:20,,,170,200
396000165,매일,4,08:40,17:40,,,170,200
397000001,매일,8,07:30,17:30,08:10,18:20,40,130
397000004,매일,8,06:20,18:40,07:00,19:20,40,180
397000005,매일,9,06:30,18:30,07:15,19:15,90,90
397000006,매일,1,06:50,06:50,07:10,07:10,0,0
397000007,매일,4,07:20,14:20,09:00,16:00,120,180
397000008,매일,1,17:10,17:10,18:10,18:10,0,0
397000009,매일,9,06:40,19:00,07:15,19:30,50,180
397000010,매일,4,09:30,16:30,10:10,17:10,60,180
397000011,매일,5,06:40,17:30,,,90,220
397000013,매일,4,12:10,19:35,,,105,210
397000014,매일,1,10:10,10:10,,,0,0
397000015,매일,6,07:20,18:00,,,40,360
397000016,매일,2,09:10,11:00,,,110,110
397000017,매일,2,12:20,14:20,12:40,14:40,120,120
397000018,매일,1,08:20,08:20,08:45,08:45,0,0
397000019,매일,2,14:00,17:00,14:25,17:25,180,180
397000020,매일,2,07:25,11:10,07:55,11:35,225,225
397000021,매일,4,07:20,19:00,,,120,370
397000023,매일,2,07:40,13:10,,,330,330
397000024,매일,2,08:35,14:05,,,330,330
397000025,매일,2,11:00,16:00,12:10,17:10,300,300
397000026,매일,4,07:20,17:10,07:30,17:20,120,300
397000027,매일,6,07:40,18:30,07:20,18:55,60,240
397000028,매일,1,17:40,17:40,,,0,0
397000029,매일,1,18:20,18:20,,,0,0
397000030,매일,4,07:10,16:10,07:35,16:35,145,215
397000031,매일,1,13:10,13:10,13:40,13:40,0,0
397000032,매일,2,12:00,14:50,,,170,170
397000033,매일,2,09:30,16:50,09:50,17:10,440,440
397000034,매일,3,08:10,18:10,08:30,18:30,160,440
397000038,매일,6,10:30,18:30,,,60,150
397000039,매일,1,06:50,06:50,,,0,0
397000040,매일,1,08:30,08:30,,,0,0
397000041,매일,1,08:40,08:40,09:00,09:00,0,0
397000042,매일,1,13:00,13:00,13:21,13:21,0,0
397000043,매일,1,17:00,17:00,,,0,0
397000044,매일,1,17:25,17:25,,,0,0
397000045,매일,1,09:10,09:10,13:50,13:50,0,0
397000053,매일,1,07:00,07:00,,,0,0
397000056,매일,2,15:10,18:50,,,220,220
397000057,매일,2,12:25,16:30,12:35,16:40,245,245
397000058,매일,1,08:00,08:00,08:10,08:10,0,0
397000059,매일,5,08:20,17:20,08:40,17:40,100,160
397000060,매일,2,12:30,17:30,,,300,300
397000061,매일,3,12:50,18:50,,,55,305
397000062,매일,1,09:00,09:00,,,0,0
397000064,매일,3,08:40,15:30,10:00,16:30,120,290
397000065,매일,1,18:00,18:00,,,0,0
397000066,매일,1,06:50,06:50,,,0,0
397000068,매일,4,09:40,17:00,10:50,18:10,110,180
397000069,매일,1,08:45,08:45,,,0,0
397000071,매일,1,18:30,18:30,19:18,19:18,0,0
397000072,매일,1,06:40,06:40,07:20,07:20,0,0
397000073,매일,3,06:50,11:00,,,70,180
397000074,매일,1,19:30,19:30,,,0,0
397000075,매일,4,07:40,16:30,08:20,17:35,150,210
397000076,매일,2,09:00,15:00,,,360,360
397000078,매일,2,13:20,16:20,,,180,180
397000080,매일,1,08:20,08:20,,,0,0
397000082,매일,1,17:30,17:30,18:05,18:05,0,0
397000083,매일,3,08:00,18:00,08:30,18:30,300,300
397000084,매일,1,14:20,14:20,,,0,0
397000085,매일,1,09:30,09:30,13:00,13:00,0,0
397000086,매일,1,12:40,12:40,09:50,09:50,0,0
397000109,매일,2,08:50,11:30,09:00,11:40,160,160
397000113,매일,1,08:40,08:40,,,0,0
397000114,매일,1,08:10,08:10,,,0,0
397000115,매일,1,07:10,07:10,07:40,07:40,0,0
397000116,매일,5,06:50,18:50,07:20,19:20,40,400
397000117,매일,3,09:30,16:50,10:20,17:40,80,360
397000118,매일,3,08:10,14:10,09:00,15:00,110,250
397000119,매일,1,14:10,14:10,14:30,14:30,0,0
397000121,매일,2,07:20,16:10,07:40,16:30,530,530
397000122,매일,1,12:10,12:10,12:30,12:30,0,0
397000130,매일,1,07:00,07:00,,,0,0
397000132,매일,1,07:30,07:30,,,0,0
397000133,매일,1,07:20,07:20,08:20,08:20,0,0
397000134,매일,1,09:35,09:35,,,0,0
397000135,매일,3,08:30,17:00,,,90,420
397000136,매일,2,12:00,17:00,,,300,300
397000137,매일,1,15:00,15:00,,,0,0
397000139,매일,1,14:00,14:00,,,0,0
397000140,매일,1,16:00,16:00,,,0,0
397000142,매일,1,16:20,16:20,,,0,0
397000143,매일,1,07:00,07:00,,,0,0
397000144,매일,1,12:00,12:00,,,0,0
397000146,매일,2,08:50,11:30,09:15,11:50,160,160
397000147,매일,3,13:05,17:05,13:20,17:20,80,160
397000148,매일,1,15:30,15:30,15:50,15:50,0,0
397000149,매일,1,07:10,07:10,07:35,07:35,0,0
397000150,매일,1,08:00,08:00,,,0,0
397000157,매일,1,08:40,08:40,09:30,09:30,0,0
397000158,매일,1,14:00,14:00,15:10,15:10,0,0
397000159,매일,1,13:30,13:30,,,0,0
397000160,매일,1,09:10,09:10,,,0,0
397000161,매일,3,09:20,15:10,,,120,230
397000162,매일,1,08:20,08:20,,,0,0
397000164,매일,1,13:40,13:40,09:20,09:20,0,0
397000165,매일,1,07:20,07:20,,,0,0
397000166,매일,1,14:20,14:20,,,0,0
397000167,매일,1,11:10,11:10,,,0,0
397000168,매일,1,11:40,11:40,,,0,0
398000001,매일,1,06:40,06:40,,,0,0
398000002,매일,1,10:20,10:20,,,0,0
398000003,매일,2,16:20,18:00,17:10,18:30,100,100
398000004,매일,2,17:10,18:30,,,80,80
398000005,매일,2,07:15,15:30,,,495,495
398000007,매일,1,11:10,11:10,,,0,0
398000010,매일,1,11:30,11:30,,,0,0
398000011,매일,1,08:20,08:20,,,0,0
398000012,매일,1,07:35,07:35,,,0,0
398000013,매일,1,15:10,15:10,,,0,0
398000014,매일,13,07:10,18:30,,,10,120
398000015,매일,2,08:20,14:30,,,370,370
398000016,매일,2,09:30,17:00,,,450,450
398000017,매일,1,08:20,08:20,,,0,0
398000021,매일,4,06:50,18:00,,,110,300
398000022,매일,6,07:00,19:00,,,80,200
398000023,매일,9,07:00,18:00,,,60,120
398000024,매일,10,07:30,18:10,,,30,90
398000026,매일,3,07:45,17:40,,,220,375
398000027,매일,1,10:50,10:50,,,0,0
398000028,매일,3,07:00,14:50,,,200,270
398000029,매일,1,08:20,08:20,,,0,0
398000030,매일,3,10:00,16:10,,,160,210
398000033,매일,2,09:15,15:30,,,375,375
398000034,매일,2,12:40,14:00,,,80,80
398000035,매일,4,07:30,17:00,,,180,210
398000038,매일,2,10:10,13:40,,,210,210
398000039,매일,2,06:40,08:30,,,110,110
398000040,매일,2,11:00,14:00,,,180,180
398000041,매일,1,07:50,07:50,,,0,0
398000042,매일,2,11:30,13:20,,,110,110
398000045,매일,2,14:00,16:30,,,150,150
398000046,매일,1,08:00,08:00,,,0,0
398000048,매일,1,07:30,07:30,,,0,0
398000049,매일,1,10:50,10:50,,,0,0
398000050,매일,1,18:20,18:20,,,0,0
398000051,매일,1,12:00,12:00,,,0,0
398000052,매일,2,14:40,18:30,,,230,230
398000053,매일,2,06:50,13:30,,,400,400
398000054,매일,3,08:30,17:30,,,50,490
398000056,매일,1,15:40,15:40,,,0,0
398000057,매일,3,08:55,17:50,,,55,480
398000058,매일,2,09:40,14:40,,,300,300
398000059,매일,5,08:10,18:00,,,80,180
398000060,매일,7,07:15,18:50,,,40,230
398000062,매일,1,06:20,06:20,,,0,0
398000063,매일,1,19:00,19:00,,,0,0
398000064,매일,3,09:00,18:20,,,240,320
398000065,매일,2,11:40,15:50,,,250,250
398000066,매일,1,08:00,08:00,,,0,0
398000067,매일,1,12:00,12:00,,,0,0
398000068,매일,2,09:00,12:00,,,180,180
398000069,매일,9,06:50,19:00,,,60,120
398000070,매일,2,13:00,17:40,,,280,280
398000071,매일,1,08:15,08:15,,,0,0
398000072,매일,2,07:30,09:50,,,140,140
398000073,매일,1,14:20,14:20,,,0,0
398000075,매일,2,14:10,17:30,,,200,200
398000076,매일,2,14:10,17:30,,,200,200
398000077,매일,4,06:40,16:00,,,110,240
398000078,매일,1,08:30,08:30,,,0,0
398000085,매일,5,07:30,16:30,,,100,210
398000086,매일,4,08:00,16:40,,,140,200
398000087,매일,4,09:00,17:00,10:00,17:50,120,210
398000088,매일,1,07:15,07:15,,,0,0
398000090,매일,1,09:30,09:30,,,0,0
398000091,매일,4,07:45,17:00,,,115,230
398000095,매일,5,06:40,17:20,,,120,210
398000098,매일,2,11:00,16:30,,,330,330
398000099,매일,1,08:00,08:00,,,0,0
398000102,매일,4,08:10,16:00,,,100,200
398000111,매일,2,09:20,14:30,,,310,310
398000112,매일,3,07:30,17:00,,,140,430
398000113,매일,5,06:50,18:20,,,50,300
398000114,매일,2,08:50,13:30,,,280,280
398000115,매일,2,08:20,12:10,,,230,230
398000116,매일,1,10:00,10:00,,,0,0
398000117,매일,3,08:20,13:40,,,120,200
398000120,매일,1,08:30,08:30,,,0,0
398000123,매일,1,12:50,12:50,,,0,0
398000129,매일,1,12:30,12:30,,,0,0
398000130,매일,1,12:20,12:20,,,0,0
398000131,매일,1,07:10,07:10,,,0,0
398000132,매일,1,12:00,12:00,,,0,0
398000133,매일,1,13:00,13:00,,,0,0
398000134,매일,1,14:10,14:10,,,0,0
398000135,매일,1,08:00,08:00,,,0,0
398000138,매일,2,08:00,11:10,,,190,190
398000139,매일,2,09:00,12:30,,,210,210
398000140,매일,1,13:30,13:30,,,0,0
398000141,매일,1,08:10,08:10,,,0,0
398000142,매일,1,08:40,08:40,,,0,0
398000143,매일,1,12:00,12:00,,,0,0
398000145,매일,1,09:00,09:00,,,0,0
398000146,매일,1,14:20,14:20,,,0,0
398000147,매일,1,08:30,08:30,,,0,0
398000148,매일,1,09:50,09:50,,,0,0
398000149,매일,1,13:30,13:30,,,0,0
398000150,매일,1,08:30,08:30,,,0,0
398000151,매일,1,09:20,09:20,,,0,0
398000152,매일,1,13:00,13:00,,,0,0
398000153,매일,1,09:20,09:20,,,0,0
398000154,매일,1,13:00,13:00,,,0,0
398000155,매일,3,07:00,16:30,,,210,360
398000157,매일,3,07:30,15:00,,,110,340
398000158,매일,3,06:50,17:00,,,300,310
398000160,매일,2,07:50,11:50,,,240,240
398000162,매일,1,08:20,08:20,,,0,0
398000163,매일,1,12:10,12:10,,,0,0
398000165,매일,1,09:40,09:40,,,0,0
398000167,매일,3,08:10,16:20,,,140,350
398000168,매일,1,16:50,16:50,,,0,0
398000170,매일,1,09:40,09:40,,,0,0
398000171,매일,1,08:30,08:30,,,0,0
