sgg_cd,sgg_nm,sgg_cd_ref,sgg_nm_ref,map_note,ref_date,src_code,src_name,all_total,all_single_total,all_walk,all_bicycle,all_car_van,all_truck,all_bus_local,all_shuttle_bus,all_bus_intercity,all_subway,all_train,all_taxi,all_other,all_multi,com_total,com_single_total,com_walk,com_bicycle,com_car_van,com_truck,com_bus_local,com_shuttle_bus,com_bus_intercity,com_subway,com_train,com_taxi,com_other,com_multi,sch_total,sch_single_total,sch_walk,sch_bicycle,sch_car_van,sch_truck,sch_bus_local,sch_shuttle_bus,sch_bus_intercity,sch_subway,sch_train,sch_taxi,sch_other,sch_multi,all_share_walk,all_share_bicycle,all_share_car_van,all_share_truck,all_share_bus_local,all_share_shuttle_bus,all_share_bus_intercity,all_share_subway,all_share_train,all_share_taxi,all_share_other,all_share_multi,com_share_walk,com_share_bicycle,com_share_car_van,com_share_truck,com_share_bus_local,com_share_shuttle_bus,com_share_bus_intercity,com_share_subway,com_share_train,com_share_taxi,com_share_other,com_share_multi,pop_12plus,no_commute_12plus
11110,서울특별시 종로구,11110,서울특별시 종로구,,2020-11-01,11010,종로구,82692,74811,22757,808,15186,352,17653,1112,285,14806,83,312,1457,7881,65747,59333,15650,682,14576,352,12741,429,240,12887,74,283,1419,6414,16945,15478,7107,126,610,0,4912,683,45,1919,9,29,38,1467,27.52,0.977,18.365,0.426,21.348,1.345,0.345,17.905,0.1,0.377,1.762,9.531,23.803,1.037,22.17,0.535,19.379,0.653,0.365,19.601,0.113,0.43,2.158,9.756,132376,49684
11140,서울특별시 중구,11140,서울특별시 중구,,2020-11-01,11020,중구,68167,62641,18034,577,11797,346,8617,1042,204,20261,122,321,1320,5526,58240,53558,14461,508,11466,340,7280,476,140,17163,117,317,1290,4682,9927,9083,3573,69,331,6,1337,566,64,3098,5,4,30,844,26.456,0.846,17.306,0.508,12.641,1.529,0.299,29.723,0.179,0.471,1.936,8.107,24.83,0.872,19.688,0.584,12.5,0.817,0.24,29.469,0.201,0.544,2.215,8.039,110702,42535
11170,서울특별시 용산구,11170,서울특별시 용산구,,2020-11-01,11030,용산구,124078,112158,22493,817,31717,546,26684,2424,642,23519,429,963,1924,11920,105759,95134,16031,742,30783,546,22199,1050,470,20114,389,934,1876,10625,18319,17024,6462,75,934,0,4485,1374,172,3405,40,29,48,1295,18.128,0.658,25.562,0.44,21.506,1.954,0.517,18.955,0.346,0.776,1.551,9.607,15.158,0.702,29.107,0.516,20.99,0.993,0.444,19.019,0.368,0.883,1.774,10.046,196352,72274
11200,서울특별시 성동구,11200,서울특별시 성동구,,2020-11-01,11040,성동구,165458,149269,31143,3502,36328,937,19764,2827,378,50924,153,874,2439,16189,138948,124813,20699,3131,35537,937,15431,1330,240,44167,148,818,2375,14135,26510,24456,10444,371,791,0,4333,1497,138,6757,5,56,64,2054,18.822,2.117,21.956,0.566,11.945,1.709,0.228,30.778,0.092,0.528,1.474,9.784,14.897,2.253,25.576,0.674,11.106,0.957,0.173,31.787,0.107,0.589,1.709,10.173,258717,93259
11215,서울특별시 광진구,11215,서울특별시 광진구,,2020-11-01,11050,광진구,202218,182115,39749,5370,37494,1478,25808,3168,864,65347,34,433,2370,20103,169054,151535,24095,4542,36720,1478,21459,1609,619,58277,31,408,2297,17519,33164,30580,15654,828,774,0,4349,1559,245,7070,3,25,73,2584,19.657,2.656,18.541,0.731,12.762,1.567,0.427,32.315,0.017,0.214,1.172,9.941,14.253,2.687,21.721,0.874,12.694,0.952,0.366,34.472,0.018,0.241,1.359,10.363,310759,108541
11230,서울특별시 동대문구,11230,서울특별시 동대문구,,2020-11-01,11060,동대문구,192914,173934,47093,4110,36455,1635,36220,2268,241,42695,221,528,2468,18980,154506,138256,27975,3568,35526,1629,27686,982,161,37618,211,505,2395,16250,38408,35678,19118,542,929,6,8534,1286,80,5077,10,23,73,2730,24.411,2.13,18.897,0.848,18.775,1.176,0.125,22.132,0.115,0.274,1.279,9.839,18.106,2.309,22.993,1.054,17.919,0.636,0.104,24.347,0.137,0.327,1.55,10.517,307444,114530
11260,서울특별시 중랑구,11260,서울특별시 중랑구,,2020-11-01,11070,중랑구,210478,188840,37990,3378,44291,3284,35087,3158,891,57146,70,417,3128,21638,182705,163350,27576,2950,43646,3280,28437,1576,722,51616,64,389,3094,19355,27773,25490,10414,428,645,4,6650,1582,169,5530,6,28,34,2283,18.049,1.605,21.043,1.56,16.67,1.5,0.423,27.151,0.033,0.198,1.486,10.28,15.093,1.615,23.889,1.795,15.564,0.863,0.395,28.251,0.035,0.213,1.693,10.594,349643,139165
11290,서울특별시 성북구,11290,서울특별시 성북구,,2020-11-01,11080,성북구,245708,217250,46775,2484,50128,1929,51665,3958,473,55344,131,650,3713,28458,195096,170731,25643,2020,48546,1929,37430,1455,362,48922,131,640,3653,24365,50612,46519,21132,464,1582,0,14235,2503,111,6422,0,10,60,4093,19.037,1.011,20.401,0.785,21.027,1.611,0.193,22.524,0.053,0.265,1.511,11.582,13.144,1.035,24.883,0.989,19.185,0.746,0.186,25.076,0.067,0.328,1.872,12.489,390717,145009
11305,서울특별시 강북구,11305,서울특별시 강북구,,2020-11-01,11090,강북구,159847,141539,27447,2030,29125,2013,34446,2398,612,40871,56,354,2187,18308,136166,120166,19639,1800,28757,2013,27587,910,423,36504,56,335,2142,16000,23681,21373,7808,230,368,0,6859,1488,189,4367,0,19,45,2308,17.171,1.27,18.221,1.259,21.549,1.5,0.383,25.569,0.035,0.221,1.368,11.453,14.423,1.322,21.119,1.478,20.26,0.668,0.311,26.808,0.041,0.246,1.573,11.75,274361,114514
11320,서울특별시 도봉구,11320,서울특별시 도봉구,,2020-11-01,11100,도봉구,171641,151149,29034,2909,37762,1989,25918,2444,699,48629,81,221,1463,20492,144420,126444,18768,2470,37106,1989,20241,1073,502,42569,73,213,1440,17976,27221,24705,10266,439,656,0,5677,1371,197,6060,8,8,23,2516,16.916,1.695,22.001,1.159,15.1,1.424,0.407,28.332,0.047,0.129,0.852,11.939,12.995,1.71,25.693,1.377,14.015,0.743,0.348,29.476,0.051,0.147,0.997,12.447,288993,117352
11350,서울특별시 노원구,11350,서울특별시 노원구,,2020-11-01,11110,노원구,284596,255980,56289,4729,63631,2987,31182,6321,531,88406,186,370,1348,28616,224977,200691,27505,3834,62328,2964,22126,2102,368,77650,147,356,1311,24286,59619,55289,28784,895,1303,23,9056,4219,163,10756,39,14,37,4330,19.779,1.662,22.358,1.05,10.957,2.221,0.187,31.064,0.065,0.13,0.474,10.055,12.226,1.704,27.704,1.317,9.835,0.934,0.164,34.515,0.065,0.158,0.583,10.795,463100,178504
11380,서울특별시 은평구,11380,서울특별시 은평구,,2020-11-01,11120,은평구,254514,223683,38787,3492,54558,2408,43384,3909,403,73484,172,464,2622,30831,216805,189120,24679,2936,53595,2408,33994,1729,322,66369,134,464,2490,27685,37709,34563,14108,556,963,0,9390,2180,81,7115,38,0,132,3146,15.24,1.372,21.436,0.946,17.046,1.536,0.158,28.872,0.068,0.182,1.03,12.114,11.383,1.354,24.72,1.111,15.68,0.797,0.149,30.612,0.062,0.214,1.148,12.77,420393,165879
11410,서울특별시 서대문구,11410,서울특별시 서대문구,,2020-11-01,11130,서대문구,176994,156796,32854,1826,37601,1299,45292,2864,363,32276,99,494,1828,20198,143208,125130,18412,1555,36572,1299,35429,1159,278,28105,84,486,1751,18078,33786,31666,14442,271,1029,0,9863,1705,85,4171,15,8,77,2120,18.562,1.032,21.244,0.734,25.59,1.618,0.205,18.236,0.056,0.279,1.033,11.412,12.857,1.086,25.538,0.907,24.74,0.809,0.194,19.625,0.059,0.339,1.223,12.624,280488,103494
11440,서울특별시 마포구,11440,서울특별시 마포구,,2020-11-01,11140,마포구,213538,190645,40439,3754,45016,1311,36252,3779,611,56413,191,911,1968,22893,178303,158117,26602,2921,43961,1303,28667,1784,499,49430,170,875,1905,20186,35235,32528,13837,833,1055,8,7585,1995,112,6983,21,36,63,2707,18.938,1.758,21.081,0.614,16.977,1.77,0.286,26.418,0.089,0.427,0.922,10.721,14.92,1.638,24.655,0.731,16.078,1.001,0.28,27.722,0.095,0.491,1.068,11.321,325219,111681
11470,서울특별시 양천구,11470,서울특별시 양천구,,2020-11-01,11150,양천구,254009,225167,44887,5772,72287,2586,40621,6121,247,50390,276,317,1663,28842,203624,179366,23125,3973,70732,2586,32428,2015,146,42232,227,311,1591,24258,50385,45801,21762,1799,1555,0,8193,4106,101,8158,49,6,72,4584,17.671,2.272,28.458,1.018,15.992,2.41,0.097,19.838,0.109,0.125,0.655,11.355,11.357,1.951,34.737,1.27,15.925,0.99,0.072,20.74,0.111,0.153,0.781,11.913,391686,137677
11500,서울특별시 강서구,11500,서울특별시 강서구,,2020-11-01,11160,강서구,326875,296223,54997,6039,80571,3252,44425,6350,631,96787,134,741,2296,30652,281466,254322,36450,5250,79361,3235,36005,3597,511,86899,110,717,2187,27144,45409,41901,18547,789,1210,17,8420,2753,120,9888,24,24,109,3508,16.825,1.847,24.649,0.995,13.591,1.943,0.193,29.61,0.041,0.227,0.702,9.377,12.95,1.865,28.196,1.149,12.792,1.278,0.182,30.874,0.039,0.255,0.777,9.644,508336,181461
11530,서울특별시 구로구,11530,서울특별시 구로구,,2020-11-01,11170,구로구,225899,202865,39233,3455,53833,2571,34004,3949,859,62940,139,289,1593,23034,195801,175047,26574,2932,53118,2564,29110,2256,700,55849,116,271,1557,20754,30098,27818,12659,523,715,7,4894,1693,159,7091,23,18,36,2280,17.367,1.529,23.831,1.138,15.053,1.748,0.38,27.862,0.062,0.128,0.705,10.197,13.572,1.497,27.129,1.309,14.867,1.152,0.358,28.523,0.059,0.138,0.795,10.6,358434,132535
11545,서울특별시 금천구,11545,서울특별시 금천구,,2020-11-01,11180,금천구,131740,116552,29316,1971,31368,1516,29329,2166,1552,17422,50,216,1646,15188,116958,103164,23418,1817,30958,1516,25468,1503,1316,15292,46,204,1626,13794,14782,13388,5898,154,410,0,3861,663,236,2130,4,12,20,1394,22.253,1.496,23.811,1.151,22.263,1.644,1.178,13.225,0.038,0.164,1.249,11.529,20.023,1.554,26.469,1.296,21.775,1.285,1.125,13.075,0.039,0.174,1.39,11.794,209061,77321
11560,서울특별시 영등포구,11560,서울특별시 영등포구,,2020-11-01,11190,영등포구,213390,190299,38541,4395,45218,1461,29146,3698,261,64915,305,758,1601,23091,186775,166434,29280,3885,44416,1454,24893,1990,200,57784,271,722,1539,20341,26615,23865,9261,510,802,7,4253,1708,61,7131,34,36,62,2750,18.061,2.06,21.19,0.685,13.659,1.733,0.122,30.421,0.143,0.355,0.75,10.821,15.677,2.08,23.78,0.778,13.328,1.065,0.107,30.938,0.145,0.387,0.824,10.891,330866,117476
11590,서울특별시 동작구,11590,서울특별시 동작구,,2020-11-01,11200,동작구,222297,191763,35707,1815,44955,1153,36956,4206,352,64076,143,520,1880,30534,184241,157142,19875,1548,43971,1153,28244,2333,231,57348,114,496,1829,27099,38056,34621,15832,267,984,0,8712,1873,121,6728,29,24,51,3435,16.063,0.816,20.223,0.519,16.625,1.892,0.158,28.825,0.064,0.234,0.846,13.736,10.788,0.84,23.866,0.626,15.33,1.266,0.125,31.127,0.062,0.269,0.993,14.708,348428,126131
11620,서울특별시 관악구,11620,서울특별시 관악구,,2020-11-01,11210,관악구,286144,246968,43809,2059,46898,2208,45379,6249,685,95858,61,498,3264,39176,245246,210832,30654,1810,45827,2208,35301,3145,485,87747,61,473,3121,34414,40898,36136,13155,249,1071,0,10078,3104,200,8111,0,25,143,4762,15.31,0.72,16.39,0.772,15.859,2.184,0.239,33.5,0.021,0.174,1.141,13.691,12.499,0.738,18.686,0.9,14.394,1.282,0.198,35.779,0.025,0.193,1.273,14.032,453198,167054
11650,서울특별시 서초구,11650,서울특별시 서초구,,2020-11-01,11220,서초구,237245,213395,41552,2008,72979,512,34106,8727,2417,49037,199,711,1147,23850,190682,170577,24725,1637,69889,500,25300,4347,1732,40517,193,680,1057,20105,46563,42818,16827,371,3090,12,8806,4380,685,8520,6,31,90,3745,17.514,0.846,30.761,0.216,14.376,3.678,1.019,20.669,0.084,0.3,0.483,10.053,12.967,0.858,36.652,0.262,13.268,2.28,0.908,21.248,0.101,0.357,0.554,10.544,354427,117182
11680,서울특별시 강남구,11680,서울특별시 강남구,,2020-11-01,11230,강남구,300194,276302,62979,3016,92284,597,42761,9218,2508,58003,537,2281,2118,23892,240158,219610,39193,2444,88481,587,32989,3818,1816,45558,532,2215,1977,20548,60036,56692,23786,572,3803,10,9772,5400,692,12445,5,66,141,3344,20.979,1.005,30.741,0.199,14.244,3.071,0.835,19.322,0.179,0.76,0.706,7.959,16.32,1.018,36.843,0.244,13.736,1.59,0.756,18.97,0.222,0.922,0.823,8.556,454596,154402
11710,서울특별시 송파구,11710,서울특별시 송파구,,2020-11-01,11240,송파구,376433,338336,61840,9884,102421,2717,46851,10782,1438,98335,249,1236,2583,38097,314869,282259,38876,7698,100034,2717,38922,6298,917,82880,240,1207,2470,32610,61564,56077,22964,2186,2387,0,7929,4484,521,15455,9,29,113,5487,16.428,2.626,27.208,0.722,12.446,2.864,0.382,26.123,0.066,0.328,0.686,10.121,12.347,2.445,31.77,0.863,12.361,2.0,0.291,26.322,0.076,0.383,0.784,10.357,571950,195517
11740,서울특별시 강동구,11740,서울특별시 강동구,,2020-11-01,11250,강동구,251349,230586,44194,5947,67331,2603,28569,5834,665,73427,56,312,1648,20763,213020,194688,28643,4835,66151,2603,22903,3419,404,63751,49,304,1626,18332,38329,35898,15551,1112,1180,0,5666,2415,261,9676,7,8,22,2431,17.583,2.366,26.788,1.036,11.366,2.321,0.265,29.213,0.022,0.124,0.656,8.261,13.446,2.27,31.054,1.222,10.752,1.605,0.19,29.927,0.023,0.143,0.763,8.606,395604,144255
12110,전남광주통합특별시 목포시,46110,전라남도 목포시,recoded 46110->12110,2020-11-01,36010,목포시,116792,113922,21052,1539,62173,2541,16198,8272,433,26,101,771,816,2870,94180,92291,14493,1221,59053,2528,8866,4547,81,18,34,707,743,1889,22612,21631,6559,318,3120,13,7332,3725,352,8,67,64,73,981,18.025,1.318,53.234,2.176,13.869,7.083,0.371,0.022,0.086,0.66,0.699,2.457,15.389,1.296,62.702,2.684,9.414,4.828,0.086,0.019,0.036,0.751,0.789,2.006,196437,79645
12130,전남광주통합특별시 여수시,46130,전라남도 여수시,recoded 46130->12130,2020-11-01,36020,여수시,141580,138136,24180,621,76835,2238,18293,13372,362,14,28,594,1599,3444,120716,118061,18143,502,73924,2234,11946,9113,55,1,17,564,1562,2655,20864,20075,6037,119,2911,4,6347,4259,307,13,11,30,37,789,17.079,0.439,54.27,1.581,12.921,9.445,0.256,0.01,0.02,0.42,1.129,2.433,15.029,0.416,61.238,1.851,9.896,7.549,0.046,0.001,0.014,0.467,1.294,2.199,238648,97068
12150,전남광주통합특별시 순천시,46150,전라남도 순천시,recoded 46150->12150,2020-11-01,36030,순천시,148617,144322,26657,1285,82456,3837,15821,11572,477,0,232,649,1336,4295,121958,118780,16249,979,79573,3820,9187,6812,145,0,111,612,1292,3178,26659,25542,10408,306,2883,17,6634,4760,332,0,121,37,44,1117,17.937,0.865,55.482,2.582,10.645,7.786,0.321,0.0,0.156,0.437,0.899,2.89,13.323,0.803,65.246,3.132,7.533,5.586,0.119,0.0,0.091,0.502,1.059,2.606,238808,90191
12170,전남광주통합특별시 나주시,46170,전라남도 나주시,recoded 46170->12170,2020-11-01,36040,나주시,55431,54364,11563,1061,30370,3227,4854,2035,183,4,44,115,908,1067,47444,46607,8533,765,29154,3219,2982,872,69,0,29,102,882,837,7987,7757,3030,296,1216,8,1872,1163,114,4,15,13,26,230,20.86,1.914,54.789,5.822,8.757,3.671,0.33,0.007,0.079,0.207,1.638,1.925,17.985,1.612,61.449,6.785,6.285,1.838,0.145,0.0,0.061,0.215,1.859,1.764,98234,42803
12190,전남광주통합특별시 광양시,46230,전라남도 광양시,recoded 46230->12190,2020-11-01,36060,광양시,82059,80051,14850,1026,48855,1962,5412,6521,238,2,20,339,826,2008,70001,68335,9567,682,47524,1955,2872,4652,79,0,0,186,818,1666,12058,11716,5283,344,1331,7,2540,1869,159,2,20,153,8,342,18.097,1.25,59.536,2.391,6.595,7.947,0.29,0.002,0.024,0.413,1.007,2.447,13.667,0.974,67.89,2.793,4.103,6.646,0.113,0.0,0.0,0.266,1.169,2.38,124939,42880
12210,전남광주통합특별시 동구,29110,광주광역시 동구,recoded 29110->12210,2020-11-01,24010,동구,54583,52924,12999,766,27436,577,8066,1535,160,868,15,225,277,1659,42550,41217,7468,594,25776,573,4741,766,99,762,11,203,224,1333,12033,11707,5531,172,1660,4,3325,769,61,106,4,22,53,326,23.815,1.403,50.265,1.057,14.777,2.812,0.293,1.59,0.027,0.412,0.507,3.039,17.551,1.396,60.578,1.347,11.142,1.8,0.233,1.791,0.026,0.477,0.526,3.133,95303,40720
12240,전남광주통합특별시 서구,29140,광주광역시 서구,recoded 29140->12240,2020-11-01,24020,서구,164481,159236,28640,1379,85790,2059,29090,6941,636,3235,73,758,635,5245,131545,127857,18997,1154,83080,2054,15697,2752,317,2473,56,706,571,3688,32936,31379,9643,225,2710,5,13393,4189,319,762,17,52,64,1557,17.412,0.838,52.158,1.252,17.686,4.22,0.387,1.967,0.044,0.461,0.386,3.189,14.441,0.877,63.157,1.561,11.933,2.092,0.241,1.88,0.043,0.537,0.434,2.804,263288,98807
12270,전남광주통합특별시 남구,29155,광주광역시 남구,recoded 29155->12270,2020-11-01,24030,남구,116753,113996,21259,875,62538,1840,21374,4277,308,538,28,392,567,2757,92650,90615,12019,699,60009,1821,12603,2008,169,441,18,302,526,2035,24103,23381,9240,176,2529,19,8771,2269,139,97,10,90,41,722,18.209,0.749,53.564,1.576,18.307,3.663,0.264,0.461,0.024,0.336,0.486,2.361,12.972,0.754,64.77,1.965,13.603,2.167,0.182,0.476,0.019,0.326,0.568,2.196,190802,74049
12300,전남광주통합특별시 북구,29170,광주광역시 북구,recoded 29170->12300,2020-11-01,24040,북구,236700,230077,41470,2021,127896,4466,41198,10590,473,196,56,808,903,6623,188879,184033,23031,1546,124009,4450,24333,4649,206,168,27,767,847,4846,47821,46044,18439,475,3887,16,16865,5941,267,28,29,41,56,1777,17.52,0.854,54.033,1.887,17.405,4.474,0.2,0.083,0.024,0.341,0.381,2.798,12.194,0.819,65.655,2.356,12.883,2.461,0.109,0.089,0.014,0.406,0.448,2.566,390098,153398
12330,전남광주통합특별시 광산구,29200,광주광역시 광산구,recoded 29200->12330,2020-11-01,24050,광산구,235114,229250,41752,2333,128892,4548,33909,14794,353,1289,145,593,642,5864,182978,178666,19005,1890,125303,4523,17859,7927,144,794,91,527,603,4312,52136,50584,22747,443,3589,25,16050,6867,209,495,54,66,39,1552,17.758,0.992,54.821,1.934,14.422,6.292,0.15,0.548,0.062,0.252,0.273,2.494,10.386,1.033,68.48,2.472,9.76,4.332,0.079,0.434,0.05,0.288,0.33,2.357,352553,117439
12710,전남광주통합특별시 담양군,46710,전라남도 담양군,recoded 46710->12710,2020-11-01,36310,담양군,20079,19762,4371,833,10738,1412,1195,700,119,0,0,61,333,317,17738,17500,3964,764,10057,1400,626,272,46,0,0,52,319,238,2341,2262,407,69,681,12,569,428,73,0,0,9,14,79,21.769,4.149,53.479,7.032,5.951,3.486,0.593,0.0,0.0,0.304,1.658,1.579,22.348,4.307,56.697,7.893,3.529,1.533,0.259,0.0,0.0,0.293,1.798,1.342,39896,19817
12720,전남광주통합특별시 곡성군,46720,전라남도 곡성군,recoded 46720->12720,2020-11-01,36320,곡성군,14997,14745,5145,373,5614,1298,660,542,80,3,13,21,996,252,12995,12822,4228,365,5396,1293,366,133,29,2,4,16,990,173,2002,1923,917,8,218,5,294,409,51,1,9,5,6,79,34.307,2.487,37.434,8.655,4.401,3.614,0.533,0.02,0.087,0.14,6.641,1.68,32.536,2.809,41.524,9.95,2.816,1.023,0.223,0.015,0.031,0.123,7.618,1.331,25610,10613
12730,전남광주통합특별시 구례군,46730,전라남도 구례군,recoded 46730->12730,2020-11-01,36330,구례군,12919,12698,3827,226,5759,1108,555,372,61,0,0,39,751,221,11718,11576,3492,189,5486,1103,375,140,12,0,0,28,751,142,1201,1122,335,37,273,5,180,232,49,0,0,11,0,79,29.623,1.749,44.578,8.577,4.296,2.879,0.472,0.0,0.0,0.302,5.813,1.711,29.8,1.613,46.817,9.413,3.2,1.195,0.102,0.0,0.0,0.239,6.409,1.212,22401,9482
12740,전남광주통합특별시 고흥군,46770,전라남도 고흥군,recoded 46770->12740,2020-11-01,36350,고흥군,28666,28237,8704,451,10456,4030,1213,703,71,0,0,97,2512,429,26153,25798,7755,357,10082,4024,779,220,7,0,0,73,2501,355,2513,2439,949,94,374,6,434,483,64,0,0,24,11,74,30.363,1.573,36.475,14.058,4.231,2.452,0.248,0.0,0.0,0.338,8.763,1.497,29.652,1.365,38.55,15.386,2.979,0.841,0.027,0.0,0.0,0.279,9.563,1.357,55911,27245
12750,전남광주통합특별시 보성군,46780,전라남도 보성군,recoded 46780->12750,2020-11-01,36360,보성군,18276,17911,4827,295,6940,2773,999,562,33,4,24,56,1398,365,16542,16256,4362,275,6568,2758,670,169,10,0,3,44,1397,286,1734,1655,465,20,372,15,329,393,23,4,21,12,1,79,26.412,1.614,37.973,15.173,5.466,3.075,0.181,0.022,0.131,0.306,7.649,1.997,26.369,1.662,39.705,16.673,4.05,1.022,0.06,0.0,0.018,0.266,8.445,1.729,35241,16965
12760,전남광주통합특별시 화순군,46790,전라남도 화순군,recoded 46790->12760,2020-11-01,36370,화순군,32804,32096,9831,291,15546,1433,2497,1767,101,24,8,61,537,708,28008,27547,8421,218,14844,1429,1320,691,24,23,8,35,534,461,4796,4549,1410,73,702,4,1177,1076,77,1,0,26,3,247,29.969,0.887,47.391,4.368,7.612,5.387,0.308,0.073,0.024,0.186,1.637,2.158,30.066,0.778,52.999,5.102,4.713,2.467,0.086,0.082,0.029,0.125,1.907,1.646,54955,22151
12770,전남광주통합특별시 장흥군,46800,전라남도 장흥군,recoded 46800->12770,2020-11-01,36380,장흥군,17083,16657,4452,315,7725,1903,710,655,109,9,0,84,695,426,15349,14983,3871,281,7455,1892,486,208,21,4,0,74,691,366,1734,1674,581,34,270,11,224,447,88,5,0,10,4,60,26.061,1.844,45.22,11.14,4.156,3.834,0.638,0.053,0.0,0.492,4.068,2.494,25.22,1.831,48.57,12.327,3.166,1.355,0.137,0.026,0.0,0.482,4.502,2.385,32250,15167
12780,전남광주통합특별시 강진군,46810,전라남도 강진군,recoded 46810->12780,2020-11-01,36390,강진군,16339,16072,4189,343,7438,2146,556,528,80,10,0,38,744,267,14727,14496,3697,311,7075,2139,367,105,21,4,0,33,744,231,1612,1576,492,32,363,7,189,423,59,6,0,5,0,36,25.638,2.099,45.523,13.134,3.403,3.232,0.49,0.061,0.0,0.233,4.554,1.634,25.104,2.112,48.041,14.524,2.492,0.713,0.143,0.027,0.0,0.224,5.052,1.569,30406,14067
12790,전남광주통합특별시 해남군,46820,전라남도 해남군,recoded 46820->12790,2020-11-01,36400,해남군,29609,28657,7455,344,12237,4803,1300,1090,112,24,0,121,1171,952,26476,25624,6301,305,11714,4790,881,359,29,5,0,85,1155,852,3133,3033,1154,39,523,13,419,731,83,19,0,36,16,100,25.178,1.162,41.329,16.221,4.391,3.681,0.378,0.081,0.0,0.409,3.955,3.215,23.799,1.152,44.244,18.092,3.328,1.356,0.11,0.019,0.0,0.321,4.362,3.218,58868,29259
12800,전남광주통합특별시 영암군,46830,전라남도 영암군,recoded 46830->12800,2020-11-01,36410,영암군,28697,28201,6345,1704,12888,3577,1489,1017,76,5,12,78,1010,496,25228,24826,5091,1630,12171,3557,867,419,13,5,3,61,1009,402,3469,3375,1254,74,717,20,622,598,63,0,9,17,1,94,22.11,5.938,44.911,12.465,5.189,3.544,0.265,0.017,0.042,0.272,3.52,1.728,20.18,6.461,48.244,14.099,3.437,1.661,0.052,0.02,0.012,0.242,4.0,1.593,46965,18268
12810,전남광주통합특별시 무안군,46840,전라남도 무안군,recoded 46840->12810,2020-11-01,36420,무안군,45116,44254,10978,392,21892,3563,2896,2576,173,6,42,170,1566,862,36417,35726,7008,281,20797,3523,1310,1103,13,6,33,119,1533,691,8699,8528,3970,111,1095,40,1586,1473,160,0,9,51,33,171,24.333,0.869,48.524,7.897,6.419,5.71,0.383,0.013,0.093,0.377,3.471,1.911,19.244,0.772,57.108,9.674,3.597,3.029,0.036,0.016,0.091,0.327,4.21,1.897,73130,28014
12820,전남광주통합특별시 함평군,46860,전라남도 함평군,recoded 46860->12820,2020-11-01,36430,함평군,14887,14704,4177,264,6006,1962,563,639,111,6,5,47,924,183,13435,13307,3912,224,5722,1957,381,129,17,0,0,45,920,128,1452,1397,265,40,284,5,182,510,94,6,5,2,4,55,28.058,1.773,40.344,13.179,3.782,4.292,0.746,0.04,0.034,0.316,6.207,1.229,29.118,1.667,42.59,14.566,2.836,0.96,0.127,0.0,0.0,0.335,6.848,0.953,27799,12912
12830,전남광주통합특별시 영광군,46870,전라남도 영광군,recoded 46870->12830,2020-11-01,36440,영광군,24236,23790,6071,228,12322,2233,1121,988,164,8,0,66,589,446,21505,21138,5214,203,11632,2223,754,421,60,3,0,39,589,367,2731,2652,857,25,690,10,367,567,104,5,0,27,0,79,25.05,0.941,50.842,9.214,4.625,4.077,0.677,0.033,0.0,0.272,2.43,1.84,24.246,0.944,54.09,10.337,3.506,1.958,0.279,0.014,0.0,0.181,2.739,1.707,44757,20521
12840,전남광주통합특별시 장성군,46880,전라남도 장성군,recoded 46880->12840,2020-11-01,36450,장성군,17686,17360,2964,264,10443,1338,964,977,106,0,17,39,248,326,15529,15312,2567,248,9865,1331,584,441,25,0,1,13,237,217,2157,2048,397,16,578,7,380,536,81,0,16,26,11,109,16.759,1.493,59.047,7.565,5.451,5.524,0.599,0.0,0.096,0.221,1.402,1.843,16.53,1.597,63.526,8.571,3.761,2.84,0.161,0.0,0.006,0.084,1.526,1.397,36919,19233
12850,전남광주통합특별시 완도군,46890,전라남도 완도군,recoded 46890->12850,2020-11-01,36460,완도군,21107,19982,5933,184,8686,2686,619,862,27,0,0,44,941,1125,18982,17895,5252,156,8050,2686,450,361,5,0,0,44,891,1087,2125,2087,681,28,636,0,169,501,22,0,0,0,50,38,28.109,0.872,41.152,12.726,2.933,4.084,0.128,0.0,0.0,0.208,4.458,5.33,27.668,0.822,42.409,14.15,2.371,1.902,0.026,0.0,0.0,0.232,4.694,5.726,42473,21366
12860,전남광주통합특별시 진도군,46900,전라남도 진도군,recoded 46900->12860,2020-11-01,36470,진도군,12909,12409,3024,80,5655,2019,449,490,32,0,0,20,640,500,11553,11087,2696,58,5234,2012,294,139,5,0,0,13,636,466,1356,1322,328,22,421,7,155,351,27,0,0,7,4,34,23.426,0.62,43.807,15.64,3.478,3.796,0.248,0.0,0.0,0.155,4.958,3.873,23.336,0.502,45.304,17.415,2.545,1.203,0.043,0.0,0.0,0.113,5.505,4.034,25883,12974
12870,전남광주통합특별시 신안군,46910,전라남도 신안군,recoded 46910->12870,2020-11-01,36480,신안군,19802,19191,6270,237,4199,5188,627,535,28,6,8,78,2015,611,18779,18208,6103,226,4012,5162,473,154,3,0,0,66,2009,571,1023,983,167,11,187,26,154,381,25,6,8,12,6,40,31.663,1.197,21.205,26.199,3.166,2.702,0.141,0.03,0.04,0.394,10.176,3.086,32.499,1.203,21.364,27.488,2.519,0.82,0.016,0.0,0.0,0.351,10.698,3.041,32862,13060
26110,부산광역시 중구,26110,부산광역시 중구,,2020-11-01,21010,중구,21173,20382,7347,152,4256,270,6142,369,36,1188,19,156,447,791,18522,17894,6701,141,4136,270,4769,264,23,989,10,149,442,628,2651,2488,646,11,120,0,1373,105,13,199,9,7,5,163,34.7,0.718,20.101,1.275,29.009,1.743,0.17,5.611,0.09,0.737,2.111,3.736,36.179,0.761,22.33,1.458,25.748,1.425,0.124,5.34,0.054,0.804,2.386,3.391,38244,17071
26140,부산광역시 서구,26140,부산광역시 서구,,2020-11-01,21020,서구,52942,50270,12396,257,15267,668,15573,1207,99,3569,33,315,886,2672,43835,41705,9121,236,14818,664,12004,649,81,2963,11,288,870,2130,9107,8565,3275,21,449,4,3569,558,18,606,22,27,16,542,23.414,0.485,28.837,1.262,29.415,2.28,0.187,6.741,0.062,0.595,1.674,5.047,20.808,0.538,33.804,1.515,27.385,1.481,0.185,6.759,0.025,0.657,1.985,4.859,96577,43635
26170,부산광역시 동구,26170,부산광역시 동구,,2020-11-01,21030,동구,43492,40760,9017,193,12193,661,12177,932,113,4679,58,160,577,2732,37776,35573,7774,179,11933,661,9574,600,93,4000,43,149,567,2203,5716,5187,1243,14,260,0,2603,332,20,679,15,11,10,529,20.733,0.444,28.035,1.52,27.998,2.143,0.26,10.758,0.133,0.368,1.327,6.282,20.579,0.474,31.589,1.75,25.344,1.588,0.246,10.589,0.114,0.394,1.501,5.832,80349,36857
26200,부산광역시 영도구,26200,부산광역시 영도구,,2020-11-01,21040,영도구,53248,50555,11742,256,15891,764,18238,1434,90,798,33,223,1086,2693,43727,41909,8871,242,15293,761,13899,943,68,582,25,206,1019,1818,9521,8646,2871,14,598,3,4339,491,22,216,8,17,67,875,22.052,0.481,29.843,1.435,34.251,2.693,0.169,1.499,0.062,0.419,2.04,5.057,20.287,0.553,34.974,1.74,31.786,2.157,0.156,1.331,0.057,0.471,2.33,4.158,105095,51847
26230,부산광역시 부산진구,26230,부산광역시 부산진구,,2020-11-01,21050,부산진구,187122,173639,35482,627,62461,3103,45407,6413,284,16726,121,870,2145,13483,156356,145653,26220,585,60831,3103,34458,3293,169,14087,95,751,2061,10703,30766,27986,9262,42,1630,0,10949,3120,115,2639,26,119,84,2780,18.962,0.335,33.38,1.658,24.266,3.427,0.152,8.939,0.065,0.465,1.146,7.205,16.769,0.374,38.905,1.985,22.038,2.106,0.108,9.01,0.061,0.48,1.318,6.845,321620,134498
26260,부산광역시 동래구,26260,부산광역시 동래구,,2020-11-01,21060,동래구,139048,129501,24483,1180,50281,1956,26284,5516,437,18039,85,317,923,9547,113283,106007,15745,1012,48798,1956,19345,2925,270,14755,63,283,855,7276,25765,23494,8738,168,1483,0,6939,2591,167,3284,22,34,68,2271,17.608,0.849,36.161,1.407,18.903,3.967,0.314,12.973,0.061,0.228,0.664,6.866,13.899,0.893,43.076,1.727,17.077,2.582,0.238,13.025,0.056,0.25,0.755,6.423,236642,97594
26290,부산광역시 남구,26290,부산광역시 남구,,2020-11-01,21070,남구,139104,131142,29227,897,53638,1479,28886,4940,301,9946,94,349,1385,7962,109293,103115,16105,739,51820,1473,21642,1796,177,7699,49,322,1293,6178,29811,28027,13122,158,1818,6,7244,3144,124,2247,45,27,92,1784,21.011,0.645,38.56,1.063,20.766,3.551,0.216,7.15,0.068,0.251,0.996,5.724,14.736,0.676,47.414,1.348,19.802,1.643,0.162,7.044,0.045,0.295,1.183,5.653,240340,101236
26320,부산광역시 북구,26320,부산광역시 북구,,2020-11-01,21080,북구,148688,138356,22351,502,60723,2975,24619,6704,629,18573,161,231,888,10332,122858,114825,13477,452,59375,2968,18154,4377,314,14570,91,204,843,8033,25830,23531,8874,50,1348,7,6465,2327,315,4003,70,27,45,2299,15.032,0.338,40.839,2.001,16.557,4.509,0.423,12.491,0.108,0.155,0.597,6.949,10.97,0.368,48.328,2.416,14.776,3.563,0.256,11.859,0.074,0.166,0.686,6.538,253083,104395
26350,부산광역시 해운대구,26350,부산광역시 해운대구,,2020-11-01,21090,해운대구,201763,188988,37611,1344,85831,2644,32897,8424,561,17520,170,591,1395,12775,163826,154418,23757,1126,83122,2639,25034,3626,304,12780,143,561,1326,9408,37937,34570,13854,218,2709,5,7863,4798,257,4740,27,30,69,3367,18.641,0.666,42.541,1.31,16.305,4.175,0.278,8.683,0.084,0.293,0.691,6.332,14.501,0.687,50.738,1.611,15.281,2.213,0.186,7.801,0.087,0.342,0.809,5.743,348602,146839
26380,부산광역시 사하구,26380,부산광역시 사하구,,2020-11-01,21100,사하구,162470,152533,28353,1048,62420,2722,32417,8447,323,14524,74,602,1603,9937,133574,126456,18769,893,61117,2701,23144,5927,195,11650,18,477,1565,7118,28896,26077,9584,155,1303,21,9273,2520,128,2874,56,125,38,2819,17.451,0.645,38.419,1.675,19.953,5.199,0.199,8.939,0.046,0.371,0.987,6.116,14.051,0.669,45.755,2.022,17.327,4.437,0.146,8.722,0.013,0.357,1.172,5.329,281905,119435
26410,부산광역시 금정구,26410,부산광역시 금정구,,2020-11-01,21110,금정구,122431,115579,28624,718,41653,1669,17097,6396,525,17592,53,232,1020,6852,94930,89810,15896,577,40235,1663,12490,3381,318,14103,41,213,893,5120,27501,25769,12728,141,1418,6,4607,3015,207,3489,12,19,127,1732,23.38,0.586,34.022,1.363,13.965,5.224,0.429,14.369,0.043,0.189,0.833,5.597,16.745,0.608,42.384,1.752,13.157,3.562,0.335,14.856,0.043,0.224,0.941,5.393,216414,93983
26440,부산광역시 강서구,26440,부산광역시 강서구,,2020-11-01,21120,강서구,69516,66526,11447,1298,41304,1444,6258,2771,279,1064,47,60,554,2990,60486,58038,7113,1270,40545,1444,4274,1861,179,728,14,60,550,2448,9030,8488,4334,28,759,0,1984,910,100,336,33,0,4,542,16.467,1.867,59.417,2.077,9.002,3.986,0.401,1.531,0.068,0.086,0.797,4.301,11.76,2.1,67.032,2.387,7.066,3.077,0.296,1.204,0.023,0.099,0.909,4.047,107516,38000
26470,부산광역시 연제구,26470,부산광역시 연제구,,2020-11-01,21130,연제구,107374,98774,20231,933,36181,1561,18788,3385,202,16321,67,304,801,8600,89341,82497,14415,850,34954,1557,14378,1526,151,13571,46,273,776,6844,18033,16277,5816,83,1227,4,4410,1859,51,2750,21,31,25,1756,18.842,0.869,33.696,1.454,17.498,3.153,0.188,15.2,0.062,0.283,0.746,8.009,16.135,0.951,39.124,1.743,16.093,1.708,0.169,15.19,0.051,0.306,0.869,7.661,185383,78009
26500,부산광역시 수영구,26500,부산광역시 수영구,,2020-11-01,21140,수영구,88950,81880,15413,1103,32029,1169,15576,2452,171,12547,38,456,926,7070,76185,70474,12130,1063,31164,1169,12069,984,82,10492,18,413,890,5711,12765,11406,3283,40,865,0,3507,1468,89,2055,20,43,36,1359,17.328,1.24,36.008,1.314,17.511,2.757,0.192,14.106,0.043,0.513,1.041,7.948,15.922,1.395,40.906,1.534,15.842,1.292,0.108,13.772,0.024,0.542,1.168,7.496,157522,68572
26530,부산광역시 사상구,26530,부산광역시 사상구,,2020-11-01,21150,사상구,115171,108264,20944,1062,41235,2891,26792,5127,815,7862,40,426,1070,6907,95351,90153,15053,1046,40392,2891,19146,3226,627,6325,28,378,1041,5198,19820,18111,5891,16,843,0,7646,1901,188,1537,12,48,29,1709,18.185,0.922,35.803,2.51,23.263,4.452,0.708,6.826,0.035,0.37,0.929,5.997,15.787,1.097,42.361,3.032,20.079,3.383,0.658,6.633,0.029,0.396,1.092,5.451,195724,80553
26710,부산광역시 기장군,26710,부산광역시 기장군,,2020-11-01,21310,기장군,85706,82919,15469,366,47246,1746,12193,2677,117,2348,66,181,510,2787,70712,68710,8984,297,45705,1741,7885,1695,60,1655,48,160,480,2002,14994,14209,6485,69,1541,5,4308,982,57,693,18,21,30,785,18.049,0.427,55.126,2.037,14.227,3.123,0.137,2.74,0.077,0.211,0.595,3.252,12.705,0.42,64.635,2.462,11.151,2.397,0.085,2.34,0.068,0.226,0.679,2.831,144452,58746
27110,대구광역시 중구,27110,대구광역시 중구,,2020-11-01,22010,중구,40815,38960,11038,1104,15959,342,5073,642,104,3938,64,215,481,1855,34656,33175,8868,1022,15460,342,3705,321,54,2678,50,211,464,1481,6159,5785,2170,82,499,0,1368,321,50,1260,14,4,17,374,27.044,2.705,39.101,0.838,12.429,1.573,0.255,9.648,0.157,0.527,1.178,4.545,25.589,2.949,44.61,0.987,10.691,0.926,0.156,7.727,0.144,0.609,1.339,4.273,67346,26531
27140,대구광역시 동구,27140,대구광역시 동구,,2020-11-01,22020,동구,169010,162122,24434,3200,85577,3412,26951,4795,1403,10570,450,338,992,6888,141422,136330,16372,2790,83154,3396,17158,3199,503,8096,376,331,955,5092,27588,25792,8062,410,2423,16,9793,1596,900,2474,74,7,37,1796,14.457,1.893,50.634,2.019,15.946,2.837,0.83,6.254,0.266,0.2,0.587,4.075,11.577,1.973,58.798,2.401,12.132,2.262,0.356,5.725,0.266,0.234,0.675,3.601,299198,130188
27170,대구광역시 서구,27170,대구광역시 서구,,2020-11-01,22030,서구,83142,80202,15692,2495,32981,2121,18717,3006,152,3187,57,381,1413,2940,71470,69146,11272,2308,32421,2114,14264,2526,82,2377,42,371,1369,2324,11672,11056,4420,187,560,7,4453,480,70,810,15,10,44,616,18.874,3.001,39.668,2.551,22.512,3.616,0.183,3.833,0.069,0.458,1.7,3.536,15.772,3.229,45.363,2.958,19.958,3.534,0.115,3.326,0.059,0.519,1.915,3.252,157590,74448
27200,대구광역시 남구,27200,대구광역시 남구,,2020-11-01,22040,남구,72363,69297,14370,1076,30157,1221,13730,1634,232,5724,98,351,704,3066,59861,57284,9378,967,29190,1221,9826,1111,129,4369,71,341,681,2577,12502,12013,4992,109,967,0,3904,523,103,1355,27,10,23,489,19.858,1.487,41.675,1.687,18.974,2.258,0.321,7.91,0.135,0.485,0.973,4.237,15.666,1.615,48.763,2.04,16.415,1.856,0.215,7.299,0.119,0.57,1.138,4.305,135820,63457
27230,대구광역시 북구,27230,대구광역시 북구,,2020-11-01,22050,북구,245336,237644,49703,4526,119903,6303,35983,8873,1553,8295,260,495,1750,7692,191686,185940,23145,3830,116429,6285,23335,4817,570,5300,121,473,1635,5746,53650,51704,26558,696,3474,18,12648,4056,983,2995,139,22,115,1946,20.259,1.845,48.873,2.569,14.667,3.617,0.633,3.381,0.106,0.202,0.713,3.135,12.074,1.998,60.739,3.279,12.174,2.513,0.297,2.765,0.063,0.247,0.853,2.998,396499,151163
27260,대구광역시 수성구,27260,대구광역시 수성구,,2020-11-01,22060,수성구,222693,212521,37930,2038,113972,2004,33130,6463,613,14533,501,468,869,10172,168763,161886,19026,1729,108703,1997,17563,2264,271,8763,312,447,811,6877,53930,50635,18904,309,5269,7,15567,4199,342,5770,189,21,58,3295,17.032,0.915,51.179,0.9,14.877,2.902,0.275,6.526,0.225,0.21,0.39,4.568,11.274,1.025,64.412,1.183,10.407,1.342,0.161,5.192,0.185,0.265,0.481,4.075,369430,146737
27290,대구광역시 달서구,27290,대구광역시 달서구,,2020-11-01,22070,달서구,305074,291935,56339,4052,149467,5082,38727,12165,461,22515,167,828,2132,13139,242633,233327,28211,3198,146113,5073,25869,7409,254,14284,70,804,2042,9306,62441,58608,28128,854,3354,9,12858,4756,207,8231,97,24,90,3833,18.467,1.328,48.994,1.666,12.694,3.988,0.151,7.38,0.055,0.271,0.699,4.307,11.627,1.318,60.22,2.091,10.662,3.054,0.105,5.887,0.029,0.331,0.842,3.835,501311,196237
27710,대구광역시 달성군,27710,대구광역시 달성군,,2020-11-01,22310,달성군,136122,131344,19294,1919,81139,3649,11446,6291,85,6379,51,170,921,4778,113993,110762,10516,1133,79280,3638,7191,3984,50,3943,20,163,844,3231,22129,20582,8778,786,1859,11,4255,2307,35,2436,31,7,77,1547,14.174,1.41,59.608,2.681,8.409,4.622,0.062,4.686,0.037,0.125,0.677,3.51,9.225,0.994,69.548,3.191,6.308,3.495,0.044,3.459,0.018,0.143,0.74,2.834,218705,82583
27720,대구광역시 군위군,47720,경상북도 군위군,recoded 47720->27720,2020-11-01,37310,군위군,8529,8402,1954,176,4193,1068,397,330,49,2,0,0,233,127,7801,7692,1819,162,3997,1063,307,93,18,0,0,0,233,109,728,710,135,14,196,5,90,237,31,2,0,0,0,18,22.91,2.064,49.162,12.522,4.655,3.869,0.575,0.023,0.0,0.0,2.732,1.489,23.318,2.077,51.237,13.626,3.935,1.192,0.231,0.0,0.0,0.0,2.987,1.397,20733,12204
28110,인천광역시 중구,28110,인천광역시 중구,split_2026-07-01: 인천 중구+동구 -> 제물포구(28125)+영종구(28155); no 1:1 successor,2020-11-01,23010,중구,76486,72467,11813,831,37452,858,9969,2848,84,8130,13,204,265,4019,66419,62772,7884,640,36536,858,8073,1426,69,6814,13,199,260,3647,10067,9695,3929,191,916,0,1896,1422,15,1316,0,5,5,372,15.445,1.086,48.966,1.122,13.034,3.724,0.11,10.629,0.017,0.267,0.346,5.255,11.87,0.964,55.008,1.292,12.155,2.147,0.104,10.259,0.02,0.3,0.391,5.491,119776,43290
28140,인천광역시 동구,28140,인천광역시 동구,split_2026-07-01: 인천 중구+동구 -> 제물포구(28125)+영종구(28155); no 1:1 successor,2020-11-01,23020,동구,32511,31366,6647,452,12843,593,5728,844,46,3987,4,82,140,1145,27918,26937,4920,432,12629,593,4390,577,29,3155,4,72,136,981,4593,4429,1727,20,214,0,1338,267,17,832,0,10,4,164,20.445,1.39,39.504,1.824,17.619,2.596,0.141,12.264,0.012,0.252,0.431,3.522,17.623,1.547,45.236,2.124,15.725,2.067,0.104,11.301,0.014,0.258,0.487,3.514,55398,22887
28177,인천광역시 미추홀구,28177,인천광역시 미추홀구,,2020-11-01,23090,미추홀구,215659,202094,38667,1986,85117,3891,43161,5761,734,20733,6,750,1288,13565,183398,171707,25236,1393,83861,3891,33181,3778,549,17893,0,697,1228,11691,32261,30387,13431,593,1256,0,9980,1983,185,2840,6,53,60,1874,17.93,0.921,39.468,1.804,20.014,2.671,0.34,9.614,0.003,0.348,0.597,6.29,13.76,0.76,45.726,2.122,18.092,2.06,0.299,9.756,0.0,0.38,0.67,6.375,361380,145721
28185,인천광역시 연수구,28185,인천광역시 연수구,,2020-11-01,23040,연수구,216576,205292,31113,2818,113313,2013,23597,7017,1827,22499,36,502,557,11284,177258,167996,14899,1945,109511,2013,16317,3781,1303,17254,24,466,483,9262,39318,37296,16214,873,3802,0,7280,3236,524,5245,12,36,74,2022,14.366,1.301,52.32,0.929,10.895,3.24,0.844,10.389,0.017,0.232,0.257,5.21,8.405,1.097,61.781,1.136,9.205,2.133,0.735,9.734,0.014,0.263,0.272,5.225,325731,109155
28200,인천광역시 남동구,28200,인천광역시 남동구,,2020-11-01,23050,남동구,288944,270399,49088,2768,125604,4798,45632,7679,1130,32258,9,444,989,18545,244166,228932,30017,2021,123754,4789,35487,4745,661,26088,9,432,929,15234,44778,41467,19071,747,1850,9,10145,2934,469,6170,0,12,60,3311,16.989,0.958,43.47,1.661,15.793,2.658,0.391,11.164,0.003,0.154,0.342,6.418,12.294,0.828,50.684,1.961,14.534,1.943,0.271,10.685,0.004,0.177,0.38,6.239,460901,171957
28237,인천광역시 부평구,28237,인천광역시 부평구,,2020-11-01,23060,부평구,272125,254764,46074,5276,94415,4126,38533,7031,1116,56303,59,440,1391,17361,230874,216142,29529,4745,93190,4122,30025,4270,929,47507,59,433,1333,14732,41251,38622,16545,531,1225,4,8508,2761,187,8796,0,7,58,2629,16.931,1.939,34.695,1.516,14.16,2.584,0.41,20.69,0.022,0.162,0.511,6.38,12.79,2.055,40.364,1.785,13.005,1.849,0.402,20.577,0.026,0.188,0.577,6.381,439616,167491
28245,인천광역시 계양구,28245,인천광역시 계양구,,2020-11-01,23070,계양구,167452,158769,32605,1973,62597,3306,21988,5120,1496,28538,25,271,850,8683,142348,135029,20969,1625,61795,3293,17585,3582,1319,23783,25,249,804,7319,25104,23740,11636,348,802,13,4403,1538,177,4755,0,22,46,1364,19.471,1.178,37.382,1.974,13.131,3.058,0.893,17.042,0.015,0.162,0.508,5.185,14.731,1.142,43.411,2.313,12.354,2.516,0.927,16.708,0.018,0.175,0.565,5.142,264315,96863
28260,인천광역시 서구,28260,인천광역시 서구,split_2026-07-01: 인천 서구 -> 서해구(28275)+검단구(28290); no 1:1 successor,2020-11-01,23080,서구,305204,291646,47703,3277,145039,5362,35988,10076,1618,40829,24,314,1416,13558,256459,244859,25660,2292,142468,5353,26673,7289,1156,32324,24,290,1330,11600,48745,46787,22043,985,2571,9,9315,2787,462,8505,0,24,86,1958,15.63,1.074,47.522,1.757,11.791,3.301,0.53,13.378,0.008,0.103,0.464,4.442,10.005,0.894,55.552,2.087,10.4,2.842,0.451,12.604,0.009,0.113,0.519,4.523,463363,158159
28710,인천광역시 강화군,28710,인천광역시 강화군,,2020-11-01,23310,강화군,28415,28011,6273,466,16060,1465,1923,804,186,240,0,65,529,404,25120,24807,5281,393,15070,1465,1354,316,166,175,0,62,525,313,3295,3204,992,73,990,0,569,488,20,65,0,3,4,91,22.076,1.64,56.519,5.156,6.768,2.829,0.655,0.845,0.0,0.229,1.862,1.422,21.023,1.564,59.992,5.832,5.39,1.258,0.661,0.697,0.0,0.247,2.09,1.246,60887,32472
28720,인천광역시 옹진군,28720,인천광역시 옹진군,,2020-11-01,23320,옹진군,10190,10026,3605,124,4571,686,277,390,8,97,0,12,256,164,9435,9296,3423,114,4458,684,227,81,5,52,0,12,240,139,755,730,182,10,113,2,50,309,3,45,0,0,16,25,35.378,1.217,44.858,6.732,2.718,3.827,0.079,0.952,0.0,0.118,2.512,1.609,36.28,1.208,47.25,7.25,2.406,0.859,0.053,0.551,0.0,0.127,2.544,1.473,16484,6294
30110,대전광역시 동구,30110,대전광역시 동구,,2020-11-01,25010,동구,122470,117775,28127,1530,53894,2866,21332,5235,490,2637,426,407,831,4695,94157,90583,12683,1193,52201,2849,14256,3274,341,2221,391,370,804,3574,28313,27192,15444,337,1693,17,7076,1961,149,416,35,37,27,1121,22.966,1.249,44.006,2.34,17.418,4.275,0.4,2.153,0.348,0.332,0.679,3.834,13.47,1.267,55.44,3.026,15.141,3.477,0.362,2.359,0.415,0.393,0.854,3.796,208766,86296
30140,대전광역시 중구,30140,대전광역시 중구,,2020-11-01,25020,중구,123157,118221,24877,2012,56597,2345,22633,5135,307,2459,717,441,698,4936,101228,97214,17107,1693,54814,2333,14922,2299,151,2158,669,387,681,4014,21929,21007,7770,319,1783,12,7711,2836,156,301,48,54,17,922,20.199,1.634,45.955,1.904,18.377,4.169,0.249,1.997,0.582,0.358,0.567,4.008,16.899,1.672,54.149,2.305,14.741,2.271,0.149,2.132,0.661,0.382,0.673,3.965,210234,87077
30170,대전광역시 서구,30170,대전광역시 서구,,2020-11-01,25030,서구,272133,263055,58291,3819,134906,3878,43784,10570,597,4168,559,1143,1340,9078,218036,210574,32346,2945,130723,3861,29295,4630,317,3587,506,1073,1291,7462,54097,52481,25945,874,4183,17,14489,5940,280,581,53,70,49,1616,21.42,1.403,49.574,1.425,16.089,3.884,0.219,1.532,0.205,0.42,0.492,3.336,14.835,1.351,59.955,1.771,13.436,2.124,0.145,1.645,0.232,0.492,0.592,3.422,424499,152366
30200,대전광역시 유성구,30200,대전광역시 유성구,,2020-11-01,25040,유성구,214163,205506,45697,4069,115609,2081,22716,8212,626,4677,428,571,820,8657,167089,160443,21034,2720,111643,2064,14179,3161,326,3882,358,492,584,6646,47074,45063,24663,1349,3966,17,8537,5051,300,795,70,79,236,2011,21.337,1.9,53.982,0.972,10.607,3.834,0.292,2.184,0.2,0.267,0.383,4.042,12.589,1.628,66.816,1.235,8.486,1.892,0.195,2.323,0.214,0.294,0.35,3.978,318139,103976
30230,대전광역시 대덕구,30230,대전광역시 대덕구,,2020-11-01,25050,대덕구,96774,94364,19087,1132,47360,2307,19167,3770,309,162,263,244,563,2410,79160,77195,11595,1049,46267,2295,12306,2408,159,124,229,243,520,1965,17614,17169,7492,83,1093,12,6861,1362,150,38,34,1,43,445,19.723,1.17,48.939,2.384,19.806,3.896,0.319,0.167,0.272,0.252,0.582,2.49,14.648,1.325,58.447,2.899,15.546,3.042,0.201,0.157,0.289,0.307,0.657,2.482,159447,62673
31110,울산광역시 중구,31110,울산광역시 중구,,2020-11-01,26010,중구,112781,109224,17383,2929,58868,1472,18276,7804,226,34,93,410,1729,3557,95187,92162,10314,2809,57392,1472,12912,5073,71,5,19,391,1704,3025,17594,17062,7069,120,1476,0,5364,2731,155,29,74,19,25,532,15.413,2.597,52.197,1.305,16.205,6.92,0.2,0.03,0.082,0.364,1.533,3.154,10.836,2.951,60.294,1.546,13.565,5.33,0.075,0.005,0.02,0.411,1.79,3.178,189990,77209
31140,울산광역시 남구,31140,울산광역시 남구,,2020-11-01,26020,남구,174720,170171,33224,2828,94190,1683,23326,11321,814,60,175,867,1683,4549,143919,140118,18926,2613,91574,1683,15187,7503,126,18,48,830,1610,3801,30801,30053,14298,215,2616,0,8139,3818,688,42,127,37,73,748,19.016,1.619,53.909,0.963,13.351,6.48,0.466,0.034,0.1,0.496,0.963,2.604,13.15,1.816,63.629,1.169,10.552,5.213,0.088,0.013,0.033,0.577,1.119,2.641,282659,107939
31170,울산광역시 동구,31170,울산광역시 동구,,2020-11-01,26030,동구,83902,81670,20687,2056,24900,550,14269,4465,194,52,30,617,13850,2232,70564,68735,14053,2016,24086,550,10642,2937,27,32,0,592,13800,1829,13338,12935,6634,40,814,0,3627,1528,167,20,30,25,50,403,24.656,2.45,29.677,0.656,17.007,5.322,0.231,0.062,0.036,0.735,16.507,2.66,19.915,2.857,34.134,0.779,15.081,4.162,0.038,0.045,0.0,0.839,19.557,2.592,136690,52788
31200,울산광역시 북구,31200,울산광역시 북구,,2020-11-01,26040,북구,117864,114191,20381,3781,60792,1472,13748,10000,234,70,279,238,3196,3673,98651,95444,10695,3598,59194,1466,9203,7694,71,45,109,228,3141,3207,19213,18747,9686,183,1598,6,4545,2306,163,25,170,10,55,466,17.292,3.208,51.578,1.249,11.664,8.484,0.199,0.059,0.237,0.202,2.712,3.116,10.841,3.647,60.003,1.486,9.329,7.799,0.072,0.046,0.11,0.231,3.184,3.251,182747,64883
31710,울산광역시 울주군,31710,울산광역시 울주군,,2020-11-01,26310,울주군,115473,112890,17087,671,70869,2106,13001,7528,323,101,237,139,828,2583,94574,92533,8861,554,67802,2086,7069,5055,85,32,80,119,790,2041,20899,20357,8226,117,3067,20,5932,2473,238,69,157,20,38,542,14.797,0.581,61.373,1.824,11.259,6.519,0.28,0.087,0.205,0.12,0.717,2.237,9.369,0.586,71.692,2.206,7.475,5.345,0.09,0.034,0.085,0.126,0.835,2.158,193461,77988
36110,세종특별자치시,36110,세종특별자치시,,2020-11-01,29010,세종시,201419,194591,43822,4723,116083,2494,16333,7504,818,284,972,446,1112,6828,161687,155961,20415,3442,112673,2481,10934,3398,495,239,758,129,997,5726,39732,38630,23407,1281,3410,13,5399,4106,323,45,214,317,115,1102,21.757,2.345,57.633,1.238,8.109,3.726,0.406,0.141,0.483,0.221,0.552,3.39,12.626,2.129,69.686,1.534,6.762,2.102,0.306,0.148,0.469,0.08,0.617,3.541,290582,89163
41111,경기도 수원시 장안구,41111,경기도 수원시 장안구,,2020-11-01,31011,수원시 장안구,157144,147296,32302,2204,61917,1999,27704,7858,1918,10435,87,142,730,9848,125402,117224,16129,1525,60614,1994,20919,5398,1590,8156,85,134,680,8178,31742,30072,16173,679,1303,5,6785,2460,328,2279,2,8,50,1670,20.556,1.403,39.401,1.272,17.63,5.001,1.221,6.64,0.055,0.09,0.465,6.267,12.862,1.216,48.336,1.59,16.682,4.305,1.268,6.504,0.068,0.107,0.542,6.521,244917,87773
41113,경기도 수원시 권선구,41113,경기도 수원시 권선구,,2020-11-01,31012,수원시 권선구,209144,195617,28249,2498,97503,3994,33999,12519,1522,13142,570,569,1052,13527,177812,166325,16369,2017,95961,3986,25534,8831,1209,10361,542,532,983,11487,31332,29292,11880,481,1542,8,8465,3688,313,2781,28,37,69,2040,13.507,1.194,46.62,1.91,16.256,5.986,0.728,6.284,0.273,0.272,0.503,6.468,9.206,1.134,53.968,2.242,14.36,4.966,0.68,5.827,0.305,0.299,0.553,6.46,319074,109930
41115,경기도 수원시 팔달구,41115,경기도 수원시 팔달구,,2020-11-01,31013,수원시 팔달구,98791,93246,19340,1188,36824,1181,21089,5760,505,6360,77,287,635,5545,84095,79304,13079,1001,36223,1181,16444,4643,394,5362,72,280,625,4791,14696,13942,6261,187,601,0,4645,1117,111,998,5,7,10,754,19.577,1.203,37.275,1.195,21.347,5.83,0.511,6.438,0.078,0.291,0.643,5.613,15.553,1.19,43.074,1.404,19.554,5.521,0.469,6.376,0.086,0.333,0.743,5.697,156852,58061
41117,경기도 수원시 영통구,41117,경기도 수원시 영통구,,2020-11-01,31014,수원시 영통구,219662,203627,44441,3167,91373,1354,27531,15611,1877,17318,125,265,565,16035,177502,163980,22466,2411,89049,1354,20425,11994,1545,13856,117,246,517,13522,42160,39647,21975,756,2324,0,7106,3617,332,3462,8,19,48,2513,20.232,1.442,41.597,0.616,12.533,7.107,0.854,7.884,0.057,0.121,0.257,7.3,12.657,1.358,50.168,0.763,11.507,6.757,0.87,7.806,0.066,0.139,0.291,7.618,315082,95420
41131,경기도 성남시 수정구,41131,경기도 성남시 수정구,,2020-11-01,31021,성남시 수정구,136030,122367,21013,766,42525,1717,29900,3378,706,21039,24,250,1049,13663,116957,104784,13288,649,41652,1713,24377,2231,536,19062,24,235,1017,12173,19073,17583,7725,117,873,4,5523,1147,170,1977,0,15,32,1490,15.447,0.563,31.261,1.262,21.98,2.483,0.519,15.466,0.018,0.184,0.771,10.044,11.361,0.555,35.613,1.465,20.843,1.908,0.458,16.298,0.021,0.201,0.87,10.408,215430,79400
41133,경기도 성남시 중원구,41133,경기도 성남시 중원구,,2020-11-01,31022,성남시 중원구,123682,115630,20680,546,37608,2081,32536,2964,474,17515,26,283,917,8052,107138,100152,14814,505,36916,2068,26649,1993,356,15669,23,256,903,6986,16544,15478,5866,41,692,13,5887,971,118,1846,3,27,14,1066,16.72,0.441,30.407,1.683,26.306,2.396,0.383,14.161,0.021,0.229,0.741,6.51,13.827,0.471,34.456,1.93,24.874,1.86,0.332,14.625,0.021,0.239,0.843,6.521,191069,67387
41135,경기도 성남시 분당구,41135,경기도 성남시 분당구,,2020-11-01,31023,성남시 분당구,265697,242349,42803,2643,101495,1229,40187,12019,3651,37332,58,372,560,23348,213440,194023,21343,2125,97662,1225,30583,7118,2809,30261,49,355,493,19417,52257,48326,21460,518,3833,4,9604,4901,842,7071,9,17,67,3931,16.11,0.995,38.2,0.463,15.125,4.524,1.374,14.051,0.022,0.14,0.211,8.787,10.0,0.996,45.756,0.574,14.329,3.335,1.316,14.178,0.023,0.166,0.231,9.097,406582,140885
41150,경기도 의정부시,41150,경기도 의정부시,,2020-11-01,31030,의정부시,248875,237954,41828,3642,97427,5359,34984,5184,1512,45939,121,359,1599,10921,208600,199510,25813,3141,95797,5347,25713,2212,1085,38396,104,359,1543,9090,40275,38444,16015,501,1630,12,9271,2972,427,7543,17,0,56,1831,16.807,1.463,39.147,2.153,14.057,2.083,0.608,18.459,0.049,0.144,0.642,4.388,12.374,1.506,45.924,2.563,12.326,1.06,0.52,18.407,0.05,0.172,0.74,4.358,400366,151491
41171,경기도 안양시 만안구,41171,경기도 안양시 만안구,,2020-11-01,31041,안양시 만안구,134404,125027,20222,1787,44632,1899,32245,4025,668,18458,87,255,749,9377,114199,106334,13928,1557,43935,1899,25569,2207,512,15693,81,240,713,7865,20205,18693,6294,230,697,0,6676,1818,156,2765,6,15,36,1512,15.046,1.33,33.207,1.413,23.991,2.995,0.497,13.733,0.065,0.19,0.557,6.977,12.196,1.363,38.472,1.663,22.39,1.933,0.448,13.742,0.071,0.21,0.624,6.887,214311,79907
41173,경기도 안양시 동안구,41173,경기도 안양시 동안구,,2020-11-01,31042,안양시 동안구,179135,166564,33769,2781,62862,1546,30751,6769,656,26493,62,287,588,12571,144972,134767,19881,2382,61594,1546,23155,3288,445,21595,62,274,545,10205,34163,31797,13888,399,1268,0,7596,3481,211,4898,0,13,43,2366,18.851,1.552,35.092,0.863,17.166,3.779,0.366,14.789,0.035,0.16,0.328,7.018,13.714,1.643,42.487,1.066,15.972,2.268,0.307,14.896,0.043,0.189,0.376,7.039,267828,88693
41190,경기도 부천시,41190,경기도 부천시,parent_si: 부천시 has 일반구 since 2024-01-01 (41192/41194/41196),2020-11-01,31050,부천시,460701,442349,89019,7567,151445,8254,63733,10050,2343,106140,151,607,3040,18352,391111,375422,56752,6675,149467,8233,51401,5202,1955,92095,131,586,2925,15689,69590,66927,32267,892,1978,21,12332,4848,388,14045,20,21,115,2663,19.323,1.642,32.873,1.792,13.834,2.181,0.509,23.039,0.033,0.132,0.66,3.983,14.51,1.707,38.216,2.105,13.142,1.33,0.5,23.547,0.033,0.15,0.748,4.011,725626,264925
41210,경기도 광명시,41210,경기도 광명시,,2020-11-01,31060,광명시,169650,156902,30447,1850,51824,2351,25718,4592,463,38231,403,78,945,12748,140154,129498,17184,1581,51101,2346,20192,2440,391,32879,377,78,929,10656,29496,27404,13263,269,723,5,5526,2152,72,5352,26,0,16,2092,17.947,1.09,30.548,1.386,15.159,2.707,0.273,22.535,0.238,0.046,0.557,7.514,12.261,1.128,36.461,1.674,14.407,1.741,0.279,23.459,0.269,0.056,0.663,7.603,261075,91425
41220,경기도 평택시,41220,경기도 평택시,,2020-11-01,31070,평택시,296872,288444,42454,2792,168839,4733,30936,26609,1314,7984,519,493,1771,8428,253972,247440,26439,2117,164614,4726,18783,21848,890,5461,396,474,1692,6532,42900,41004,16015,675,4225,7,12153,4761,424,2523,123,19,79,1896,14.3,0.94,56.873,1.594,10.421,8.963,0.443,2.689,0.175,0.166,0.597,2.839,10.41,0.834,64.816,1.861,7.396,8.603,0.35,2.15,0.156,0.187,0.666,2.572,454192,157320
41250,경기도 동두천시,41250,경기도 동두천시,,2020-11-01,31080,동두천시,47178,45698,8988,840,23208,1048,3513,1967,113,5643,12,119,247,1480,39614,38611,6056,644,22634,1045,2413,1037,81,4346,12,100,243,1003,7564,7087,2932,196,574,3,1100,930,32,1297,0,19,4,477,19.051,1.78,49.192,2.221,7.446,4.169,0.24,11.961,0.025,0.252,0.524,3.137,15.288,1.626,57.136,2.638,6.091,2.618,0.204,10.971,0.03,0.252,0.613,2.532,83625,36447
41271,경기도 안산시 상록구,41271,경기도 안산시 상록구,,2020-11-01,31091,안산시 상록구,201284,189897,32889,3172,89709,4880,26393,10800,1069,19441,36,534,974,11387,166595,157493,17615,2294,88251,4872,19367,7431,851,15388,7,512,905,9102,34689,32404,15274,878,1458,8,7026,3369,218,4053,29,22,69,2285,16.34,1.576,44.568,2.424,13.112,5.366,0.531,9.658,0.018,0.265,0.484,5.657,10.574,1.377,52.973,2.924,11.625,4.461,0.511,9.237,0.004,0.307,0.543,5.464,312206,110922
41273,경기도 안산시 단원구,41273,경기도 안산시 단원구,,2020-11-01,31092,안산시 단원구,182575,174835,32402,3467,83938,3912,21673,12890,548,14819,5,458,723,7740,152803,146522,17255,2853,82627,3898,16711,10690,405,10956,5,426,696,6281,29772,28313,15147,614,1311,14,4962,2200,143,3863,0,32,27,1459,17.747,1.899,45.975,2.143,11.871,7.06,0.3,8.117,0.003,0.251,0.396,4.239,11.292,1.867,54.074,2.551,10.936,6.996,0.265,7.17,0.003,0.279,0.455,4.111,274813,92238
41281,경기도 고양시 덕양구,41281,경기도 고양시 덕양구,,2020-11-01,31101,고양시 덕양구,256330,239947,35060,1925,103699,4712,31626,6782,2254,52121,137,179,1452,16383,216819,202578,19182,1571,100868,4712,24692,3660,1983,44251,122,176,1361,14241,39511,37369,15878,354,2831,0,6934,3122,271,7870,15,3,91,2142,13.678,0.751,40.455,1.838,12.338,2.646,0.879,20.334,0.053,0.07,0.566,6.391,8.847,0.725,46.522,2.173,11.388,1.688,0.915,20.409,0.056,0.081,0.628,6.568,407042,150712
41285,경기도 고양시 일산동구,41285,경기도 고양시 일산동구,,2020-11-01,31103,고양시 일산동구,164258,152851,28054,2395,71123,2130,25013,4825,861,17400,139,303,608,11407,135786,126573,16275,1881,68924,2113,19989,2163,597,13663,108,297,563,9213,28472,26278,11779,514,2199,17,5024,2662,264,3737,31,6,45,2194,17.079,1.458,43.3,1.297,15.228,2.937,0.524,10.593,0.085,0.184,0.37,6.945,11.986,1.385,50.759,1.556,14.721,1.593,0.44,10.062,0.08,0.219,0.415,6.785,260317,96059
41287,경기도 고양시 일산서구,41287,경기도 고양시 일산서구,,2020-11-01,31104,고양시 일산서구,164597,153716,25587,2632,69246,1750,25822,6463,799,20836,58,121,402,10881,132910,123956,12260,2005,67872,1744,19623,2787,603,16555,42,110,355,8954,31687,29760,13327,627,1374,6,6199,3676,196,4281,16,11,47,1927,15.545,1.599,42.07,1.063,15.688,3.927,0.485,12.659,0.035,0.074,0.244,6.611,9.224,1.509,51.066,1.312,14.764,2.097,0.454,12.456,0.032,0.083,0.267,6.737,257497,92900
41290,경기도 과천시,41290,경기도 과천시,,2020-11-01,31110,과천시,32785,29720,5119,518,11070,176,3732,1262,189,7485,16,13,140,3065,26040,23476,2707,261,10747,176,2637,752,112,5929,14,13,128,2564,6745,6244,2412,257,323,0,1095,510,77,1556,2,0,12,501,15.614,1.58,33.765,0.537,11.383,3.849,0.576,22.831,0.049,0.04,0.427,9.349,10.396,1.002,41.271,0.676,10.127,2.888,0.43,22.769,0.054,0.05,0.492,9.846,51925,19140
41310,경기도 구리시,41310,경기도 구리시,,2020-11-01,31120,구리시,108237,99186,20601,1554,39189,1902,17517,2546,315,14720,74,139,629,9051,90607,82934,13582,1172,38430,1902,13645,1080,172,12148,74,133,596,7673,17630,16252,7019,382,759,0,3872,1466,143,2572,0,6,33,1378,19.033,1.436,36.207,1.757,16.184,2.352,0.291,13.6,0.068,0.128,0.581,8.362,14.99,1.293,42.414,2.099,15.06,1.192,0.19,13.407,0.082,0.147,0.658,8.468,170732,62495
41360,경기도 남양주시,41360,경기도 남양주시,,2020-11-01,31130,남양주시,376576,350071,56739,2433,179539,9097,53850,10400,2084,33907,85,338,1599,26505,309863,288189,28509,1693,175566,9081,38664,4454,1598,26731,73,329,1491,21674,66713,61882,28230,740,3973,16,15186,5946,486,7176,12,9,108,4831,15.067,0.646,47.677,2.416,14.3,2.762,0.553,9.004,0.023,0.09,0.425,7.038,9.201,0.546,56.659,2.931,12.478,1.437,0.516,8.627,0.024,0.106,0.481,6.995,605162,228586
41370,경기도 오산시,41370,경기도 오산시,,2020-11-01,31140,오산시,132597,127466,19925,1576,70401,2219,14407,11903,947,5232,61,130,665,5131,111991,108006,10576,1259,69097,2219,9910,9648,769,3719,56,125,628,3985,20606,19460,9349,317,1304,0,4497,2255,178,1513,5,5,37,1146,15.027,1.189,53.094,1.673,10.865,8.977,0.714,3.946,0.046,0.098,0.502,3.87,9.444,1.124,61.699,1.981,8.849,8.615,0.687,3.321,0.05,0.112,0.561,3.558,196211,63614
41390,경기도 시흥시,41390,경기도 시흥시,,2020-11-01,31150,시흥시,290840,275754,46691,4160,149026,6650,34357,12397,1304,19444,43,277,1405,15086,245922,233926,26743,3664,146619,6650,24954,8009,1094,14517,37,272,1367,11996,44918,41828,19948,496,2407,0,9403,4388,210,4927,6,5,38,3090,16.054,1.43,51.24,2.286,11.813,4.262,0.448,6.685,0.015,0.095,0.483,5.187,10.875,1.49,59.62,2.704,10.147,3.257,0.445,5.903,0.015,0.111,0.556,4.878,427272,136432
41410,경기도 군포시,41410,경기도 군포시,,2020-11-01,31160,군포시,156264,144116,24945,1219,56622,1879,26459,5124,571,26465,38,127,667,12148,130202,120024,14429,1105,55623,1879,20656,3159,457,21926,32,127,631,10178,26062,24092,10516,114,999,0,5803,1965,114,4539,6,0,36,1970,15.963,0.78,36.235,1.202,16.932,3.279,0.365,16.936,0.024,0.081,0.427,7.774,11.082,0.849,42.721,1.443,15.865,2.426,0.351,16.84,0.025,0.098,0.485,7.817,239796,83532
41430,경기도 의왕시,41430,경기도 의왕시,,2020-11-01,31170,의왕시,92712,84898,12937,979,40827,1248,16219,2335,367,9564,30,82,310,7814,77703,71356,7453,816,39849,1238,12574,1059,242,7733,30,72,290,6347,15009,13542,5484,163,978,10,3645,1276,125,1831,0,10,20,1467,13.954,1.056,44.036,1.346,17.494,2.519,0.396,10.316,0.032,0.088,0.334,8.428,9.592,1.05,51.284,1.593,16.182,1.363,0.311,9.952,0.039,0.093,0.373,8.168,142537,49825
41450,경기도 하남시,41450,경기도 하남시,,2020-11-01,31180,하남시,156898,143000,23576,3061,69953,2510,24192,3956,747,13951,30,138,886,13898,135227,123295,14124,2441,68624,2505,20346,1826,632,11843,23,122,809,11932,21671,19705,9452,620,1329,5,3846,2130,115,2108,7,16,77,1966,15.026,1.951,44.585,1.6,15.419,2.521,0.476,8.892,0.019,0.088,0.565,8.858,10.445,1.805,50.747,1.852,15.046,1.35,0.467,8.758,0.017,0.09,0.598,8.824,240656,83758
41461,경기도 용인시 처인구,41461,경기도 용인시 처인구,,2020-11-01,31191,용인시 처인구,144274,138561,20319,738,79420,3978,18740,9926,1276,3345,0,167,652,5713,120510,116104,12481,595,76770,3978,12308,5648,1068,2523,0,153,580,4406,23764,22457,7838,143,2650,0,6432,4278,208,822,0,14,72,1307,14.084,0.512,55.048,2.757,12.989,6.88,0.884,2.319,0.0,0.116,0.452,3.96,10.357,0.494,63.704,3.301,10.213,4.687,0.886,2.094,0.0,0.127,0.481,3.656,230025,85751
41463,경기도 용인시 기흥구,41463,경기도 용인시 기흥구,,2020-11-01,31192,용인시 기흥구,238088,217688,35401,1298,115356,2754,32475,10229,2031,17194,57,168,725,20400,190715,174256,14599,980,111557,2754,22520,5650,1725,13596,57,161,657,16459,47373,43432,20802,318,3799,0,9955,4579,306,3598,0,7,68,3941,14.869,0.545,48.451,1.157,13.64,4.296,0.853,7.222,0.024,0.071,0.305,8.568,7.655,0.514,58.494,1.444,11.808,2.963,0.904,7.129,0.03,0.084,0.344,8.63,374870,136782
41465,경기도 용인시 수지구,41465,경기도 용인시 수지구,,2020-11-01,31193,용인시 수지구,200350,181307,30765,1051,83302,746,22185,9887,1114,31639,98,81,439,19043,156865,140991,10901,840,80194,733,15171,5384,924,26309,85,76,374,15874,43485,40316,19864,211,3108,13,7014,4503,190,5330,13,5,65,3169,15.356,0.525,41.578,0.372,11.073,4.935,0.556,15.792,0.049,0.04,0.219,9.505,6.949,0.535,51.123,0.467,9.671,3.432,0.589,16.772,0.054,0.048,0.238,10.12,313764,113414
41480,경기도 파주시,41480,경기도 파주시,,2020-11-01,31200,파주시,249847,235120,37916,1837,129840,5457,31167,12843,563,13869,75,339,1214,14727,210001,197914,21386,1228,126499,5436,22651,8042,436,10680,68,317,1171,12087,39846,37206,16530,609,3341,21,8516,4801,127,3189,7,22,43,2640,15.176,0.735,51.968,2.184,12.474,5.14,0.225,5.551,0.03,0.136,0.486,5.894,10.184,0.585,60.237,2.589,10.786,3.83,0.208,5.086,0.032,0.151,0.558,5.756,393029,143182
41500,경기도 이천시,41500,경기도 이천시,,2020-11-01,31210,이천시,127286,123342,27900,855,64244,3005,9636,14451,526,1566,0,214,945,3944,109012,106052,20625,752,61693,2996,5734,11970,248,930,0,203,901,2960,18274,17290,7275,103,2551,9,3902,2481,278,636,0,11,44,984,21.919,0.672,50.472,2.361,7.57,11.353,0.413,1.23,0.0,0.168,0.742,3.099,18.92,0.69,56.593,2.748,5.26,10.98,0.227,0.853,0.0,0.186,0.827,2.715,193556,66270
41550,경기도 안성시,41550,경기도 안성시,,2020-11-01,31220,안성시,102390,100149,18707,958,59316,2334,10360,6471,947,258,12,143,643,2241,85286,83685,11195,690,57341,2311,5903,4708,633,184,8,102,610,1601,17104,16464,7512,268,1975,23,4457,1763,314,74,4,41,33,640,18.27,0.936,57.931,2.28,10.118,6.32,0.925,0.252,0.012,0.14,0.628,2.189,13.126,0.809,67.234,2.71,6.921,5.52,0.742,0.216,0.009,0.12,0.715,1.877,170371,67981
41570,경기도 김포시,41570,경기도 김포시,,2020-11-01,31230,김포시,247724,231701,38025,1780,126524,4350,26823,7311,839,24621,126,161,1141,16023,209098,194953,19730,1442,124263,4350,19892,3649,632,19691,85,161,1058,14145,38626,36748,18295,338,2261,0,6931,3662,207,4930,41,0,83,1878,15.35,0.719,51.075,1.756,10.828,2.951,0.339,9.939,0.051,0.065,0.461,6.468,9.436,0.69,59.428,2.08,9.513,1.745,0.302,9.417,0.041,0.077,0.506,6.765,384076,136352
41590,경기도 화성시,41590,경기도 화성시,parent_si: 화성시 has 일반구 since 2026-02-01 (41591/41593/41595/41597),2020-11-01,31240,화성시,484878,459233,79904,3758,260292,8037,53547,38070,3862,9277,480,436,1570,25645,405855,384606,43018,2631,253935,8013,36139,29317,3078,6100,470,422,1483,21249,79023,74627,36886,1127,6357,24,17408,8753,784,3177,10,14,87,4396,16.479,0.775,53.682,1.658,11.043,7.851,0.796,1.913,0.099,0.09,0.324,5.289,10.599,0.648,62.568,1.974,8.904,7.224,0.758,1.503,0.116,0.104,0.365,5.236,706218,221340
41610,경기도 광주시,41610,경기도 광주시,,2020-11-01,31250,광주시,210777,195836,20215,1061,119400,5769,34748,5828,828,6761,34,184,1008,14941,182152,170306,12712,953,116223,5751,24339,2935,688,5567,34,160,944,11846,28625,25530,7503,108,3177,18,10409,2893,140,1194,0,24,64,3095,9.591,0.503,56.648,2.737,16.486,2.765,0.393,3.208,0.016,0.087,0.478,7.089,6.979,0.523,63.806,3.157,13.362,1.611,0.378,3.056,0.019,0.088,0.518,6.503,327183,116406
41630,경기도 양주시,41630,경기도 양주시,,2020-11-01,31260,양주시,122217,113639,17579,806,63167,3953,16559,4015,284,6653,14,94,515,8578,101526,94843,9681,591,61400,3943,11290,1830,253,5255,8,87,505,6683,20691,18796,7898,215,1767,10,5269,2185,31,1398,6,7,10,1895,14.383,0.659,51.684,3.234,13.549,3.285,0.232,5.444,0.011,0.077,0.421,7.019,9.535,0.582,60.477,3.884,11.12,1.802,0.249,5.176,0.008,0.086,0.497,6.583,200646,78429
41650,경기도 포천시,41650,경기도 포천시,,2020-11-01,31270,포천시,78395,76825,17222,621,42025,3275,8678,3556,253,652,0,95,448,1570,67507,66424,13280,544,40863,3261,5444,1988,149,386,0,82,427,1083,10888,10401,3942,77,1162,14,3234,1568,104,266,0,13,21,487,21.968,0.792,53.607,4.178,11.07,4.536,0.323,0.832,0.0,0.121,0.571,2.003,19.672,0.806,60.532,4.831,8.064,2.945,0.221,0.572,0.0,0.121,0.633,1.604,132577,54182
41670,경기도 여주시,41670,경기도 여주시,,2020-11-01,31280,여주시,55579,54430,7777,474,35243,1968,4125,3162,214,831,6,150,480,1149,47671,46866,5997,393,33265,1954,2228,1856,114,473,6,119,461,805,7908,7564,1780,81,1978,14,1897,1306,100,358,0,31,19,344,13.993,0.853,63.411,3.541,7.422,5.689,0.385,1.495,0.011,0.27,0.864,2.067,12.58,0.824,69.78,4.099,4.674,3.893,0.239,0.992,0.013,0.25,0.967,1.689,100820,45241
41800,경기도 연천군,41800,경기도 연천군,,2020-11-01,31350,연천군,20611,20101,4894,129,11335,1338,1179,733,50,257,0,18,168,510,18302,17911,4036,103,11006,1334,772,280,33,167,0,18,162,391,2309,2190,858,26,329,4,407,453,17,90,0,0,6,119,23.745,0.626,54.995,6.492,5.72,3.556,0.243,1.247,0.0,0.087,0.815,2.474,22.052,0.563,60.136,7.289,4.218,1.53,0.18,0.912,0.0,0.098,0.885,2.136,37863,17252
41820,경기도 가평군,41820,경기도 가평군,,2020-11-01,31370,가평군,28001,27299,6860,321,14809,773,1679,1237,93,1224,22,30,251,702,24575,24049,5656,268,14230,773,1186,866,74,707,15,23,251,526,3426,3250,1204,53,579,0,493,371,19,517,7,7,0,176,24.499,1.146,52.887,2.761,5.996,4.418,0.332,4.371,0.079,0.107,0.896,2.507,23.015,1.091,57.904,3.145,4.826,3.524,0.301,2.877,0.061,0.094,1.021,2.14,55337,27336
41830,경기도 양평군,41830,경기도 양평군,,2020-11-01,31380,양평군,52499,50721,10555,501,29732,1706,2711,1788,75,3018,118,79,438,1778,45299,43942,8593,417,27978,1697,1816,627,53,2183,89,79,410,1357,7200,6779,1962,84,1754,9,895,1161,22,835,29,0,28,421,20.105,0.954,56.633,3.25,5.164,3.406,0.143,5.749,0.225,0.15,0.834,3.387,18.97,0.921,61.763,3.746,4.009,1.384,0.117,4.819,0.196,0.174,0.905,2.996,102553,50054
43111,충청북도 청주시 상당구,43111,충청북도 청주시 상당구,,2020-11-01,33041,청주시 상당구,100970,98586,18618,1011,56149,2512,11696,7211,481,17,34,334,523,2384,83584,81653,10778,881,54086,2492,6845,5628,97,17,34,304,491,1931,17386,16933,7840,130,2063,20,4851,1583,384,0,0,30,32,453,18.439,1.001,55.61,2.488,11.584,7.142,0.476,0.017,0.034,0.331,0.518,2.361,12.895,1.054,64.709,2.981,8.189,6.733,0.116,0.02,0.041,0.364,0.587,2.31,162444,61474
43112,충청북도 청주시 서원구,43112,충청북도 청주시 서원구,,2020-11-01,33042,청주시 서원구,112151,109186,22710,1380,57991,1515,14445,9340,574,0,70,514,647,2965,88443,86139,11282,962,55801,1510,8555,6693,237,0,47,468,584,2304,23708,23047,11428,418,2190,5,5890,2647,337,0,23,46,63,661,20.249,1.23,51.708,1.351,12.88,8.328,0.512,0.0,0.062,0.458,0.577,2.644,12.756,1.088,63.093,1.707,9.673,7.568,0.268,0.0,0.053,0.529,0.66,2.605,179672,67521
43113,충청북도 청주시 흥덕구,43113,충청북도 청주시 흥덕구,,2020-11-01,33043,청주시 흥덕구,154105,149330,28923,2194,83738,2495,15210,13833,844,48,271,818,956,4775,129028,125099,17813,1766,81066,2495,8625,11157,277,44,229,736,891,3929,25077,24231,11110,428,2672,0,6585,2676,567,4,42,82,65,846,18.768,1.424,54.338,1.619,9.87,8.976,0.548,0.031,0.176,0.531,0.62,3.099,13.806,1.369,62.828,1.934,6.685,8.647,0.215,0.034,0.177,0.57,0.691,3.045,232760,78655
43114,충청북도 청주시 청원구,43114,충청북도 청주시 청원구,,2020-11-01,33044,청주시 청원구,108008,105519,19569,1018,61886,1908,10372,9367,365,11,84,362,577,2489,89422,87346,10891,792,59742,1901,5488,7486,111,11,55,335,534,2076,18586,18173,8678,226,2144,7,4884,1881,254,0,29,27,43,413,18.118,0.943,57.298,1.767,9.603,8.673,0.338,0.01,0.078,0.335,0.534,2.304,12.179,0.886,66.809,2.126,6.137,8.372,0.124,0.012,0.062,0.375,0.597,2.322,167354,59346
43130,충청북도 충주시,43130,충청북도 충주시,,2020-11-01,33020,충주시,114878,112817,23182,1465,65725,4371,7856,7893,310,18,139,813,1045,2061,96458,94906,15038,1142,62530,4349,4656,5440,63,0,88,595,1005,1552,18420,17911,8144,323,3195,22,3200,2453,247,18,51,218,40,509,20.18,1.275,57.213,3.805,6.839,6.871,0.27,0.016,0.121,0.708,0.91,1.794,15.59,1.184,64.826,4.509,4.827,5.64,0.065,0.0,0.091,0.617,1.042,1.609,193440,78562
43150,충청북도 제천시,43150,충청북도 제천시,,2020-11-01,33030,제천시,71385,70398,14921,553,40171,3006,6608,3665,64,7,82,517,804,987,59538,58893,10887,443,37155,2996,3355,2805,42,7,28,397,778,645,11847,11505,4034,110,3016,10,3253,860,22,0,54,120,26,342,20.902,0.775,56.274,4.211,9.257,5.134,0.09,0.01,0.115,0.724,1.126,1.383,18.286,0.744,62.406,5.032,5.635,4.711,0.071,0.012,0.047,0.667,1.307,1.083,121819,50434
43720,충청북도 보은군,43720,충청북도 보은군,,2020-11-01,33320,보은군,14636,14465,3641,367,7048,1605,636,518,84,0,0,18,548,171,13199,13070,3192,341,6700,1594,366,311,19,0,0,6,541,129,1437,1395,449,26,348,11,270,207,65,0,0,12,7,42,24.877,2.508,48.155,10.966,4.345,3.539,0.574,0.0,0.0,0.123,3.744,1.168,24.184,2.584,50.761,12.077,2.773,2.356,0.144,0.0,0.0,0.045,4.099,0.977,29289,14653
43730,충청북도 옥천군,43730,충청북도 옥천군,,2020-11-01,33330,옥천군,25338,25049,6796,517,12815,1522,1138,991,41,22,30,64,1113,289,22344,22119,5286,433,12274,1511,692,745,12,11,11,32,1112,225,2994,2930,1510,84,541,11,446,246,29,11,19,32,1,64,26.821,2.04,50.576,6.007,4.491,3.911,0.162,0.087,0.118,0.253,4.393,1.141,23.657,1.938,54.932,6.762,3.097,3.334,0.054,0.049,0.049,0.143,4.977,1.007,44742,19404
43740,충청북도 영동군,43740,충청북도 영동군,,2020-11-01,33340,영동군,22061,21696,5046,597,10474,2515,1071,1233,0,11,149,28,572,365,18540,18310,4055,398,9833,2512,524,343,0,2,71,21,551,230,3521,3386,991,199,641,3,547,890,0,9,78,7,21,135,22.873,2.706,47.477,11.4,4.855,5.589,0.0,0.05,0.675,0.127,2.593,1.655,21.872,2.147,53.037,13.549,2.826,1.85,0.0,0.011,0.383,0.113,2.972,1.241,43099,21038
43745,충청북도 증평군,43745,충청북도 증평군,,2020-11-01,33390,증평군,20667,20451,3907,498,12260,780,1215,1389,131,5,48,16,202,216,17719,17566,2666,398,11803,780,539,1114,39,0,13,16,198,153,2948,2885,1241,100,457,0,676,275,92,5,35,0,4,63,18.905,2.41,59.322,3.774,5.879,6.721,0.634,0.024,0.232,0.077,0.977,1.045,15.046,2.246,66.612,4.402,3.042,6.287,0.22,0.0,0.073,0.09,1.117,0.863,32020,11353
43750,충청북도 진천군,43750,충청북도 진천군,,2020-11-01,33350,진천군,43282,42778,6191,523,28883,1147,2236,3109,212,7,8,58,404,504,37308,36941,3677,352,27803,1142,1037,2418,84,7,0,46,375,367,5974,5837,2514,171,1080,5,1199,691,128,0,8,12,29,137,14.304,1.208,66.732,2.65,5.166,7.183,0.49,0.016,0.018,0.134,0.933,1.164,9.856,0.943,74.523,3.061,2.78,6.481,0.225,0.019,0.0,0.123,1.005,0.984,73149,29867
43760,충청북도 괴산군,43760,충청북도 괴산군,,2020-11-01,33360,괴산군,17423,17266,4066,344,8719,1861,784,872,78,2,2,59,479,157,15433,15333,3707,264,8228,1849,403,351,23,2,0,32,474,100,1990,1933,359,80,491,12,381,521,55,0,2,27,5,57,23.337,1.974,50.043,10.681,4.5,5.005,0.448,0.011,0.011,0.339,2.749,0.901,24.02,1.711,53.314,11.981,2.611,2.274,0.149,0.013,0.0,0.207,3.071,0.648,35887,18464
43770,충청북도 음성군,43770,충청북도 음성군,,2020-11-01,33370,음성군,50611,50060,9982,478,30897,2236,1960,3472,248,36,20,70,661,551,45132,44749,7842,373,29744,2212,878,2882,84,36,13,48,637,383,5479,5311,2140,105,1153,24,1082,590,164,0,7,22,24,168,19.723,0.944,61.048,4.418,3.873,6.86,0.49,0.071,0.04,0.138,1.306,1.089,17.376,0.826,65.904,4.901,1.945,6.386,0.186,0.08,0.029,0.106,1.411,0.849,85850,35239
43800,충청북도 단양군,43800,충청북도 단양군,,2020-11-01,33380,단양군,13038,12879,3244,158,6256,1489,1063,354,8,12,3,19,273,159,11810,11682,2791,136,6093,1487,645,231,3,12,0,11,273,128,1228,1197,453,22,163,2,418,123,5,0,3,8,0,31,24.881,1.212,47.983,11.42,8.153,2.715,0.061,0.092,0.023,0.146,2.094,1.22,23.633,1.152,51.592,12.591,5.461,1.956,0.025,0.102,0.0,0.093,2.312,1.084,26015,12977
44131,충청남도 천안시 동남구,44131,충청남도 천안시 동남구,,2020-11-01,34011,천안시 동남구,147419,143443,26440,993,80043,2745,17324,12752,526,902,411,404,903,3976,118260,115444,13648,767,77479,2734,10927,7444,351,630,363,339,762,2816,29159,27999,12792,226,2564,11,6397,5308,175,272,48,65,141,1160,17.935,0.674,54.296,1.862,11.752,8.65,0.357,0.612,0.279,0.274,0.613,2.697,11.541,0.649,65.516,2.312,9.24,6.295,0.297,0.533,0.307,0.287,0.644,2.381,236477,89058
44133,충청남도 천안시 서북구,44133,충청남도 천안시 서북구,,2020-11-01,34012,천안시 서북구,233370,225132,36862,1779,129424,3265,22343,24578,762,3019,1255,727,1118,8238,194654,188082,22216,1443,125513,3265,13644,16589,353,2236,1098,677,1048,6572,38716,37050,14646,336,3911,0,8699,7989,409,783,157,50,70,1666,15.796,0.762,55.459,1.399,9.574,10.532,0.327,1.294,0.538,0.312,0.479,3.53,11.413,0.741,64.48,1.677,7.009,8.522,0.181,1.149,0.564,0.348,0.538,3.376,342588,109218
44150,충청남도 공주시,44150,충청남도 공주시,,2020-11-01,34020,공주시,55787,54771,13770,589,28718,2967,4467,2973,233,4,0,130,920,1016,45229,44568,9129,466,26778,2943,2204,1963,72,4,0,109,900,661,10558,10203,4641,123,1940,24,2263,1010,161,0,0,21,20,355,24.683,1.056,51.478,5.318,8.007,5.329,0.418,0.007,0.0,0.233,1.649,1.821,20.184,1.03,59.205,6.507,4.873,4.34,0.159,0.009,0.0,0.241,1.99,1.461,99322,43535
44180,충청남도 보령시,44180,충청남도 보령시,,2020-11-01,34030,보령시,48728,47884,9665,743,28813,2536,3144,1969,89,6,101,112,706,844,42837,42202,8190,638,27115,2522,1832,1048,18,0,39,108,692,635,5891,5682,1475,105,1698,14,1312,921,71,6,62,4,14,209,19.835,1.525,59.13,5.204,6.452,4.041,0.183,0.012,0.207,0.23,1.449,1.732,19.119,1.489,63.298,5.887,4.277,2.446,0.042,0.0,0.091,0.252,1.615,1.482,88572,39844
44200,충청남도 아산시,44200,충청남도 아산시,,2020-11-01,34040,아산시,175650,170024,32324,1352,99876,2802,13290,16577,316,1443,476,406,1162,5626,144332,139777,17505,1158,96493,2778,6824,12077,157,899,392,383,1111,4555,31318,30247,14819,194,3383,24,6466,4500,159,544,84,23,51,1071,18.403,0.77,56.861,1.595,7.566,9.438,0.18,0.822,0.271,0.231,0.662,3.203,12.128,0.802,66.855,1.925,4.728,8.368,0.109,0.623,0.272,0.265,0.77,3.156,275221,99571
44210,충청남도 서산시,44210,충청남도 서산시,,2020-11-01,34050,서산시,93448,90451,17184,1114,52397,2317,6108,10420,143,12,0,186,570,2997,80087,77657,12525,829,50210,2298,3258,7777,24,12,0,174,550,2430,13361,12794,4659,285,2187,19,2850,2643,119,0,0,12,20,567,18.389,1.192,56.071,2.479,6.536,11.151,0.153,0.013,0.0,0.199,0.61,3.207,15.639,1.035,62.694,2.869,4.068,9.711,0.03,0.015,0.0,0.217,0.687,3.034,151722,58274
44230,충청남도 논산시,44230,충청남도 논산시,,2020-11-01,34060,논산시,54782,53929,11497,1117,29802,3357,4186,3045,95,19,66,106,639,853,46525,45916,8292,820,28216,3328,2564,1904,39,0,35,104,614,609,8257,8013,3205,297,1586,29,1622,1141,56,19,31,2,25,244,20.987,2.039,54.401,6.128,7.641,5.558,0.173,0.035,0.12,0.193,1.166,1.557,17.823,1.762,60.647,7.153,5.511,4.092,0.084,0.0,0.075,0.224,1.32,1.309,105585,50803
44250,충청남도 계룡시,44250,충청남도 계룡시,,2020-11-01,34070,계룡시,22527,22120,4673,122,13967,257,1797,1107,47,9,56,20,65,407,18000,17674,2115,96,13412,257,1091,555,33,9,28,20,58,326,4527,4446,2558,26,555,0,706,552,14,0,28,0,7,81,20.744,0.542,62.001,1.141,7.977,4.914,0.209,0.04,0.249,0.089,0.289,1.807,11.75,0.533,74.511,1.428,6.061,3.083,0.183,0.05,0.156,0.111,0.322,1.811,35416,12889
44270,충청남도 당진시,44270,충청남도 당진시,,2020-11-01,34080,당진시,92770,90426,18866,681,54192,3334,5917,6046,232,15,0,234,909,2344,80791,78824,13913,629,52420,3325,3172,4136,86,15,0,234,894,1967,11979,11602,4953,52,1772,9,2745,1910,146,0,0,0,15,377,20.336,0.734,58.415,3.594,6.378,6.517,0.25,0.016,0.0,0.252,0.98,2.527,17.221,0.779,64.883,4.116,3.926,5.119,0.106,0.019,0.0,0.29,1.107,2.435,142817,50047
44710,충청남도 금산군,44710,충청남도 금산군,,2020-11-01,34310,금산군,26076,25641,7494,500,12479,1721,1170,1459,60,0,2,46,710,435,21636,21267,5189,411,11821,1700,748,649,29,0,2,25,693,369,4440,4374,2305,89,658,21,422,810,31,0,0,21,17,66,28.739,1.917,47.856,6.6,4.487,5.595,0.23,0.0,0.008,0.176,2.723,1.668,23.983,1.9,54.636,7.857,3.457,3.0,0.134,0.0,0.009,0.116,3.203,1.705,48486,22410
44760,충청남도 부여군,44760,충청남도 부여군,,2020-11-01,34330,부여군,32117,31607,7022,802,14975,4225,2165,1135,71,3,18,105,1086,510,28765,28344,6202,751,14133,4218,1408,442,30,3,18,88,1051,421,3352,3263,820,51,842,7,757,693,41,0,0,17,35,89,21.864,2.497,46.626,13.155,6.741,3.534,0.221,0.009,0.056,0.327,3.381,1.588,21.561,2.611,49.133,14.664,4.895,1.537,0.104,0.01,0.063,0.306,3.654,1.464,59321,27204
44770,충청남도 서천군,44770,충청남도 서천군,,2020-11-01,34340,서천군,23995,23626,6165,532,11897,2098,1383,760,40,0,37,54,660,369,21722,21401,5386,494,11339,2090,946,411,13,0,19,46,657,321,2273,2225,779,38,558,8,437,349,27,0,18,8,3,48,25.693,2.217,49.581,8.743,5.764,3.167,0.167,0.0,0.154,0.225,2.751,1.538,24.795,2.274,52.201,9.622,4.355,1.892,0.06,0.0,0.087,0.212,3.025,1.478,47006,23011
44790,충청남도 청양군,44790,충청남도 청양군,,2020-11-01,34350,청양군,16465,16223,5646,319,6585,1538,733,728,30,0,0,24,620,242,14782,14595,5199,288,6241,1532,462,229,14,0,0,18,612,187,1683,1628,447,31,344,6,271,499,16,0,0,6,8,55,34.291,1.937,39.994,9.341,4.452,4.422,0.182,0.0,0.0,0.146,3.766,1.47,35.171,1.948,42.22,10.364,3.125,1.549,0.095,0.0,0.0,0.122,4.14,1.265,28244,11779
44800,충청남도 홍성군,44800,충청남도 홍성군,,2020-11-01,34360,홍성군,56008,55200,15962,663,30415,2293,2273,2720,94,0,62,117,601,808,46979,46407,12276,451,28558,2273,1190,955,42,0,18,83,561,572,9029,8793,3686,212,1857,20,1083,1765,52,0,44,34,40,236,28.5,1.184,54.305,4.094,4.058,4.856,0.168,0.0,0.111,0.209,1.073,1.443,26.131,0.96,60.789,4.838,2.533,2.033,0.089,0.0,0.038,0.177,1.194,1.218,89757,33749
44810,충청남도 예산군,44810,충청남도 예산군,,2020-11-01,34370,예산군,42127,41566,12867,395,20442,2518,2433,1709,106,6,67,56,967,561,37329,36963,11388,358,19366,2513,1331,943,21,4,43,54,942,366,4798,4603,1479,37,1076,5,1102,766,85,2,24,2,25,195,30.543,0.938,48.525,5.977,5.775,4.057,0.252,0.014,0.159,0.133,2.295,1.332,30.507,0.959,51.879,6.732,3.566,2.526,0.056,0.011,0.115,0.145,2.524,0.98,70650,28523
44825,충청남도 태안군,44825,충청남도 태안군,,2020-11-01,34380,태안군,29056,28633,7565,218,15302,1335,1747,1703,33,0,0,34,696,423,25825,25456,6778,164,14407,1326,1174,872,23,0,0,25,687,369,3231,3177,787,54,895,9,573,831,10,0,0,9,9,54,26.036,0.75,52.664,4.595,6.013,5.861,0.114,0.0,0.0,0.117,2.395,1.456,26.246,0.635,55.787,5.135,4.546,3.377,0.089,0.0,0.0,0.097,2.66,1.429,55321,26265
47111,경상북도 포항시 남구,47111,경상북도 포항시 남구,,2020-11-01,37011,포항시 남구,116150,113332,19429,2993,66757,2343,9550,9493,583,18,21,374,1771,2818,97938,95612,13103,2741,63740,2343,6759,4813,90,7,15,331,1670,2326,18212,17720,6326,252,3017,0,2791,4680,493,11,6,43,101,492,16.728,2.577,57.475,2.017,8.222,8.173,0.502,0.015,0.018,0.322,1.525,2.426,13.379,2.799,65.082,2.392,6.901,4.914,0.092,0.007,0.015,0.338,1.705,2.375,202177,86027
47113,경상북도 포항시 북구,47113,경상북도 포항시 북구,,2020-11-01,37012,포항시 북구,139851,136166,22591,1815,82145,3080,12210,11854,507,66,74,522,1302,3685,115252,112509,14086,1635,78910,3056,7857,5088,50,18,31,492,1286,2743,24599,23657,8505,180,3235,24,4353,6766,457,48,43,30,16,942,16.154,1.298,58.738,2.202,8.731,8.476,0.363,0.047,0.053,0.373,0.931,2.635,12.222,1.419,68.467,2.652,6.817,4.415,0.043,0.016,0.027,0.427,1.116,2.38,240570,100719
47130,경상북도 경주시,47130,경상북도 경주시,,2020-11-01,37020,경주시,123856,120538,20033,2491,72002,3260,10399,9921,642,43,165,478,1104,3318,103391,101108,14033,2081,68278,3233,6088,5702,141,42,62,399,1049,2283,20465,19430,6000,410,3724,27,4311,4219,501,1,103,79,55,1035,16.174,2.011,58.134,2.632,8.396,8.01,0.518,0.035,0.133,0.386,0.891,2.679,13.573,2.013,66.039,3.127,5.888,5.515,0.136,0.041,0.06,0.386,1.015,2.208,226235,102379
47150,경상북도 김천시,47150,경상북도 김천시,,2020-11-01,37030,김천시,71329,69750,13216,1149,38105,5424,5858,3532,74,55,356,185,1796,1579,60859,59773,10168,1009,36114,5399,3233,1693,24,24,175,165,1769,1086,10470,9977,3048,140,1991,25,2625,1839,50,31,181,20,27,493,18.528,1.611,53.421,7.604,8.213,4.952,0.104,0.077,0.499,0.259,2.518,2.214,16.707,1.658,59.34,8.871,5.312,2.782,0.039,0.039,0.288,0.271,2.907,1.784,123895,52566
47170,경상북도 안동시,47170,경상북도 안동시,,2020-11-01,37040,안동시,86296,84667,17774,927,45301,6247,9033,2950,208,24,40,329,1834,1629,71507,70401,12648,793,42697,6240,4606,1243,25,0,18,300,1831,1106,14789,14266,5126,134,2604,7,4427,1707,183,24,22,29,3,523,20.597,1.074,52.495,7.239,10.467,3.418,0.241,0.028,0.046,0.381,2.125,1.888,17.688,1.109,59.71,8.726,6.441,1.738,0.035,0.0,0.025,0.42,2.561,1.547,144205,57909
47190,경상북도 구미시,47190,경상북도 구미시,,2020-11-01,37050,구미시,228293,221777,36273,2810,133973,4730,16145,24092,494,158,829,715,1558,6516,189435,184398,21949,2256,129797,4712,9957,13199,124,62,276,603,1463,5037,38858,37379,14324,554,4176,18,6188,10893,370,96,553,112,95,1479,15.889,1.231,58.685,2.072,7.072,10.553,0.216,0.069,0.363,0.313,0.682,2.854,11.587,1.191,68.518,2.487,5.256,6.968,0.065,0.033,0.146,0.318,0.772,2.659,357719,129426
47210,경상북도 영주시,47210,경상북도 영주시,,2020-11-01,37060,영주시,51014,50029,10508,611,28375,4321,3209,2087,55,19,32,250,562,985,41876,41212,7106,516,26273,4286,1497,849,4,3,4,155,519,664,9138,8817,3402,95,2102,35,1712,1238,51,16,28,95,43,321,20.598,1.198,55.622,8.47,6.29,4.091,0.108,0.037,0.063,0.49,1.102,1.931,16.969,1.232,62.74,10.235,3.575,2.027,0.01,0.007,0.01,0.37,1.239,1.586,94888,43874
47230,경상북도 영천시,47230,경상북도 영천시,,2020-11-01,37070,영천시,44470,43595,7807,353,25274,3555,2980,2509,165,98,104,119,631,875,39196,38645,6887,336,23962,3525,1724,1356,44,20,52,113,626,551,5274,4950,920,17,1312,30,1256,1153,121,78,52,6,5,324,17.556,0.794,56.834,7.994,6.701,5.642,0.371,0.22,0.234,0.268,1.419,1.968,17.571,0.857,61.134,8.993,4.398,3.46,0.112,0.051,0.133,0.288,1.597,1.406,89951,45481
47250,경상북도 상주시,47250,경상북도 상주시,,2020-11-01,37080,상주시,48015,46780,9955,3285,21300,6600,1321,1823,157,8,18,147,2166,1235,41467,40450,7957,1995,20020,6558,784,827,26,1,7,135,2140,1017,6548,6330,1998,1290,1280,42,537,996,131,7,11,12,26,218,20.733,6.842,44.361,13.746,2.751,3.797,0.327,0.017,0.037,0.306,4.511,2.572,19.189,4.811,48.279,15.815,1.891,1.994,0.063,0.002,0.017,0.326,5.161,2.453,88089,40074
47280,경상북도 문경시,47280,경상북도 문경시,,2020-11-01,37090,문경시,32174,31531,8041,497,16304,2801,1436,1330,79,5,14,121,903,643,27830,27313,6446,386,15198,2793,961,510,14,0,3,100,902,517,4344,4218,1595,111,1106,8,475,820,65,5,11,21,1,126,24.992,1.545,50.674,8.706,4.463,4.134,0.246,0.016,0.044,0.376,2.807,1.999,23.162,1.387,54.61,10.036,3.453,1.833,0.05,0.0,0.011,0.359,3.241,1.858,62571,30397
47290,경상북도 경산시,47290,경상북도 경산시,,2020-11-01,37100,경산시,147895,142654,27979,2077,77681,4834,16819,7997,69,3447,214,218,1319,5241,113054,109635,13025,1375,74010,4825,8082,4516,43,2338,132,135,1154,3419,34841,33019,14954,702,3671,9,8737,3481,26,1109,82,83,165,1822,18.918,1.404,52.524,3.269,11.372,5.407,0.047,2.331,0.145,0.147,0.892,3.544,11.521,1.216,65.464,4.268,7.149,3.995,0.038,2.068,0.117,0.119,1.021,3.024,245625,97730
47730,경상북도 의성군,47730,경상북도 의성군,,2020-11-01,37320,의성군,18863,18433,4109,410,7797,3343,1000,710,58,5,0,47,954,430,17273,16903,3760,373,7443,3317,804,197,19,3,0,38,949,370,1590,1530,349,37,354,26,196,513,39,2,0,9,5,60,21.783,2.174,41.335,17.723,5.301,3.764,0.307,0.027,0.0,0.249,5.058,2.28,21.768,2.159,43.09,19.203,4.655,1.141,0.11,0.017,0.0,0.22,5.494,2.142,46426,27563
47750,경상북도 청송군,47750,경상북도 청송군,,2020-11-01,37330,청송군,13664,13573,5062,115,4825,2403,410,238,39,0,0,5,476,91,12864,12777,4865,104,4627,2399,231,66,7,0,0,5,473,87,800,796,197,11,198,4,179,172,32,0,0,0,3,4,37.046,0.842,35.312,17.586,3.001,1.742,0.285,0.0,0.0,0.037,3.484,0.666,37.819,0.808,35.969,18.649,1.796,0.513,0.054,0.0,0.0,0.039,3.677,0.676,22472,8808
47760,경상북도 영양군,47760,경상북도 영양군,,2020-11-01,37340,영양군,8857,8694,3307,112,2930,1546,205,234,18,1,0,40,301,163,8162,8026,3072,100,2808,1543,141,28,2,1,0,38,293,136,695,668,235,12,122,3,64,206,16,0,0,2,8,27,37.338,1.265,33.081,17.455,2.315,2.642,0.203,0.011,0.0,0.452,3.398,1.84,37.638,1.225,34.403,18.905,1.728,0.343,0.025,0.012,0.0,0.466,3.59,1.666,14805,5948
47770,경상북도 영덕군,47770,경상북도 영덕군,,2020-11-01,37350,영덕군,14402,14276,3656,413,7325,1383,529,588,35,0,5,18,324,126,13004,12899,3082,371,7078,1372,332,313,8,0,3,18,322,105,1398,1377,574,42,247,11,197,275,27,0,2,0,2,21,25.385,2.868,50.861,9.603,3.673,4.083,0.243,0.0,0.035,0.125,2.25,0.875,23.7,2.853,54.429,10.551,2.553,2.407,0.062,0.0,0.023,0.138,2.476,0.807,31812,17410
47820,경상북도 청도군,47820,경상북도 청도군,,2020-11-01,37360,청도군,19740,19139,4961,269,8935,2251,700,479,33,33,109,33,1336,601,17596,17122,4142,260,8362,2246,421,242,10,23,48,33,1335,474,2144,2017,819,9,573,5,279,237,23,10,61,0,1,127,25.132,1.363,45.263,11.403,3.546,2.427,0.167,0.167,0.552,0.167,6.768,3.045,23.539,1.478,47.522,12.764,2.393,1.375,0.057,0.131,0.273,0.188,7.587,2.694,38638,18898
47830,경상북도 고령군,47830,경상북도 고령군,,2020-11-01,37370,고령군,15110,14787,2687,442,7677,1830,981,625,42,75,0,18,410,323,13407,13180,2353,423,7261,1816,627,217,17,42,0,18,406,227,1703,1607,334,19,416,14,354,408,25,33,0,0,4,96,17.783,2.925,50.807,12.111,6.492,4.136,0.278,0.496,0.0,0.119,2.713,2.138,17.551,3.155,54.158,13.545,4.677,1.619,0.127,0.313,0.0,0.134,3.028,1.693,27887,12777
47840,경상북도 성주군,47840,경상북도 성주군,,2020-11-01,37380,성주군,20002,19569,3651,505,9588,4264,541,537,64,46,6,6,361,433,18346,18019,3252,455,9082,4244,361,216,16,25,3,4,361,327,1656,1550,399,50,506,20,180,321,48,21,3,2,0,106,18.253,2.525,47.935,21.318,2.705,2.685,0.32,0.23,0.03,0.03,1.805,2.165,17.726,2.48,49.504,23.133,1.968,1.177,0.087,0.136,0.016,0.022,1.968,1.782,37595,17593
47850,경상북도 칠곡군,47850,경상북도 칠곡군,,2020-11-01,37390,칠곡군,58845,57656,9733,686,36620,1648,3128,4879,141,88,274,90,369,1189,49740,48926,6541,567,35154,1641,2026,2440,43,37,46,86,345,814,9105,8730,3192,119,1466,7,1102,2439,98,51,228,4,24,375,16.54,1.166,62.231,2.801,5.316,8.291,0.24,0.15,0.466,0.153,0.627,2.021,13.15,1.14,70.676,3.299,4.073,4.906,0.086,0.074,0.092,0.173,0.694,1.637,99652,40807
47900,경상북도 예천군,47900,경상북도 예천군,,2020-11-01,37400,예천군,26584,25928,5289,501,13465,3070,1341,879,61,14,8,56,1244,656,23447,22880,4403,406,12815,3049,672,235,10,3,5,48,1234,567,3137,3048,886,95,650,21,669,644,51,11,3,8,10,89,19.895,1.885,50.651,11.548,5.044,3.307,0.229,0.053,0.03,0.211,4.68,2.468,18.779,1.732,54.655,13.004,2.866,1.002,0.043,0.013,0.021,0.205,5.263,2.418,47629,21045
47920,경상북도 봉화군,47920,경상북도 봉화군,,2020-11-01,37410,봉화군,15217,15057,5387,331,5616,2103,472,418,18,11,8,12,681,160,14151,14020,5090,278,5380,2086,298,197,4,0,0,12,675,131,1066,1037,297,53,236,17,174,221,14,11,8,0,6,29,35.401,2.175,36.906,13.82,3.102,2.747,0.118,0.072,0.053,0.079,4.475,1.051,35.969,1.965,38.019,14.741,2.106,1.392,0.028,0.0,0.0,0.085,4.77,0.926,28067,12850
47930,경상북도 울진군,47930,경상북도 울진군,,2020-11-01,37420,울진군,23192,22824,5303,380,14144,927,837,796,17,6,0,28,386,368,20474,20152,4169,323,13375,927,527,422,3,0,0,28,378,322,2718,2672,1134,57,769,0,310,374,14,6,0,0,8,46,22.866,1.638,60.987,3.997,3.609,3.432,0.073,0.026,0.0,0.121,1.664,1.587,20.362,1.578,65.327,4.528,2.574,2.061,0.015,0.0,0.0,0.137,1.846,1.573,42206,19014
47940,경상북도 울릉군,47940,경상북도 울릉군,,2020-11-01,37430,울릉군,4730,4668,2192,7,1605,185,357,184,0,0,0,0,138,62,4460,4402,2133,7,1585,185,302,52,0,0,0,0,138,58,270,266,59,0,20,0,55,132,0,0,0,0,0,4,46.342,0.148,33.932,3.911,7.548,3.89,0.0,0.0,0.0,0.0,2.918,1.311,47.825,0.157,35.538,4.148,6.771,1.166,0.0,0.0,0.0,0.0,3.094,1.3,7667,2937
48121,경상남도 창원시 의창구,48121,경상남도 창원시 의창구,,2020-11-01,38111,창원시 의창구,143060,138771,21786,2368,79234,3178,21913,8300,680,62,99,361,790,4289,119045,115690,12830,1946,77235,3157,13882,5406,156,13,23,339,703,3355,24015,23081,8956,422,1999,21,8031,2894,524,49,76,22,87,934,15.229,1.655,55.385,2.221,15.317,5.802,0.475,0.043,0.069,0.252,0.552,2.998,10.777,1.635,64.879,2.652,11.661,4.541,0.131,0.011,0.019,0.285,0.591,2.818,230408,87348
48123,경상남도 창원시 성산구,48123,경상남도 창원시 성산구,,2020-11-01,38112,창원시 성산구,125780,121422,23234,3195,65973,1082,16370,9320,884,43,93,461,767,4358,103554,99975,13451,2604,64336,1082,10416,6698,191,15,21,432,729,3579,22226,21447,9783,591,1637,0,5954,2622,693,28,72,29,38,779,18.472,2.54,52.451,0.86,13.015,7.41,0.703,0.034,0.074,0.367,0.61,3.465,12.989,2.515,62.128,1.045,10.059,6.468,0.184,0.014,0.02,0.417,0.704,3.456,187371,61591
48125,경상남도 창원시 마산합포구,48125,경상남도 창원시 마산합포구,,2020-11-01,38113,창원시 마산합포구,84799,82769,16353,595,44265,1736,14844,3592,439,15,18,319,593,2030,71194,69612,11106,529,42984,1733,9999,2283,102,15,5,309,547,1582,13605,13157,5247,66,1281,3,4845,1309,337,0,13,10,46,448,19.284,0.702,52.2,2.047,17.505,4.236,0.518,0.018,0.021,0.376,0.699,2.394,15.6,0.743,60.376,2.434,14.045,3.207,0.143,0.021,0.007,0.434,0.768,2.222,154809,70010
48127,경상남도 창원시 마산회원구,48127,경상남도 창원시 마산회원구,,2020-11-01,38114,창원시 마산회원구,100612,98166,17024,1043,51443,1971,18750,6425,610,29,57,342,472,2446,83029,81190,11132,920,50027,1971,12239,3931,174,14,11,316,455,1839,17583,16976,5892,123,1416,0,6511,2494,436,15,46,26,17,607,16.92,1.037,51.13,1.959,18.636,6.386,0.606,0.029,0.057,0.34,0.469,2.431,13.407,1.108,60.252,2.374,14.741,4.734,0.21,0.017,0.013,0.381,0.548,2.215,170354,69742
48129,경상남도 창원시 진해구,48129,경상남도 창원시 진해구,,2020-11-01,38115,창원시 진해구,99368,96353,14472,1042,60118,1237,12903,5262,441,19,33,151,675,3015,82179,80047,8389,943,58366,1232,6845,3332,152,4,0,143,641,2132,17189,16306,6083,99,1752,5,6058,1930,289,15,33,8,34,883,14.564,1.049,60.5,1.245,12.985,5.295,0.444,0.019,0.033,0.152,0.679,3.034,10.208,1.147,71.023,1.499,8.329,4.055,0.185,0.005,0.0,0.174,0.78,2.594,161656,62288
48170,경상남도 진주시,48170,경상남도 진주시,,2020-11-01,38030,진주시,189969,184904,35391,4166,100265,5901,29548,6961,667,33,124,611,1237,5065,151675,147896,21306,3061,96280,5884,15344,3947,262,9,71,594,1138,3779,38294,37008,14085,1105,3985,17,14204,3014,405,24,53,17,99,1286,18.63,2.193,52.78,3.106,15.554,3.664,0.351,0.017,0.065,0.322,0.651,2.666,14.047,2.018,63.478,3.879,10.116,2.602,0.173,0.006,0.047,0.392,0.75,2.492,310435,120466
48220,경상남도 통영시,48220,경상남도 통영시,,2020-11-01,38050,통영시,63273,61637,14041,396,28503,1524,9298,5731,434,10,0,283,1417,1636,53725,52584,11763,361,27430,1519,5317,4424,114,0,0,263,1393,1141,9548,9053,2278,35,1073,5,3981,1307,320,10,0,20,24,495,22.191,0.626,45.048,2.409,14.695,9.058,0.686,0.016,0.0,0.447,2.24,2.586,21.895,0.672,51.056,2.827,9.897,8.235,0.212,0.0,0.0,0.49,2.593,2.124,110937,47664
48240,경상남도 사천시,48240,경상남도 사천시,,2020-11-01,38060,사천시,56687,55621,11295,1047,33735,1718,3101,3069,574,21,0,350,711,1066,48965,48158,8865,852,32199,1714,1891,1534,116,2,0,305,680,807,7722,7463,2430,195,1536,4,1210,1535,458,19,0,45,31,259,19.925,1.847,59.511,3.031,5.47,5.414,1.013,0.037,0.0,0.617,1.254,1.881,18.105,1.74,65.759,3.5,3.862,3.133,0.237,0.004,0.0,0.623,1.389,1.648,97455,40768
48250,경상남도 김해시,48250,경상남도 김해시,,2020-11-01,38070,김해시,301769,293027,56704,2913,169640,8069,28132,17790,1997,5073,225,653,1831,8742,246392,240146,29893,2264,164599,8051,17373,11645,618,3286,71,600,1746,6246,55377,52881,26811,649,5041,18,10759,6145,1379,1787,154,53,85,2496,18.791,0.965,56.215,2.674,9.322,5.895,0.662,1.681,0.075,0.216,0.607,2.897,12.132,0.919,66.804,3.268,7.051,4.726,0.251,1.334,0.029,0.244,0.709,2.535,466273,164504
48270,경상남도 밀양시,48270,경상남도 밀양시,,2020-11-01,38080,밀양시,49793,48619,9755,882,27056,4069,2933,2146,96,89,472,148,973,1174,43634,42851,7840,823,25513,4062,1746,1551,49,38,161,119,949,783,6159,5768,1915,59,1543,7,1187,595,47,51,311,29,24,391,19.591,1.771,54.337,8.172,5.89,4.31,0.193,0.179,0.948,0.297,1.954,2.358,17.968,1.886,58.47,9.309,4.001,3.555,0.112,0.087,0.369,0.273,2.175,1.794,92568,42775
48310,경상남도 거제시,48310,경상남도 거제시,,2020-11-01,38090,거제시,129131,124975,24940,7462,47937,1400,10175,24783,847,83,0,481,6867,4156,108673,105088,17795,7372,45824,1377,6401,18889,115,31,0,443,6841,3585,20458,19887,7145,90,2113,23,3774,5894,732,52,0,38,26,571,19.314,5.779,37.123,1.084,7.88,19.192,0.656,0.064,0.0,0.372,5.318,3.218,16.375,6.784,42.167,1.267,5.89,17.382,0.106,0.029,0.0,0.408,6.295,3.299,206143,77012
48330,경상남도 양산시,48330,경상남도 양산시,,2020-11-01,38100,양산시,187103,179079,30675,2094,103159,4521,20135,10854,974,5201,231,337,898,8024,155649,150254,19293,1666,99870,4500,11894,7815,402,3486,171,294,863,5395,31454,28825,11382,428,3289,21,8241,3039,572,1715,60,43,35,2629,16.395,1.119,55.135,2.416,10.761,5.801,0.521,2.78,0.123,0.18,0.48,4.289,12.395,1.07,64.164,2.891,7.642,5.021,0.258,2.24,0.11,0.189,0.554,3.466,300422,113319
48720,경상남도 의령군,48720,경상남도 의령군,,2020-11-01,38310,의령군,12590,12407,3791,516,5435,1334,407,414,54,2,0,12,442,183,11318,11194,3437,471,5192,1329,229,85,9,1,0,12,429,124,1272,1213,354,45,243,5,178,329,45,1,0,0,13,59,30.111,4.098,43.169,10.596,3.233,3.288,0.429,0.016,0.0,0.095,3.511,1.454,30.368,4.162,45.874,11.742,2.023,0.751,0.08,0.009,0.0,0.106,3.79,1.096,24023,11433
48730,경상남도 함안군,48730,경상남도 함안군,,2020-11-01,38320,함안군,32739,32141,5977,526,19243,2097,1969,1431,186,11,24,41,636,598,27913,27491,3961,437,18457,2076,1165,674,49,4,11,32,625,422,4826,4650,2016,89,786,21,804,757,137,7,13,9,11,176,18.257,1.607,58.777,6.405,6.014,4.371,0.568,0.034,0.073,0.125,1.943,1.827,14.191,1.566,66.123,7.437,4.174,2.415,0.176,0.014,0.039,0.115,2.239,1.512,56549,23810
48740,경상남도 창녕군,48740,경상남도 창녕군,,2020-11-01,38330,창녕군,29308,28808,6137,725,15682,2879,1114,1174,184,3,0,128,782,500,26000,25662,4784,669,15059,2862,731,683,49,2,0,59,764,338,3308,3146,1353,56,623,17,383,491,135,1,0,69,18,162,20.94,2.474,53.508,9.823,3.801,4.006,0.628,0.01,0.0,0.437,2.668,1.706,18.4,2.573,57.919,11.008,2.812,2.627,0.188,0.008,0.0,0.227,2.938,1.3,54438,25130
48820,경상남도 고성군,48820,경상남도 고성군,,2020-11-01,38340,고성군,24318,23896,7295,410,11317,1599,1041,1247,144,0,0,73,770,422,21700,21349,6491,336,10827,1594,597,630,40,0,0,68,766,351,2618,2547,804,74,490,5,444,617,104,0,0,5,4,71,29.998,1.686,46.538,6.575,4.281,5.128,0.592,0.0,0.0,0.3,3.166,1.735,29.912,1.548,49.894,7.346,2.751,2.903,0.184,0.0,0.0,0.313,3.53,1.618,45669,21351
48840,경상남도 남해군,48840,경상남도 남해군,,2020-11-01,38350,남해군,21466,21108,7478,106,7987,2422,932,826,30,16,0,47,1264,358,18989,18702,6382,95,7678,2406,627,204,7,12,0,47,1244,287,2477,2406,1096,11,309,16,305,622,23,4,0,0,20,71,34.836,0.494,37.208,11.283,4.342,3.848,0.14,0.075,0.0,0.219,5.888,1.668,33.609,0.5,40.434,12.67,3.302,1.074,0.037,0.063,0.0,0.248,6.551,1.511,38612,17146
48850,경상남도 하동군,48850,경상남도 하동군,,2020-11-01,38360,하동군,20020,19598,4666,198,9040,3010,650,895,146,19,2,17,955,422,18088,17705,4190,174,8656,2999,509,157,43,5,2,17,953,383,1932,1893,476,24,384,11,141,738,103,14,0,0,2,39,23.307,0.989,45.155,15.035,3.247,4.471,0.729,0.095,0.01,0.085,4.77,2.108,23.165,0.962,47.855,16.58,2.814,0.868,0.238,0.028,0.011,0.094,5.269,2.117,38846,18826
48860,경상남도 산청군,48860,경상남도 산청군,,2020-11-01,38370,산청군,13661,13442,3670,90,6488,1461,590,658,78,2,0,20,385,219,11816,11678,3113,64,6124,1450,389,131,18,0,0,10,379,138,1845,1764,557,26,364,11,201,527,60,2,0,10,6,81,26.865,0.659,47.493,10.695,4.319,4.817,0.571,0.015,0.0,0.146,2.818,1.603,26.346,0.542,51.828,12.271,3.292,1.109,0.152,0.0,0.0,0.085,3.208,1.168,31243,17582
48870,경상남도 함양군,48870,경상남도 함양군,,2020-11-01,38380,함양군,18604,18305,5474,509,7988,1943,780,596,50,5,0,48,912,299,16455,16199,4500,461,7621,1930,488,252,4,3,0,29,911,256,2149,2106,974,48,367,13,292,344,46,2,0,19,1,43,29.424,2.736,42.937,10.444,4.193,3.204,0.269,0.027,0.0,0.258,4.902,1.607,27.347,2.802,46.314,11.729,2.966,1.531,0.024,0.018,0.0,0.176,5.536,1.556,34622,16018
48880,경상남도 거창군,48880,경상남도 거창군,,2020-11-01,38390,거창군,32935,32296,8410,1056,15660,3306,1040,1053,121,15,0,111,1524,639,27684,27174,5971,566,14614,3275,625,498,17,0,0,109,1499,510,5251,5122,2439,490,1046,31,415,555,104,15,0,2,25,129,25.535,3.206,47.548,10.038,3.158,3.197,0.367,0.046,0.0,0.337,4.627,1.94,21.568,2.045,52.789,11.83,2.258,1.799,0.061,0.0,0.0,0.394,5.415,1.842,54123,21188
48890,경상남도 합천군,48890,경상남도 합천군,,2020-11-01,38400,합천군,21283,20869,6309,419,8688,2900,812,476,36,17,0,35,1177,414,19452,19103,5588,376,8326,2888,552,150,6,6,0,35,1176,349,1831,1766,721,43,362,12,260,326,30,11,0,0,1,65,29.643,1.969,40.821,13.626,3.815,2.237,0.169,0.08,0.0,0.164,5.53,1.945,28.727,1.933,42.803,14.847,2.838,0.771,0.031,0.031,0.0,0.18,6.046,1.794,40081,18798
50110,제주특별자치도 제주시,50110,제주특별자치도 제주시,,2020-11-01,39010,제주시,268368,261110,44532,1769,150697,8814,42980,8245,297,0,0,1281,2495,7258,219856,214387,32284,1413,141576,8745,22823,3581,281,0,0,1255,2429,5469,48512,46723,12248,356,9121,69,20157,4664,16,0,0,26,66,1789,16.594,0.659,56.153,3.284,16.015,3.072,0.111,0.0,0.0,0.477,0.93,2.704,14.684,0.643,64.395,3.978,10.381,1.629,0.128,0.0,0.0,0.571,1.105,2.488,421326,152958
50130,제주특별자치도 서귀포시,50130,제주특별자치도 서귀포시,,2020-11-01,39020,서귀포시,96233,93181,14265,449,50976,10664,10733,3155,810,0,0,337,1792,3052,82003,79500,11059,365,48025,10622,5813,1318,192,0,0,329,1777,2503,14230,13681,3206,84,2951,42,4920,1837,618,0,0,8,15,549,14.823,0.467,52.971,11.081,11.153,3.279,0.842,0.0,0.0,0.35,1.862,3.171,13.486,0.445,58.565,12.953,7.089,1.607,0.234,0.0,0.0,0.401,2.167,3.052,154346,58113
51110,강원특별자치도 춘천시,42110,강원도 춘천시,recoded 42110->51110,2020-11-01,32010,춘천시,152328,149024,31784,1599,86674,2547,16152,6181,501,1242,78,1267,999,3304,122839,120676,20112,1181,81258,2540,9816,2472,258,1060,69,1016,894,2163,29489,28348,11672,418,5416,7,6336,3709,243,182,9,251,105,1141,20.866,1.05,56.9,1.672,10.603,4.058,0.329,0.815,0.051,0.832,0.656,2.169,16.373,0.961,66.15,2.068,7.991,2.012,0.21,0.863,0.056,0.827,0.728,1.761,252300,99972
51130,강원특별자치도 원주시,42130,강원도 원주시,recoded 42130->51130,2020-11-01,32020,원주시,195846,190938,35425,1892,114062,4328,21101,10588,877,110,195,1495,865,4908,160737,157397,23618,1302,107390,4298,12940,5268,282,89,187,1298,725,3340,35109,33541,11807,590,6672,30,8161,5320,595,21,8,197,140,1568,18.088,0.966,58.241,2.21,10.774,5.406,0.448,0.056,0.1,0.763,0.442,2.506,14.694,0.81,66.811,2.674,8.05,3.277,0.175,0.055,0.116,0.808,0.451,2.078,311366,115520
51150,강원특별자치도 강릉시,42150,강원도 강릉시,recoded 42150->51150,2020-11-01,32030,강릉시,118310,115995,24803,1456,69209,2452,10601,5041,439,37,54,1031,872,2315,95672,93985,15390,1106,64133,2421,6460,2691,112,8,44,843,777,1687,22638,22010,9413,350,5076,31,4141,2350,327,29,10,188,95,628,20.964,1.231,58.498,2.073,8.96,4.261,0.371,0.031,0.046,0.871,0.737,1.957,16.086,1.156,67.034,2.531,6.752,2.813,0.117,0.008,0.046,0.881,0.812,1.763,195861,77551
51170,강원특별자치도 동해시,42170,강원도 동해시,recoded 42170->51170,2020-11-01,32040,동해시,46596,45474,8694,429,28791,873,4264,1684,175,5,39,331,189,1122,40003,39289,6873,362,27234,871,2594,808,49,3,30,292,173,714,6593,6185,1821,67,1557,2,1670,876,126,2,9,39,16,408,18.658,0.921,61.789,1.874,9.151,3.614,0.376,0.011,0.084,0.71,0.406,2.408,17.181,0.905,68.08,2.177,6.485,2.02,0.122,0.007,0.075,0.73,0.432,1.785,77959,31363
51190,강원특별자치도 태백시,42190,강원도 태백시,recoded 42190->51190,2020-11-01,32050,태백시,22534,21949,5155,84,12616,398,1381,2056,15,3,0,197,44,585,19868,19419,4566,63,11505,392,986,1715,0,1,0,149,42,449,2666,2530,589,21,1111,6,395,341,15,2,0,48,2,136,22.877,0.373,55.987,1.766,6.129,9.124,0.067,0.013,0.0,0.874,0.195,2.596,22.982,0.317,57.907,1.973,4.963,8.632,0.0,0.005,0.0,0.75,0.211,2.26,38148,15614
51210,강원특별자치도 속초시,42210,강원도 속초시,recoded 42210->51210,2020-11-01,32060,속초시,43519,42770,8962,463,25693,679,4295,1839,162,7,0,344,326,749,38188,37642,7319,385,24669,675,2818,1134,22,7,0,300,313,546,5331,5128,1643,78,1024,4,1477,705,140,0,0,44,13,203,20.593,1.064,59.039,1.56,9.869,4.226,0.372,0.016,0.0,0.79,0.749,1.721,19.166,1.008,64.599,1.768,7.379,2.97,0.058,0.018,0.0,0.786,0.82,1.43,71690,28171
51230,강원특별자치도 삼척시,42230,강원도 삼척시,recoded 42230->51230,2020-11-01,32070,삼척시,35350,34867,10185,698,18636,924,1525,2198,128,7,12,267,287,483,29267,28973,7441,577,17497,924,862,1201,44,3,7,166,251,294,6083,5894,2744,121,1139,0,663,997,84,4,5,101,36,189,28.812,1.975,52.719,2.614,4.314,6.218,0.362,0.02,0.034,0.755,0.812,1.366,25.425,1.972,59.784,3.157,2.945,4.104,0.15,0.01,0.024,0.567,0.858,1.005,60208,24858
51720,강원특별자치도 홍천군,42720,강원도 홍천군,recoded 42720->51720,2020-11-01,32310,홍천군,32271,31695,8272,250,17339,1747,1591,1992,180,15,0,36,273,576,28558,28131,7387,215,16395,1722,1066,1038,50,0,0,18,240,427,3713,3564,885,35,944,25,525,954,130,15,0,18,33,149,25.633,0.775,53.729,5.414,4.93,6.173,0.558,0.046,0.0,0.112,0.846,1.785,25.867,0.753,57.409,6.03,3.733,3.635,0.175,0.0,0.0,0.063,0.84,1.495,60178,27907
51730,강원특별자치도 횡성군,42730,강원도 횡성군,recoded 42730->51730,2020-11-01,32320,횡성군,19490,19335,4969,137,10647,1229,883,1101,82,18,28,36,205,155,17065,16963,4316,95,9888,1215,603,574,19,15,8,29,201,102,2425,2372,653,42,759,14,280,527,63,3,20,7,4,53,25.495,0.703,54.628,6.306,4.531,5.649,0.421,0.092,0.144,0.185,1.052,0.795,25.292,0.557,57.943,7.12,3.534,3.364,0.111,0.088,0.047,0.17,1.178,0.598,41419,21929
51750,강원특별자치도 영월군,42750,강원도 영월군,recoded 42750->51750,2020-11-01,32330,영월군,18280,18169,5878,154,9746,727,505,898,22,4,14,86,135,111,16338,16257,5375,95,9031,727,371,450,6,0,6,71,125,81,1942,1912,503,59,715,0,134,448,16,4,8,15,10,30,32.155,0.842,53.315,3.977,2.763,4.912,0.12,0.022,0.077,0.47,0.739,0.607,32.899,0.581,55.276,4.45,2.271,2.754,0.037,0.0,0.037,0.435,0.765,0.496,33906,15626
51760,강원특별자치도 평창군,42760,강원도 평창군,recoded 42760->51760,2020-11-01,32340,평창군,18468,18024,4155,243,9791,1938,769,908,43,15,15,17,130,444,16502,16137,3520,162,9271,1924,675,426,13,6,8,14,118,365,1966,1887,635,81,520,14,94,482,30,9,7,3,12,79,22.498,1.316,53.016,10.494,4.164,4.917,0.233,0.081,0.081,0.092,0.704,2.404,21.331,0.982,56.181,11.659,4.09,2.582,0.079,0.036,0.048,0.085,0.715,2.212,36260,17792
51770,강원특별자치도 정선군,42770,강원도 정선군,recoded 42770->51770,2020-11-01,32350,정선군,16647,16378,3763,117,9455,734,912,1232,31,0,6,23,105,269,15091,14848,3308,89,9110,732,716,758,16,0,3,16,100,243,1556,1530,455,28,345,2,196,474,15,0,3,7,5,26,22.605,0.703,56.797,4.409,5.478,7.401,0.186,0.0,0.036,0.138,0.631,1.616,21.92,0.59,60.367,4.851,4.745,5.023,0.106,0.0,0.02,0.106,0.663,1.61,32161,15514
51780,강원특별자치도 철원군,42780,강원도 철원군,recoded 42780->51780,2020-11-01,32360,철원군,22008,21685,5120,259,12481,1888,936,741,64,25,0,18,153,323,19354,19077,3942,169,11995,1888,544,309,41,22,0,15,152,277,2654,2608,1178,90,486,0,392,432,23,3,0,3,1,46,23.264,1.177,56.711,8.579,4.253,3.367,0.291,0.114,0.0,0.082,0.695,1.468,20.368,0.873,61.977,9.755,2.811,1.597,0.212,0.114,0.0,0.078,0.785,1.431,37107,15099
51790,강원특별자치도 화천군,42790,강원도 화천군,recoded 42790->51790,2020-11-01,32370,화천군,12207,11981,3324,245,6742,488,426,593,30,16,0,2,115,226,11075,10880,2948,205,6526,487,332,247,10,14,0,2,109,195,1132,1101,376,40,216,1,94,346,20,2,0,0,6,31,27.23,2.007,55.231,3.998,3.49,4.858,0.246,0.131,0.0,0.016,0.942,1.851,26.619,1.851,58.926,4.397,2.998,2.23,0.09,0.126,0.0,0.018,0.984,1.761,20383,8176
51800,강원특별자치도 양구군,42800,강원도 양구군,recoded 42800->51800,2020-11-01,32380,양구군,11613,11449,3271,189,6193,906,337,335,46,1,0,8,163,164,10425,10272,2752,144,5963,904,194,138,8,0,0,8,161,153,1188,1177,519,45,230,2,143,197,38,1,0,0,2,11,28.167,1.627,53.328,7.802,2.902,2.885,0.396,0.009,0.0,0.069,1.404,1.412,26.398,1.381,57.199,8.671,1.861,1.324,0.077,0.0,0.0,0.077,1.544,1.468,18725,7112
51810,강원특별자치도 인제군,42810,강원도 인제군,recoded 42810->51810,2020-11-01,32390,인제군,15113,14901,4271,181,8289,820,719,524,16,0,0,3,78,212,13644,13466,3663,155,7962,818,549,240,0,0,0,3,76,178,1469,1435,608,26,327,2,170,284,16,0,0,0,2,34,28.26,1.198,54.847,5.426,4.757,3.467,0.106,0.0,0.0,0.02,0.516,1.403,26.847,1.136,58.355,5.995,4.024,1.759,0.0,0.0,0.0,0.022,0.557,1.305,25833,10720
51820,강원특별자치도 고성군,42820,강원도 고성군,recoded 42820->51820,2020-11-01,32400,고성군,13925,13704,3876,251,7064,691,964,541,24,1,5,26,261,221,12683,12518,3521,230,6742,691,684,349,9,0,5,26,261,165,1242,1186,355,21,322,0,280,192,15,1,0,0,0,56,27.835,1.803,50.729,4.962,6.923,3.885,0.172,0.007,0.036,0.187,1.874,1.587,27.762,1.813,53.158,5.448,5.393,2.752,0.071,0.0,0.039,0.205,2.058,1.301,23712,9787
51830,강원특별자치도 양양군,42830,강원도 양양군,recoded 42830->51830,2020-11-01,32410,양양군,13414,13189,3453,168,7526,541,744,485,43,3,0,20,206,225,12121,11943,3094,132,7177,541,508,253,14,3,0,15,206,178,1293,1246,359,36,349,0,236,232,29,0,0,5,0,47,25.742,1.252,56.106,4.033,5.546,3.616,0.321,0.022,0.0,0.149,1.536,1.677,25.526,1.089,59.211,4.463,4.191,2.087,0.116,0.025,0.0,0.124,1.7,1.469,24663,11249
52111,전북특별자치도 전주시 완산구,45111,전라북도 전주시 완산구,recoded 45111->52111,2020-11-01,35011,전주시 완산구,186782,182545,34423,2064,104635,2816,26026,9994,544,9,85,1079,870,4237,148603,145648,19901,1447,100333,2803,15294,3843,215,8,50,949,805,2955,38179,36897,14522,617,4302,13,10732,6151,329,1,35,130,65,1282,18.43,1.105,56.02,1.508,13.934,5.351,0.291,0.005,0.046,0.578,0.466,2.268,13.392,0.974,67.517,1.886,10.292,2.586,0.145,0.005,0.034,0.639,0.542,1.989,304680,117898
52113,전북특별자치도 전주시 덕진구,45113,전라북도 전주시 덕진구,recoded 45113->52113,2020-11-01,35012,전주시 덕진구,179576,175556,34907,2697,100849,3222,21197,10556,591,0,200,636,701,4020,141065,138157,16732,1749,98012,3210,12262,4653,176,0,148,606,609,2908,38511,37399,18175,948,2837,12,8935,5903,415,0,52,30,92,1112,19.439,1.502,56.16,1.794,11.804,5.878,0.329,0.0,0.111,0.354,0.39,2.239,11.861,1.24,69.48,2.276,8.692,3.298,0.125,0.0,0.105,0.43,0.432,2.061,280443,100867
52130,전북특별자치도 군산시,45130,전라북도 군산시,recoded 45130->52130,2020-11-01,35020,군산시,137650,134807,24916,1813,79352,2856,12760,10590,400,11,29,629,1451,2843,113428,111343,17058,1557,75692,2844,7155,5021,59,2,21,531,1403,2085,24222,23464,7858,256,3660,12,5605,5569,341,9,8,98,48,758,18.101,1.317,57.648,2.075,9.27,7.693,0.291,0.008,0.021,0.457,1.054,2.065,15.039,1.373,66.731,2.507,6.308,4.427,0.052,0.002,0.019,0.468,1.237,1.838,235528,97878
52140,전북특별자치도 익산시,45140,전라북도 익산시,recoded 45140->52140,2020-11-01,35030,익산시,147038,144441,30589,2100,79936,3552,15465,10595,385,9,286,650,874,2597,116830,115085,18167,1652,76554,3536,8666,4873,89,9,189,567,783,1745,30208,29356,12422,448,3382,16,6799,5722,296,0,97,83,91,852,20.803,1.428,54.364,2.416,10.518,7.206,0.262,0.006,0.195,0.442,0.594,1.766,15.55,1.414,65.526,3.027,7.418,4.171,0.076,0.008,0.162,0.485,0.67,1.494,255035,107997
52180,전북특별자치도 정읍시,45180,전라북도 정읍시,recoded 45180->52180,2020-11-01,35040,정읍시,54393,53425,12641,1645,27015,3617,3254,3398,379,10,172,339,955,968,46734,46086,10390,1454,25821,3598,1868,1678,76,0,51,236,914,648,7659,7339,2251,191,1194,19,1386,1720,303,10,121,103,41,320,23.24,3.024,49.666,6.65,5.982,6.247,0.697,0.018,0.316,0.623,1.756,1.78,22.232,3.111,55.251,7.699,3.997,3.591,0.163,0.0,0.109,0.505,1.956,1.387,95486,41093
52190,전북특별자치도 남원시,45190,전라북도 남원시,recoded 45190->52190,2020-11-01,35050,남원시,36467,35757,6916,1506,18701,2989,2368,1921,211,4,104,89,948,710,31284,30722,5189,1291,17876,2973,1320,989,50,4,27,79,924,562,5183,5035,1727,215,825,16,1048,932,161,0,77,10,24,148,18.965,4.13,51.282,8.196,6.494,5.268,0.579,0.011,0.285,0.244,2.6,1.947,16.587,4.127,57.141,9.503,4.219,3.161,0.16,0.013,0.086,0.253,2.954,1.796,70861,34394
52210,전북특별자치도 김제시,45210,전라북도 김제시,recoded 45210->52210,2020-11-01,35060,김제시,36515,35852,7820,879,19295,2702,2125,1760,283,3,56,157,772,663,31617,31096,6327,791,18240,2698,1202,858,64,3,39,121,753,521,4898,4756,1493,88,1055,4,923,902,219,0,17,36,19,142,21.416,2.407,52.841,7.4,5.82,4.82,0.775,0.008,0.153,0.43,2.114,1.816,20.011,2.502,57.69,8.533,3.802,2.714,0.202,0.009,0.123,0.383,2.382,1.648,72528,36013
52710,전북특별자치도 완주군,45710,전라북도 완주군,recoded 45710->52710,2020-11-01,35310,완주군,47152,46200,9350,1039,26645,2095,4598,1652,77,1,14,57,672,952,38562,37861,5944,889,25439,2072,2210,606,14,0,0,34,653,701,8590,8339,3406,150,1206,23,2388,1046,63,1,14,23,19,251,19.829,2.204,56.509,4.443,9.751,3.504,0.163,0.002,0.03,0.121,1.425,2.019,15.414,2.305,65.969,5.373,5.731,1.571,0.036,0.0,0.0,0.088,1.693,1.818,83602,36450
52720,전북특별자치도 진안군,45720,전라북도 진안군,recoded 45720->52720,2020-11-01,35320,진안군,11875,11649,3228,99,4937,1712,661,544,41,0,3,72,352,226,10802,10598,3031,95,4749,1708,490,125,5,0,0,44,351,204,1073,1051,197,4,188,4,171,419,36,0,3,28,1,22,27.183,0.834,41.575,14.417,5.566,4.581,0.345,0.0,0.025,0.606,2.964,1.903,28.06,0.879,43.964,15.812,4.536,1.157,0.046,0.0,0.0,0.407,3.249,1.889,21500,9625
52730,전북특별자치도 무주군,45730,전라북도 무주군,recoded 45730->52730,2020-11-01,35330,무주군,12418,12181,4072,107,4934,1647,508,359,31,3,5,13,502,237,11329,11134,3616,90,4785,1634,322,151,18,3,5,9,501,195,1089,1047,456,17,149,13,186,208,13,0,0,4,1,42,32.791,0.862,39.733,13.263,4.091,2.891,0.25,0.024,0.04,0.105,4.043,1.909,31.918,0.794,42.237,14.423,2.842,1.333,0.159,0.026,0.044,0.079,4.422,1.721,21154,8736
52740,전북특별자치도 장수군,45740,전라북도 장수군,recoded 45740->52740,2020-11-01,35340,장수군,11410,11253,4328,111,4330,1230,520,266,33,0,0,43,392,157,10317,10184,3950,100,4111,1217,326,64,8,0,0,18,390,133,1093,1069,378,11,219,13,194,202,25,0,0,25,2,24,37.932,0.973,37.949,10.78,4.557,2.331,0.289,0.0,0.0,0.377,3.436,1.376,38.286,0.969,39.847,11.796,3.16,0.62,0.078,0.0,0.0,0.174,3.78,1.289,19298,7888
52750,전북특별자치도 임실군,45750,전라북도 임실군,recoded 45750->52750,2020-11-01,35350,임실군,14100,13840,4363,347,5441,1435,696,591,128,0,21,53,765,260,12657,12432,4028,324,5275,1433,450,129,39,0,9,10,735,225,1443,1408,335,23,166,2,246,462,89,0,12,43,30,35,30.943,2.461,38.589,10.177,4.936,4.191,0.908,0.0,0.149,0.376,5.426,1.844,31.824,2.56,41.677,11.322,3.555,1.019,0.308,0.0,0.071,0.079,5.807,1.778,24278,10178
52770,전북특별자치도 순창군,45770,전라북도 순창군,recoded 45770->52770,2020-11-01,35360,순창군,11700,11531,2557,360,5455,1378,485,462,77,0,5,46,706,169,10257,10123,2039,301,5196,1364,339,142,17,0,0,22,703,134,1443,1408,518,59,259,14,146,320,60,0,5,24,3,35,21.855,3.077,46.624,11.778,4.145,3.949,0.658,0.0,0.043,0.393,6.034,1.444,19.879,2.935,50.658,13.298,3.305,1.384,0.166,0.0,0.0,0.214,6.854,1.306,24879,13179
52790,전북특별자치도 고창군,45790,전라북도 고창군,recoded 45790->52790,2020-11-01,35370,고창군,24315,23993,6235,303,11362,3261,979,925,152,6,0,67,703,322,21457,21180,5138,250,10845,3256,612,336,15,6,0,37,685,277,2858,2813,1097,53,517,5,367,589,137,0,0,30,18,45,25.643,1.246,46.728,13.411,4.026,3.804,0.625,0.025,0.0,0.276,2.891,1.324,23.946,1.165,50.543,15.175,2.852,1.566,0.07,0.028,0.0,0.172,3.192,1.291,48367,24052
52800,전북특별자치도 부안군,45800,전라북도 부안군,recoded 45800->52800,2020-11-01,35380,부안군,21407,21016,5262,550,10366,1811,1225,1043,141,0,4,70,544,391,18848,18532,4456,479,9871,1803,797,511,26,0,0,54,535,316,2559,2484,806,71,495,8,428,532,115,0,4,16,9,75,24.581,2.569,48.423,8.46,5.722,4.872,0.659,0.0,0.019,0.327,2.541,1.827,23.642,2.541,52.372,9.566,4.229,2.711,0.138,0.0,0.0,0.287,2.838,1.677,45486,24079
